dataset,alpha,group,seed,e_star,best_val_acc,auc_val,final_gen_gap,train_acc_final,val_acc_final,n_epochs,test_acc_best,test_acc_final,test_loss_best,test_loss_final,ece_best,ece_final,entropy_mean_best,conf_mean_best,teacher_test_acc,teacher_ece,teacher_conf_mean,teacher_entropy_mean,teacher_soft_entropy,teacher_soft_conf,agreement_overlap,agreement_nonoverlap
breastcancer,0.0,Baseline-Full,0,9,0.9670329689979553,27.87912094593048,0.027472525507539203,0.9945054945054945,0.9670329689979553,30,0.9912280701754386,0.9824561403508771,0.04333789274096489,0.03814776986837387,0.035668548261910155,0.0204987787363822,0.09389223158359528,0.966920018196106,,,,,,,,
breastcancer,0.2,Baseline-Full,0,9,0.9670329689979553,27.87912094593048,0.027472525507539203,0.9945054945054945,0.9670329689979553,30,0.9912280701754386,0.9824561403508771,0.04333789274096489,0.03814776986837387,0.035668548261910155,0.0204987787363822,0.09389223158359528,0.966920018196106,,,,,,,,
breastcancer,0.4,Baseline-Full,0,9,0.9670329689979553,27.87912094593048,0.027472525507539203,0.9945054945054945,0.9670329689979553,30,0.9912280701754386,0.9824561403508771,0.04333789274096489,0.03814776986837387,0.035668548261910155,0.0204987787363822,0.09389223158359528,0.966920018196106,,,,,,,,
breastcancer,0.6,Baseline-Full,0,9,0.9670329689979553,27.87912094593048,0.027472525507539203,0.9945054945054945,0.9670329689979553,30,0.9912280701754386,0.9824561403508771,0.04333789274096489,0.03814776986837387,0.035668548261910155,0.0204987787363822,0.09389223158359528,0.966920018196106,,,,,,,,
breastcancer,0.8,Baseline-Full,0,9,0.9670329689979553,27.87912094593048,0.027472525507539203,0.9945054945054945,0.9670329689979553,30,0.9912280701754386,0.9824561403508771,0.04333789274096489,0.03814776986837387,0.035668548261910155,0.0204987787363822,0.09389223158359528,0.966920018196106,,,,,,,,
breastcancer,1.0,Baseline-Full,0,9,0.9670329689979553,27.87912094593048,0.027472525507539203,0.9945054945054945,0.9670329689979553,30,0.9912280701754386,0.9824561403508771,0.04333789274096489,0.03814776986837387,0.035668548261910155,0.0204987787363822,0.09389223158359528,0.966920018196106,,,,,,,,
breastcancer,0.0,Baseline-Full,1,12,0.9780219793319702,31.18131873011589,0.019230767920777048,0.9972527472527473,0.9780219793319702,33,0.9824561403508771,0.9824561403508771,0.07888923585414886,0.09297677874565125,0.012997908027548579,0.014800100995783168,0.05330554395914078,0.9834185838699341,,,,,,,,
breastcancer,0.2,Baseline-Full,1,12,0.9780219793319702,31.18131873011589,0.019230767920777048,0.9972527472527473,0.9780219793319702,33,0.9824561403508771,0.9824561403508771,0.07888923585414886,0.09297677874565125,0.012997908027548579,0.014800100995783168,0.05330554395914078,0.9834185838699341,,,,,,,,
breastcancer,0.4,Baseline-Full,1,12,0.9780219793319702,31.18131873011589,0.019230767920777048,0.9972527472527473,0.9780219793319702,33,0.9824561403508771,0.9824561403508771,0.07888923585414886,0.09297677874565125,0.012997908027548579,0.014800100995783168,0.05330554395914078,0.9834185838699341,,,,,,,,
breastcancer,0.6,Baseline-Full,1,12,0.9780219793319702,31.18131873011589,0.019230767920777048,0.9972527472527473,0.9780219793319702,33,0.9824561403508771,0.9824561403508771,0.07888923585414886,0.09297677874565125,0.012997908027548579,0.014800100995783168,0.05330554395914078,0.9834185838699341,,,,,,,,
breastcancer,0.8,Baseline-Full,1,12,0.9780219793319702,31.18131873011589,0.019230767920777048,0.9972527472527473,0.9780219793319702,33,0.9824561403508771,0.9824561403508771,0.07888923585414886,0.09297677874565125,0.012997908027548579,0.014800100995783168,0.05330554395914078,0.9834185838699341,,,,,,,,
breastcancer,1.0,Baseline-Full,1,12,0.9780219793319702,31.18131873011589,0.019230767920777048,0.9972527472527473,0.9780219793319702,33,0.9824561403508771,0.9824561403508771,0.07888923585414886,0.09297677874565125,0.012997908027548579,0.014800100995783168,0.05330554395914078,0.9834185838699341,,,,,,,,
breastcancer,0.0,Baseline-Full,2,7,0.9340659379959106,25.291208893060684,0.06593406200408936,1.0,0.9340659379959106,28,0.9649122807017544,0.9912280701754386,0.07129746675491333,0.027244091033935547,0.034623274154830394,0.012154731834143923,0.110102079808712,0.9562639594078064,,,,,,,,
breastcancer,0.2,Baseline-Full,2,7,0.9340659379959106,25.291208893060684,0.06593406200408936,1.0,0.9340659379959106,28,0.9649122807017544,0.9912280701754386,0.07129746675491333,0.027244091033935547,0.034623274154830394,0.012154731834143923,0.110102079808712,0.9562639594078064,,,,,,,,
breastcancer,0.4,Baseline-Full,2,7,0.9340659379959106,25.291208893060684,0.06593406200408936,1.0,0.9340659379959106,28,0.9649122807017544,0.9912280701754386,0.07129746675491333,0.027244091033935547,0.034623274154830394,0.012154731834143923,0.110102079808712,0.9562639594078064,,,,,,,,
breastcancer,0.6,Baseline-Full,2,7,0.9340659379959106,25.291208893060684,0.06593406200408936,1.0,0.9340659379959106,28,0.9649122807017544,0.9912280701754386,0.07129746675491333,0.027244091033935547,0.034623274154830394,0.012154731834143923,0.110102079808712,0.9562639594078064,,,,,,,,
breastcancer,0.8,Baseline-Full,2,7,0.9340659379959106,25.291208893060684,0.06593406200408936,1.0,0.9340659379959106,28,0.9649122807017544,0.9912280701754386,0.07129746675491333,0.027244091033935547,0.034623274154830394,0.012154731834143923,0.110102079808712,0.9562639594078064,,,,,,,,
breastcancer,1.0,Baseline-Full,2,7,0.9340659379959106,25.291208893060684,0.06593406200408936,1.0,0.9340659379959106,28,0.9649122807017544,0.9912280701754386,0.07129746675491333,0.027244091033935547,0.034623274154830394,0.012154731834143923,0.110102079808712,0.9562639594078064,,,,,,,,
breastcancer,0.0,Baseline-Full,3,8,0.9670329689979553,27.09340664744377,0.021978020668029785,1.0,0.9780219793319702,29,0.9736842105263158,0.9736842105263158,0.0938580334186554,0.07215354591608047,0.02860494193277857,0.016499317006060898,0.11680569499731064,0.9543375372886658,,,,,,,,
breastcancer,0.2,Baseline-Full,3,8,0.9670329689979553,27.09340664744377,0.021978020668029785,1.0,0.9780219793319702,29,0.9736842105263158,0.9736842105263158,0.0938580334186554,0.07215354591608047,0.02860494193277857,0.016499317006060898,0.11680569499731064,0.9543375372886658,,,,,,,,
breastcancer,0.4,Baseline-Full,3,8,0.9670329689979553,27.09340664744377,0.021978020668029785,1.0,0.9780219793319702,29,0.9736842105263158,0.9736842105263158,0.0938580334186554,0.07215354591608047,0.02860494193277857,0.016499317006060898,0.11680569499731064,0.9543375372886658,,,,,,,,
breastcancer,0.6,Baseline-Full,3,8,0.9670329689979553,27.09340664744377,0.021978020668029785,1.0,0.9780219793319702,29,0.9736842105263158,0.9736842105263158,0.0938580334186554,0.07215354591608047,0.02860494193277857,0.016499317006060898,0.11680569499731064,0.9543375372886658,,,,,,,,
breastcancer,0.8,Baseline-Full,3,8,0.9670329689979553,27.09340664744377,0.021978020668029785,1.0,0.9780219793319702,29,0.9736842105263158,0.9736842105263158,0.0938580334186554,0.07215354591608047,0.02860494193277857,0.016499317006060898,0.11680569499731064,0.9543375372886658,,,,,,,,
breastcancer,1.0,Baseline-Full,3,8,0.9670329689979553,27.09340664744377,0.021978020668029785,1.0,0.9780219793319702,29,0.9736842105263158,0.9736842105263158,0.0938580334186554,0.07215354591608047,0.02860494193277857,0.016499317006060898,0.11680569499731064,0.9543375372886658,,,,,,,,
breastcancer,0.0,Baseline-Full,4,7,0.9560439586639404,25.483516573905945,0.04395604133605957,1.0,0.9560439586639404,28,0.9736842105263158,0.9736842105263158,0.0870155468583107,0.09114061295986176,0.02018566769466066,0.025021405596482162,0.08408870548009872,0.9670124650001526,,,,,,,,
breastcancer,0.2,Baseline-Full,4,7,0.9560439586639404,25.483516573905945,0.04395604133605957,1.0,0.9560439586639404,28,0.9736842105263158,0.9736842105263158,0.0870155468583107,0.09114061295986176,0.02018566769466066,0.025021405596482162,0.08408870548009872,0.9670124650001526,,,,,,,,
breastcancer,0.4,Baseline-Full,4,7,0.9560439586639404,25.483516573905945,0.04395604133605957,1.0,0.9560439586639404,28,0.9736842105263158,0.9736842105263158,0.0870155468583107,0.09114061295986176,0.02018566769466066,0.025021405596482162,0.08408870548009872,0.9670124650001526,,,,,,,,
breastcancer,0.6,Baseline-Full,4,7,0.9560439586639404,25.483516573905945,0.04395604133605957,1.0,0.9560439586639404,28,0.9736842105263158,0.9736842105263158,0.0870155468583107,0.09114061295986176,0.02018566769466066,0.025021405596482162,0.08408870548009872,0.9670124650001526,,,,,,,,
breastcancer,0.8,Baseline-Full,4,7,0.9560439586639404,25.483516573905945,0.04395604133605957,1.0,0.9560439586639404,28,0.9736842105263158,0.9736842105263158,0.0870155468583107,0.09114061295986176,0.02018566769466066,0.025021405596482162,0.08408870548009872,0.9670124650001526,,,,,,,,
breastcancer,1.0,Baseline-Full,4,7,0.9560439586639404,25.483516573905945,0.04395604133605957,1.0,0.9560439586639404,28,0.9736842105263158,0.9736842105263158,0.0870155468583107,0.09114061295986176,0.02018566769466066,0.025021405596482162,0.08408870548009872,0.9670124650001526,,,,,,,,
breastcancer,0.0,Baseline-Full,5,299,1.0,298.35714289546013,0.0,1.0,1.0,300,0.956140350877193,0.956140350877193,0.46537020802497864,0.46537020802497864,0.04322038930759098,0.04322038930759098,0.0031968513503670692,0.9993607401847839,,,,,,,,
breastcancer,0.2,Baseline-Full,5,299,1.0,298.35714289546013,0.0,1.0,1.0,300,0.956140350877193,0.956140350877193,0.46537020802497864,0.46537020802497864,0.04322038930759098,0.04322038930759098,0.0031968513503670692,0.9993607401847839,,,,,,,,
breastcancer,0.4,Baseline-Full,5,299,1.0,298.35714289546013,0.0,1.0,1.0,300,0.956140350877193,0.956140350877193,0.46537020802497864,0.46537020802497864,0.04322038930759098,0.04322038930759098,0.0031968513503670692,0.9993607401847839,,,,,,,,
breastcancer,0.6,Baseline-Full,5,299,1.0,298.35714289546013,0.0,1.0,1.0,300,0.956140350877193,0.956140350877193,0.46537020802497864,0.46537020802497864,0.04322038930759098,0.04322038930759098,0.0031968513503670692,0.9993607401847839,,,,,,,,
breastcancer,0.8,Baseline-Full,5,299,1.0,298.35714289546013,0.0,1.0,1.0,300,0.956140350877193,0.956140350877193,0.46537020802497864,0.46537020802497864,0.04322038930759098,0.04322038930759098,0.0031968513503670692,0.9993607401847839,,,,,,,,
breastcancer,1.0,Baseline-Full,5,299,1.0,298.35714289546013,0.0,1.0,1.0,300,0.956140350877193,0.956140350877193,0.46537020802497864,0.46537020802497864,0.04322038930759098,0.04322038930759098,0.0031968513503670692,0.9993607401847839,,,,,,,,
breastcancer,0.0,Baseline-Full,6,22,0.9670329689979553,40.25274735689163,0.03296703100204468,1.0,0.9670329689979553,43,1.0,1.0,0.01538691483438015,0.007711524609476328,0.013737488211246958,0.007194712496640389,0.04399358853697777,0.9862625002861023,,,,,,,,
breastcancer,0.2,Baseline-Full,6,22,0.9670329689979553,40.25274735689163,0.03296703100204468,1.0,0.9670329689979553,43,1.0,1.0,0.01538691483438015,0.007711524609476328,0.013737488211246958,0.007194712496640389,0.04399358853697777,0.9862625002861023,,,,,,,,
breastcancer,0.4,Baseline-Full,6,22,0.9670329689979553,40.25274735689163,0.03296703100204468,1.0,0.9670329689979553,43,1.0,1.0,0.01538691483438015,0.007711524609476328,0.013737488211246958,0.007194712496640389,0.04399358853697777,0.9862625002861023,,,,,,,,
breastcancer,0.6,Baseline-Full,6,22,0.9670329689979553,40.25274735689163,0.03296703100204468,1.0,0.9670329689979553,43,1.0,1.0,0.01538691483438015,0.007711524609476328,0.013737488211246958,0.007194712496640389,0.04399358853697777,0.9862625002861023,,,,,,,,
breastcancer,0.8,Baseline-Full,6,22,0.9670329689979553,40.25274735689163,0.03296703100204468,1.0,0.9670329689979553,43,1.0,1.0,0.01538691483438015,0.007711524609476328,0.013737488211246958,0.007194712496640389,0.04399358853697777,0.9862625002861023,,,,,,,,
breastcancer,1.0,Baseline-Full,6,22,0.9670329689979553,40.25274735689163,0.03296703100204468,1.0,0.9670329689979553,43,1.0,1.0,0.01538691483438015,0.007711524609476328,0.013737488211246958,0.007194712496640389,0.04399358853697777,0.9862625002861023,,,,,,,,
breastcancer,0.0,Baseline-Full,7,14,0.9780219793319702,32.98351654410362,0.019230767920777048,0.9972527472527473,0.9780219793319702,35,0.9824561403508771,0.9912280701754386,0.0487896129488945,0.04566406086087227,0.015488603658843497,0.017028142485702197,0.053155623376369476,0.9821039438247681,,,,,,,,
breastcancer,0.2,Baseline-Full,7,14,0.9780219793319702,32.98351654410362,0.019230767920777048,0.9972527472527473,0.9780219793319702,35,0.9824561403508771,0.9912280701754386,0.0487896129488945,0.04566406086087227,0.015488603658843497,0.017028142485702197,0.053155623376369476,0.9821039438247681,,,,,,,,
breastcancer,0.4,Baseline-Full,7,14,0.9780219793319702,32.98351654410362,0.019230767920777048,0.9972527472527473,0.9780219793319702,35,0.9824561403508771,0.9912280701754386,0.0487896129488945,0.04566406086087227,0.015488603658843497,0.017028142485702197,0.053155623376369476,0.9821039438247681,,,,,,,,
breastcancer,0.6,Baseline-Full,7,14,0.9780219793319702,32.98351654410362,0.019230767920777048,0.9972527472527473,0.9780219793319702,35,0.9824561403508771,0.9912280701754386,0.0487896129488945,0.04566406086087227,0.015488603658843497,0.017028142485702197,0.053155623376369476,0.9821039438247681,,,,,,,,
breastcancer,0.8,Baseline-Full,7,14,0.9780219793319702,32.98351654410362,0.019230767920777048,0.9972527472527473,0.9780219793319702,35,0.9824561403508771,0.9912280701754386,0.0487896129488945,0.04566406086087227,0.015488603658843497,0.017028142485702197,0.053155623376369476,0.9821039438247681,,,,,,,,
breastcancer,1.0,Baseline-Full,7,14,0.9780219793319702,32.98351654410362,0.019230767920777048,0.9972527472527473,0.9780219793319702,35,0.9824561403508771,0.9912280701754386,0.0487896129488945,0.04566406086087227,0.015488603658843497,0.017028142485702197,0.053155623376369476,0.9821039438247681,,,,,,,,
breastcancer,0.0,Baseline-Full,8,24,0.9890109896659851,42.86263743042946,0.010989010334014893,1.0,0.9890109896659851,45,0.9649122807017544,0.9649122807017544,0.12102003395557404,0.18889763951301575,0.024679367479525108,0.030412825053198294,0.06228668987751007,0.9749558568000793,,,,,,,,
breastcancer,0.2,Baseline-Full,8,24,0.9890109896659851,42.86263743042946,0.010989010334014893,1.0,0.9890109896659851,45,0.9649122807017544,0.9649122807017544,0.12102003395557404,0.18889763951301575,0.024679367479525108,0.030412825053198294,0.06228668987751007,0.9749558568000793,,,,,,,,
breastcancer,0.4,Baseline-Full,8,24,0.9890109896659851,42.86263743042946,0.010989010334014893,1.0,0.9890109896659851,45,0.9649122807017544,0.9649122807017544,0.12102003395557404,0.18889763951301575,0.024679367479525108,0.030412825053198294,0.06228668987751007,0.9749558568000793,,,,,,,,
breastcancer,0.6,Baseline-Full,8,24,0.9890109896659851,42.86263743042946,0.010989010334014893,1.0,0.9890109896659851,45,0.9649122807017544,0.9649122807017544,0.12102003395557404,0.18889763951301575,0.024679367479525108,0.030412825053198294,0.06228668987751007,0.9749558568000793,,,,,,,,
breastcancer,0.8,Baseline-Full,8,24,0.9890109896659851,42.86263743042946,0.010989010334014893,1.0,0.9890109896659851,45,0.9649122807017544,0.9649122807017544,0.12102003395557404,0.18889763951301575,0.024679367479525108,0.030412825053198294,0.06228668987751007,0.9749558568000793,,,,,,,,
breastcancer,1.0,Baseline-Full,8,24,0.9890109896659851,42.86263743042946,0.010989010334014893,1.0,0.9890109896659851,45,0.9649122807017544,0.9649122807017544,0.12102003395557404,0.18889763951301575,0.024679367479525108,0.030412825053198294,0.06228668987751007,0.9749558568000793,,,,,,,,
breastcancer,0.0,Baseline-Full,9,13,0.9780219793319702,31.549450635910034,0.03296703100204468,1.0,0.9670329689979553,34,0.956140350877193,0.9649122807017544,0.12076887488365173,0.17023122310638428,0.030122096078437643,0.024303465558771473,0.06957066059112549,0.9720595479011536,,,,,,,,
breastcancer,0.2,Baseline-Full,9,13,0.9780219793319702,31.549450635910034,0.03296703100204468,1.0,0.9670329689979553,34,0.956140350877193,0.9649122807017544,0.12076887488365173,0.17023122310638428,0.030122096078437643,0.024303465558771473,0.06957066059112549,0.9720595479011536,,,,,,,,
breastcancer,0.4,Baseline-Full,9,13,0.9780219793319702,31.549450635910034,0.03296703100204468,1.0,0.9670329689979553,34,0.956140350877193,0.9649122807017544,0.12076887488365173,0.17023122310638428,0.030122096078437643,0.024303465558771473,0.06957066059112549,0.9720595479011536,,,,,,,,
breastcancer,0.6,Baseline-Full,9,13,0.9780219793319702,31.549450635910034,0.03296703100204468,1.0,0.9670329689979553,34,0.956140350877193,0.9649122807017544,0.12076887488365173,0.17023122310638428,0.030122096078437643,0.024303465558771473,0.06957066059112549,0.9720595479011536,,,,,,,,
breastcancer,0.8,Baseline-Full,9,13,0.9780219793319702,31.549450635910034,0.03296703100204468,1.0,0.9670329689979553,34,0.956140350877193,0.9649122807017544,0.12076887488365173,0.17023122310638428,0.030122096078437643,0.024303465558771473,0.06957066059112549,0.9720595479011536,,,,,,,,
breastcancer,1.0,Baseline-Full,9,13,0.9780219793319702,31.549450635910034,0.03296703100204468,1.0,0.9670329689979553,34,0.956140350877193,0.9649122807017544,0.12076887488365173,0.17023122310638428,0.030122096078437643,0.024303465558771473,0.06957066059112549,0.9720595479011536,,,,,,,,
breastcancer,0.0,Baseline-Full,10,7,0.9670329689979553,26.087912142276764,0.021978020668029785,1.0,0.9780219793319702,28,0.9649122807017544,0.9649122807017544,0.1089043915271759,0.1565304696559906,0.03550369279426442,0.037048543231529056,0.09696165472269058,0.9627618193626404,,,,,,,,
breastcancer,0.2,Baseline-Full,10,7,0.9670329689979553,26.087912142276764,0.021978020668029785,1.0,0.9780219793319702,28,0.9649122807017544,0.9649122807017544,0.1089043915271759,0.1565304696559906,0.03550369279426442,0.037048543231529056,0.09696165472269058,0.9627618193626404,,,,,,,,
breastcancer,0.4,Baseline-Full,10,7,0.9670329689979553,26.087912142276764,0.021978020668029785,1.0,0.9780219793319702,28,0.9649122807017544,0.9649122807017544,0.1089043915271759,0.1565304696559906,0.03550369279426442,0.037048543231529056,0.09696165472269058,0.9627618193626404,,,,,,,,
breastcancer,0.6,Baseline-Full,10,7,0.9670329689979553,26.087912142276764,0.021978020668029785,1.0,0.9780219793319702,28,0.9649122807017544,0.9649122807017544,0.1089043915271759,0.1565304696559906,0.03550369279426442,0.037048543231529056,0.09696165472269058,0.9627618193626404,,,,,,,,
breastcancer,0.8,Baseline-Full,10,7,0.9670329689979553,26.087912142276764,0.021978020668029785,1.0,0.9780219793319702,28,0.9649122807017544,0.9649122807017544,0.1089043915271759,0.1565304696559906,0.03550369279426442,0.037048543231529056,0.09696165472269058,0.9627618193626404,,,,,,,,
breastcancer,1.0,Baseline-Full,10,7,0.9670329689979553,26.087912142276764,0.021978020668029785,1.0,0.9780219793319702,28,0.9649122807017544,0.9649122807017544,0.1089043915271759,0.1565304696559906,0.03550369279426442,0.037048543231529056,0.09696165472269058,0.9627618193626404,,,,,,,,
breastcancer,0.0,Baseline-Full,11,12,0.9780219793319702,31.20329675078392,0.01648351517352431,0.9945054945054945,0.9780219793319702,33,0.9736842105263158,0.9649122807017544,0.09137015789747238,0.08625651150941849,0.03564554139187457,0.02360293582866063,0.09890767931938171,0.9612365365028381,,,,,,,,
breastcancer,0.2,Baseline-Full,11,12,0.9780219793319702,31.20329675078392,0.01648351517352431,0.9945054945054945,0.9780219793319702,33,0.9736842105263158,0.9649122807017544,0.09137015789747238,0.08625651150941849,0.03564554139187457,0.02360293582866063,0.09890767931938171,0.9612365365028381,,,,,,,,
breastcancer,0.4,Baseline-Full,11,12,0.9780219793319702,31.20329675078392,0.01648351517352431,0.9945054945054945,0.9780219793319702,33,0.9736842105263158,0.9649122807017544,0.09137015789747238,0.08625651150941849,0.03564554139187457,0.02360293582866063,0.09890767931938171,0.9612365365028381,,,,,,,,
breastcancer,0.6,Baseline-Full,11,12,0.9780219793319702,31.20329675078392,0.01648351517352431,0.9945054945054945,0.9780219793319702,33,0.9736842105263158,0.9649122807017544,0.09137015789747238,0.08625651150941849,0.03564554139187457,0.02360293582866063,0.09890767931938171,0.9612365365028381,,,,,,,,
breastcancer,0.8,Baseline-Full,11,12,0.9780219793319702,31.20329675078392,0.01648351517352431,0.9945054945054945,0.9780219793319702,33,0.9736842105263158,0.9649122807017544,0.09137015789747238,0.08625651150941849,0.03564554139187457,0.02360293582866063,0.09890767931938171,0.9612365365028381,,,,,,,,
breastcancer,1.0,Baseline-Full,11,12,0.9780219793319702,31.20329675078392,0.01648351517352431,0.9945054945054945,0.9780219793319702,33,0.9736842105263158,0.9649122807017544,0.09137015789747238,0.08625651150941849,0.03564554139187457,0.02360293582866063,0.09890767931938171,0.9612365365028381,,,,,,,,
breastcancer,0.0,Baseline-Full,12,25,1.0,44.14285719394684,0.021978020668029785,1.0,0.9780219793319702,46,0.9912280701754386,0.9824561403508771,0.04167637974023819,0.0385274775326252,0.03432678130635044,0.01789971035823488,0.08234155923128128,0.9670183658599854,,,,,,,,
breastcancer,0.2,Baseline-Full,12,25,1.0,44.14285719394684,0.021978020668029785,1.0,0.9780219793319702,46,0.9912280701754386,0.9824561403508771,0.04167637974023819,0.0385274775326252,0.03432678130635044,0.01789971035823488,0.08234155923128128,0.9670183658599854,,,,,,,,
breastcancer,0.4,Baseline-Full,12,25,1.0,44.14285719394684,0.021978020668029785,1.0,0.9780219793319702,46,0.9912280701754386,0.9824561403508771,0.04167637974023819,0.0385274775326252,0.03432678130635044,0.01789971035823488,0.08234155923128128,0.9670183658599854,,,,,,,,
breastcancer,0.6,Baseline-Full,12,25,1.0,44.14285719394684,0.021978020668029785,1.0,0.9780219793319702,46,0.9912280701754386,0.9824561403508771,0.04167637974023819,0.0385274775326252,0.03432678130635044,0.01789971035823488,0.08234155923128128,0.9670183658599854,,,,,,,,
breastcancer,0.8,Baseline-Full,12,25,1.0,44.14285719394684,0.021978020668029785,1.0,0.9780219793319702,46,0.9912280701754386,0.9824561403508771,0.04167637974023819,0.0385274775326252,0.03432678130635044,0.01789971035823488,0.08234155923128128,0.9670183658599854,,,,,,,,
breastcancer,1.0,Baseline-Full,12,25,1.0,44.14285719394684,0.021978020668029785,1.0,0.9780219793319702,46,0.9912280701754386,0.9824561403508771,0.04167637974023819,0.0385274775326252,0.03432678130635044,0.01789971035823488,0.08234155923128128,0.9670183658599854,,,,,,,,
breastcancer,0.0,Baseline-Full,13,96,1.0,115.62087914347649,0.0,1.0,1.0,117,0.9649122807017544,0.956140350877193,0.11738910526037216,0.16819311678409576,0.03135193387667335,0.03822070412468489,0.0355122908949852,0.9829046726226807,,,,,,,,
breastcancer,0.2,Baseline-Full,13,96,1.0,115.62087914347649,0.0,1.0,1.0,117,0.9649122807017544,0.956140350877193,0.11738910526037216,0.16819311678409576,0.03135193387667335,0.03822070412468489,0.0355122908949852,0.9829046726226807,,,,,,,,
breastcancer,0.4,Baseline-Full,13,96,1.0,115.62087914347649,0.0,1.0,1.0,117,0.9649122807017544,0.956140350877193,0.11738910526037216,0.16819311678409576,0.03135193387667335,0.03822070412468489,0.0355122908949852,0.9829046726226807,,,,,,,,
breastcancer,0.6,Baseline-Full,13,96,1.0,115.62087914347649,0.0,1.0,1.0,117,0.9649122807017544,0.956140350877193,0.11738910526037216,0.16819311678409576,0.03135193387667335,0.03822070412468489,0.0355122908949852,0.9829046726226807,,,,,,,,
breastcancer,0.8,Baseline-Full,13,96,1.0,115.62087914347649,0.0,1.0,1.0,117,0.9649122807017544,0.956140350877193,0.11738910526037216,0.16819311678409576,0.03135193387667335,0.03822070412468489,0.0355122908949852,0.9829046726226807,,,,,,,,
breastcancer,1.0,Baseline-Full,13,96,1.0,115.62087914347649,0.0,1.0,1.0,117,0.9649122807017544,0.956140350877193,0.11738910526037216,0.16819311678409576,0.03135193387667335,0.03822070412468489,0.0355122908949852,0.9829046726226807,,,,,,,,
breastcancer,0.0,Baseline-Full,14,19,0.9780219793319702,37.87362644076347,0.019230767920777048,0.9972527472527473,0.9780219793319702,40,0.9736842105263158,0.9736842105263158,0.0846409797668457,0.10045834630727768,0.03514046156615541,0.025401357495993905,0.06628257036209106,0.9755247235298157,,,,,,,,
breastcancer,0.2,Baseline-Full,14,19,0.9780219793319702,37.87362644076347,0.019230767920777048,0.9972527472527473,0.9780219793319702,40,0.9736842105263158,0.9736842105263158,0.0846409797668457,0.10045834630727768,0.03514046156615541,0.025401357495993905,0.06628257036209106,0.9755247235298157,,,,,,,,
breastcancer,0.4,Baseline-Full,14,19,0.9780219793319702,37.87362644076347,0.019230767920777048,0.9972527472527473,0.9780219793319702,40,0.9736842105263158,0.9736842105263158,0.0846409797668457,0.10045834630727768,0.03514046156615541,0.025401357495993905,0.06628257036209106,0.9755247235298157,,,,,,,,
breastcancer,0.6,Baseline-Full,14,19,0.9780219793319702,37.87362644076347,0.019230767920777048,0.9972527472527473,0.9780219793319702,40,0.9736842105263158,0.9736842105263158,0.0846409797668457,0.10045834630727768,0.03514046156615541,0.025401357495993905,0.06628257036209106,0.9755247235298157,,,,,,,,
breastcancer,0.8,Baseline-Full,14,19,0.9780219793319702,37.87362644076347,0.019230767920777048,0.9972527472527473,0.9780219793319702,40,0.9736842105263158,0.9736842105263158,0.0846409797668457,0.10045834630727768,0.03514046156615541,0.025401357495993905,0.06628257036209106,0.9755247235298157,,,,,,,,
breastcancer,1.0,Baseline-Full,14,19,0.9780219793319702,37.87362644076347,0.019230767920777048,0.9972527472527473,0.9780219793319702,40,0.9736842105263158,0.9736842105263158,0.0846409797668457,0.10045834630727768,0.03514046156615541,0.025401357495993905,0.06628257036209106,0.9755247235298157,,,,,,,,
breastcancer,0.0,Baseline-Full,15,18,0.9780219793319702,36.87912094593048,0.027472525507539203,0.9945054945054945,0.9670329689979553,39,0.9649122807017544,0.9824561403508771,0.06510463356971741,0.07119036465883255,0.025667676277327956,0.0229059682603468,0.07412657141685486,0.9731584787368774,,,,,,,,
breastcancer,0.2,Baseline-Full,15,18,0.9780219793319702,36.87912094593048,0.027472525507539203,0.9945054945054945,0.9670329689979553,39,0.9649122807017544,0.9824561403508771,0.06510463356971741,0.07119036465883255,0.025667676277327956,0.0229059682603468,0.07412657141685486,0.9731584787368774,,,,,,,,
breastcancer,0.4,Baseline-Full,15,18,0.9780219793319702,36.87912094593048,0.027472525507539203,0.9945054945054945,0.9670329689979553,39,0.9649122807017544,0.9824561403508771,0.06510463356971741,0.07119036465883255,0.025667676277327956,0.0229059682603468,0.07412657141685486,0.9731584787368774,,,,,,,,
breastcancer,0.6,Baseline-Full,15,18,0.9780219793319702,36.87912094593048,0.027472525507539203,0.9945054945054945,0.9670329689979553,39,0.9649122807017544,0.9824561403508771,0.06510463356971741,0.07119036465883255,0.025667676277327956,0.0229059682603468,0.07412657141685486,0.9731584787368774,,,,,,,,
breastcancer,0.8,Baseline-Full,15,18,0.9780219793319702,36.87912094593048,0.027472525507539203,0.9945054945054945,0.9670329689979553,39,0.9649122807017544,0.9824561403508771,0.06510463356971741,0.07119036465883255,0.025667676277327956,0.0229059682603468,0.07412657141685486,0.9731584787368774,,,,,,,,
breastcancer,1.0,Baseline-Full,15,18,0.9780219793319702,36.87912094593048,0.027472525507539203,0.9945054945054945,0.9670329689979553,39,0.9649122807017544,0.9824561403508771,0.06510463356971741,0.07119036465883255,0.025667676277327956,0.0229059682603468,0.07412657141685486,0.9731584787368774,,,,,,,,
breastcancer,0.0,Baseline-Full,16,34,0.9890109896659851,53.39010992646217,0.010989010334014893,1.0,0.9890109896659851,55,0.956140350877193,0.956140350877193,0.19130243360996246,0.26584115624427795,0.03795138837998373,0.040801408520916,0.0410710945725441,0.9856675863265991,,,,,,,,
breastcancer,0.2,Baseline-Full,16,34,0.9890109896659851,53.39010992646217,0.010989010334014893,1.0,0.9890109896659851,55,0.956140350877193,0.956140350877193,0.19130243360996246,0.26584115624427795,0.03795138837998373,0.040801408520916,0.0410710945725441,0.9856675863265991,,,,,,,,
breastcancer,0.4,Baseline-Full,16,34,0.9890109896659851,53.39010992646217,0.010989010334014893,1.0,0.9890109896659851,55,0.956140350877193,0.956140350877193,0.19130243360996246,0.26584115624427795,0.03795138837998373,0.040801408520916,0.0410710945725441,0.9856675863265991,,,,,,,,
breastcancer,0.6,Baseline-Full,16,34,0.9890109896659851,53.39010992646217,0.010989010334014893,1.0,0.9890109896659851,55,0.956140350877193,0.956140350877193,0.19130243360996246,0.26584115624427795,0.03795138837998373,0.040801408520916,0.0410710945725441,0.9856675863265991,,,,,,,,
breastcancer,0.8,Baseline-Full,16,34,0.9890109896659851,53.39010992646217,0.010989010334014893,1.0,0.9890109896659851,55,0.956140350877193,0.956140350877193,0.19130243360996246,0.26584115624427795,0.03795138837998373,0.040801408520916,0.0410710945725441,0.9856675863265991,,,,,,,,
breastcancer,1.0,Baseline-Full,16,34,0.9890109896659851,53.39010992646217,0.010989010334014893,1.0,0.9890109896659851,55,0.956140350877193,0.956140350877193,0.19130243360996246,0.26584115624427795,0.03795138837998373,0.040801408520916,0.0410710945725441,0.9856675863265991,,,,,,,,
breastcancer,0.0,Baseline-Full,17,15,0.9780219793319702,34.14285719394684,0.019230767920777048,0.9972527472527473,0.9780219793319702,36,0.9736842105263158,0.9824561403508771,0.07639148086309433,0.07580117881298065,0.01333701976558618,0.026833908076871905,0.08175480365753174,0.9682741761207581,,,,,,,,
breastcancer,0.2,Baseline-Full,17,15,0.9780219793319702,34.14285719394684,0.019230767920777048,0.9972527472527473,0.9780219793319702,36,0.9736842105263158,0.9824561403508771,0.07639148086309433,0.07580117881298065,0.01333701976558618,0.026833908076871905,0.08175480365753174,0.9682741761207581,,,,,,,,
breastcancer,0.4,Baseline-Full,17,15,0.9780219793319702,34.14285719394684,0.019230767920777048,0.9972527472527473,0.9780219793319702,36,0.9736842105263158,0.9824561403508771,0.07639148086309433,0.07580117881298065,0.01333701976558618,0.026833908076871905,0.08175480365753174,0.9682741761207581,,,,,,,,
breastcancer,0.6,Baseline-Full,17,15,0.9780219793319702,34.14285719394684,0.019230767920777048,0.9972527472527473,0.9780219793319702,36,0.9736842105263158,0.9824561403508771,0.07639148086309433,0.07580117881298065,0.01333701976558618,0.026833908076871905,0.08175480365753174,0.9682741761207581,,,,,,,,
breastcancer,0.8,Baseline-Full,17,15,0.9780219793319702,34.14285719394684,0.019230767920777048,0.9972527472527473,0.9780219793319702,36,0.9736842105263158,0.9824561403508771,0.07639148086309433,0.07580117881298065,0.01333701976558618,0.026833908076871905,0.08175480365753174,0.9682741761207581,,,,,,,,
breastcancer,1.0,Baseline-Full,17,15,0.9780219793319702,34.14285719394684,0.019230767920777048,0.9972527472527473,0.9780219793319702,36,0.9736842105263158,0.9824561403508771,0.07639148086309433,0.07580117881298065,0.01333701976558618,0.026833908076871905,0.08175480365753174,0.9682741761207581,,,,,,,,
breastcancer,0.0,Baseline-Full,18,22,0.9780219793319702,40.48901107907295,0.03021977825479194,0.9972527472527473,0.9670329689979553,43,0.9649122807017544,0.9736842105263158,0.08977840840816498,0.10519132018089294,0.029029501634731666,0.024900380979504547,0.06183489412069321,0.9807155728340149,,,,,,,,
breastcancer,0.2,Baseline-Full,18,22,0.9780219793319702,40.48901107907295,0.03021977825479194,0.9972527472527473,0.9670329689979553,43,0.9649122807017544,0.9736842105263158,0.08977840840816498,0.10519132018089294,0.029029501634731666,0.024900380979504547,0.06183489412069321,0.9807155728340149,,,,,,,,
breastcancer,0.4,Baseline-Full,18,22,0.9780219793319702,40.48901107907295,0.03021977825479194,0.9972527472527473,0.9670329689979553,43,0.9649122807017544,0.9736842105263158,0.08977840840816498,0.10519132018089294,0.029029501634731666,0.024900380979504547,0.06183489412069321,0.9807155728340149,,,,,,,,
breastcancer,0.6,Baseline-Full,18,22,0.9780219793319702,40.48901107907295,0.03021977825479194,0.9972527472527473,0.9670329689979553,43,0.9649122807017544,0.9736842105263158,0.08977840840816498,0.10519132018089294,0.029029501634731666,0.024900380979504547,0.06183489412069321,0.9807155728340149,,,,,,,,
breastcancer,0.8,Baseline-Full,18,22,0.9780219793319702,40.48901107907295,0.03021977825479194,0.9972527472527473,0.9670329689979553,43,0.9649122807017544,0.9736842105263158,0.08977840840816498,0.10519132018089294,0.029029501634731666,0.024900380979504547,0.06183489412069321,0.9807155728340149,,,,,,,,
breastcancer,1.0,Baseline-Full,18,22,0.9780219793319702,40.48901107907295,0.03021977825479194,0.9972527472527473,0.9670329689979553,43,0.9649122807017544,0.9736842105263158,0.08977840840816498,0.10519132018089294,0.029029501634731666,0.024900380979504547,0.06183489412069321,0.9807155728340149,,,,,,,,
breastcancer,0.0,Baseline-Full,19,17,0.9890109896659851,36.46153849363327,0.008241757586762155,0.9972527472527473,0.9890109896659851,38,0.9649122807017544,0.9649122807017544,0.07925975322723389,0.10851729661226273,0.03155507957726194,0.03770280825464349,0.06259781867265701,0.9794679880142212,,,,,,,,
breastcancer,0.2,Baseline-Full,19,17,0.9890109896659851,36.46153849363327,0.008241757586762155,0.9972527472527473,0.9890109896659851,38,0.9649122807017544,0.9649122807017544,0.07925975322723389,0.10851729661226273,0.03155507957726194,0.03770280825464349,0.06259781867265701,0.9794679880142212,,,,,,,,
breastcancer,0.4,Baseline-Full,19,17,0.9890109896659851,36.46153849363327,0.008241757586762155,0.9972527472527473,0.9890109896659851,38,0.9649122807017544,0.9649122807017544,0.07925975322723389,0.10851729661226273,0.03155507957726194,0.03770280825464349,0.06259781867265701,0.9794679880142212,,,,,,,,
breastcancer,0.6,Baseline-Full,19,17,0.9890109896659851,36.46153849363327,0.008241757586762155,0.9972527472527473,0.9890109896659851,38,0.9649122807017544,0.9649122807017544,0.07925975322723389,0.10851729661226273,0.03155507957726194,0.03770280825464349,0.06259781867265701,0.9794679880142212,,,,,,,,
breastcancer,0.8,Baseline-Full,19,17,0.9890109896659851,36.46153849363327,0.008241757586762155,0.9972527472527473,0.9890109896659851,38,0.9649122807017544,0.9649122807017544,0.07925975322723389,0.10851729661226273,0.03155507957726194,0.03770280825464349,0.06259781867265701,0.9794679880142212,,,,,,,,
breastcancer,1.0,Baseline-Full,19,17,0.9890109896659851,36.46153849363327,0.008241757586762155,0.9972527472527473,0.9890109896659851,38,0.9649122807017544,0.9649122807017544,0.07925975322723389,0.10851729661226273,0.03155507957726194,0.03770280825464349,0.06259781867265701,0.9794679880142212,,,,,,,,
breastcancer,0.0,Baseline-Half,0,15,0.9670329689979553,33.527472615242004,0.04395604068106351,0.989010989010989,0.9450549483299255,36,0.9824561403508771,0.9736842105263158,0.06725490838289261,0.062154561281204224,0.03375639308962906,0.025874632492400046,0.12813113629817963,0.9538792967796326,,,,,,,,
breastcancer,0.2,Baseline-Half,0,15,0.9670329689979553,33.527472615242004,0.04395604068106351,0.989010989010989,0.9450549483299255,36,0.9824561403508771,0.9736842105263158,0.06725490838289261,0.062154561281204224,0.03375639308962906,0.025874632492400046,0.12813113629817963,0.9538792967796326,,,,,,,,
breastcancer,0.4,Baseline-Half,0,15,0.9670329689979553,33.527472615242004,0.04395604068106351,0.989010989010989,0.9450549483299255,36,0.9824561403508771,0.9736842105263158,0.06725490838289261,0.062154561281204224,0.03375639308962906,0.025874632492400046,0.12813113629817963,0.9538792967796326,,,,,,,,
breastcancer,0.6,Baseline-Half,0,15,0.9670329689979553,33.527472615242004,0.04395604068106351,0.989010989010989,0.9450549483299255,36,0.9824561403508771,0.9736842105263158,0.06725490838289261,0.062154561281204224,0.03375639308962906,0.025874632492400046,0.12813113629817963,0.9538792967796326,,,,,,,,
breastcancer,0.8,Baseline-Half,0,15,0.9670329689979553,33.527472615242004,0.04395604068106351,0.989010989010989,0.9450549483299255,36,0.9824561403508771,0.9736842105263158,0.06725490838289261,0.062154561281204224,0.03375639308962906,0.025874632492400046,0.12813113629817963,0.9538792967796326,,,,,,,,
breastcancer,1.0,Baseline-Half,0,15,0.9670329689979553,33.527472615242004,0.04395604068106351,0.989010989010989,0.9450549483299255,36,0.9824561403508771,0.9736842105263158,0.06725490838289261,0.062154561281204224,0.03375639308962906,0.025874632492400046,0.12813113629817963,0.9538792967796326,,,,,,,,
breastcancer,0.0,Baseline-Half,1,17,0.9560439586639404,35.34615394473076,0.04395604133605957,1.0,0.9560439586639404,38,0.9824561403508771,0.9912280701754386,0.07090434432029724,0.08829938620328903,0.01400333852098699,0.011268850481300993,0.06530293822288513,0.9793729186058044,,,,,,,,
breastcancer,0.2,Baseline-Half,1,17,0.9560439586639404,35.34615394473076,0.04395604133605957,1.0,0.9560439586639404,38,0.9824561403508771,0.9912280701754386,0.07090434432029724,0.08829938620328903,0.01400333852098699,0.011268850481300993,0.06530293822288513,0.9793729186058044,,,,,,,,
breastcancer,0.4,Baseline-Half,1,17,0.9560439586639404,35.34615394473076,0.04395604133605957,1.0,0.9560439586639404,38,0.9824561403508771,0.9912280701754386,0.07090434432029724,0.08829938620328903,0.01400333852098699,0.011268850481300993,0.06530293822288513,0.9793729186058044,,,,,,,,
breastcancer,0.6,Baseline-Half,1,17,0.9560439586639404,35.34615394473076,0.04395604133605957,1.0,0.9560439586639404,38,0.9824561403508771,0.9912280701754386,0.07090434432029724,0.08829938620328903,0.01400333852098699,0.011268850481300993,0.06530293822288513,0.9793729186058044,,,,,,,,
breastcancer,0.8,Baseline-Half,1,17,0.9560439586639404,35.34615394473076,0.04395604133605957,1.0,0.9560439586639404,38,0.9824561403508771,0.9912280701754386,0.07090434432029724,0.08829938620328903,0.01400333852098699,0.011268850481300993,0.06530293822288513,0.9793729186058044,,,,,,,,
breastcancer,1.0,Baseline-Half,1,17,0.9560439586639404,35.34615394473076,0.04395604133605957,1.0,0.9560439586639404,38,0.9824561403508771,0.9912280701754386,0.07090434432029724,0.08829938620328903,0.01400333852098699,0.011268850481300993,0.06530293822288513,0.9793729186058044,,,,,,,,
breastcancer,0.0,Baseline-Half,2,12,0.9560439586639404,29.82417595386505,0.05494505167007446,1.0,0.9450549483299255,33,0.9649122807017544,0.956140350877193,0.09235145151615143,0.09285920858383179,0.03487212040968109,0.03369988527214318,0.1295614391565323,0.9504470825195312,,,,,,,,
breastcancer,0.2,Baseline-Half,2,12,0.9560439586639404,29.82417595386505,0.05494505167007446,1.0,0.9450549483299255,33,0.9649122807017544,0.956140350877193,0.09235145151615143,0.09285920858383179,0.03487212040968109,0.03369988527214318,0.1295614391565323,0.9504470825195312,,,,,,,,
breastcancer,0.4,Baseline-Half,2,12,0.9560439586639404,29.82417595386505,0.05494505167007446,1.0,0.9450549483299255,33,0.9649122807017544,0.956140350877193,0.09235145151615143,0.09285920858383179,0.03487212040968109,0.03369988527214318,0.1295614391565323,0.9504470825195312,,,,,,,,
breastcancer,0.6,Baseline-Half,2,12,0.9560439586639404,29.82417595386505,0.05494505167007446,1.0,0.9450549483299255,33,0.9649122807017544,0.956140350877193,0.09235145151615143,0.09285920858383179,0.03487212040968109,0.03369988527214318,0.1295614391565323,0.9504470825195312,,,,,,,,
breastcancer,0.8,Baseline-Half,2,12,0.9560439586639404,29.82417595386505,0.05494505167007446,1.0,0.9450549483299255,33,0.9649122807017544,0.956140350877193,0.09235145151615143,0.09285920858383179,0.03487212040968109,0.03369988527214318,0.1295614391565323,0.9504470825195312,,,,,,,,
breastcancer,1.0,Baseline-Half,2,12,0.9560439586639404,29.82417595386505,0.05494505167007446,1.0,0.9450549483299255,33,0.9649122807017544,0.956140350877193,0.09235145151615143,0.09285920858383179,0.03487212040968109,0.03369988527214318,0.1295614391565323,0.9504470825195312,,,,,,,,
breastcancer,0.0,Baseline-Half,3,17,0.9670329689979553,35.291208893060684,0.03296703100204468,1.0,0.9670329689979553,38,0.9736842105263158,0.9736842105263158,0.09058251231908798,0.08117035031318665,0.03648155666234197,0.023426940566615057,0.11580023914575577,0.9549856185913086,,,,,,,,
breastcancer,0.2,Baseline-Half,3,17,0.9670329689979553,35.291208893060684,0.03296703100204468,1.0,0.9670329689979553,38,0.9736842105263158,0.9736842105263158,0.09058251231908798,0.08117035031318665,0.03648155666234197,0.023426940566615057,0.11580023914575577,0.9549856185913086,,,,,,,,
breastcancer,0.4,Baseline-Half,3,17,0.9670329689979553,35.291208893060684,0.03296703100204468,1.0,0.9670329689979553,38,0.9736842105263158,0.9736842105263158,0.09058251231908798,0.08117035031318665,0.03648155666234197,0.023426940566615057,0.11580023914575577,0.9549856185913086,,,,,,,,
breastcancer,0.6,Baseline-Half,3,17,0.9670329689979553,35.291208893060684,0.03296703100204468,1.0,0.9670329689979553,38,0.9736842105263158,0.9736842105263158,0.09058251231908798,0.08117035031318665,0.03648155666234197,0.023426940566615057,0.11580023914575577,0.9549856185913086,,,,,,,,
breastcancer,0.8,Baseline-Half,3,17,0.9670329689979553,35.291208893060684,0.03296703100204468,1.0,0.9670329689979553,38,0.9736842105263158,0.9736842105263158,0.09058251231908798,0.08117035031318665,0.03648155666234197,0.023426940566615057,0.11580023914575577,0.9549856185913086,,,,,,,,
breastcancer,1.0,Baseline-Half,3,17,0.9670329689979553,35.291208893060684,0.03296703100204468,1.0,0.9670329689979553,38,0.9736842105263158,0.9736842105263158,0.09058251231908798,0.08117035031318665,0.03648155666234197,0.023426940566615057,0.11580023914575577,0.9549856185913086,,,,,,,,
breastcancer,0.0,Baseline-Half,4,15,0.9560439586639404,32.582417726516724,0.06593406200408936,1.0,0.9340659379959106,36,0.956140350877193,0.956140350877193,0.09987501800060272,0.11654259264469147,0.023972660825963613,0.03566957618060865,0.09321825951337814,0.9601494073867798,,,,,,,,
breastcancer,0.2,Baseline-Half,4,15,0.9560439586639404,32.582417726516724,0.06593406200408936,1.0,0.9340659379959106,36,0.956140350877193,0.956140350877193,0.09987501800060272,0.11654259264469147,0.023972660825963613,0.03566957618060865,0.09321825951337814,0.9601494073867798,,,,,,,,
breastcancer,0.4,Baseline-Half,4,15,0.9560439586639404,32.582417726516724,0.06593406200408936,1.0,0.9340659379959106,36,0.956140350877193,0.956140350877193,0.09987501800060272,0.11654259264469147,0.023972660825963613,0.03566957618060865,0.09321825951337814,0.9601494073867798,,,,,,,,
breastcancer,0.6,Baseline-Half,4,15,0.9560439586639404,32.582417726516724,0.06593406200408936,1.0,0.9340659379959106,36,0.956140350877193,0.956140350877193,0.09987501800060272,0.11654259264469147,0.023972660825963613,0.03566957618060865,0.09321825951337814,0.9601494073867798,,,,,,,,
breastcancer,0.8,Baseline-Half,4,15,0.9560439586639404,32.582417726516724,0.06593406200408936,1.0,0.9340659379959106,36,0.956140350877193,0.956140350877193,0.09987501800060272,0.11654259264469147,0.023972660825963613,0.03566957618060865,0.09321825951337814,0.9601494073867798,,,,,,,,
breastcancer,1.0,Baseline-Half,4,15,0.9560439586639404,32.582417726516724,0.06593406200408936,1.0,0.9340659379959106,36,0.956140350877193,0.956140350877193,0.09987501800060272,0.11654259264469147,0.023972660825963613,0.03566957618060865,0.09321825951337814,0.9601494073867798,,,,,,,,
breastcancer,0.0,Baseline-Half,5,54,0.9890109896659851,72.31318691372871,0.010989010334014893,1.0,0.9890109896659851,75,0.9210526315789473,0.9122807017543859,0.28714215755462646,0.3330885171890259,0.06805935240628425,0.07096419574921592,0.04634852707386017,0.9804440140724182,,,,,,,,
breastcancer,0.2,Baseline-Half,5,54,0.9890109896659851,72.31318691372871,0.010989010334014893,1.0,0.9890109896659851,75,0.9210526315789473,0.9122807017543859,0.28714215755462646,0.3330885171890259,0.06805935240628425,0.07096419574921592,0.04634852707386017,0.9804440140724182,,,,,,,,
breastcancer,0.4,Baseline-Half,5,54,0.9890109896659851,72.31318691372871,0.010989010334014893,1.0,0.9890109896659851,75,0.9210526315789473,0.9122807017543859,0.28714215755462646,0.3330885171890259,0.06805935240628425,0.07096419574921592,0.04634852707386017,0.9804440140724182,,,,,,,,
breastcancer,0.6,Baseline-Half,5,54,0.9890109896659851,72.31318691372871,0.010989010334014893,1.0,0.9890109896659851,75,0.9210526315789473,0.9122807017543859,0.28714215755462646,0.3330885171890259,0.06805935240628425,0.07096419574921592,0.04634852707386017,0.9804440140724182,,,,,,,,
breastcancer,0.8,Baseline-Half,5,54,0.9890109896659851,72.31318691372871,0.010989010334014893,1.0,0.9890109896659851,75,0.9210526315789473,0.9122807017543859,0.28714215755462646,0.3330885171890259,0.06805935240628425,0.07096419574921592,0.04634852707386017,0.9804440140724182,,,,,,,,
breastcancer,1.0,Baseline-Half,5,54,0.9890109896659851,72.31318691372871,0.010989010334014893,1.0,0.9890109896659851,75,0.9210526315789473,0.9122807017543859,0.28714215755462646,0.3330885171890259,0.06805935240628425,0.07096419574921592,0.04634852707386017,0.9804440140724182,,,,,,,,
breastcancer,0.0,Baseline-Half,6,26,0.9670329689979553,44.28021988272667,0.03296703100204468,1.0,0.9670329689979553,47,0.9736842105263158,0.9649122807017544,0.10960220545530319,0.17393404245376587,0.016012916439457903,0.029430437506290867,0.08356214314699173,0.9732849597930908,,,,,,,,
breastcancer,0.2,Baseline-Half,6,26,0.9670329689979553,44.28021988272667,0.03296703100204468,1.0,0.9670329689979553,47,0.9736842105263158,0.9649122807017544,0.10960220545530319,0.17393404245376587,0.016012916439457903,0.029430437506290867,0.08356214314699173,0.9732849597930908,,,,,,,,
breastcancer,0.4,Baseline-Half,6,26,0.9670329689979553,44.28021988272667,0.03296703100204468,1.0,0.9670329689979553,47,0.9736842105263158,0.9649122807017544,0.10960220545530319,0.17393404245376587,0.016012916439457903,0.029430437506290867,0.08356214314699173,0.9732849597930908,,,,,,,,
breastcancer,0.6,Baseline-Half,6,26,0.9670329689979553,44.28021988272667,0.03296703100204468,1.0,0.9670329689979553,47,0.9736842105263158,0.9649122807017544,0.10960220545530319,0.17393404245376587,0.016012916439457903,0.029430437506290867,0.08356214314699173,0.9732849597930908,,,,,,,,
breastcancer,0.8,Baseline-Half,6,26,0.9670329689979553,44.28021988272667,0.03296703100204468,1.0,0.9670329689979553,47,0.9736842105263158,0.9649122807017544,0.10960220545530319,0.17393404245376587,0.016012916439457903,0.029430437506290867,0.08356214314699173,0.9732849597930908,,,,,,,,
breastcancer,1.0,Baseline-Half,6,26,0.9670329689979553,44.28021988272667,0.03296703100204468,1.0,0.9670329689979553,47,0.9736842105263158,0.9649122807017544,0.10960220545530319,0.17393404245376587,0.016012916439457903,0.029430437506290867,0.08356214314699173,0.9732849597930908,,,,,,,,
breastcancer,0.0,Baseline-Half,7,17,0.9670329689979553,35.51098909974098,0.03296703100204468,1.0,0.9670329689979553,38,0.9824561403508771,0.9736842105263158,0.06227925792336464,0.058417659252882004,0.023378833344108174,0.02063404834061342,0.09250666946172714,0.9702997207641602,,,,,,,,
breastcancer,0.2,Baseline-Half,7,17,0.9670329689979553,35.51098909974098,0.03296703100204468,1.0,0.9670329689979553,38,0.9824561403508771,0.9736842105263158,0.06227925792336464,0.058417659252882004,0.023378833344108174,0.02063404834061342,0.09250666946172714,0.9702997207641602,,,,,,,,
breastcancer,0.4,Baseline-Half,7,17,0.9670329689979553,35.51098909974098,0.03296703100204468,1.0,0.9670329689979553,38,0.9824561403508771,0.9736842105263158,0.06227925792336464,0.058417659252882004,0.023378833344108174,0.02063404834061342,0.09250666946172714,0.9702997207641602,,,,,,,,
breastcancer,0.6,Baseline-Half,7,17,0.9670329689979553,35.51098909974098,0.03296703100204468,1.0,0.9670329689979553,38,0.9824561403508771,0.9736842105263158,0.06227925792336464,0.058417659252882004,0.023378833344108174,0.02063404834061342,0.09250666946172714,0.9702997207641602,,,,,,,,
breastcancer,0.8,Baseline-Half,7,17,0.9670329689979553,35.51098909974098,0.03296703100204468,1.0,0.9670329689979553,38,0.9824561403508771,0.9736842105263158,0.06227925792336464,0.058417659252882004,0.023378833344108174,0.02063404834061342,0.09250666946172714,0.9702997207641602,,,,,,,,
breastcancer,1.0,Baseline-Half,7,17,0.9670329689979553,35.51098909974098,0.03296703100204468,1.0,0.9670329689979553,38,0.9824561403508771,0.9736842105263158,0.06227925792336464,0.058417659252882004,0.023378833344108174,0.02063404834061342,0.09250666946172714,0.9702997207641602,,,,,,,,
breastcancer,0.0,Baseline-Half,8,21,0.9780219793319702,39.461538553237915,0.021978020668029785,1.0,0.9780219793319702,42,0.9824561403508771,0.9736842105263158,0.10692282021045685,0.14125128090381622,0.029475310915394824,0.020115791705616733,0.0682043731212616,0.9735493063926697,,,,,,,,
breastcancer,0.2,Baseline-Half,8,21,0.9780219793319702,39.461538553237915,0.021978020668029785,1.0,0.9780219793319702,42,0.9824561403508771,0.9736842105263158,0.10692282021045685,0.14125128090381622,0.029475310915394824,0.020115791705616733,0.0682043731212616,0.9735493063926697,,,,,,,,
breastcancer,0.4,Baseline-Half,8,21,0.9780219793319702,39.461538553237915,0.021978020668029785,1.0,0.9780219793319702,42,0.9824561403508771,0.9736842105263158,0.10692282021045685,0.14125128090381622,0.029475310915394824,0.020115791705616733,0.0682043731212616,0.9735493063926697,,,,,,,,
breastcancer,0.6,Baseline-Half,8,21,0.9780219793319702,39.461538553237915,0.021978020668029785,1.0,0.9780219793319702,42,0.9824561403508771,0.9736842105263158,0.10692282021045685,0.14125128090381622,0.029475310915394824,0.020115791705616733,0.0682043731212616,0.9735493063926697,,,,,,,,
breastcancer,0.8,Baseline-Half,8,21,0.9780219793319702,39.461538553237915,0.021978020668029785,1.0,0.9780219793319702,42,0.9824561403508771,0.9736842105263158,0.10692282021045685,0.14125128090381622,0.029475310915394824,0.020115791705616733,0.0682043731212616,0.9735493063926697,,,,,,,,
breastcancer,1.0,Baseline-Half,8,21,0.9780219793319702,39.461538553237915,0.021978020668029785,1.0,0.9780219793319702,42,0.9824561403508771,0.9736842105263158,0.10692282021045685,0.14125128090381622,0.029475310915394824,0.020115791705616733,0.0682043731212616,0.9735493063926697,,,,,,,,
breastcancer,0.0,Baseline-Half,9,28,0.9780219793319702,45.214285880327225,0.03296703100204468,1.0,0.9670329689979553,49,0.956140350877193,0.9385964912280702,0.13743872940540314,0.18285107612609863,0.02336492402511728,0.04458763568024883,0.06157418712973595,0.9753330945968628,,,,,,,,
breastcancer,0.2,Baseline-Half,9,28,0.9780219793319702,45.214285880327225,0.03296703100204468,1.0,0.9670329689979553,49,0.956140350877193,0.9385964912280702,0.13743872940540314,0.18285107612609863,0.02336492402511728,0.04458763568024883,0.06157418712973595,0.9753330945968628,,,,,,,,
breastcancer,0.4,Baseline-Half,9,28,0.9780219793319702,45.214285880327225,0.03296703100204468,1.0,0.9670329689979553,49,0.956140350877193,0.9385964912280702,0.13743872940540314,0.18285107612609863,0.02336492402511728,0.04458763568024883,0.06157418712973595,0.9753330945968628,,,,,,,,
breastcancer,0.6,Baseline-Half,9,28,0.9780219793319702,45.214285880327225,0.03296703100204468,1.0,0.9670329689979553,49,0.956140350877193,0.9385964912280702,0.13743872940540314,0.18285107612609863,0.02336492402511728,0.04458763568024883,0.06157418712973595,0.9753330945968628,,,,,,,,
breastcancer,0.8,Baseline-Half,9,28,0.9780219793319702,45.214285880327225,0.03296703100204468,1.0,0.9670329689979553,49,0.956140350877193,0.9385964912280702,0.13743872940540314,0.18285107612609863,0.02336492402511728,0.04458763568024883,0.06157418712973595,0.9753330945968628,,,,,,,,
breastcancer,1.0,Baseline-Half,9,28,0.9780219793319702,45.214285880327225,0.03296703100204468,1.0,0.9670329689979553,49,0.956140350877193,0.9385964912280702,0.13743872940540314,0.18285107612609863,0.02336492402511728,0.04458763568024883,0.06157418712973595,0.9753330945968628,,,,,,,,
breastcancer,0.0,Baseline-Half,10,13,0.9670329689979553,31.10989022254944,0.04395604133605957,1.0,0.9560439586639404,34,0.9649122807017544,0.9736842105263158,0.11737982928752899,0.14226827025413513,0.023859836030424703,0.03821782061928197,0.10444216430187225,0.9610787630081177,,,,,,,,
breastcancer,0.2,Baseline-Half,10,13,0.9670329689979553,31.10989022254944,0.04395604133605957,1.0,0.9560439586639404,34,0.9649122807017544,0.9736842105263158,0.11737982928752899,0.14226827025413513,0.023859836030424703,0.03821782061928197,0.10444216430187225,0.9610787630081177,,,,,,,,
breastcancer,0.4,Baseline-Half,10,13,0.9670329689979553,31.10989022254944,0.04395604133605957,1.0,0.9560439586639404,34,0.9649122807017544,0.9736842105263158,0.11737982928752899,0.14226827025413513,0.023859836030424703,0.03821782061928197,0.10444216430187225,0.9610787630081177,,,,,,,,
breastcancer,0.6,Baseline-Half,10,13,0.9670329689979553,31.10989022254944,0.04395604133605957,1.0,0.9560439586639404,34,0.9649122807017544,0.9736842105263158,0.11737982928752899,0.14226827025413513,0.023859836030424703,0.03821782061928197,0.10444216430187225,0.9610787630081177,,,,,,,,
breastcancer,0.8,Baseline-Half,10,13,0.9670329689979553,31.10989022254944,0.04395604133605957,1.0,0.9560439586639404,34,0.9649122807017544,0.9736842105263158,0.11737982928752899,0.14226827025413513,0.023859836030424703,0.03821782061928197,0.10444216430187225,0.9610787630081177,,,,,,,,
breastcancer,1.0,Baseline-Half,10,13,0.9670329689979553,31.10989022254944,0.04395604133605957,1.0,0.9560439586639404,34,0.9649122807017544,0.9736842105263158,0.11737982928752899,0.14226827025413513,0.023859836030424703,0.03821782061928197,0.10444216430187225,0.9610787630081177,,,,,,,,
breastcancer,0.0,Baseline-Half,11,23,0.9780219793319702,41.34065943956375,0.027472525507539203,0.9945054945054945,0.9670329689979553,44,0.9736842105263158,0.9649122807017544,0.09163884073495865,0.09760747104883194,0.029713445065314276,0.02863003339683797,0.10063827037811279,0.9618896842002869,,,,,,,,
breastcancer,0.2,Baseline-Half,11,23,0.9780219793319702,41.34065943956375,0.027472525507539203,0.9945054945054945,0.9670329689979553,44,0.9736842105263158,0.9649122807017544,0.09163884073495865,0.09760747104883194,0.029713445065314276,0.02863003339683797,0.10063827037811279,0.9618896842002869,,,,,,,,
breastcancer,0.4,Baseline-Half,11,23,0.9780219793319702,41.34065943956375,0.027472525507539203,0.9945054945054945,0.9670329689979553,44,0.9736842105263158,0.9649122807017544,0.09163884073495865,0.09760747104883194,0.029713445065314276,0.02863003339683797,0.10063827037811279,0.9618896842002869,,,,,,,,
breastcancer,0.6,Baseline-Half,11,23,0.9780219793319702,41.34065943956375,0.027472525507539203,0.9945054945054945,0.9670329689979553,44,0.9736842105263158,0.9649122807017544,0.09163884073495865,0.09760747104883194,0.029713445065314276,0.02863003339683797,0.10063827037811279,0.9618896842002869,,,,,,,,
breastcancer,0.8,Baseline-Half,11,23,0.9780219793319702,41.34065943956375,0.027472525507539203,0.9945054945054945,0.9670329689979553,44,0.9736842105263158,0.9649122807017544,0.09163884073495865,0.09760747104883194,0.029713445065314276,0.02863003339683797,0.10063827037811279,0.9618896842002869,,,,,,,,
breastcancer,1.0,Baseline-Half,11,23,0.9780219793319702,41.34065943956375,0.027472525507539203,0.9945054945054945,0.9670329689979553,44,0.9736842105263158,0.9649122807017544,0.09163884073495865,0.09760747104883194,0.029713445065314276,0.02863003339683797,0.10063827037811279,0.9618896842002869,,,,,,,,
breastcancer,0.0,Baseline-Half,12,25,0.9780219793319702,43.40659350156784,0.010989010334014893,1.0,0.9890109896659851,46,0.9736842105263158,0.9824561403508771,0.06109938770532608,0.05104749649763107,0.025251681867398717,0.01977786474060594,0.09120691567659378,0.9667789936065674,,,,,,,,
breastcancer,0.2,Baseline-Half,12,25,0.9780219793319702,43.40659350156784,0.010989010334014893,1.0,0.9890109896659851,46,0.9736842105263158,0.9824561403508771,0.06109938770532608,0.05104749649763107,0.025251681867398717,0.01977786474060594,0.09120691567659378,0.9667789936065674,,,,,,,,
breastcancer,0.4,Baseline-Half,12,25,0.9780219793319702,43.40659350156784,0.010989010334014893,1.0,0.9890109896659851,46,0.9736842105263158,0.9824561403508771,0.06109938770532608,0.05104749649763107,0.025251681867398717,0.01977786474060594,0.09120691567659378,0.9667789936065674,,,,,,,,
breastcancer,0.6,Baseline-Half,12,25,0.9780219793319702,43.40659350156784,0.010989010334014893,1.0,0.9890109896659851,46,0.9736842105263158,0.9824561403508771,0.06109938770532608,0.05104749649763107,0.025251681867398717,0.01977786474060594,0.09120691567659378,0.9667789936065674,,,,,,,,
breastcancer,0.8,Baseline-Half,12,25,0.9780219793319702,43.40659350156784,0.010989010334014893,1.0,0.9890109896659851,46,0.9736842105263158,0.9824561403508771,0.06109938770532608,0.05104749649763107,0.025251681867398717,0.01977786474060594,0.09120691567659378,0.9667789936065674,,,,,,,,
breastcancer,1.0,Baseline-Half,12,25,0.9780219793319702,43.40659350156784,0.010989010334014893,1.0,0.9890109896659851,46,0.9736842105263158,0.9824561403508771,0.06109938770532608,0.05104749649763107,0.025251681867398717,0.01977786474060594,0.09120691567659378,0.9667789936065674,,,,,,,,
breastcancer,0.0,Baseline-Half,13,56,0.9890109896659851,74.45604404807091,0.010989010334014893,1.0,0.9890109896659851,77,1.0,1.0,0.005083315074443817,0.004323287401348352,0.004814336174412777,0.0040824742693650095,0.016762711107730865,0.9951856732368469,,,,,,,,
breastcancer,0.2,Baseline-Half,13,56,0.9890109896659851,74.45604404807091,0.010989010334014893,1.0,0.9890109896659851,77,1.0,1.0,0.005083315074443817,0.004323287401348352,0.004814336174412777,0.0040824742693650095,0.016762711107730865,0.9951856732368469,,,,,,,,
breastcancer,0.4,Baseline-Half,13,56,0.9890109896659851,74.45604404807091,0.010989010334014893,1.0,0.9890109896659851,77,1.0,1.0,0.005083315074443817,0.004323287401348352,0.004814336174412777,0.0040824742693650095,0.016762711107730865,0.9951856732368469,,,,,,,,
breastcancer,0.6,Baseline-Half,13,56,0.9890109896659851,74.45604404807091,0.010989010334014893,1.0,0.9890109896659851,77,1.0,1.0,0.005083315074443817,0.004323287401348352,0.004814336174412777,0.0040824742693650095,0.016762711107730865,0.9951856732368469,,,,,,,,
breastcancer,0.8,Baseline-Half,13,56,0.9890109896659851,74.45604404807091,0.010989010334014893,1.0,0.9890109896659851,77,1.0,1.0,0.005083315074443817,0.004323287401348352,0.004814336174412777,0.0040824742693650095,0.016762711107730865,0.9951856732368469,,,,,,,,
breastcancer,1.0,Baseline-Half,13,56,0.9890109896659851,74.45604404807091,0.010989010334014893,1.0,0.9890109896659851,77,1.0,1.0,0.005083315074443817,0.004323287401348352,0.004814336174412777,0.0040824742693650095,0.016762711107730865,0.9951856732368469,,,,,,,,
breastcancer,0.0,Baseline-Half,14,24,0.9670329689979553,42.587912172079086,0.021978020668029785,1.0,0.9780219793319702,45,0.956140350877193,0.956140350877193,0.1271161139011383,0.17807148396968842,0.025569496447579894,0.04319467983747787,0.08383136242628098,0.966594934463501,,,,,,,,
breastcancer,0.2,Baseline-Half,14,24,0.9670329689979553,42.587912172079086,0.021978020668029785,1.0,0.9780219793319702,45,0.956140350877193,0.956140350877193,0.1271161139011383,0.17807148396968842,0.025569496447579894,0.04319467983747787,0.08383136242628098,0.966594934463501,,,,,,,,
breastcancer,0.4,Baseline-Half,14,24,0.9670329689979553,42.587912172079086,0.021978020668029785,1.0,0.9780219793319702,45,0.956140350877193,0.956140350877193,0.1271161139011383,0.17807148396968842,0.025569496447579894,0.04319467983747787,0.08383136242628098,0.966594934463501,,,,,,,,
breastcancer,0.6,Baseline-Half,14,24,0.9670329689979553,42.587912172079086,0.021978020668029785,1.0,0.9780219793319702,45,0.956140350877193,0.956140350877193,0.1271161139011383,0.17807148396968842,0.025569496447579894,0.04319467983747787,0.08383136242628098,0.966594934463501,,,,,,,,
breastcancer,0.8,Baseline-Half,14,24,0.9670329689979553,42.587912172079086,0.021978020668029785,1.0,0.9780219793319702,45,0.956140350877193,0.956140350877193,0.1271161139011383,0.17807148396968842,0.025569496447579894,0.04319467983747787,0.08383136242628098,0.966594934463501,,,,,,,,
breastcancer,1.0,Baseline-Half,14,24,0.9670329689979553,42.587912172079086,0.021978020668029785,1.0,0.9780219793319702,45,0.956140350877193,0.956140350877193,0.1271161139011383,0.17807148396968842,0.025569496447579894,0.04319467983747787,0.08383136242628098,0.966594934463501,,,,,,,,
breastcancer,0.0,Baseline-Half,15,16,0.9560439586639404,34.06043967604637,0.038461535841554095,0.9945054945054945,0.9560439586639404,37,0.956140350877193,0.956140350877193,0.09954454004764557,0.10907494276762009,0.04368849752242105,0.020973877948627102,0.12276878207921982,0.9529220461845398,,,,,,,,
breastcancer,0.2,Baseline-Half,15,16,0.9560439586639404,34.06043967604637,0.038461535841554095,0.9945054945054945,0.9560439586639404,37,0.956140350877193,0.956140350877193,0.09954454004764557,0.10907494276762009,0.04368849752242105,0.020973877948627102,0.12276878207921982,0.9529220461845398,,,,,,,,
breastcancer,0.4,Baseline-Half,15,16,0.9560439586639404,34.06043967604637,0.038461535841554095,0.9945054945054945,0.9560439586639404,37,0.956140350877193,0.956140350877193,0.09954454004764557,0.10907494276762009,0.04368849752242105,0.020973877948627102,0.12276878207921982,0.9529220461845398,,,,,,,,
breastcancer,0.6,Baseline-Half,15,16,0.9560439586639404,34.06043967604637,0.038461535841554095,0.9945054945054945,0.9560439586639404,37,0.956140350877193,0.956140350877193,0.09954454004764557,0.10907494276762009,0.04368849752242105,0.020973877948627102,0.12276878207921982,0.9529220461845398,,,,,,,,
breastcancer,0.8,Baseline-Half,15,16,0.9560439586639404,34.06043967604637,0.038461535841554095,0.9945054945054945,0.9560439586639404,37,0.956140350877193,0.956140350877193,0.09954454004764557,0.10907494276762009,0.04368849752242105,0.020973877948627102,0.12276878207921982,0.9529220461845398,,,,,,,,
breastcancer,1.0,Baseline-Half,15,16,0.9560439586639404,34.06043967604637,0.038461535841554095,0.9945054945054945,0.9560439586639404,37,0.956140350877193,0.956140350877193,0.09954454004764557,0.10907494276762009,0.04368849752242105,0.020973877948627102,0.12276878207921982,0.9529220461845398,,,,,,,,
breastcancer,0.0,Baseline-Half,16,75,1.0,94.17582422494888,0.0,1.0,1.0,96,0.9473684210526315,0.9473684210526315,0.23854513466358185,0.26539748907089233,0.048170891247297586,0.044900352494758475,0.029702790081501007,0.9899383187294006,,,,,,,,
breastcancer,0.2,Baseline-Half,16,75,1.0,94.17582422494888,0.0,1.0,1.0,96,0.9473684210526315,0.9473684210526315,0.23854513466358185,0.26539748907089233,0.048170891247297586,0.044900352494758475,0.029702790081501007,0.9899383187294006,,,,,,,,
breastcancer,0.4,Baseline-Half,16,75,1.0,94.17582422494888,0.0,1.0,1.0,96,0.9473684210526315,0.9473684210526315,0.23854513466358185,0.26539748907089233,0.048170891247297586,0.044900352494758475,0.029702790081501007,0.9899383187294006,,,,,,,,
breastcancer,0.6,Baseline-Half,16,75,1.0,94.17582422494888,0.0,1.0,1.0,96,0.9473684210526315,0.9473684210526315,0.23854513466358185,0.26539748907089233,0.048170891247297586,0.044900352494758475,0.029702790081501007,0.9899383187294006,,,,,,,,
breastcancer,0.8,Baseline-Half,16,75,1.0,94.17582422494888,0.0,1.0,1.0,96,0.9473684210526315,0.9473684210526315,0.23854513466358185,0.26539748907089233,0.048170891247297586,0.044900352494758475,0.029702790081501007,0.9899383187294006,,,,,,,,
breastcancer,1.0,Baseline-Half,16,75,1.0,94.17582422494888,0.0,1.0,1.0,96,0.9473684210526315,0.9473684210526315,0.23854513466358185,0.26539748907089233,0.048170891247297586,0.044900352494758475,0.029702790081501007,0.9899383187294006,,,,,,,,
breastcancer,0.0,Baseline-Half,17,31,0.9890109896659851,49.9670330286026,0.010989010334014893,1.0,0.9890109896659851,52,0.956140350877193,0.9649122807017544,0.08716718852519989,0.0921710729598999,0.035949131375864925,0.024294300560365613,0.07128004729747772,0.9731167554855347,,,,,,,,
breastcancer,0.2,Baseline-Half,17,31,0.9890109896659851,49.9670330286026,0.010989010334014893,1.0,0.9890109896659851,52,0.956140350877193,0.9649122807017544,0.08716718852519989,0.0921710729598999,0.035949131375864925,0.024294300560365613,0.07128004729747772,0.9731167554855347,,,,,,,,
breastcancer,0.4,Baseline-Half,17,31,0.9890109896659851,49.9670330286026,0.010989010334014893,1.0,0.9890109896659851,52,0.956140350877193,0.9649122807017544,0.08716718852519989,0.0921710729598999,0.035949131375864925,0.024294300560365613,0.07128004729747772,0.9731167554855347,,,,,,,,
breastcancer,0.6,Baseline-Half,17,31,0.9890109896659851,49.9670330286026,0.010989010334014893,1.0,0.9890109896659851,52,0.956140350877193,0.9649122807017544,0.08716718852519989,0.0921710729598999,0.035949131375864925,0.024294300560365613,0.07128004729747772,0.9731167554855347,,,,,,,,
breastcancer,0.8,Baseline-Half,17,31,0.9890109896659851,49.9670330286026,0.010989010334014893,1.0,0.9890109896659851,52,0.956140350877193,0.9649122807017544,0.08716718852519989,0.0921710729598999,0.035949131375864925,0.024294300560365613,0.07128004729747772,0.9731167554855347,,,,,,,,
breastcancer,1.0,Baseline-Half,17,31,0.9890109896659851,49.9670330286026,0.010989010334014893,1.0,0.9890109896659851,52,0.956140350877193,0.9649122807017544,0.08716718852519989,0.0921710729598999,0.035949131375864925,0.024294300560365613,0.07128004729747772,0.9731167554855347,,,,,,,,
breastcancer,0.0,Baseline-Half,18,24,0.9670329689979553,42.17032977938652,0.027472525507539203,0.9945054945054945,0.9670329689979553,45,0.9649122807017544,0.9736842105263158,0.08406835794448853,0.09424102306365967,0.025708023393363293,0.03249469504021762,0.08916626125574112,0.9660430550575256,,,,,,,,
breastcancer,0.2,Baseline-Half,18,24,0.9670329689979553,42.17032977938652,0.027472525507539203,0.9945054945054945,0.9670329689979553,45,0.9649122807017544,0.9736842105263158,0.08406835794448853,0.09424102306365967,0.025708023393363293,0.03249469504021762,0.08916626125574112,0.9660430550575256,,,,,,,,
breastcancer,0.4,Baseline-Half,18,24,0.9670329689979553,42.17032977938652,0.027472525507539203,0.9945054945054945,0.9670329689979553,45,0.9649122807017544,0.9736842105263158,0.08406835794448853,0.09424102306365967,0.025708023393363293,0.03249469504021762,0.08916626125574112,0.9660430550575256,,,,,,,,
breastcancer,0.6,Baseline-Half,18,24,0.9670329689979553,42.17032977938652,0.027472525507539203,0.9945054945054945,0.9670329689979553,45,0.9649122807017544,0.9736842105263158,0.08406835794448853,0.09424102306365967,0.025708023393363293,0.03249469504021762,0.08916626125574112,0.9660430550575256,,,,,,,,
breastcancer,0.8,Baseline-Half,18,24,0.9670329689979553,42.17032977938652,0.027472525507539203,0.9945054945054945,0.9670329689979553,45,0.9649122807017544,0.9736842105263158,0.08406835794448853,0.09424102306365967,0.025708023393363293,0.03249469504021762,0.08916626125574112,0.9660430550575256,,,,,,,,
breastcancer,1.0,Baseline-Half,18,24,0.9670329689979553,42.17032977938652,0.027472525507539203,0.9945054945054945,0.9670329689979553,45,0.9649122807017544,0.9736842105263158,0.08406835794448853,0.09424102306365967,0.025708023393363293,0.03249469504021762,0.08916626125574112,0.9660430550575256,,,,,,,,
breastcancer,0.0,Baseline-Half,19,30,0.9890109896659851,48.912087976932526,0.010989010334014893,1.0,0.9890109896659851,51,0.9649122807017544,0.9649122807017544,0.08708526194095612,0.09896575659513474,0.027332658830441888,0.028219721819225108,0.07755479961633682,0.9747783541679382,,,,,,,,
breastcancer,0.2,Baseline-Half,19,30,0.9890109896659851,48.912087976932526,0.010989010334014893,1.0,0.9890109896659851,51,0.9649122807017544,0.9649122807017544,0.08708526194095612,0.09896575659513474,0.027332658830441888,0.028219721819225108,0.07755479961633682,0.9747783541679382,,,,,,,,
breastcancer,0.4,Baseline-Half,19,30,0.9890109896659851,48.912087976932526,0.010989010334014893,1.0,0.9890109896659851,51,0.9649122807017544,0.9649122807017544,0.08708526194095612,0.09896575659513474,0.027332658830441888,0.028219721819225108,0.07755479961633682,0.9747783541679382,,,,,,,,
breastcancer,0.6,Baseline-Half,19,30,0.9890109896659851,48.912087976932526,0.010989010334014893,1.0,0.9890109896659851,51,0.9649122807017544,0.9649122807017544,0.08708526194095612,0.09896575659513474,0.027332658830441888,0.028219721819225108,0.07755479961633682,0.9747783541679382,,,,,,,,
breastcancer,0.8,Baseline-Half,19,30,0.9890109896659851,48.912087976932526,0.010989010334014893,1.0,0.9890109896659851,51,0.9649122807017544,0.9649122807017544,0.08708526194095612,0.09896575659513474,0.027332658830441888,0.028219721819225108,0.07755479961633682,0.9747783541679382,,,,,,,,
breastcancer,1.0,Baseline-Half,19,30,0.9890109896659851,48.912087976932526,0.010989010334014893,1.0,0.9890109896659851,51,0.9649122807017544,0.9649122807017544,0.08708526194095612,0.09896575659513474,0.027332658830441888,0.028219721819225108,0.07755479961633682,0.9747783541679382,,,,,,,,
breastcancer,0.0,Baseline-LS,0,10,0.9780219793319702,28.593406677246094,0.04395604068106351,0.989010989010989,0.9450549483299255,31,0.9736842105263158,0.956140350877193,0.132446750998497,0.13310454785823822,0.0945604009586468,0.07854846381304557,0.2856619358062744,0.8918463587760925,,,,,,,,
breastcancer,0.2,Baseline-LS,0,10,0.9780219793319702,28.593406677246094,0.04395604068106351,0.989010989010989,0.9450549483299255,31,0.9736842105263158,0.956140350877193,0.132446750998497,0.13310454785823822,0.0945604009586468,0.07854846381304557,0.2856619358062744,0.8918463587760925,,,,,,,,
breastcancer,0.4,Baseline-LS,0,10,0.9780219793319702,28.593406677246094,0.04395604068106351,0.989010989010989,0.9450549483299255,31,0.9736842105263158,0.956140350877193,0.132446750998497,0.13310454785823822,0.0945604009586468,0.07854846381304557,0.2856619358062744,0.8918463587760925,,,,,,,,
breastcancer,0.6,Baseline-LS,0,10,0.9780219793319702,28.593406677246094,0.04395604068106351,0.989010989010989,0.9450549483299255,31,0.9736842105263158,0.956140350877193,0.132446750998497,0.13310454785823822,0.0945604009586468,0.07854846381304557,0.2856619358062744,0.8918463587760925,,,,,,,,
breastcancer,0.8,Baseline-LS,0,10,0.9780219793319702,28.593406677246094,0.04395604068106351,0.989010989010989,0.9450549483299255,31,0.9736842105263158,0.956140350877193,0.132446750998497,0.13310454785823822,0.0945604009586468,0.07854846381304557,0.2856619358062744,0.8918463587760925,,,,,,,,
breastcancer,1.0,Baseline-LS,0,10,0.9780219793319702,28.593406677246094,0.04395604068106351,0.989010989010989,0.9450549483299255,31,0.9736842105263158,0.956140350877193,0.132446750998497,0.13310454785823822,0.0945604009586468,0.07854846381304557,0.2856619358062744,0.8918463587760925,,,,,,,,
breastcancer,0.0,Baseline-LS,1,101,0.9890109896659851,118.64835178852081,0.010989010334014893,1.0,0.9890109896659851,122,0.9824561403508771,0.9824561403508771,0.104408860206604,0.10454124212265015,0.0494807864490308,0.05177684677274605,0.22704465687274933,0.9329753518104553,,,,,,,,
breastcancer,0.2,Baseline-LS,1,101,0.9890109896659851,118.64835178852081,0.010989010334014893,1.0,0.9890109896659851,122,0.9824561403508771,0.9824561403508771,0.104408860206604,0.10454124212265015,0.0494807864490308,0.05177684677274605,0.22704465687274933,0.9329753518104553,,,,,,,,
breastcancer,0.4,Baseline-LS,1,101,0.9890109896659851,118.64835178852081,0.010989010334014893,1.0,0.9890109896659851,122,0.9824561403508771,0.9824561403508771,0.104408860206604,0.10454124212265015,0.0494807864490308,0.05177684677274605,0.22704465687274933,0.9329753518104553,,,,,,,,
breastcancer,0.6,Baseline-LS,1,101,0.9890109896659851,118.64835178852081,0.010989010334014893,1.0,0.9890109896659851,122,0.9824561403508771,0.9824561403508771,0.104408860206604,0.10454124212265015,0.0494807864490308,0.05177684677274605,0.22704465687274933,0.9329753518104553,,,,,,,,
breastcancer,0.8,Baseline-LS,1,101,0.9890109896659851,118.64835178852081,0.010989010334014893,1.0,0.9890109896659851,122,0.9824561403508771,0.9824561403508771,0.104408860206604,0.10454124212265015,0.0494807864490308,0.05177684677274605,0.22704465687274933,0.9329753518104553,,,,,,,,
breastcancer,1.0,Baseline-LS,1,101,0.9890109896659851,118.64835178852081,0.010989010334014893,1.0,0.9890109896659851,122,0.9824561403508771,0.9824561403508771,0.104408860206604,0.10454124212265015,0.0494807864490308,0.05177684677274605,0.22704465687274933,0.9329753518104553,,,,,,,,
breastcancer,0.0,Baseline-LS,2,86,0.9560439586639404,100.40109923481941,0.04395604133605957,1.0,0.9560439586639404,107,0.956140350877193,0.956140350877193,0.1210203468799591,0.12521283328533173,0.08123506265774108,0.08260577969383776,0.23725715279579163,0.9245808124542236,,,,,,,,
breastcancer,0.2,Baseline-LS,2,86,0.9560439586639404,100.40109923481941,0.04395604133605957,1.0,0.9560439586639404,107,0.956140350877193,0.956140350877193,0.1210203468799591,0.12521283328533173,0.08123506265774108,0.08260577969383776,0.23725715279579163,0.9245808124542236,,,,,,,,
breastcancer,0.4,Baseline-LS,2,86,0.9560439586639404,100.40109923481941,0.04395604133605957,1.0,0.9560439586639404,107,0.956140350877193,0.956140350877193,0.1210203468799591,0.12521283328533173,0.08123506265774108,0.08260577969383776,0.23725715279579163,0.9245808124542236,,,,,,,,
breastcancer,0.6,Baseline-LS,2,86,0.9560439586639404,100.40109923481941,0.04395604133605957,1.0,0.9560439586639404,107,0.956140350877193,0.956140350877193,0.1210203468799591,0.12521283328533173,0.08123506265774108,0.08260577969383776,0.23725715279579163,0.9245808124542236,,,,,,,,
breastcancer,0.8,Baseline-LS,2,86,0.9560439586639404,100.40109923481941,0.04395604133605957,1.0,0.9560439586639404,107,0.956140350877193,0.956140350877193,0.1210203468799591,0.12521283328533173,0.08123506265774108,0.08260577969383776,0.23725715279579163,0.9245808124542236,,,,,,,,
breastcancer,1.0,Baseline-LS,2,86,0.9560439586639404,100.40109923481941,0.04395604133605957,1.0,0.9560439586639404,107,0.956140350877193,0.956140350877193,0.1210203468799591,0.12521283328533173,0.08123506265774108,0.08260577969383776,0.23725715279579163,0.9245808124542236,,,,,,,,
breastcancer,0.0,Baseline-LS,3,19,0.9780219793319702,37.27472537755966,0.04395604133605957,1.0,0.9560439586639404,40,0.9736842105263158,0.9736842105263158,0.14325621724128723,0.12719491124153137,0.08725948291912414,0.07778460205646982,0.28846803307533264,0.8897534608840942,,,,,,,,
breastcancer,0.2,Baseline-LS,3,19,0.9780219793319702,37.27472537755966,0.04395604133605957,1.0,0.9560439586639404,40,0.9736842105263158,0.9736842105263158,0.14325621724128723,0.12719491124153137,0.08725948291912414,0.07778460205646982,0.28846803307533264,0.8897534608840942,,,,,,,,
breastcancer,0.4,Baseline-LS,3,19,0.9780219793319702,37.27472537755966,0.04395604133605957,1.0,0.9560439586639404,40,0.9736842105263158,0.9736842105263158,0.14325621724128723,0.12719491124153137,0.08725948291912414,0.07778460205646982,0.28846803307533264,0.8897534608840942,,,,,,,,
breastcancer,0.6,Baseline-LS,3,19,0.9780219793319702,37.27472537755966,0.04395604133605957,1.0,0.9560439586639404,40,0.9736842105263158,0.9736842105263158,0.14325621724128723,0.12719491124153137,0.08725948291912414,0.07778460205646982,0.28846803307533264,0.8897534608840942,,,,,,,,
breastcancer,0.8,Baseline-LS,3,19,0.9780219793319702,37.27472537755966,0.04395604133605957,1.0,0.9560439586639404,40,0.9736842105263158,0.9736842105263158,0.14325621724128723,0.12719491124153137,0.08725948291912414,0.07778460205646982,0.28846803307533264,0.8897534608840942,,,,,,,,
breastcancer,1.0,Baseline-LS,3,19,0.9780219793319702,37.27472537755966,0.04395604133605957,1.0,0.9560439586639404,40,0.9736842105263158,0.9736842105263158,0.14325621724128723,0.12719491124153137,0.08725948291912414,0.07778460205646982,0.28846803307533264,0.8897534608840942,,,,,,,,
breastcancer,0.0,Baseline-LS,4,77,0.9560439586639404,92.06593436002731,0.04395604133605957,1.0,0.9560439586639404,98,0.956140350877193,0.956140350877193,0.15194302797317505,0.1515863537788391,0.04998184871255303,0.04914703860617518,0.22826457023620605,0.9287460446357727,,,,,,,,
breastcancer,0.2,Baseline-LS,4,77,0.9560439586639404,92.06593436002731,0.04395604133605957,1.0,0.9560439586639404,98,0.956140350877193,0.956140350877193,0.15194302797317505,0.1515863537788391,0.04998184871255303,0.04914703860617518,0.22826457023620605,0.9287460446357727,,,,,,,,
breastcancer,0.4,Baseline-LS,4,77,0.9560439586639404,92.06593436002731,0.04395604133605957,1.0,0.9560439586639404,98,0.956140350877193,0.956140350877193,0.15194302797317505,0.1515863537788391,0.04998184871255303,0.04914703860617518,0.22826457023620605,0.9287460446357727,,,,,,,,
breastcancer,0.6,Baseline-LS,4,77,0.9560439586639404,92.06593436002731,0.04395604133605957,1.0,0.9560439586639404,98,0.956140350877193,0.956140350877193,0.15194302797317505,0.1515863537788391,0.04998184871255303,0.04914703860617518,0.22826457023620605,0.9287460446357727,,,,,,,,
breastcancer,0.8,Baseline-LS,4,77,0.9560439586639404,92.06593436002731,0.04395604133605957,1.0,0.9560439586639404,98,0.956140350877193,0.956140350877193,0.15194302797317505,0.1515863537788391,0.04998184871255303,0.04914703860617518,0.22826457023620605,0.9287460446357727,,,,,,,,
breastcancer,1.0,Baseline-LS,4,77,0.9560439586639404,92.06593436002731,0.04395604133605957,1.0,0.9560439586639404,98,0.956140350877193,0.956140350877193,0.15194302797317505,0.1515863537788391,0.04998184871255303,0.04914703860617518,0.22826457023620605,0.9287460446357727,,,,,,,,
breastcancer,0.0,Baseline-LS,5,57,1.0,75.64285722374916,0.010989010334014893,1.0,0.9890109896659851,78,0.956140350877193,0.956140350877193,0.15917640924453735,0.16081076860427856,0.06145816570834109,0.05302609006563822,0.25400403141975403,0.9075905084609985,,,,,,,,
breastcancer,0.2,Baseline-LS,5,57,1.0,75.64285722374916,0.010989010334014893,1.0,0.9890109896659851,78,0.956140350877193,0.956140350877193,0.15917640924453735,0.16081076860427856,0.06145816570834109,0.05302609006563822,0.25400403141975403,0.9075905084609985,,,,,,,,
breastcancer,0.4,Baseline-LS,5,57,1.0,75.64285722374916,0.010989010334014893,1.0,0.9890109896659851,78,0.956140350877193,0.956140350877193,0.15917640924453735,0.16081076860427856,0.06145816570834109,0.05302609006563822,0.25400403141975403,0.9075905084609985,,,,,,,,
breastcancer,0.6,Baseline-LS,5,57,1.0,75.64285722374916,0.010989010334014893,1.0,0.9890109896659851,78,0.956140350877193,0.956140350877193,0.15917640924453735,0.16081076860427856,0.06145816570834109,0.05302609006563822,0.25400403141975403,0.9075905084609985,,,,,,,,
breastcancer,0.8,Baseline-LS,5,57,1.0,75.64285722374916,0.010989010334014893,1.0,0.9890109896659851,78,0.956140350877193,0.956140350877193,0.15917640924453735,0.16081076860427856,0.06145816570834109,0.05302609006563822,0.25400403141975403,0.9075905084609985,,,,,,,,
breastcancer,1.0,Baseline-LS,5,57,1.0,75.64285722374916,0.010989010334014893,1.0,0.9890109896659851,78,0.956140350877193,0.956140350877193,0.15917640924453735,0.16081076860427856,0.06145816570834109,0.05302609006563822,0.25400403141975403,0.9075905084609985,,,,,,,,
breastcancer,0.0,Baseline-LS,6,42,0.9780219793319702,60.02197813987732,0.021978020668029785,1.0,0.9780219793319702,63,0.9473684210526315,0.9649122807017544,0.14144283533096313,0.13075067102909088,0.07325334350268045,0.06282949970479597,0.27545949816703796,0.9015079736709595,,,,,,,,
breastcancer,0.2,Baseline-LS,6,42,0.9780219793319702,60.02197813987732,0.021978020668029785,1.0,0.9780219793319702,63,0.9473684210526315,0.9649122807017544,0.14144283533096313,0.13075067102909088,0.07325334350268045,0.06282949970479597,0.27545949816703796,0.9015079736709595,,,,,,,,
breastcancer,0.4,Baseline-LS,6,42,0.9780219793319702,60.02197813987732,0.021978020668029785,1.0,0.9780219793319702,63,0.9473684210526315,0.9649122807017544,0.14144283533096313,0.13075067102909088,0.07325334350268045,0.06282949970479597,0.27545949816703796,0.9015079736709595,,,,,,,,
breastcancer,0.6,Baseline-LS,6,42,0.9780219793319702,60.02197813987732,0.021978020668029785,1.0,0.9780219793319702,63,0.9473684210526315,0.9649122807017544,0.14144283533096313,0.13075067102909088,0.07325334350268045,0.06282949970479597,0.27545949816703796,0.9015079736709595,,,,,,,,
breastcancer,0.8,Baseline-LS,6,42,0.9780219793319702,60.02197813987732,0.021978020668029785,1.0,0.9780219793319702,63,0.9473684210526315,0.9649122807017544,0.14144283533096313,0.13075067102909088,0.07325334350268045,0.06282949970479597,0.27545949816703796,0.9015079736709595,,,,,,,,
breastcancer,1.0,Baseline-LS,6,42,0.9780219793319702,60.02197813987732,0.021978020668029785,1.0,0.9780219793319702,63,0.9473684210526315,0.9649122807017544,0.14144283533096313,0.13075067102909088,0.07325334350268045,0.06282949970479597,0.27545949816703796,0.9015079736709595,,,,,,,,
breastcancer,0.0,Baseline-LS,7,10,0.9670329689979553,28.670329749584198,0.03296703034704862,0.989010989010989,0.9560439586639404,31,0.9824561403508771,0.9824561403508771,0.11907408386468887,0.09843601286411285,0.07547647074649208,0.05889736246644405,0.2528463900089264,0.9091362357139587,,,,,,,,
breastcancer,0.2,Baseline-LS,7,10,0.9670329689979553,28.670329749584198,0.03296703034704862,0.989010989010989,0.9560439586639404,31,0.9824561403508771,0.9824561403508771,0.11907408386468887,0.09843601286411285,0.07547647074649208,0.05889736246644405,0.2528463900089264,0.9091362357139587,,,,,,,,
breastcancer,0.4,Baseline-LS,7,10,0.9670329689979553,28.670329749584198,0.03296703034704862,0.989010989010989,0.9560439586639404,31,0.9824561403508771,0.9824561403508771,0.11907408386468887,0.09843601286411285,0.07547647074649208,0.05889736246644405,0.2528463900089264,0.9091362357139587,,,,,,,,
breastcancer,0.6,Baseline-LS,7,10,0.9670329689979553,28.670329749584198,0.03296703034704862,0.989010989010989,0.9560439586639404,31,0.9824561403508771,0.9824561403508771,0.11907408386468887,0.09843601286411285,0.07547647074649208,0.05889736246644405,0.2528463900089264,0.9091362357139587,,,,,,,,
breastcancer,0.8,Baseline-LS,7,10,0.9670329689979553,28.670329749584198,0.03296703034704862,0.989010989010989,0.9560439586639404,31,0.9824561403508771,0.9824561403508771,0.11907408386468887,0.09843601286411285,0.07547647074649208,0.05889736246644405,0.2528463900089264,0.9091362357139587,,,,,,,,
breastcancer,1.0,Baseline-LS,7,10,0.9670329689979553,28.670329749584198,0.03296703034704862,0.989010989010989,0.9560439586639404,31,0.9824561403508771,0.9824561403508771,0.11907408386468887,0.09843601286411285,0.07547647074649208,0.05889736246644405,0.2528463900089264,0.9091362357139587,,,,,,,,
breastcancer,0.0,Baseline-LS,8,46,0.9560439586639404,62.87362655997276,0.05494505167007446,1.0,0.9450549483299255,67,0.9649122807017544,0.9649122807017544,0.12494520843029022,0.1255335807800293,0.056970812772449655,0.05754089616892628,0.23897388577461243,0.9215329885482788,,,,,,,,
breastcancer,0.2,Baseline-LS,8,46,0.9560439586639404,62.87362655997276,0.05494505167007446,1.0,0.9450549483299255,67,0.9649122807017544,0.9649122807017544,0.12494520843029022,0.1255335807800293,0.056970812772449655,0.05754089616892628,0.23897388577461243,0.9215329885482788,,,,,,,,
breastcancer,0.4,Baseline-LS,8,46,0.9560439586639404,62.87362655997276,0.05494505167007446,1.0,0.9450549483299255,67,0.9649122807017544,0.9649122807017544,0.12494520843029022,0.1255335807800293,0.056970812772449655,0.05754089616892628,0.23897388577461243,0.9215329885482788,,,,,,,,
breastcancer,0.6,Baseline-LS,8,46,0.9560439586639404,62.87362655997276,0.05494505167007446,1.0,0.9450549483299255,67,0.9649122807017544,0.9649122807017544,0.12494520843029022,0.1255335807800293,0.056970812772449655,0.05754089616892628,0.23897388577461243,0.9215329885482788,,,,,,,,
breastcancer,0.8,Baseline-LS,8,46,0.9560439586639404,62.87362655997276,0.05494505167007446,1.0,0.9450549483299255,67,0.9649122807017544,0.9649122807017544,0.12494520843029022,0.1255335807800293,0.056970812772449655,0.05754089616892628,0.23897388577461243,0.9215329885482788,,,,,,,,
breastcancer,1.0,Baseline-LS,8,46,0.9560439586639404,62.87362655997276,0.05494505167007446,1.0,0.9450549483299255,67,0.9649122807017544,0.9649122807017544,0.12494520843029022,0.1255335807800293,0.056970812772449655,0.05754089616892628,0.23897388577461243,0.9215329885482788,,,,,,,,
breastcancer,0.0,Baseline-LS,9,108,0.9780219793319702,123.00000029802322,0.021978020668029785,1.0,0.9780219793319702,129,0.9298245614035088,0.9298245614035088,0.158259779214859,0.1623685210943222,0.07533954371485792,0.07655746319837736,0.23414430022239685,0.9279412627220154,,,,,,,,
breastcancer,0.2,Baseline-LS,9,108,0.9780219793319702,123.00000029802322,0.021978020668029785,1.0,0.9780219793319702,129,0.9298245614035088,0.9298245614035088,0.158259779214859,0.1623685210943222,0.07533954371485792,0.07655746319837736,0.23414430022239685,0.9279412627220154,,,,,,,,
breastcancer,0.4,Baseline-LS,9,108,0.9780219793319702,123.00000029802322,0.021978020668029785,1.0,0.9780219793319702,129,0.9298245614035088,0.9298245614035088,0.158259779214859,0.1623685210943222,0.07533954371485792,0.07655746319837736,0.23414430022239685,0.9279412627220154,,,,,,,,
breastcancer,0.6,Baseline-LS,9,108,0.9780219793319702,123.00000029802322,0.021978020668029785,1.0,0.9780219793319702,129,0.9298245614035088,0.9298245614035088,0.158259779214859,0.1623685210943222,0.07533954371485792,0.07655746319837736,0.23414430022239685,0.9279412627220154,,,,,,,,
breastcancer,0.8,Baseline-LS,9,108,0.9780219793319702,123.00000029802322,0.021978020668029785,1.0,0.9780219793319702,129,0.9298245614035088,0.9298245614035088,0.158259779214859,0.1623685210943222,0.07533954371485792,0.07655746319837736,0.23414430022239685,0.9279412627220154,,,,,,,,
breastcancer,1.0,Baseline-LS,9,108,0.9780219793319702,123.00000029802322,0.021978020668029785,1.0,0.9780219793319702,129,0.9298245614035088,0.9298245614035088,0.158259779214859,0.1623685210943222,0.07533954371485792,0.07655746319837736,0.23414430022239685,0.9279412627220154,,,,,,,,
breastcancer,0.0,Baseline-LS,10,10,0.9670329689979553,28.054945170879364,0.05494505167007446,1.0,0.9450549483299255,31,0.9736842105263158,0.9736842105263158,0.14878779649734497,0.1410975605249405,0.07164079839723153,0.06981553581722996,0.26544830203056335,0.9020434021949768,,,,,,,,
breastcancer,0.2,Baseline-LS,10,10,0.9670329689979553,28.054945170879364,0.05494505167007446,1.0,0.9450549483299255,31,0.9736842105263158,0.9736842105263158,0.14878779649734497,0.1410975605249405,0.07164079839723153,0.06981553581722996,0.26544830203056335,0.9020434021949768,,,,,,,,
breastcancer,0.4,Baseline-LS,10,10,0.9670329689979553,28.054945170879364,0.05494505167007446,1.0,0.9450549483299255,31,0.9736842105263158,0.9736842105263158,0.14878779649734497,0.1410975605249405,0.07164079839723153,0.06981553581722996,0.26544830203056335,0.9020434021949768,,,,,,,,
breastcancer,0.6,Baseline-LS,10,10,0.9670329689979553,28.054945170879364,0.05494505167007446,1.0,0.9450549483299255,31,0.9736842105263158,0.9736842105263158,0.14878779649734497,0.1410975605249405,0.07164079839723153,0.06981553581722996,0.26544830203056335,0.9020434021949768,,,,,,,,
breastcancer,0.8,Baseline-LS,10,10,0.9670329689979553,28.054945170879364,0.05494505167007446,1.0,0.9450549483299255,31,0.9736842105263158,0.9736842105263158,0.14878779649734497,0.1410975605249405,0.07164079839723153,0.06981553581722996,0.26544830203056335,0.9020434021949768,,,,,,,,
breastcancer,1.0,Baseline-LS,10,10,0.9670329689979553,28.054945170879364,0.05494505167007446,1.0,0.9450549483299255,31,0.9736842105263158,0.9736842105263158,0.14878779649734497,0.1410975605249405,0.07164079839723153,0.06981553581722996,0.26544830203056335,0.9020434021949768,,,,,,,,
breastcancer,0.0,Baseline-LS,11,66,0.9780219793319702,83.68681332468987,0.021978020668029785,1.0,0.9780219793319702,87,0.956140350877193,0.9649122807017544,0.13548648357391357,0.13328172266483307,0.07293658664352015,0.08632096857355352,0.27511605620384216,0.9047130942344666,,,,,,,,
breastcancer,0.2,Baseline-LS,11,66,0.9780219793319702,83.68681332468987,0.021978020668029785,1.0,0.9780219793319702,87,0.956140350877193,0.9649122807017544,0.13548648357391357,0.13328172266483307,0.07293658664352015,0.08632096857355352,0.27511605620384216,0.9047130942344666,,,,,,,,
breastcancer,0.4,Baseline-LS,11,66,0.9780219793319702,83.68681332468987,0.021978020668029785,1.0,0.9780219793319702,87,0.956140350877193,0.9649122807017544,0.13548648357391357,0.13328172266483307,0.07293658664352015,0.08632096857355352,0.27511605620384216,0.9047130942344666,,,,,,,,
breastcancer,0.6,Baseline-LS,11,66,0.9780219793319702,83.68681332468987,0.021978020668029785,1.0,0.9780219793319702,87,0.956140350877193,0.9649122807017544,0.13548648357391357,0.13328172266483307,0.07293658664352015,0.08632096857355352,0.27511605620384216,0.9047130942344666,,,,,,,,
breastcancer,0.8,Baseline-LS,11,66,0.9780219793319702,83.68681332468987,0.021978020668029785,1.0,0.9780219793319702,87,0.956140350877193,0.9649122807017544,0.13548648357391357,0.13328172266483307,0.07293658664352015,0.08632096857355352,0.27511605620384216,0.9047130942344666,,,,,,,,
breastcancer,1.0,Baseline-LS,11,66,0.9780219793319702,83.68681332468987,0.021978020668029785,1.0,0.9780219793319702,87,0.956140350877193,0.9649122807017544,0.13548648357391357,0.13328172266483307,0.07293658664352015,0.08632096857355352,0.27511605620384216,0.9047130942344666,,,,,,,,
breastcancer,0.0,Baseline-LS,12,245,0.9670329689979553,256.5714290738106,0.03296703100204468,1.0,0.9670329689979553,266,0.9649122807017544,0.9649122807017544,0.10707218945026398,0.10932198166847229,0.07743042080025923,0.07874290566695363,0.23335835337638855,0.9266082644462585,,,,,,,,
breastcancer,0.2,Baseline-LS,12,245,0.9670329689979553,256.5714290738106,0.03296703100204468,1.0,0.9670329689979553,266,0.9649122807017544,0.9649122807017544,0.10707218945026398,0.10932198166847229,0.07743042080025923,0.07874290566695363,0.23335835337638855,0.9266082644462585,,,,,,,,
breastcancer,0.4,Baseline-LS,12,245,0.9670329689979553,256.5714290738106,0.03296703100204468,1.0,0.9670329689979553,266,0.9649122807017544,0.9649122807017544,0.10707218945026398,0.10932198166847229,0.07743042080025923,0.07874290566695363,0.23335835337638855,0.9266082644462585,,,,,,,,
breastcancer,0.6,Baseline-LS,12,245,0.9670329689979553,256.5714290738106,0.03296703100204468,1.0,0.9670329689979553,266,0.9649122807017544,0.9649122807017544,0.10707218945026398,0.10932198166847229,0.07743042080025923,0.07874290566695363,0.23335835337638855,0.9266082644462585,,,,,,,,
breastcancer,0.8,Baseline-LS,12,245,0.9670329689979553,256.5714290738106,0.03296703100204468,1.0,0.9670329689979553,266,0.9649122807017544,0.9649122807017544,0.10707218945026398,0.10932198166847229,0.07743042080025923,0.07874290566695363,0.23335835337638855,0.9266082644462585,,,,,,,,
breastcancer,1.0,Baseline-LS,12,245,0.9670329689979553,256.5714290738106,0.03296703100204468,1.0,0.9670329689979553,266,0.9649122807017544,0.9649122807017544,0.10707218945026398,0.10932198166847229,0.07743042080025923,0.07874290566695363,0.23335835337638855,0.9266082644462585,,,,,,,,
breastcancer,0.0,Baseline-LS,13,117,0.9890109896659851,134.84065946936607,0.010989010334014893,1.0,0.9890109896659851,138,0.9912280701754386,0.9912280701754386,0.0690823346376419,0.07129717618227005,0.06296666515500922,0.05881071718115555,0.21257087588310242,0.9393419623374939,,,,,,,,
breastcancer,0.2,Baseline-LS,13,117,0.9890109896659851,134.84065946936607,0.010989010334014893,1.0,0.9890109896659851,138,0.9912280701754386,0.9912280701754386,0.0690823346376419,0.07129717618227005,0.06296666515500922,0.05881071718115555,0.21257087588310242,0.9393419623374939,,,,,,,,
breastcancer,0.4,Baseline-LS,13,117,0.9890109896659851,134.84065946936607,0.010989010334014893,1.0,0.9890109896659851,138,0.9912280701754386,0.9912280701754386,0.0690823346376419,0.07129717618227005,0.06296666515500922,0.05881071718115555,0.21257087588310242,0.9393419623374939,,,,,,,,
breastcancer,0.6,Baseline-LS,13,117,0.9890109896659851,134.84065946936607,0.010989010334014893,1.0,0.9890109896659851,138,0.9912280701754386,0.9912280701754386,0.0690823346376419,0.07129717618227005,0.06296666515500922,0.05881071718115555,0.21257087588310242,0.9393419623374939,,,,,,,,
breastcancer,0.8,Baseline-LS,13,117,0.9890109896659851,134.84065946936607,0.010989010334014893,1.0,0.9890109896659851,138,0.9912280701754386,0.9912280701754386,0.0690823346376419,0.07129717618227005,0.06296666515500922,0.05881071718115555,0.21257087588310242,0.9393419623374939,,,,,,,,
breastcancer,1.0,Baseline-LS,13,117,0.9890109896659851,134.84065946936607,0.010989010334014893,1.0,0.9890109896659851,138,0.9912280701754386,0.9912280701754386,0.0690823346376419,0.07129717618227005,0.06296666515500922,0.05881071718115555,0.21257087588310242,0.9393419623374939,,,,,,,,
breastcancer,0.0,Baseline-LS,14,48,0.9780219793319702,65.93956056237221,0.021978020668029785,1.0,0.9780219793319702,69,0.9649122807017544,0.956140350877193,0.15602917969226837,0.14864784479141235,0.052274400727790715,0.05901586382012617,0.2452889084815979,0.914721667766571,,,,,,,,
breastcancer,0.2,Baseline-LS,14,48,0.9780219793319702,65.93956056237221,0.021978020668029785,1.0,0.9780219793319702,69,0.9649122807017544,0.956140350877193,0.15602917969226837,0.14864784479141235,0.052274400727790715,0.05901586382012617,0.2452889084815979,0.914721667766571,,,,,,,,
breastcancer,0.4,Baseline-LS,14,48,0.9780219793319702,65.93956056237221,0.021978020668029785,1.0,0.9780219793319702,69,0.9649122807017544,0.956140350877193,0.15602917969226837,0.14864784479141235,0.052274400727790715,0.05901586382012617,0.2452889084815979,0.914721667766571,,,,,,,,
breastcancer,0.6,Baseline-LS,14,48,0.9780219793319702,65.93956056237221,0.021978020668029785,1.0,0.9780219793319702,69,0.9649122807017544,0.956140350877193,0.15602917969226837,0.14864784479141235,0.052274400727790715,0.05901586382012617,0.2452889084815979,0.914721667766571,,,,,,,,
breastcancer,0.8,Baseline-LS,14,48,0.9780219793319702,65.93956056237221,0.021978020668029785,1.0,0.9780219793319702,69,0.9649122807017544,0.956140350877193,0.15602917969226837,0.14864784479141235,0.052274400727790715,0.05901586382012617,0.2452889084815979,0.914721667766571,,,,,,,,
breastcancer,1.0,Baseline-LS,14,48,0.9780219793319702,65.93956056237221,0.021978020668029785,1.0,0.9780219793319702,69,0.9649122807017544,0.956140350877193,0.15602917969226837,0.14864784479141235,0.052274400727790715,0.05901586382012617,0.2452889084815979,0.914721667766571,,,,,,,,
breastcancer,0.0,Baseline-LS,15,13,0.9670329689979553,31.203296810388565,0.038461535841554095,0.9945054945054945,0.9560439586639404,34,0.956140350877193,0.9649122807017544,0.14944353699684143,0.1468658447265625,0.07735689428814671,0.06672116904927973,0.28621235489845276,0.8888360857963562,,,,,,,,
breastcancer,0.2,Baseline-LS,15,13,0.9670329689979553,31.203296810388565,0.038461535841554095,0.9945054945054945,0.9560439586639404,34,0.956140350877193,0.9649122807017544,0.14944353699684143,0.1468658447265625,0.07735689428814671,0.06672116904927973,0.28621235489845276,0.8888360857963562,,,,,,,,
breastcancer,0.4,Baseline-LS,15,13,0.9670329689979553,31.203296810388565,0.038461535841554095,0.9945054945054945,0.9560439586639404,34,0.956140350877193,0.9649122807017544,0.14944353699684143,0.1468658447265625,0.07735689428814671,0.06672116904927973,0.28621235489845276,0.8888360857963562,,,,,,,,
breastcancer,0.6,Baseline-LS,15,13,0.9670329689979553,31.203296810388565,0.038461535841554095,0.9945054945054945,0.9560439586639404,34,0.956140350877193,0.9649122807017544,0.14944353699684143,0.1468658447265625,0.07735689428814671,0.06672116904927973,0.28621235489845276,0.8888360857963562,,,,,,,,
breastcancer,0.8,Baseline-LS,15,13,0.9670329689979553,31.203296810388565,0.038461535841554095,0.9945054945054945,0.9560439586639404,34,0.956140350877193,0.9649122807017544,0.14944353699684143,0.1468658447265625,0.07735689428814671,0.06672116904927973,0.28621235489845276,0.8888360857963562,,,,,,,,
breastcancer,1.0,Baseline-LS,15,13,0.9670329689979553,31.203296810388565,0.038461535841554095,0.9945054945054945,0.9560439586639404,34,0.956140350877193,0.9649122807017544,0.14944353699684143,0.1468658447265625,0.07735689428814671,0.06672116904927973,0.28621235489845276,0.8888360857963562,,,,,,,,
breastcancer,0.0,Baseline-LS,16,47,1.0,66.08791214227676,0.021978020668029785,1.0,0.9780219793319702,68,0.9649122807017544,0.9736842105263158,0.13800229132175446,0.1338275820016861,0.06384316191338657,0.06446741547500878,0.25817328691482544,0.9057378768920898,,,,,,,,
breastcancer,0.2,Baseline-LS,16,47,1.0,66.08791214227676,0.021978020668029785,1.0,0.9780219793319702,68,0.9649122807017544,0.9736842105263158,0.13800229132175446,0.1338275820016861,0.06384316191338657,0.06446741547500878,0.25817328691482544,0.9057378768920898,,,,,,,,
breastcancer,0.4,Baseline-LS,16,47,1.0,66.08791214227676,0.021978020668029785,1.0,0.9780219793319702,68,0.9649122807017544,0.9736842105263158,0.13800229132175446,0.1338275820016861,0.06384316191338657,0.06446741547500878,0.25817328691482544,0.9057378768920898,,,,,,,,
breastcancer,0.6,Baseline-LS,16,47,1.0,66.08791214227676,0.021978020668029785,1.0,0.9780219793319702,68,0.9649122807017544,0.9736842105263158,0.13800229132175446,0.1338275820016861,0.06384316191338657,0.06446741547500878,0.25817328691482544,0.9057378768920898,,,,,,,,
breastcancer,0.8,Baseline-LS,16,47,1.0,66.08791214227676,0.021978020668029785,1.0,0.9780219793319702,68,0.9649122807017544,0.9736842105263158,0.13800229132175446,0.1338275820016861,0.06384316191338657,0.06446741547500878,0.25817328691482544,0.9057378768920898,,,,,,,,
breastcancer,1.0,Baseline-LS,16,47,1.0,66.08791214227676,0.021978020668029785,1.0,0.9780219793319702,68,0.9649122807017544,0.9736842105263158,0.13800229132175446,0.1338275820016861,0.06384316191338657,0.06446741547500878,0.25817328691482544,0.9057378768920898,,,,,,,,
breastcancer,0.0,Baseline-LS,17,73,0.9890109896659851,91.521978110075,0.010989010334014893,1.0,0.9890109896659851,94,0.9736842105263158,0.9649122807017544,0.12712426483631134,0.1302170753479004,0.0780775384944782,0.07018816471099854,0.2659831941127777,0.9053076505661011,,,,,,,,
breastcancer,0.2,Baseline-LS,17,73,0.9890109896659851,91.521978110075,0.010989010334014893,1.0,0.9890109896659851,94,0.9736842105263158,0.9649122807017544,0.12712426483631134,0.1302170753479004,0.0780775384944782,0.07018816471099854,0.2659831941127777,0.9053076505661011,,,,,,,,
breastcancer,0.4,Baseline-LS,17,73,0.9890109896659851,91.521978110075,0.010989010334014893,1.0,0.9890109896659851,94,0.9736842105263158,0.9649122807017544,0.12712426483631134,0.1302170753479004,0.0780775384944782,0.07018816471099854,0.2659831941127777,0.9053076505661011,,,,,,,,
breastcancer,0.6,Baseline-LS,17,73,0.9890109896659851,91.521978110075,0.010989010334014893,1.0,0.9890109896659851,94,0.9736842105263158,0.9649122807017544,0.12712426483631134,0.1302170753479004,0.0780775384944782,0.07018816471099854,0.2659831941127777,0.9053076505661011,,,,,,,,
breastcancer,0.8,Baseline-LS,17,73,0.9890109896659851,91.521978110075,0.010989010334014893,1.0,0.9890109896659851,94,0.9736842105263158,0.9649122807017544,0.12712426483631134,0.1302170753479004,0.0780775384944782,0.07018816471099854,0.2659831941127777,0.9053076505661011,,,,,,,,
breastcancer,1.0,Baseline-LS,17,73,0.9890109896659851,91.521978110075,0.010989010334014893,1.0,0.9890109896659851,94,0.9736842105263158,0.9649122807017544,0.12712426483631134,0.1302170753479004,0.0780775384944782,0.07018816471099854,0.2659831941127777,0.9053076505661011,,,,,,,,
breastcancer,0.0,Baseline-LS,18,44,0.9670329689979553,61.148351818323135,0.05494505167007446,1.0,0.9450549483299255,65,0.9649122807017544,0.9649122807017544,0.1292266547679901,0.1252584159374237,0.06676861957499855,0.06069551016155042,0.25243571400642395,0.9100940823554993,,,,,,,,
breastcancer,0.2,Baseline-LS,18,44,0.9670329689979553,61.148351818323135,0.05494505167007446,1.0,0.9450549483299255,65,0.9649122807017544,0.9649122807017544,0.1292266547679901,0.1252584159374237,0.06676861957499855,0.06069551016155042,0.25243571400642395,0.9100940823554993,,,,,,,,
breastcancer,0.4,Baseline-LS,18,44,0.9670329689979553,61.148351818323135,0.05494505167007446,1.0,0.9450549483299255,65,0.9649122807017544,0.9649122807017544,0.1292266547679901,0.1252584159374237,0.06676861957499855,0.06069551016155042,0.25243571400642395,0.9100940823554993,,,,,,,,
breastcancer,0.6,Baseline-LS,18,44,0.9670329689979553,61.148351818323135,0.05494505167007446,1.0,0.9450549483299255,65,0.9649122807017544,0.9649122807017544,0.1292266547679901,0.1252584159374237,0.06676861957499855,0.06069551016155042,0.25243571400642395,0.9100940823554993,,,,,,,,
breastcancer,0.8,Baseline-LS,18,44,0.9670329689979553,61.148351818323135,0.05494505167007446,1.0,0.9450549483299255,65,0.9649122807017544,0.9649122807017544,0.1292266547679901,0.1252584159374237,0.06676861957499855,0.06069551016155042,0.25243571400642395,0.9100940823554993,,,,,,,,
breastcancer,1.0,Baseline-LS,18,44,0.9670329689979553,61.148351818323135,0.05494505167007446,1.0,0.9450549483299255,65,0.9649122807017544,0.9649122807017544,0.1292266547679901,0.1252584159374237,0.06676861957499855,0.06069551016155042,0.25243571400642395,0.9100940823554993,,,,,,,,
breastcancer,0.0,Baseline-LS,19,64,0.9890109896659851,82.28021988272667,0.021978020668029785,1.0,0.9780219793319702,85,0.956140350877193,0.956140350877193,0.13942234218120575,0.1402711570262909,0.06760966150384201,0.0662966605864073,0.2596038579940796,0.9080280661582947,,,,,,,,
breastcancer,0.2,Baseline-LS,19,64,0.9890109896659851,82.28021988272667,0.021978020668029785,1.0,0.9780219793319702,85,0.956140350877193,0.956140350877193,0.13942234218120575,0.1402711570262909,0.06760966150384201,0.0662966605864073,0.2596038579940796,0.9080280661582947,,,,,,,,
breastcancer,0.4,Baseline-LS,19,64,0.9890109896659851,82.28021988272667,0.021978020668029785,1.0,0.9780219793319702,85,0.956140350877193,0.956140350877193,0.13942234218120575,0.1402711570262909,0.06760966150384201,0.0662966605864073,0.2596038579940796,0.9080280661582947,,,,,,,,
breastcancer,0.6,Baseline-LS,19,64,0.9890109896659851,82.28021988272667,0.021978020668029785,1.0,0.9780219793319702,85,0.956140350877193,0.956140350877193,0.13942234218120575,0.1402711570262909,0.06760966150384201,0.0662966605864073,0.2596038579940796,0.9080280661582947,,,,,,,,
breastcancer,0.8,Baseline-LS,19,64,0.9890109896659851,82.28021988272667,0.021978020668029785,1.0,0.9780219793319702,85,0.956140350877193,0.956140350877193,0.13942234218120575,0.1402711570262909,0.06760966150384201,0.0662966605864073,0.2596038579940796,0.9080280661582947,,,,,,,,
breastcancer,1.0,Baseline-LS,19,64,0.9890109896659851,82.28021988272667,0.021978020668029785,1.0,0.9780219793319702,85,0.956140350877193,0.956140350877193,0.13942234218120575,0.1402711570262909,0.06760966150384201,0.0662966605864073,0.2596038579940796,0.9080280661582947,,,,,,,,
breastcancer,0.0,Distill-S,0,16,0.9670329689979553,34.57692316174507,0.027472524852543034,0.9835164835164835,0.9560439586639404,37,0.9736842105263158,0.9824561403508771,0.05451379716396332,0.041860487312078476,0.043793319610127224,0.02326320085609168,0.110130175948143,0.9611555337905884,1.0,0.011939474291835402,0.9880605257081645,0.03250354888007227,0.053572068793759156,0.9751770870202391,,0.978021978021978
breastcancer,0.2,Distill-S,0,15,0.9560439586639404,33.56593415141106,0.03296703034704862,0.989010989010989,0.9560439586639404,36,0.9736842105263158,0.9736842105263158,0.07115570455789566,0.06772351264953613,0.03775985460532339,0.027633509615011383,0.1373210847377777,0.9496708512306213,0.9824561403508771,0.010869071667714884,0.9864044443699609,0.038080980186273684,0.04838582711731808,0.9803258625104447,0.9166666666666666,0.9726027397260274
breastcancer,0.4,Distill-S,0,15,0.9670329689979553,33.43406602740288,0.04945054617556899,0.9945054945054945,0.9450549483299255,36,0.9736842105263158,0.9736842105263158,0.07222048938274384,0.07317663729190826,0.03099224860208076,0.02954717477162679,0.12804219126701355,0.9545302987098694,0.9736842105263158,0.023037619906885895,0.9875977284997202,0.03755651199219852,0.03510575775475951,0.9874584423930974,0.9583333333333334,0.9727272727272728
breastcancer,0.6,Distill-S,0,15,0.9560439586639404,33.51098909974098,0.03296703034704862,0.989010989010989,0.9560439586639404,36,0.9736842105263158,0.9649122807017544,0.07205632328987122,0.07891235500574112,0.03947331612570244,0.029276671639659944,0.1300206035375595,0.953102171421051,0.9473684210526315,0.03877520908554236,0.9712360798418164,0.06687165482879064,0.04263374509890477,0.9832975305489998,0.963302752293578,0.9863013698630136
breastcancer,0.8,Distill-S,0,15,0.9670329689979553,33.49450558423996,0.04395604068106351,0.989010989010989,0.9450549483299255,36,0.9736842105263158,0.9736842105263158,0.06985612958669662,0.06948677450418472,0.04328717369782297,0.03298062347529227,0.12954741716384888,0.9533536434173584,0.9473684210526315,0.04033720621073029,0.9788994262006688,0.0573703038940203,0.027186581216584387,0.9915173049265036,0.9793103448275862,0.972972972972973
breastcancer,1.0,Distill-S,0,15,0.9670329689979553,33.527472615242004,0.04395604068106351,0.989010989010989,0.9450549483299255,36,0.9824561403508771,0.9736842105263158,0.06703678518533707,0.06163642182946205,0.033761625750023026,0.025922418163533793,0.12818489968776703,0.9538940191268921,0.9473684210526315,0.04031960198490186,0.9755529773536549,0.05520312321723944,0.023163120823478735,0.9944195637370187,0.9835164835164835,
breastcancer,0.0,Distill-S,1,20,0.9780219793319702,38.741758316755295,0.01648351517352431,0.9945054945054945,0.9780219793319702,41,0.9824561403508771,0.9912280701754386,0.07800498604774475,0.0846867486834526,0.009183221741726526,0.02026707195399104,0.0593617781996727,0.9823328256607056,0.956140350877193,0.03925538070991666,0.983692316496985,0.03917295713753983,0.051519162315319514,0.9781865183518719,,0.9835164835164835
breastcancer,0.2,Distill-S,1,17,0.9560439586639404,35.3791209757328,0.038461535841554095,0.9945054945054945,0.9560439586639404,38,0.9824561403508771,0.9912280701754386,0.07338421791791916,0.0789858028292656,0.015968893180813706,0.01520527925407672,0.06588397175073624,0.9800533056259155,0.9649122807017544,0.02806604813894999,0.9833705603789129,0.040581235906651705,0.042997003842977305,0.9838346627389691,1.0,1.0
breastcancer,0.4,Distill-S,1,17,0.9670329689979553,35.62637370824814,0.027472525507539203,0.9945054945054945,0.9670329689979553,38,0.9824561403508771,0.9912280701754386,0.070530004799366,0.07688877731561661,0.014904916286468502,0.013049099006150847,0.07047497481107712,0.9776389002799988,0.9824561403508771,0.018259186015316023,0.9871884004048265,0.035837946109104145,0.03926631797737339,0.9866927572051638,0.9861111111111112,0.9818181818181818
breastcancer,0.6,Distill-S,1,16,0.9560439586639404,34.58241766691208,0.027472525507539203,0.9945054945054945,0.9670329689979553,37,0.9824561403508771,0.9912280701754386,0.07117552310228348,0.07735761255025864,0.015903191085447348,0.013880214147400384,0.07595481723546982,0.9761145710945129,0.9824561403508771,0.016566847224652213,0.9884537988689317,0.031345809455929345,0.03311357826554399,0.9901264716619465,0.9908256880733946,0.9726027397260274
breastcancer,0.8,Distill-S,1,16,0.9560439586639404,34.4505495429039,0.03296703100204468,1.0,0.9670329689979553,37,0.9824561403508771,0.9912280701754386,0.07111887633800507,0.08008095622062683,0.01580397549428438,0.014302903100063873,0.07608523964881897,0.9755634069442749,0.9824561403508771,0.017203912926233366,0.9880476677309683,0.031194736275034093,0.03221715246292668,0.9893266140444082,0.993103448275862,0.9459459459459459
breastcancer,1.0,Distill-S,1,17,0.9560439586639404,35.34615394473076,0.04395604133605957,1.0,0.9560439586639404,38,0.9824561403508771,0.9912280701754386,0.07089052349328995,0.08499190211296082,0.013858855816355922,0.01223649319849518,0.06651285290718079,0.9788603782653809,0.9912280701754386,0.011545828792743674,0.992702491512181,0.022711413956334314,0.023272428508608157,0.9943645048125167,0.9945054945054945,
breastcancer,0.0,Distill-S,2,13,0.9450549483299255,30.736263871192932,0.05494505167007446,1.0,0.9450549483299255,34,0.956140350877193,0.9649122807017544,0.09092977643013,0.07697281241416931,0.030075915549930776,0.03718044726472152,0.12391474843025208,0.9529658555984497,0.9912280701754386,0.015096076946928865,0.97613199322851,0.05749983478231944,0.047625563279982255,0.9812257513643537,,0.9945054945054945
breastcancer,0.2,Distill-S,2,13,0.9450549483299255,30.736263871192932,0.05494505167007446,1.0,0.9450549483299255,34,0.956140350877193,0.956140350877193,0.09165322780609131,0.0761088877916336,0.02914527790588245,0.03807201563266285,0.1250595599412918,0.9527093172073364,0.9912280701754386,0.01580111801180015,0.980851218760475,0.051406891832237886,0.04455029450559139,0.9823312104516826,1.0,0.9863013698630136
breastcancer,0.4,Distill-S,2,12,0.9450549483299255,29.80219793319702,0.05494505167007446,1.0,0.9450549483299255,33,0.9649122807017544,0.956140350877193,0.08938246965408325,0.06956374645233154,0.03734807696258812,0.025989162817335966,0.13257861137390137,0.9491806030273438,0.9912280701754386,0.017912358041278647,0.9773640876027506,0.05237379530985012,0.03893967494399483,0.9821639595386209,1.0,0.9636363636363636
breastcancer,0.6,Distill-S,2,12,0.9450549483299255,29.80219793319702,0.05494505167007446,1.0,0.9450549483299255,33,0.9649122807017544,0.956140350877193,0.08481636643409729,0.05920695886015892,0.036000423264085195,0.034604707830830625,0.13623982667922974,0.9470468759536743,0.9912280701754386,0.01939110608088807,0.9821154646496106,0.05175887774005507,0.03820125523242556,0.9866460561281699,1.0,1.0
breastcancer,0.8,Distill-S,2,12,0.9560439586639404,29.80219793319702,0.05494505167007446,1.0,0.9450549483299255,33,0.9649122807017544,0.9473684210526315,0.09328828006982803,0.09045588225126266,0.036633381195235674,0.03068987999046058,0.13181567192077637,0.9499222040176392,0.956140350877193,0.027672817569377197,0.9803937273272719,0.0488293186258545,0.03567545901354602,0.9869082392089493,1.0,0.9459459459459459
breastcancer,1.0,Distill-S,2,12,0.9560439586639404,29.791208922863007,0.05494505167007446,1.0,0.9450549483299255,33,0.9649122807017544,0.956140350877193,0.09260962158441544,0.09034793078899384,0.03268638619205408,0.0320300721285636,0.13038136065006256,0.9502227306365967,0.9649122807017544,0.03909096966256753,0.9765439905625641,0.05410106945074139,0.023402278323573278,0.9948672513989627,1.0,
breastcancer,0.0,Distill-S,3,18,0.9780219793319702,36.28021988272667,0.038461535841554095,0.9945054945054945,0.9560439586639404,39,0.9649122807017544,0.9736842105263158,0.09909761697053909,0.08364192396402359,0.03359067492317735,0.02172132855967472,0.1229083463549614,0.9500405192375183,0.956140350877193,0.035529455050078054,0.9757185527879535,0.06410037169992217,0.06846222456129834,0.9736417096673242,,0.9615384615384616
breastcancer,0.2,Distill-S,3,17,0.9670329689979553,35.42857152223587,0.021978020668029785,1.0,0.9780219793319702,38,0.9736842105263158,0.956140350877193,0.09525182843208313,0.0820707306265831,0.03534509738286336,0.034592246800138206,0.12418901920318604,0.9512434005737305,0.9736842105263158,0.030663811341286814,0.9809398547714071,0.0559459714146907,0.07023410558567153,0.9696628248231846,1.0,0.9657534246575342
breastcancer,0.4,Distill-S,3,17,0.9670329689979553,35.225274831056595,0.027472525507539203,0.9945054945054945,0.9670329689979553,38,0.9649122807017544,0.9736842105263158,0.09593983739614487,0.08367199450731277,0.04344707466008373,0.022860173593487652,0.12112390995025635,0.9508923888206482,0.9736842105263158,0.03159076364315021,0.9805836140226594,0.056340932549561885,0.05447027369923136,0.9773452551485406,1.0,0.9727272727272728
breastcancer,0.6,Distill-S,3,17,0.9670329689979553,35.25824186205864,0.027472525507539203,0.9945054945054945,0.9670329689979553,38,0.9736842105263158,0.9824561403508771,0.09254126250743866,0.07532871514558792,0.02425080433226471,0.02919174652350573,0.12027721852064133,0.9526467323303223,0.9736842105263158,0.02520812157853832,0.9862505746427584,0.04127800375914035,0.04193292801141245,0.983035207813897,1.0,0.958904109589041
breastcancer,0.8,Distill-S,3,17,0.9560439586639404,35.159340769052505,0.027472525507539203,0.9945054945054945,0.9670329689979553,38,0.9736842105263158,0.9824561403508771,0.09334925562143326,0.07541418820619583,0.029667392111661105,0.020978411038716633,0.11785364151000977,0.952883780002594,0.9824561403508771,0.03139874961681105,0.9735152805292946,0.06918334871534186,0.03744494336826576,0.9875286784602455,1.0,1.0
breastcancer,1.0,Distill-S,3,17,0.9670329689979553,35.28021988272667,0.03296703100204468,1.0,0.9670329689979553,38,0.9736842105263158,0.9736842105263158,0.09088296443223953,0.07820307463407516,0.03668060951065596,0.024006879643390048,0.11697061359882355,0.9546102285385132,0.9736842105263158,0.017676591958009587,0.9876141680302815,0.04224553340875895,0.02422630596646127,0.9943320520468855,0.989010989010989,
breastcancer,0.0,Distill-S,4,16,0.9560439586639404,33.72527486085892,0.03296703034704862,0.989010989010989,0.9560439586639404,37,0.956140350877193,0.956140350877193,0.09344716370105743,0.08629491925239563,0.028344499437432547,0.031574201688431856,0.09057650715112686,0.9627521634101868,0.9736842105263158,0.021626906436747764,0.9872726783135253,0.03986215091107331,0.039547796184516745,0.9836929229608028,,0.989010989010989
breastcancer,0.2,Distill-S,4,16,0.9560439586639404,33.72527486085892,0.038461535841554095,0.9945054945054945,0.9560439586639404,37,0.956140350877193,0.9649122807017544,0.10822451859712601,0.10022769868373871,0.02433732988541587,0.031618164296735835,0.08862721174955368,0.9621719717979431,0.9649122807017544,0.034906460033495804,0.9860001253654886,0.03998584294084767,0.03165314344985368,0.9866173280758334,1.0,0.9931506849315068
breastcancer,0.4,Distill-S,4,16,0.9560439586639404,33.74725288152695,0.038461535841554095,0.9945054945054945,0.9560439586639404,37,0.956140350877193,0.9736842105263158,0.10343821346759796,0.10180629044771194,0.02569157669418737,0.032926062220021333,0.08926522731781006,0.9618083834648132,0.9736842105263158,0.031052994937003375,0.9820291392087577,0.04682791226816858,0.03241955189141329,0.9873140842582209,1.0,0.9818181818181818
breastcancer,0.6,Distill-S,4,15,0.9560439586639404,32.71978035569191,0.05494505167007446,1.0,0.9450549483299255,36,0.9649122807017544,0.9649122807017544,0.09847066551446915,0.11023443937301636,0.024321181209463794,0.03363878423707527,0.0934068039059639,0.9607011079788208,0.9736842105263158,0.03379744073489553,0.9860975101826102,0.03751307023309289,0.02027836093715981,0.9943311012663513,0.9908256880733946,1.0
breastcancer,0.8,Distill-S,4,16,0.9560439586639404,33.664835304021835,0.05494505167007446,1.0,0.9450549483299255,37,0.9736842105263158,0.9649122807017544,0.09448989480733871,0.11358083039522171,0.031740548840740235,0.03601096282925523,0.08808796852827072,0.9636475443840027,0.9736842105263158,0.03583900975483033,0.9830318682486557,0.04542965377845505,0.025702278013872964,0.9923711757155075,0.993103448275862,1.0
breastcancer,1.0,Distill-S,4,15,0.9560439586639404,32.59340673685074,0.06593406200408936,1.0,0.9340659379959106,36,0.956140350877193,0.956140350877193,0.09927316009998322,0.11013182997703552,0.02363027449239765,0.03535254325783044,0.09471447765827179,0.9597663283348083,0.9649122807017544,0.038194944883336704,0.9791644097446977,0.053051454477934676,0.023318893300786066,0.9947956142820901,0.9945054945054945,
breastcancer,0.0,Distill-S,5,79,0.9780219793319702,96.39560455083847,0.01648351517352431,0.9945054945054945,0.9780219793319702,100,0.956140350877193,0.956140350877193,0.14470769464969635,0.13961711525917053,0.03544303408840246,0.03783231241661206,0.04887045919895172,0.9808465242385864,0.9736842105263158,0.025373929111512917,0.988751076816875,0.03534830438736012,0.027248059750649152,0.9909706510285323,,0.978021978021978
breastcancer,0.2,Distill-S,5,199,1.0,216.84615397453308,-0.005494505494505475,0.9945054945054945,1.0,220,0.9385964912280702,0.9385964912280702,0.2253832221031189,0.22628739476203918,0.04652885386818336,0.04683078694761847,0.07277555763721466,0.9684402942657471,0.9473684210526315,0.05598479511506019,0.9684020721559969,0.0745922355949798,0.050219962388433466,0.982315388412691,1.0,0.9794520547945206
breastcancer,0.4,Distill-S,5,47,0.9780219793319702,65.14285725355148,0.021978020668029785,1.0,0.9780219793319702,68,0.9385964912280702,0.9385964912280702,0.1782187521457672,0.17936401069164276,0.04717291447154261,0.048465616347496965,0.06278034299612045,0.97511225938797,0.956140350877193,0.03740688788151058,0.9884127128798104,0.035841658145567314,0.03446770028821408,0.9892802864409642,1.0,0.9727272727272728
breastcancer,0.6,Distill-S,5,292,1.0,296.60439574718475,0.0,1.0,1.0,300,0.9385964912280702,0.9385964912280702,0.15206189453601837,0.15007753670215607,0.036623916605062694,0.039946930450305645,0.05507009103894234,0.9752203822135925,0.9649122807017544,0.022976134422748838,0.9815299380912547,0.04426438029706281,0.037583657471823274,0.9858102328940662,1.0,0.9726027397260274
breastcancer,0.8,Distill-S,5,45,0.9780219793319702,63.032967150211334,0.021978020668029785,1.0,0.9780219793319702,66,0.9210526315789473,0.9298245614035088,0.20665915310382843,0.2159988135099411,0.058268289294159184,0.060290088256200164,0.06515257060527802,0.9735773205757141,0.956140350877193,0.04157643192887779,0.9849933538670951,0.043346948369173764,0.02481311903544723,0.9922173769294349,1.0,1.0
breastcancer,1.0,Distill-S,5,50,0.9890109896659851,68.35714295506477,0.010989010334014893,1.0,0.9890109896659851,71,0.9122807017543859,0.9210526315789473,0.24538199603557587,0.2541281580924988,0.07496957873043258,0.07632007881214743,0.05570463463664055,0.976061999797821,0.956140350877193,0.052749325754056275,0.9762289308637853,0.05939018384344144,0.02129759495898344,0.9948502795975799,1.0,
breastcancer,0.0,Distill-S,6,25,0.9450549483299255,42.27472543716431,0.03296702969205245,0.978021978021978,0.9450549483299255,46,0.9912280701754386,0.9824561403508771,0.04068129137158394,0.03354625776410103,0.03206177761680201,0.026531810823239778,0.08605895936489105,0.972093403339386,0.9912280701754386,0.012559471577719274,0.9945331459160707,0.02446009019060939,0.05821714279161794,0.9769351752142263,,0.9505494505494505
breastcancer,0.2,Distill-S,6,14,0.9560439586639404,32.20879131555557,0.016483514518528142,0.9835164835164835,0.9670329689979553,35,0.9824561403508771,0.9824561403508771,0.07297445088624954,0.0864763930439949,0.030493685550857047,0.013915345857017916,0.11424820870161057,0.9645079374313354,1.0,0.009178499579040347,0.9908215004209597,0.02904197943175134,0.04489639126695969,0.9825196312393427,0.9722222222222222,0.9726027397260274
breastcancer,0.4,Distill-S,6,25,0.9670329689979553,43.054945170879364,0.016483514518528142,0.9835164835164835,0.9670329689979553,46,0.9736842105263158,0.9736842105263158,0.08403659611940384,0.09846408665180206,0.021266315067023558,0.02642976610284102,0.07599768787622452,0.9759406447410583,1.0,0.009044243166680498,0.9909557568333195,0.028264231308882108,0.037958300557482116,0.9855636525987757,1.0,0.9727272727272728
breastcancer,0.6,Distill-S,6,24,0.9670329689979553,42.10989022254944,0.021978020013033728,0.989010989010989,0.9670329689979553,45,0.9824561403508771,0.9736842105263158,0.10001547634601593,0.12736180424690247,0.019344531653220164,0.036999615660884916,0.09343608468770981,0.9678730964660645,0.9824561403508771,0.02754996958242132,0.9803528521931161,0.05855530247987944,0.033642205987729844,0.987969424381318,0.9908256880733946,1.0
breastcancer,0.8,Distill-S,6,25,0.9670329689979553,43.06593418121338,0.021978020013033728,0.989010989010989,0.9670329689979553,46,0.9649122807017544,0.9736842105263158,0.09847420454025269,0.13504382967948914,0.0180666671510328,0.02732428803778528,0.09115766733884811,0.9690349102020264,0.9736842105263158,0.028002263472006052,0.9770741103267763,0.0581272852755614,0.02555642125406454,0.9931641780219204,0.9862068965517241,0.972972972972973
breastcancer,1.0,Distill-S,6,26,0.9670329689979553,44.269230872392654,0.03296703100204468,1.0,0.9670329689979553,47,0.9736842105263158,0.9649122807017544,0.10929238051176071,0.16782505810260773,0.01707500480768974,0.02703106403350829,0.08446095138788223,0.973007321357727,0.9385964912280702,0.05412368888245711,0.971215734020961,0.062090140447967,0.021737569787636173,0.9948100801618702,0.9835164835164835,
breastcancer,0.0,Distill-S,7,111,0.9890109896659851,128.76373639702797,-6.549960573920544e-10,0.989010989010989,0.9890109896659851,132,0.9824561403508771,0.9824561403508771,0.06726918369531631,0.07048240303993225,0.020352035238031703,0.020915915568669584,0.03554573282599449,0.9879239201545715,0.9824561403508771,0.012479706816849097,0.9878574326322895,0.03699479948190144,0.05925695444537056,0.9784463746849519,,0.978021978021978
breastcancer,0.2,Distill-S,7,56,0.9560439586639404,72.7582419514656,0.03296703034704862,0.989010989010989,0.9560439586639404,77,0.9824561403508771,0.9824561403508771,0.05528715252876282,0.05849386379122734,0.01025426283217315,0.01191580347847522,0.03226512670516968,0.9911527633666992,0.9736842105263158,0.016810891186076732,0.9904951017123926,0.026976104018354336,0.05598597089226944,0.9771132774383269,1.0,0.9657534246575342
breastcancer,0.4,Distill-S,7,139,0.9780219793319702,154.7252749800682,0.010989009679018835,0.989010989010989,0.9780219793319702,160,0.9649122807017544,0.9649122807017544,0.09138377755880356,0.09619303047657013,0.019931156384317538,0.026089515602379553,0.03967316821217537,0.9848434925079346,0.9824561403508771,0.016131646648818793,0.9909466680809405,0.030295031917184894,0.0551421777387739,0.9771937051653704,1.0,0.9545454545454546
breastcancer,0.6,Distill-S,7,18,0.9560439586639404,36.18681329488754,0.027472524852543034,0.9835164835164835,0.9560439586639404,39,0.9824561403508771,0.9736842105263158,0.06032953038811684,0.057319991290569305,0.020365114797625622,0.0173139399603793,0.07526032626628876,0.9758237600326538,0.9912280701754386,0.019496201537726344,0.9856716572312441,0.0314369721458017,0.03630838277645276,0.987798141759624,1.0,1.0
breastcancer,0.8,Distill-S,7,17,0.9560439586639404,35.461538553237915,0.027472524852543034,0.9835164835164835,0.9560439586639404,38,0.9824561403508771,0.9736842105263158,0.06254290044307709,0.061054378747940063,0.021682534301490117,0.018984500253409614,0.08702786266803741,0.9722212553024292,0.9736842105263158,0.024880995710562646,0.9901485987458016,0.03117087453613099,0.03541571897805614,0.9895810824336999,0.9862068965517241,1.0
breastcancer,1.0,Distill-S,7,17,0.9670329689979553,35.48901107907295,0.03296703100204468,1.0,0.9670329689979553,38,0.9824561403508771,0.9736842105263158,0.06238729879260063,0.05804739519953728,0.023616220344576912,0.020450168011481338,0.09307548403739929,0.9701246023178101,0.9736842105263158,0.03123384505438072,0.9831938885735444,0.03921056931387554,0.026437518418919236,0.9937752101335103,0.978021978021978,
breastcancer,0.0,Distill-S,8,19,0.9560439586639404,36.69230782985687,0.05494505167007446,1.0,0.9450549483299255,40,0.9736842105263158,0.9649122807017544,0.10821875929832458,0.1276359111070633,0.026460050490864542,0.023915348868620994,0.08420247584581375,0.966567873954773,0.9736842105263158,0.02197722821238536,0.9764650016545421,0.05852731667603001,0.03057758523585972,0.9889267945962494,,0.9945054945054945
breastcancer,0.2,Distill-S,8,18,0.9450549483299255,35.664835304021835,0.04945054617556899,0.9945054945054945,0.9450549483299255,39,0.9736842105263158,0.9649122807017544,0.1115499883890152,0.1285337209701538,0.023638060741257207,0.028345328151134018,0.09153153747320175,0.9639984965324402,0.9736842105263158,0.03246335351179907,0.9762398741977986,0.05868918218755486,0.0349097629062573,0.9860222082502851,1.0,0.9794520547945206
breastcancer,0.4,Distill-S,8,299,1.0,294.5054947733879,0.0,1.0,1.0,300,0.9824561403508771,0.9824561403508771,0.1253788024187088,0.1253788024187088,0.02391385509256731,0.02391385509256731,0.04258809611201286,0.9822404384613037,0.9736842105263158,0.02273612780220345,0.9773717515394904,0.053655833214767884,0.023922083650136063,0.9929345396769821,1.0,0.990909090909091
breastcancer,0.6,Distill-S,8,14,0.9560439586639404,32.159340769052505,0.04395604133605957,1.0,0.9560439586639404,35,0.9824561403508771,0.9736842105263158,0.10844015330076218,0.13198044896125793,0.032596849035798486,0.027000536521275834,0.11089678108692169,0.9554176330566406,0.9473684210526315,0.037721231696063146,0.9718468802047956,0.06159076605163427,0.03180146493428993,0.9876621947502248,1.0,0.9726027397260274
breastcancer,0.8,Distill-S,8,299,0.9670329689979553,289.0384621322155,0.03296703100204468,1.0,0.9670329689979553,300,0.9824561403508771,0.9824561403508771,0.10829638689756393,0.10829638689756393,0.0220460269534797,0.0220460269534797,0.04316449537873268,0.9821189045906067,0.9736842105263158,0.019036590002783318,0.9823819589824445,0.05125690314931665,0.025522438218928873,0.9934120990517696,1.0,0.972972972972973
breastcancer,1.0,Distill-S,8,21,0.9780219793319702,39.461538553237915,0.021978020668029785,1.0,0.9780219793319702,42,0.9824561403508771,0.9736842105263158,0.10596507787704468,0.1255313754081726,0.02948265692643951,0.02838435873650665,0.07094480842351913,0.9724056720733643,0.9736842105263158,0.03311482375120391,0.9774441978559714,0.05553926540771561,0.020453739361251697,0.9957776409339296,1.0,
breastcancer,0.0,Distill-S,9,46,0.9780219793319702,62.57692328095436,0.01648351517352431,0.9945054945054945,0.9780219793319702,67,0.9736842105263158,0.9736842105263158,0.12445870786905289,0.1302466094493866,0.03636818444519711,0.02387488306614387,0.06380061060190201,0.9724269509315491,0.956140350877193,0.03488322061287111,0.9817315798904019,0.048817512825573874,0.05517473080346458,0.9759818972141358,,0.9615384615384616
breastcancer,0.2,Distill-S,9,46,0.9780219793319702,62.483516693115234,0.021978020013033728,0.989010989010989,0.9670329689979553,67,0.956140350877193,0.956140350877193,0.13527002930641174,0.1458597481250763,0.02864279924777513,0.03230619116833335,0.05880838260054588,0.9755008816719055,0.9473684210526315,0.034971120961106265,0.982339542013738,0.047732266974599716,0.04716296283840587,0.9818889755695781,1.0,0.9657534246575342
breastcancer,0.4,Distill-S,9,37,0.9670329689979553,53.98351666331291,0.03296703100204468,1.0,0.9670329689979553,58,0.956140350877193,0.956140350877193,0.13970696926116943,0.15377064049243927,0.03939369059445562,0.03548656221021686,0.05466131493449211,0.9777045249938965,0.956140350877193,0.03921551885361467,0.9844963310158666,0.04310774852805963,0.04584263211897502,0.9851520549570048,1.0,0.9545454545454546
breastcancer,0.6,Distill-S,9,30,0.9780219793319702,47.302197962999344,0.027472525507539203,0.9945054945054945,0.9670329689979553,51,0.9473684210526315,0.9473684210526315,0.1447252482175827,0.1754126101732254,0.0402757096708867,0.04007497848125925,0.05796518921852112,0.9751981496810913,0.9385964912280702,0.04897474234140839,0.9795668611567477,0.04740430291036918,0.030444963608322998,0.9910222879971406,0.9908256880733946,0.9726027397260274
breastcancer,0.8,Distill-S,9,30,0.9780219793319702,47.20329686999321,0.03296703100204468,1.0,0.9670329689979553,51,0.956140350877193,0.9473684210526315,0.13950254023075104,0.16951420903205872,0.02860066033246221,0.04413969893204536,0.059196583926677704,0.9769737124443054,0.956140350877193,0.038890146661674466,0.9807477994513293,0.04884122251854078,0.026852908068150882,0.9926007248870555,0.993103448275862,0.972972972972973
breastcancer,1.0,Distill-S,9,30,0.9780219793319702,47.11538478732109,0.03296703100204468,1.0,0.9670329689979553,51,0.956140350877193,0.9385964912280702,0.13827934861183167,0.17093898355960846,0.027883041846124716,0.04677890946990562,0.06041542440652847,0.9756764769554138,0.9385964912280702,0.04469286512365062,0.9776479070246584,0.05317685477656376,0.02414616474045594,0.9942293515215427,0.9945054945054945,
breastcancer,0.0,Distill-S,10,13,0.9670329689979553,31.25824186205864,0.04395604133605957,1.0,0.9560439586639404,34,0.9649122807017544,0.9649122807017544,0.12063062936067581,0.13791222870349884,0.025081981169550058,0.03147278647673757,0.1069316416978836,0.9604940414428711,0.9473684210526315,0.05579545193840707,0.9833838476731787,0.0497796324405478,0.04860921157361794,0.9824645361823247,,0.9835164835164835
breastcancer,0.2,Distill-S,10,13,0.9670329689979553,31.164835274219513,0.04395604133605957,1.0,0.9560439586639404,34,0.9649122807017544,0.9649122807017544,0.12029547989368439,0.13952846825122833,0.03387573675105448,0.03672273169484054,0.1070120632648468,0.9603505730628967,0.9473684210526315,0.05277513066386531,0.9864303114691118,0.041772719820535875,0.04107879601410087,0.9846043108935314,1.0,0.9931506849315068
breastcancer,0.4,Distill-S,10,13,0.9670329689979553,31.142857253551483,0.04395604133605957,1.0,0.9560439586639404,34,0.9649122807017544,0.9649122807017544,0.1199619248509407,0.14255185425281525,0.03182106112179004,0.03385591820666664,0.10552904009819031,0.9608284831047058,0.9473684210526315,0.04511268354715016,0.9891536403303038,0.03473217434547895,0.03130531268774358,0.9886140362633881,1.0,1.0
breastcancer,0.6,Distill-S,10,12,0.9780219793319702,30.36813196539879,0.03296703100204468,1.0,0.9670329689979553,33,0.9649122807017544,0.9736842105263158,0.11809048801660538,0.13348150253295898,0.031289226653283125,0.036576740051570696,0.11706110835075378,0.9567761421203613,0.9473684210526315,0.0448786925189381,0.9841824760867997,0.04403805591878267,0.02816091132627625,0.990069109717087,1.0,1.0
breastcancer,0.8,Distill-S,10,13,0.9670329689979553,31.13186824321747,0.04395604133605957,1.0,0.9560439586639404,34,0.9649122807017544,0.9649122807017544,0.11750499159097672,0.13649903237819672,0.02462713394248696,0.03911353098718743,0.10601835697889328,0.9605309963226318,0.9473684210526315,0.04791454088192169,0.9829921921340354,0.04704604825401526,0.023586470934630243,0.9946047682691413,1.0,1.0
breastcancer,1.0,Distill-S,10,13,0.9670329689979553,31.120879232883453,0.04395604133605957,1.0,0.9560439586639404,34,0.9649122807017544,0.9649122807017544,0.11744770407676697,0.135807067155838,0.02475217089318394,0.039272218942642205,0.10579587519168854,0.9606208205223083,0.9473684210526315,0.047169097499536884,0.9805301501087386,0.05445943988606031,0.024066379006458694,0.9944132371532539,1.0,
breastcancer,0.0,Distill-S,11,20,0.9890109896659851,38.90659347176552,0.01648351517352431,0.9945054945054945,0.9780219793319702,41,0.9649122807017544,0.9736842105263158,0.07977797091007233,0.07032086700201035,0.03720716373962272,0.022136931879478555,0.11479652673006058,0.9568074345588684,0.956140350877193,0.028960905203355432,0.9816431841060927,0.05114733105418841,0.04003453157068685,0.9847539043530245,,0.989010989010989
breastcancer,0.2,Distill-S,11,20,0.9890109896659851,38.90659347176552,0.01648351517352431,0.9945054945054945,0.9780219793319702,41,0.9736842105263158,0.9736842105263158,0.08306822925806046,0.08091077208518982,0.029248000759827496,0.017703783093837234,0.12629331648349762,0.9542548060417175,0.9473684210526315,0.04008902483619458,0.9827453461485384,0.04749991915643152,0.050499687375594675,0.9807579548248333,0.9722222222222222,0.9863013698630136
breastcancer,0.4,Distill-S,11,20,0.9780219793319702,38.43406602740288,0.038461535841554095,0.9945054945054945,0.9560439586639404,41,0.9649122807017544,0.9649122807017544,0.08476483076810837,0.07815045863389969,0.027829289436340325,0.029238318664985757,0.12390660494565964,0.9529445767402649,0.9649122807017544,0.050872394599191725,0.9714667350332866,0.06786409467705874,0.04554718121775996,0.9853893796729487,0.9861111111111112,0.990909090909091
breastcancer,0.6,Distill-S,11,22,0.9780219793319702,40.373626470565796,0.027472525507539203,0.9945054945054945,0.9670329689979553,43,0.956140350877193,0.9649122807017544,0.09591936320066452,0.10913952440023422,0.033988839701602304,0.02716755448726182,0.11068829894065857,0.957615077495575,0.9473684210526315,0.03871439103990895,0.976966994513727,0.06039003084262164,0.037175937555476775,0.9860247026255149,0.9908256880733946,0.9863013698630136
breastcancer,0.8,Distill-S,11,23,0.9780219793319702,41.56593415141106,0.010989009679018835,0.989010989010989,0.9780219793319702,44,0.956140350877193,0.9649122807017544,0.09631437808275223,0.10743390768766403,0.028358410324966665,0.03700868027252067,0.10478879511356354,0.9622703790664673,0.9473684210526315,0.03872080505192146,0.9744390721920442,0.07142124628946622,0.02750211000319163,0.9922498252545634,0.993103448275862,1.0
breastcancer,1.0,Distill-S,11,23,0.9780219793319702,41.47802206873894,0.01648351517352431,0.9945054945054945,0.9780219793319702,44,0.9736842105263158,0.9649122807017544,0.09245660901069641,0.099473737180233,0.029599031335429106,0.02364355691692282,0.10345100611448288,0.9607955813407898,0.9385964912280702,0.043420657045231556,0.9743593242839841,0.06671238852034268,0.022191298588334175,0.9950482284783111,0.9945054945054945,
breastcancer,0.0,Distill-S,12,95,1.0,113.54395613074303,-0.005494505494505475,0.9945054945054945,1.0,116,0.9736842105263158,0.9736842105263158,0.05058322474360466,0.050893791019916534,0.027450874186398688,0.027237296104431152,0.05779058113694191,0.980063259601593,0.9649122807017544,0.023882804960805477,0.9733761586187104,0.059177368203218436,0.03662085827471175,0.9880069278558214,,0.978021978021978
breastcancer,0.2,Distill-S,12,70,0.9890109896659851,88.1538462638855,-6.549960573920544e-10,0.989010989010989,0.9890109896659851,91,0.9912280701754386,0.9824561403508771,0.05334015190601349,0.0573732815682888,0.024601215856117114,0.02412704574434381,0.07175314426422119,0.9712451696395874,0.956140350877193,0.03974734911315646,0.9653265766642399,0.07913776626627579,0.032470274250404704,0.9883816094548301,1.0,0.9931506849315068
breastcancer,0.4,Distill-S,12,20,0.9780219793319702,38.44505503773689,0.021978020668029785,1.0,0.9780219793319702,41,0.9736842105263158,0.9736842105263158,0.06773699074983597,0.06018645316362381,0.026813995419887073,0.029007822798009498,0.10314967483282089,0.9626861214637756,0.9736842105263158,0.01412496464368529,0.9789902670033006,0.05568297904440127,0.027598374110620133,0.9906999686567782,0.9583333333333334,1.0
breastcancer,0.6,Distill-S,12,20,0.9780219793319702,38.46703305840492,0.021978020668029785,1.0,0.9780219793319702,41,0.9736842105263158,0.9824561403508771,0.06687014549970627,0.058382779359817505,0.034698472734083205,0.01965924208624321,0.10044205188751221,0.9638651013374329,0.9736842105263158,0.020535017769225235,0.9738811527662192,0.06469747568184706,0.019696734142805046,0.9952466065976189,0.9724770642201835,1.0
breastcancer,0.8,Distill-S,12,20,0.9780219793319702,38.4505495429039,0.010989010334014893,1.0,0.9890109896659851,41,0.9736842105263158,0.9824561403508771,0.06450369954109192,0.05513235181570053,0.03050612828187775,0.023040252819395902,0.10158951580524445,0.9628303647041321,0.9649122807017544,0.026504477002283484,0.9746091374394481,0.0640245858939153,0.018690286055172086,0.9957365627199046,0.9793103448275862,1.0
breastcancer,1.0,Distill-S,12,20,0.9780219793319702,38.47252756357193,0.010989010334014893,1.0,0.9890109896659851,41,0.9736842105263158,0.9824561403508771,0.06302619725465775,0.05336511880159378,0.03516300362453126,0.03414664247579741,0.1026298850774765,0.9619845747947693,0.9824561403508771,0.032259719080083425,0.9719846700914588,0.06949743506699228,0.020209627322844766,0.9954787710649116,0.9835164835164835,
breastcancer,0.0,Distill-S,13,141,1.0,159.7362638115883,0.010989010334014893,1.0,0.9890109896659851,162,0.9736842105263158,0.9736842105263158,0.10911868512630463,0.11010327190160751,0.03273585857006538,0.01982659990327397,0.05780155956745148,0.9751698970794678,0.9385964912280702,0.03841220973871765,0.9770087009667877,0.06137702502978122,0.06690067572051914,0.9737541261071042,,0.9615384615384616
breastcancer,0.2,Distill-S,13,299,1.0,297.71978029608727,0.0,1.0,1.0,300,0.9912280701754386,0.9912280701754386,0.021011218428611755,0.021011218428611755,0.017972451030162342,0.017972451030162342,0.048531729727983475,0.9825164675712585,0.9649122807017544,0.03307299792177926,0.978984658567355,0.05682953488655425,0.05070032137946281,0.9833859150411208,1.0,0.9794520547945206
breastcancer,0.4,Distill-S,13,115,1.0,134.15934070944786,0.0,1.0,1.0,136,0.9824561403508771,0.9824561403508771,0.03302726894617081,0.03868761658668518,0.017971782830723544,0.016496750869249042,0.043601006269454956,0.9846711158752441,0.9473684210526315,0.04005411530227611,0.9726016025698413,0.06726898271997647,0.044632945790840706,0.9843158785060546,1.0,0.9727272727272728
breastcancer,0.6,Distill-S,13,253,1.0,271.19780230522156,0.0,1.0,1.0,274,0.9824561403508771,0.9824561403508771,0.034345127642154694,0.041652847081422806,0.01886901782270063,0.02317761276897631,0.03733137249946594,0.9858671426773071,0.9736842105263158,0.02639280998632373,0.9871546609287477,0.03731317489050064,0.03064938816102105,0.9925367094442944,1.0,0.9726027397260274
breastcancer,0.8,Distill-S,13,56,0.9890109896659851,74.4505495429039,0.010989010334014893,1.0,0.9890109896659851,77,1.0,1.0,0.008970646187663078,0.00984601117670536,0.008364605276208175,0.009106230317500599,0.02744775265455246,0.9916355013847351,0.9824561403508771,0.02015480627820478,0.9883072267409099,0.035479489338226984,0.03156874104403172,0.9923656763161804,1.0,0.972972972972973
breastcancer,1.0,Distill-S,13,56,0.9890109896659851,74.45604404807091,0.010989010334014893,1.0,0.9890109896659851,77,1.0,1.0,0.007515152916312218,0.007671923376619816,0.007039589840069151,0.007157764413900543,0.023340517655014992,0.9929604530334473,0.9824561403508771,0.019042842117352986,0.9902492193730582,0.029619550697608667,0.02659251702557871,0.9930534265330286,1.0,
breastcancer,0.0,Distill-S,14,39,0.9780219793319702,57.203296810388565,0.010989009679018835,0.989010989010989,0.9780219793319702,60,0.9649122807017544,0.9649122807017544,0.08314695954322815,0.07584209740161896,0.03237834363652946,0.02346863506133093,0.07364442944526672,0.9710432291030884,0.9824561403508771,0.026427995623126428,0.9823513734099637,0.049380861464043586,0.05482215709661779,0.9804395944230025,,0.9725274725274725
breastcancer,0.2,Distill-S,14,34,0.9780219793319702,52.3021979033947,0.01648351517352431,0.9945054945054945,0.9780219793319702,55,0.9649122807017544,0.9649122807017544,0.11964796483516693,0.13142113387584686,0.03257738811927926,0.03755523970252593,0.07274360209703445,0.970101535320282,0.9736842105263158,0.027129655921950095,0.9819778592702735,0.05128086481504882,0.046841633924063875,0.985048090307161,1.0,0.9794520547945206
breastcancer,0.4,Distill-S,14,40,0.9780219793319702,58.12637373805046,0.01648351517352431,0.9945054945054945,0.9780219793319702,61,0.9649122807017544,0.9649122807017544,0.11050298064947128,0.11937262862920761,0.025593195568051227,0.03345719607252821,0.06729365140199661,0.973431408405304,0.9824561403508771,0.024376225272011633,0.9777236310037402,0.05600604839339324,0.04409042298576073,0.9818398712923027,1.0,0.9636363636363636
breastcancer,0.6,Distill-S,14,34,0.9670329689979553,52.14835175871849,0.01648351517352431,0.9945054945054945,0.9780219793319702,55,0.956140350877193,0.956140350877193,0.1273483783006668,0.14754769206047058,0.026399099513104058,0.02538339506115829,0.07357587665319443,0.968755841255188,0.9649122807017544,0.03352450582456091,0.9813912949223883,0.049589545523531335,0.03931839562769469,0.9861812629939007,0.9908256880733946,0.9452054794520548
breastcancer,0.8,Distill-S,14,24,0.9780219793319702,42.56593415141106,0.01648351517352431,0.9945054945054945,0.9780219793319702,45,0.956140350877193,0.9649122807017544,0.12297792732715607,0.15990997850894928,0.02707180067112571,0.04136336163470623,0.08421169966459274,0.9664414525032043,0.9649122807017544,0.03098201429924618,0.985637234935709,0.03954576852786595,0.02528027202363634,0.9927543443515199,0.993103448275862,1.0
breastcancer,1.0,Distill-S,14,24,0.9780219793319702,42.56593415141106,0.01648351517352431,0.9945054945054945,0.9780219793319702,45,0.956140350877193,0.956140350877193,0.12519490718841553,0.16446200013160706,0.026052579022290412,0.04283121855635395,0.08233222365379333,0.9669934511184692,0.956140350877193,0.03969538852808118,0.9861347522026274,0.03979994097732725,0.023599968352005094,0.9933102831037992,0.9945054945054945,
breastcancer,0.0,Distill-S,15,25,0.9780219793319702,43.19780230522156,0.010989009679018835,0.989010989010989,0.9780219793319702,46,0.9912280701754386,0.9912280701754386,0.06551936268806458,0.05909081920981407,0.0372994787860335,0.028902594980440646,0.10438115149736404,0.960040271282196,0.9824561403508771,0.019407021459192163,0.9754971597755607,0.06739924412163865,0.07661169119543351,0.9662475685743362,,0.945054945054945
breastcancer,0.2,Distill-S,15,16,0.9560439586639404,33.901099026203156,0.03296703034704862,0.989010989010989,0.9560439586639404,37,0.956140350877193,0.9649122807017544,0.08723626285791397,0.06546188145875931,0.030589344208700617,0.01992333405896237,0.11847292631864548,0.9556474089622498,0.9824561403508771,0.02874196188794143,0.970428070593495,0.0740264049616158,0.06494811877349349,0.9724111316633754,1.0,0.9452054794520548
breastcancer,0.4,Distill-S,15,17,0.9780219793319702,35.12637373805046,0.027472524852543034,0.9835164835164835,0.9560439586639404,38,0.9649122807017544,0.9736842105263158,0.08389998227357864,0.0696864128112793,0.0360662931935829,0.02629372006968448,0.11925049126148224,0.9537195563316345,0.9824561403508771,0.029043635352096173,0.9744579923574971,0.06354857074366715,0.04800931240918863,0.9840988613849185,1.0,0.9545454545454546
breastcancer,0.6,Distill-S,15,17,0.9670329689979553,35.137362748384476,0.04395604133605957,1.0,0.9560439586639404,38,0.956140350877193,0.9649122807017544,0.0960741713643074,0.07616983354091644,0.03532897275790833,0.021632312159789245,0.1324819028377533,0.9456471800804138,0.956140350877193,0.036285996819873934,0.972370571197521,0.06815933166636011,0.044408595830496556,0.9836869060840563,0.9724770642201835,0.958904109589041
breastcancer,0.8,Distill-S,15,16,0.9560439586639404,34.06043967604637,0.03296703034704862,0.989010989010989,0.9560439586639404,37,0.956140350877193,0.956140350877193,0.10232715308666229,0.09391435235738754,0.032723348914531235,0.042457329076633125,0.13648547232151031,0.9472300410270691,0.9649122807017544,0.029192702428223912,0.9691228179962743,0.07558258701141542,0.048243621091837316,0.9821746277766057,0.9793103448275862,0.972972972972973
breastcancer,1.0,Distill-S,15,16,0.9560439586639404,34.06043967604637,0.038461535841554095,0.9945054945054945,0.9560439586639404,37,0.956140350877193,0.956140350877193,0.09982086718082428,0.10623020678758621,0.043858061757004047,0.037962323740908945,0.12377414852380753,0.9524024128913879,0.9473684210526315,0.04263986803373197,0.9765797772863847,0.05769435933007112,0.026703067935877373,0.9929035315171086,0.9835164835164835,
breastcancer,0.0,Distill-S,16,134,1.0,153.14835169911385,-0.01098901098901095,0.989010989010989,1.0,155,0.956140350877193,0.956140350877193,0.13332946598529816,0.13127049803733826,0.030725989425391488,0.02596801257970041,0.06964016705751419,0.9721040725708008,0.9649122807017544,0.030228780517727396,0.9624983700704368,0.08357609893895042,0.05035924964471831,0.9816238177269171,,0.9835164835164835
breastcancer,0.2,Distill-S,16,245,1.0,264.23626378178596,-0.01098901098901095,0.989010989010989,1.0,266,0.9824561403508771,0.9824561403508771,0.11226008832454681,0.11186908930540085,0.025987841581043437,0.02373029683765609,0.0583362840116024,0.9772887229919434,0.9736842105263158,0.031412512394821075,0.9669415488430164,0.0739183794007719,0.04450398328600943,0.9853035409372439,1.0,0.9931506849315068
breastcancer,0.4,Distill-S,16,78,0.9890109896659851,96.35714295506477,0.005494504839509418,0.9945054945054945,0.9890109896659851,99,0.956140350877193,0.956140350877193,0.1601209044456482,0.16318808495998383,0.033252909518124735,0.03354633900157189,0.05949154123663902,0.9786666035652161,0.9473684210526315,0.018722867629290145,0.9660912886819218,0.07576914777541796,0.04391739180763304,0.9858644487325293,1.0,0.9818181818181818
breastcancer,0.6,Distill-S,16,66,1.0,85.02197808027267,-0.005494505494505475,0.9945054945054945,1.0,87,0.956140350877193,0.956140350877193,0.16739434003829956,0.17657874524593353,0.03072314408787513,0.03281543129368836,0.0510144904255867,0.9830771088600159,0.956140350877193,0.02765591434409896,0.9699649408635349,0.06795127078443254,0.025662589235282925,0.9935957251168851,1.0,1.0
breastcancer,0.8,Distill-S,16,299,1.0,298.14835169911385,0.0,1.0,1.0,300,0.956140350877193,0.956140350877193,0.22009126842021942,0.22009126842021942,0.0383476876375968,0.0383476876375968,0.03642379119992256,0.9877268671989441,0.956140350877193,0.03764308381145004,0.9764548206171771,0.056577823963621016,0.021091800629992604,0.9946656887891053,1.0,1.0
breastcancer,1.0,Distill-S,16,293,1.0,298.14835169911385,0.0,1.0,1.0,300,0.956140350877193,0.956140350877193,0.20736026763916016,0.2069467455148697,0.03929346329287478,0.03922840011747259,0.041594766080379486,0.9852681159973145,0.956140350877193,0.028286920542864066,0.9698488235777433,0.07019552350997435,0.023285188284879865,0.9941738884958107,1.0,
breastcancer,0.0,Distill-S,17,28,0.9780219793319702,46.675824254751205,0.01648351517352431,0.9945054945054945,0.9780219793319702,49,0.9736842105263158,0.9736842105263158,0.08280865103006363,0.08213738352060318,0.037192566352978094,0.0282199267755475,0.09308288991451263,0.962573230266571,0.9824561403508771,0.018415535224421083,0.9772569665993379,0.0597272285693394,0.07408536326845302,0.966808023232666,,0.967032967032967
breastcancer,0.2,Distill-S,17,51,0.9780219793319702,69.1538462638855,0.01648351517352431,0.9945054945054945,0.9780219793319702,72,0.9736842105263158,0.9736842105263158,0.08313381671905518,0.0863647535443306,0.036662239254566666,0.037906597580826075,0.07971318066120148,0.967073917388916,0.9649122807017544,0.03529620484001195,0.9739475006700278,0.07101533280109971,0.06612180855305404,0.9726621030917096,1.0,0.9863013698630136
breastcancer,0.4,Distill-S,17,17,0.9780219793319702,35.90659347176552,0.010989009679018835,0.989010989010989,0.9780219793319702,38,0.9649122807017544,0.9736842105263158,0.0820702388882637,0.077374167740345,0.039816529604426595,0.03503497493894477,0.11058643460273743,0.9576719403266907,0.9824561403508771,0.020379117755666143,0.9751848415546179,0.052946838572551405,0.03661872622456997,0.9871674270536542,1.0,1.0
breastcancer,0.6,Distill-S,17,50,0.9780219793319702,68.18131878972054,0.021978020668029785,1.0,0.9780219793319702,71,0.9649122807017544,0.9649122807017544,0.08303029090166092,0.08944277465343475,0.026359787112788118,0.028016344497078335,0.06430575996637344,0.9739468693733215,0.9736842105263158,0.02555372348619283,0.974228684009085,0.05962882695132484,0.03236501218759293,0.9883765476531097,1.0,1.0
breastcancer,0.8,Distill-S,17,50,0.9890109896659851,68.75824183225632,0.010989010334014893,1.0,0.9890109896659851,71,0.9649122807017544,0.9649122807017544,0.0901489332318306,0.09229134768247604,0.02347264739505031,0.024650421058922452,0.05826786532998085,0.9759433269500732,0.9649122807017544,0.025496218683856257,0.9738442447114599,0.06438455712855853,0.022414348434922047,0.9940288471778354,1.0,1.0
breastcancer,1.0,Distill-S,17,32,0.9890109896659851,50.956044018268585,0.010989010334014893,1.0,0.9890109896659851,53,0.956140350877193,0.9649122807017544,0.08596929162740707,0.08824554830789566,0.03576324697126422,0.022833542865619318,0.07225284725427628,0.972761869430542,0.9649122807017544,0.023690653819934626,0.9728210958757298,0.06658252476439841,0.02348628350836554,0.9938142539272924,0.9945054945054945,
breastcancer,0.0,Distill-S,18,38,0.9780219793319702,55.989011108875275,0.01648351517352431,0.9945054945054945,0.9780219793319702,59,0.9649122807017544,0.9649122807017544,0.09752197563648224,0.10121307522058487,0.0371504012952771,0.032482981681823724,0.07093436270952225,0.9744046926498413,0.9649122807017544,0.030302295339745766,0.9878120712715074,0.0391084552358748,0.033606191811694074,0.9898964029057874,,0.9835164835164835
breastcancer,0.2,Distill-S,18,41,0.9670329689979553,58.61538475751877,0.027472525507539203,0.9945054945054945,0.9670329689979553,62,0.9649122807017544,0.9736842105263158,0.1070309653878212,0.11722730100154877,0.0324146548906962,0.0404176189188372,0.07270760089159012,0.9722291231155396,0.956140350877193,0.03228827637501281,0.9826974330643512,0.048637299305263594,0.045585325982612945,0.9806770305977885,1.0,0.9657534246575342
breastcancer,0.4,Distill-S,18,34,0.9670329689979553,51.774725407361984,0.027472525507539203,0.9945054945054945,0.9670329689979553,55,0.9736842105263158,0.9736842105263158,0.09702415764331818,0.10098970681428909,0.02428830454224038,0.02827345592933793,0.07098329067230225,0.9744153022766113,0.9649122807017544,0.03287008348654343,0.9836846771956755,0.04409649073685812,0.023783620839920732,0.9932201553713591,1.0,0.9818181818181818
breastcancer,0.6,Distill-S,18,34,0.9670329689979553,51.71978035569191,0.027472525507539203,0.9945054945054945,0.9670329689979553,55,0.9736842105263158,0.9736842105263158,0.08876174688339233,0.0972488522529602,0.020298408311710023,0.03398822221839636,0.07368236035108566,0.9716179966926575,0.9649122807017544,0.03689765129497932,0.978418421539204,0.05447948071339651,0.02712589800314166,0.9919876587587646,1.0,0.9863013698630136
breastcancer,0.8,Distill-S,18,27,0.9670329689979553,45.06043967604637,0.027472525507539203,0.9945054945054945,0.9670329689979553,48,0.9736842105263158,0.9736842105263158,0.08579915761947632,0.09631147235631943,0.033597630366944436,0.02609198082957348,0.08531864732503891,0.9674693942070007,0.9649122807017544,0.019418299026624536,0.970667925368001,0.06913201252611287,0.02441128407232052,0.993810835189887,0.993103448275862,1.0
breastcancer,1.0,Distill-S,18,28,0.9670329689979553,46.02747264504433,0.03296703100204468,1.0,0.9670329689979553,49,0.9736842105263158,0.9736842105263158,0.08472464978694916,0.09563727676868439,0.030021537291376185,0.025224314969882596,0.08391345292329788,0.9674893021583557,0.9649122807017544,0.03322598096323398,0.9725807896031083,0.06664352822406606,0.020490262047309596,0.9952846009598126,0.9945054945054945,
breastcancer,0.0,Distill-S,19,19,0.9890109896659851,37.521978110075,0.027472524852543034,0.9835164835164835,0.9560439586639404,40,0.9649122807017544,0.9649122807017544,0.07771607488393784,0.0742582306265831,0.04110936376086452,0.03347406889262952,0.10444179177284241,0.9646618366241455,0.956140350877193,0.041677248857910854,0.9835467662823211,0.049162281811086624,0.05976433608670729,0.9765847493718163,,0.9835164835164835
breastcancer,0.2,Distill-S,19,30,0.9890109896659851,48.912087976932526,-6.549960573920544e-10,0.989010989010989,0.9890109896659851,51,0.9649122807017544,0.9649122807017544,0.07799447327852249,0.07727600634098053,0.029738634301905046,0.026225405826903227,0.07183681428432465,0.9770123958587646,0.9649122807017544,0.02601376439213183,0.9813749039772083,0.04868665942343099,0.0385263761059941,0.9880622362073788,1.0,0.9794520547945206
breastcancer,0.4,Distill-S,19,30,0.9890109896659851,48.890109956264496,-6.549960573920544e-10,0.989010989010989,0.9890109896659851,51,0.9649122807017544,0.9649122807017544,0.07888072729110718,0.07873696833848953,0.023865063462341046,0.0325393342135245,0.07559467852115631,0.9753276705741882,0.9649122807017544,0.028087040147385577,0.981710628367274,0.052824012328277194,0.03400851858782509,0.9881366088626071,1.0,1.0
breastcancer,0.6,Distill-S,19,30,0.9890109896659851,48.890109956264496,-6.549960573920544e-10,0.989010989010989,0.9890109896659851,51,0.9736842105263158,0.9649122807017544,0.08252374827861786,0.0878244936466217,0.02095681272054974,0.016320869065167578,0.08140227198600769,0.9724190831184387,0.9736842105263158,0.01868188499564342,0.9825584895096385,0.05622771681393954,0.03161876593921769,0.9905473580016964,0.9908256880733946,0.9726027397260274
breastcancer,0.8,Distill-S,19,30,0.9890109896659851,48.90109896659851,0.005494504839509418,0.9945054945054945,0.9890109896659851,51,0.9649122807017544,0.9649122807017544,0.0827115997672081,0.08816084265708923,0.03170851029847798,0.034800497586267035,0.07814221829175949,0.9753825068473816,0.9649122807017544,0.024283668362448725,0.9816601395517285,0.0597417725510632,0.032883841674412724,0.9885824084880732,0.9862068965517241,1.0
breastcancer,1.0,Distill-S,19,30,0.9890109896659851,48.912087976932526,0.010989010334014893,1.0,0.9890109896659851,51,0.9649122807017544,0.9649122807017544,0.08707518130540848,0.09485665708780289,0.0305210383314835,0.017896431579924436,0.08013185858726501,0.9736676216125488,0.9649122807017544,0.03118155187707457,0.9776347677441837,0.06596063645672841,0.025519335416996497,0.9935589733539341,0.989010989010989,
digits,0.0,Baseline-Full,0,25,0.9860627055168152,43.60627177357674,0.017421603202819824,1.0,0.9825783967971802,46,0.9722222222222222,0.9694444444444444,0.11685504764318466,0.12288833409547806,0.015546586943997229,0.017115078204207906,0.07531110942363739,0.9746360778808594,,,,,,,,
digits,0.2,Baseline-Full,0,25,0.9860627055168152,43.60627177357674,0.017421603202819824,1.0,0.9825783967971802,46,0.9722222222222222,0.9694444444444444,0.11685504764318466,0.12288833409547806,0.015546586943997229,0.017115078204207906,0.07531110942363739,0.9746360778808594,,,,,,,,
digits,0.4,Baseline-Full,0,25,0.9860627055168152,43.60627177357674,0.017421603202819824,1.0,0.9825783967971802,46,0.9722222222222222,0.9694444444444444,0.11685504764318466,0.12288833409547806,0.015546586943997229,0.017115078204207906,0.07531110942363739,0.9746360778808594,,,,,,,,
digits,0.6,Baseline-Full,0,25,0.9860627055168152,43.60627177357674,0.017421603202819824,1.0,0.9825783967971802,46,0.9722222222222222,0.9694444444444444,0.11685504764318466,0.12288833409547806,0.015546586943997229,0.017115078204207906,0.07531110942363739,0.9746360778808594,,,,,,,,
digits,0.8,Baseline-Full,0,25,0.9860627055168152,43.60627177357674,0.017421603202819824,1.0,0.9825783967971802,46,0.9722222222222222,0.9694444444444444,0.11685504764318466,0.12288833409547806,0.015546586943997229,0.017115078204207906,0.07531110942363739,0.9746360778808594,,,,,,,,
digits,1.0,Baseline-Full,0,25,0.9860627055168152,43.60627177357674,0.017421603202819824,1.0,0.9825783967971802,46,0.9722222222222222,0.9694444444444444,0.11685504764318466,0.12288833409547806,0.015546586943997229,0.017115078204207906,0.07531110942363739,0.9746360778808594,,,,,,,,
digits,0.0,Baseline-Full,1,33,0.9860627055168152,51.702090084552765,0.013937294483184814,1.0,0.9860627055168152,54,0.9666666666666667,0.9694444444444444,0.14431022107601166,0.14966613054275513,0.019204679462644803,0.019727417495515584,0.06287728250026703,0.9787802696228027,,,,,,,,
digits,0.2,Baseline-Full,1,33,0.9860627055168152,51.702090084552765,0.013937294483184814,1.0,0.9860627055168152,54,0.9666666666666667,0.9694444444444444,0.14431022107601166,0.14966613054275513,0.019204679462644803,0.019727417495515584,0.06287728250026703,0.9787802696228027,,,,,,,,
digits,0.4,Baseline-Full,1,33,0.9860627055168152,51.702090084552765,0.013937294483184814,1.0,0.9860627055168152,54,0.9666666666666667,0.9694444444444444,0.14431022107601166,0.14966613054275513,0.019204679462644803,0.019727417495515584,0.06287728250026703,0.9787802696228027,,,,,,,,
digits,0.6,Baseline-Full,1,33,0.9860627055168152,51.702090084552765,0.013937294483184814,1.0,0.9860627055168152,54,0.9666666666666667,0.9694444444444444,0.14431022107601166,0.14966613054275513,0.019204679462644803,0.019727417495515584,0.06287728250026703,0.9787802696228027,,,,,,,,
digits,0.8,Baseline-Full,1,33,0.9860627055168152,51.702090084552765,0.013937294483184814,1.0,0.9860627055168152,54,0.9666666666666667,0.9694444444444444,0.14431022107601166,0.14966613054275513,0.019204679462644803,0.019727417495515584,0.06287728250026703,0.9787802696228027,,,,,,,,
digits,1.0,Baseline-Full,1,33,0.9860627055168152,51.702090084552765,0.013937294483184814,1.0,0.9860627055168152,54,0.9666666666666667,0.9694444444444444,0.14431022107601166,0.14966613054275513,0.019204679462644803,0.019727417495515584,0.06287728250026703,0.9787802696228027,,,,,,,,
digits,0.0,Baseline-Full,2,26,0.9651567935943604,43.621950924396515,0.03135889768600464,1.0,0.9686411023139954,47,0.9777777777777777,0.975,0.10574495792388916,0.11245905607938766,0.019788736187749387,0.0191309394107925,0.07365349680185318,0.9750313758850098,,,,,,,,
digits,0.2,Baseline-Full,2,26,0.9651567935943604,43.621950924396515,0.03135889768600464,1.0,0.9686411023139954,47,0.9777777777777777,0.975,0.10574495792388916,0.11245905607938766,0.019788736187749387,0.0191309394107925,0.07365349680185318,0.9750313758850098,,,,,,,,
digits,0.4,Baseline-Full,2,26,0.9651567935943604,43.621950924396515,0.03135889768600464,1.0,0.9686411023139954,47,0.9777777777777777,0.975,0.10574495792388916,0.11245905607938766,0.019788736187749387,0.0191309394107925,0.07365349680185318,0.9750313758850098,,,,,,,,
digits,0.6,Baseline-Full,2,26,0.9651567935943604,43.621950924396515,0.03135889768600464,1.0,0.9686411023139954,47,0.9777777777777777,0.975,0.10574495792388916,0.11245905607938766,0.019788736187749387,0.0191309394107925,0.07365349680185318,0.9750313758850098,,,,,,,,
digits,0.8,Baseline-Full,2,26,0.9651567935943604,43.621950924396515,0.03135889768600464,1.0,0.9686411023139954,47,0.9777777777777777,0.975,0.10574495792388916,0.11245905607938766,0.019788736187749387,0.0191309394107925,0.07365349680185318,0.9750313758850098,,,,,,,,
digits,1.0,Baseline-Full,2,26,0.9651567935943604,43.621950924396515,0.03135889768600464,1.0,0.9686411023139954,47,0.9777777777777777,0.975,0.10574495792388916,0.11245905607938766,0.019788736187749387,0.0191309394107925,0.07365349680185318,0.9750313758850098,,,,,,,,
digits,0.0,Baseline-Full,3,39,0.9790940880775452,56.74041819572449,0.020905911922454834,1.0,0.9790940880775452,60,0.9722222222222222,0.9722222222222222,0.1172177866101265,0.12369851022958755,0.021167195753918795,0.02064921508232749,0.05550354719161987,0.981817901134491,,,,,,,,
digits,0.2,Baseline-Full,3,39,0.9790940880775452,56.74041819572449,0.020905911922454834,1.0,0.9790940880775452,60,0.9722222222222222,0.9722222222222222,0.1172177866101265,0.12369851022958755,0.021167195753918795,0.02064921508232749,0.05550354719161987,0.981817901134491,,,,,,,,
digits,0.4,Baseline-Full,3,39,0.9790940880775452,56.74041819572449,0.020905911922454834,1.0,0.9790940880775452,60,0.9722222222222222,0.9722222222222222,0.1172177866101265,0.12369851022958755,0.021167195753918795,0.02064921508232749,0.05550354719161987,0.981817901134491,,,,,,,,
digits,0.6,Baseline-Full,3,39,0.9790940880775452,56.74041819572449,0.020905911922454834,1.0,0.9790940880775452,60,0.9722222222222222,0.9722222222222222,0.1172177866101265,0.12369851022958755,0.021167195753918795,0.02064921508232749,0.05550354719161987,0.981817901134491,,,,,,,,
digits,0.8,Baseline-Full,3,39,0.9790940880775452,56.74041819572449,0.020905911922454834,1.0,0.9790940880775452,60,0.9722222222222222,0.9722222222222222,0.1172177866101265,0.12369851022958755,0.021167195753918795,0.02064921508232749,0.05550354719161987,0.981817901134491,,,,,,,,
digits,1.0,Baseline-Full,3,39,0.9790940880775452,56.74041819572449,0.020905911922454834,1.0,0.9790940880775452,60,0.9722222222222222,0.9722222222222222,0.1172177866101265,0.12369851022958755,0.021167195753918795,0.02064921508232749,0.05550354719161987,0.981817901134491,,,,,,,,
digits,0.0,Baseline-Full,4,209,0.9790940880775452,223.07491436600685,0.020905911922454834,1.0,0.9790940880775452,230,0.9638888888888889,0.9638888888888889,0.16965289413928986,0.1736236810684204,0.0250865442885293,0.0231951765716076,0.03671491518616676,0.9855690598487854,,,,,,,,
digits,0.2,Baseline-Full,4,209,0.9790940880775452,223.07491436600685,0.020905911922454834,1.0,0.9790940880775452,230,0.9638888888888889,0.9638888888888889,0.16965289413928986,0.1736236810684204,0.0250865442885293,0.0231951765716076,0.03671491518616676,0.9855690598487854,,,,,,,,
digits,0.4,Baseline-Full,4,209,0.9790940880775452,223.07491436600685,0.020905911922454834,1.0,0.9790940880775452,230,0.9638888888888889,0.9638888888888889,0.16965289413928986,0.1736236810684204,0.0250865442885293,0.0231951765716076,0.03671491518616676,0.9855690598487854,,,,,,,,
digits,0.6,Baseline-Full,4,209,0.9790940880775452,223.07491436600685,0.020905911922454834,1.0,0.9790940880775452,230,0.9638888888888889,0.9638888888888889,0.16965289413928986,0.1736236810684204,0.0250865442885293,0.0231951765716076,0.03671491518616676,0.9855690598487854,,,,,,,,
digits,0.8,Baseline-Full,4,209,0.9790940880775452,223.07491436600685,0.020905911922454834,1.0,0.9790940880775452,230,0.9638888888888889,0.9638888888888889,0.16965289413928986,0.1736236810684204,0.0250865442885293,0.0231951765716076,0.03671491518616676,0.9855690598487854,,,,,,,,
digits,1.0,Baseline-Full,4,209,0.9790940880775452,223.07491436600685,0.020905911922454834,1.0,0.9790940880775452,230,0.9638888888888889,0.9638888888888889,0.16965289413928986,0.1736236810684204,0.0250865442885293,0.0231951765716076,0.03671491518616676,0.9855690598487854,,,,,,,,
digits,0.0,Baseline-Full,5,20,0.9721254110336304,38.38675943017006,0.024390220642089844,1.0,0.9756097793579102,41,0.9694444444444444,0.975,0.11900363862514496,0.11397206783294678,0.016358164366748577,0.019561604410409876,0.1081727147102356,0.9640123844146729,,,,,,,,
digits,0.2,Baseline-Full,5,20,0.9721254110336304,38.38675943017006,0.024390220642089844,1.0,0.9756097793579102,41,0.9694444444444444,0.975,0.11900363862514496,0.11397206783294678,0.016358164366748577,0.019561604410409876,0.1081727147102356,0.9640123844146729,,,,,,,,
digits,0.4,Baseline-Full,5,20,0.9721254110336304,38.38675943017006,0.024390220642089844,1.0,0.9756097793579102,41,0.9694444444444444,0.975,0.11900363862514496,0.11397206783294678,0.016358164366748577,0.019561604410409876,0.1081727147102356,0.9640123844146729,,,,,,,,
digits,0.6,Baseline-Full,5,20,0.9721254110336304,38.38675943017006,0.024390220642089844,1.0,0.9756097793579102,41,0.9694444444444444,0.975,0.11900363862514496,0.11397206783294678,0.016358164366748577,0.019561604410409876,0.1081727147102356,0.9640123844146729,,,,,,,,
digits,0.8,Baseline-Full,5,20,0.9721254110336304,38.38675943017006,0.024390220642089844,1.0,0.9756097793579102,41,0.9694444444444444,0.975,0.11900363862514496,0.11397206783294678,0.016358164366748577,0.019561604410409876,0.1081727147102356,0.9640123844146729,,,,,,,,
digits,1.0,Baseline-Full,5,20,0.9721254110336304,38.38675943017006,0.024390220642089844,1.0,0.9756097793579102,41,0.9694444444444444,0.975,0.11900363862514496,0.11397206783294678,0.016358164366748577,0.019561604410409876,0.1081727147102356,0.9640123844146729,,,,,,,,
digits,0.0,Baseline-Full,6,24,0.9790940880775452,42.313589096069336,0.020905911922454834,1.0,0.9790940880775452,45,0.9555555555555556,0.9611111111111111,0.15608033537864685,0.16533641517162323,0.028891165388954976,0.026560986207591203,0.08741404116153717,0.9705615639686584,,,,,,,,
digits,0.2,Baseline-Full,6,24,0.9790940880775452,42.313589096069336,0.020905911922454834,1.0,0.9790940880775452,45,0.9555555555555556,0.9611111111111111,0.15608033537864685,0.16533641517162323,0.028891165388954976,0.026560986207591203,0.08741404116153717,0.9705615639686584,,,,,,,,
digits,0.4,Baseline-Full,6,24,0.9790940880775452,42.313589096069336,0.020905911922454834,1.0,0.9790940880775452,45,0.9555555555555556,0.9611111111111111,0.15608033537864685,0.16533641517162323,0.028891165388954976,0.026560986207591203,0.08741404116153717,0.9705615639686584,,,,,,,,
digits,0.6,Baseline-Full,6,24,0.9790940880775452,42.313589096069336,0.020905911922454834,1.0,0.9790940880775452,45,0.9555555555555556,0.9611111111111111,0.15608033537864685,0.16533641517162323,0.028891165388954976,0.026560986207591203,0.08741404116153717,0.9705615639686584,,,,,,,,
digits,0.8,Baseline-Full,6,24,0.9790940880775452,42.313589096069336,0.020905911922454834,1.0,0.9790940880775452,45,0.9555555555555556,0.9611111111111111,0.15608033537864685,0.16533641517162323,0.028891165388954976,0.026560986207591203,0.08741404116153717,0.9705615639686584,,,,,,,,
digits,1.0,Baseline-Full,6,24,0.9790940880775452,42.313589096069336,0.020905911922454834,1.0,0.9790940880775452,45,0.9555555555555556,0.9611111111111111,0.15608033537864685,0.16533641517162323,0.028891165388954976,0.026560986207591203,0.08741404116153717,0.9705615639686584,,,,,,,,
digits,0.0,Baseline-Full,7,69,0.9790940880775452,85.78745704889297,0.024390220642089844,1.0,0.9756097793579102,90,0.9666666666666667,0.9666666666666667,0.1932198405265808,0.20355425775051117,0.02576950713992114,0.024881509443124162,0.0393306165933609,0.98647141456604,,,,,,,,
digits,0.2,Baseline-Full,7,69,0.9790940880775452,85.78745704889297,0.024390220642089844,1.0,0.9756097793579102,90,0.9666666666666667,0.9666666666666667,0.1932198405265808,0.20355425775051117,0.02576950713992114,0.024881509443124162,0.0393306165933609,0.98647141456604,,,,,,,,
digits,0.4,Baseline-Full,7,69,0.9790940880775452,85.78745704889297,0.024390220642089844,1.0,0.9756097793579102,90,0.9666666666666667,0.9666666666666667,0.1932198405265808,0.20355425775051117,0.02576950713992114,0.024881509443124162,0.0393306165933609,0.98647141456604,,,,,,,,
digits,0.6,Baseline-Full,7,69,0.9790940880775452,85.78745704889297,0.024390220642089844,1.0,0.9756097793579102,90,0.9666666666666667,0.9666666666666667,0.1932198405265808,0.20355425775051117,0.02576950713992114,0.024881509443124162,0.0393306165933609,0.98647141456604,,,,,,,,
digits,0.8,Baseline-Full,7,69,0.9790940880775452,85.78745704889297,0.024390220642089844,1.0,0.9756097793579102,90,0.9666666666666667,0.9666666666666667,0.1932198405265808,0.20355425775051117,0.02576950713992114,0.024881509443124162,0.0393306165933609,0.98647141456604,,,,,,,,
digits,1.0,Baseline-Full,7,69,0.9790940880775452,85.78745704889297,0.024390220642089844,1.0,0.9756097793579102,90,0.9666666666666667,0.9666666666666667,0.1932198405265808,0.20355425775051117,0.02576950713992114,0.024881509443124162,0.0393306165933609,0.98647141456604,,,,,,,,
digits,0.0,Baseline-Full,8,19,0.9616724848747253,36.63763079047203,0.03832751512527466,1.0,0.9616724848747253,40,0.9666666666666667,0.9666666666666667,0.12428785115480423,0.13793690502643585,0.022695374157693685,0.022488701260752107,0.08475113660097122,0.9730989336967468,,,,,,,,
digits,0.2,Baseline-Full,8,19,0.9616724848747253,36.63763079047203,0.03832751512527466,1.0,0.9616724848747253,40,0.9666666666666667,0.9666666666666667,0.12428785115480423,0.13793690502643585,0.022695374157693685,0.022488701260752107,0.08475113660097122,0.9730989336967468,,,,,,,,
digits,0.4,Baseline-Full,8,19,0.9616724848747253,36.63763079047203,0.03832751512527466,1.0,0.9616724848747253,40,0.9666666666666667,0.9666666666666667,0.12428785115480423,0.13793690502643585,0.022695374157693685,0.022488701260752107,0.08475113660097122,0.9730989336967468,,,,,,,,
digits,0.6,Baseline-Full,8,19,0.9616724848747253,36.63763079047203,0.03832751512527466,1.0,0.9616724848747253,40,0.9666666666666667,0.9666666666666667,0.12428785115480423,0.13793690502643585,0.022695374157693685,0.022488701260752107,0.08475113660097122,0.9730989336967468,,,,,,,,
digits,0.8,Baseline-Full,8,19,0.9616724848747253,36.63763079047203,0.03832751512527466,1.0,0.9616724848747253,40,0.9666666666666667,0.9666666666666667,0.12428785115480423,0.13793690502643585,0.022695374157693685,0.022488701260752107,0.08475113660097122,0.9730989336967468,,,,,,,,
digits,1.0,Baseline-Full,8,19,0.9616724848747253,36.63763079047203,0.03832751512527466,1.0,0.9616724848747253,40,0.9666666666666667,0.9666666666666667,0.12428785115480423,0.13793690502643585,0.022695374157693685,0.022488701260752107,0.08475113660097122,0.9730989336967468,,,,,,,,
digits,0.0,Baseline-Full,9,282,0.9860627055168152,293.4634124338627,0.013937294483184814,1.0,0.9860627055168152,300,0.975,0.9777777777777777,0.1392267644405365,0.1425771266222,0.017886292272143885,0.01775450540913473,0.020537791773676872,0.991097092628479,,,,,,,,
digits,0.2,Baseline-Full,9,282,0.9860627055168152,293.4634124338627,0.013937294483184814,1.0,0.9860627055168152,300,0.975,0.9777777777777777,0.1392267644405365,0.1425771266222,0.017886292272143885,0.01775450540913473,0.020537791773676872,0.991097092628479,,,,,,,,
digits,0.4,Baseline-Full,9,282,0.9860627055168152,293.4634124338627,0.013937294483184814,1.0,0.9860627055168152,300,0.975,0.9777777777777777,0.1392267644405365,0.1425771266222,0.017886292272143885,0.01775450540913473,0.020537791773676872,0.991097092628479,,,,,,,,
digits,0.6,Baseline-Full,9,282,0.9860627055168152,293.4634124338627,0.013937294483184814,1.0,0.9860627055168152,300,0.975,0.9777777777777777,0.1392267644405365,0.1425771266222,0.017886292272143885,0.01775450540913473,0.020537791773676872,0.991097092628479,,,,,,,,
digits,0.8,Baseline-Full,9,282,0.9860627055168152,293.4634124338627,0.013937294483184814,1.0,0.9860627055168152,300,0.975,0.9777777777777777,0.1392267644405365,0.1425771266222,0.017886292272143885,0.01775450540913473,0.020537791773676872,0.991097092628479,,,,,,,,
digits,1.0,Baseline-Full,9,282,0.9860627055168152,293.4634124338627,0.013937294483184814,1.0,0.9860627055168152,300,0.975,0.9777777777777777,0.1392267644405365,0.1425771266222,0.017886292272143885,0.01775450540913473,0.020537791773676872,0.991097092628479,,,,,,,,
digits,0.0,Baseline-Full,10,21,0.9616724848747253,39.01045307517052,0.03484320640563965,1.0,0.9651567935943604,42,0.9555555555555556,0.9611111111111111,0.14508146047592163,0.15694233775138855,0.023702782061364874,0.025060008714596398,0.10187089443206787,0.9647258520126343,,,,,,,,
digits,0.2,Baseline-Full,10,21,0.9616724848747253,39.01045307517052,0.03484320640563965,1.0,0.9651567935943604,42,0.9555555555555556,0.9611111111111111,0.14508146047592163,0.15694233775138855,0.023702782061364874,0.025060008714596398,0.10187089443206787,0.9647258520126343,,,,,,,,
digits,0.4,Baseline-Full,10,21,0.9616724848747253,39.01045307517052,0.03484320640563965,1.0,0.9651567935943604,42,0.9555555555555556,0.9611111111111111,0.14508146047592163,0.15694233775138855,0.023702782061364874,0.025060008714596398,0.10187089443206787,0.9647258520126343,,,,,,,,
digits,0.6,Baseline-Full,10,21,0.9616724848747253,39.01045307517052,0.03484320640563965,1.0,0.9651567935943604,42,0.9555555555555556,0.9611111111111111,0.14508146047592163,0.15694233775138855,0.023702782061364874,0.025060008714596398,0.10187089443206787,0.9647258520126343,,,,,,,,
digits,0.8,Baseline-Full,10,21,0.9616724848747253,39.01045307517052,0.03484320640563965,1.0,0.9651567935943604,42,0.9555555555555556,0.9611111111111111,0.14508146047592163,0.15694233775138855,0.023702782061364874,0.025060008714596398,0.10187089443206787,0.9647258520126343,,,,,,,,
digits,1.0,Baseline-Full,10,21,0.9616724848747253,39.01045307517052,0.03484320640563965,1.0,0.9651567935943604,42,0.9555555555555556,0.9611111111111111,0.14508146047592163,0.15694233775138855,0.023702782061364874,0.025060008714596398,0.10187089443206787,0.9647258520126343,,,,,,,,
digits,0.0,Baseline-Full,11,21,0.9651567935943604,39.013937532901764,0.04181182384490967,1.0,0.9581881761550903,42,0.9861111111111112,0.9861111111111112,0.06271140277385712,0.056769587099552155,0.02112088716692395,0.010948536627822482,0.09673911333084106,0.9706131219863892,,,,,,,,
digits,0.2,Baseline-Full,11,21,0.9651567935943604,39.013937532901764,0.04181182384490967,1.0,0.9581881761550903,42,0.9861111111111112,0.9861111111111112,0.06271140277385712,0.056769587099552155,0.02112088716692395,0.010948536627822482,0.09673911333084106,0.9706131219863892,,,,,,,,
digits,0.4,Baseline-Full,11,21,0.9651567935943604,39.013937532901764,0.04181182384490967,1.0,0.9581881761550903,42,0.9861111111111112,0.9861111111111112,0.06271140277385712,0.056769587099552155,0.02112088716692395,0.010948536627822482,0.09673911333084106,0.9706131219863892,,,,,,,,
digits,0.6,Baseline-Full,11,21,0.9651567935943604,39.013937532901764,0.04181182384490967,1.0,0.9581881761550903,42,0.9861111111111112,0.9861111111111112,0.06271140277385712,0.056769587099552155,0.02112088716692395,0.010948536627822482,0.09673911333084106,0.9706131219863892,,,,,,,,
digits,0.8,Baseline-Full,11,21,0.9651567935943604,39.013937532901764,0.04181182384490967,1.0,0.9581881761550903,42,0.9861111111111112,0.9861111111111112,0.06271140277385712,0.056769587099552155,0.02112088716692395,0.010948536627822482,0.09673911333084106,0.9706131219863892,,,,,,,,
digits,1.0,Baseline-Full,11,21,0.9651567935943604,39.013937532901764,0.04181182384490967,1.0,0.9581881761550903,42,0.9861111111111112,0.9861111111111112,0.06271140277385712,0.056769587099552155,0.02112088716692395,0.010948536627822482,0.09673911333084106,0.9706131219863892,,,,,,,,
digits,0.0,Baseline-Full,12,20,0.9547038078308105,37.773519307374954,0.04181182384490967,1.0,0.9581881761550903,41,0.9777777777777777,0.9805555555555555,0.08446257561445236,0.088056281208992,0.014167205161518537,0.011251301566759759,0.0810931921005249,0.973512589931488,,,,,,,,
digits,0.2,Baseline-Full,12,20,0.9547038078308105,37.773519307374954,0.04181182384490967,1.0,0.9581881761550903,41,0.9777777777777777,0.9805555555555555,0.08446257561445236,0.088056281208992,0.014167205161518537,0.011251301566759759,0.0810931921005249,0.973512589931488,,,,,,,,
digits,0.4,Baseline-Full,12,20,0.9547038078308105,37.773519307374954,0.04181182384490967,1.0,0.9581881761550903,41,0.9777777777777777,0.9805555555555555,0.08446257561445236,0.088056281208992,0.014167205161518537,0.011251301566759759,0.0810931921005249,0.973512589931488,,,,,,,,
digits,0.6,Baseline-Full,12,20,0.9547038078308105,37.773519307374954,0.04181182384490967,1.0,0.9581881761550903,41,0.9777777777777777,0.9805555555555555,0.08446257561445236,0.088056281208992,0.014167205161518537,0.011251301566759759,0.0810931921005249,0.973512589931488,,,,,,,,
digits,0.8,Baseline-Full,12,20,0.9547038078308105,37.773519307374954,0.04181182384490967,1.0,0.9581881761550903,41,0.9777777777777777,0.9805555555555555,0.08446257561445236,0.088056281208992,0.014167205161518537,0.011251301566759759,0.0810931921005249,0.973512589931488,,,,,,,,
digits,1.0,Baseline-Full,12,20,0.9547038078308105,37.773519307374954,0.04181182384490967,1.0,0.9581881761550903,41,0.9777777777777777,0.9805555555555555,0.08446257561445236,0.088056281208992,0.014167205161518537,0.011251301566759759,0.0810931921005249,0.973512589931488,,,,,,,,
digits,0.0,Baseline-Full,13,165,0.9721254110336304,179.75087270140648,0.02787458896636963,1.0,0.9721254110336304,186,0.9694444444444444,0.9694444444444444,0.14391374588012695,0.14885647594928741,0.021951498256789333,0.02260954984360273,0.030740886926651,0.9886832237243652,,,,,,,,
digits,0.2,Baseline-Full,13,165,0.9721254110336304,179.75087270140648,0.02787458896636963,1.0,0.9721254110336304,186,0.9694444444444444,0.9694444444444444,0.14391374588012695,0.14885647594928741,0.021951498256789333,0.02260954984360273,0.030740886926651,0.9886832237243652,,,,,,,,
digits,0.4,Baseline-Full,13,165,0.9721254110336304,179.75087270140648,0.02787458896636963,1.0,0.9721254110336304,186,0.9694444444444444,0.9694444444444444,0.14391374588012695,0.14885647594928741,0.021951498256789333,0.02260954984360273,0.030740886926651,0.9886832237243652,,,,,,,,
digits,0.6,Baseline-Full,13,165,0.9721254110336304,179.75087270140648,0.02787458896636963,1.0,0.9721254110336304,186,0.9694444444444444,0.9694444444444444,0.14391374588012695,0.14885647594928741,0.021951498256789333,0.02260954984360273,0.030740886926651,0.9886832237243652,,,,,,,,
digits,0.8,Baseline-Full,13,165,0.9721254110336304,179.75087270140648,0.02787458896636963,1.0,0.9721254110336304,186,0.9694444444444444,0.9694444444444444,0.14391374588012695,0.14885647594928741,0.021951498256789333,0.02260954984360273,0.030740886926651,0.9886832237243652,,,,,,,,
digits,1.0,Baseline-Full,13,165,0.9721254110336304,179.75087270140648,0.02787458896636963,1.0,0.9721254110336304,186,0.9694444444444444,0.9694444444444444,0.14391374588012695,0.14885647594928741,0.021951498256789333,0.02260954984360273,0.030740886926651,0.9886832237243652,,,,,,,,
digits,0.0,Baseline-Full,14,59,0.9686411023139954,76.02090522646904,0.02787458896636963,1.0,0.9721254110336304,80,0.9666666666666667,0.9666666666666667,0.13299216330051422,0.13547679781913757,0.017022181385093236,0.019201099210315292,0.04752253368496895,0.9818235635757446,,,,,,,,
digits,0.2,Baseline-Full,14,59,0.9686411023139954,76.02090522646904,0.02787458896636963,1.0,0.9721254110336304,80,0.9666666666666667,0.9666666666666667,0.13299216330051422,0.13547679781913757,0.017022181385093236,0.019201099210315292,0.04752253368496895,0.9818235635757446,,,,,,,,
digits,0.4,Baseline-Full,14,59,0.9686411023139954,76.02090522646904,0.02787458896636963,1.0,0.9721254110336304,80,0.9666666666666667,0.9666666666666667,0.13299216330051422,0.13547679781913757,0.017022181385093236,0.019201099210315292,0.04752253368496895,0.9818235635757446,,,,,,,,
digits,0.6,Baseline-Full,14,59,0.9686411023139954,76.02090522646904,0.02787458896636963,1.0,0.9721254110336304,80,0.9666666666666667,0.9666666666666667,0.13299216330051422,0.13547679781913757,0.017022181385093236,0.019201099210315292,0.04752253368496895,0.9818235635757446,,,,,,,,
digits,0.8,Baseline-Full,14,59,0.9686411023139954,76.02090522646904,0.02787458896636963,1.0,0.9721254110336304,80,0.9666666666666667,0.9666666666666667,0.13299216330051422,0.13547679781913757,0.017022181385093236,0.019201099210315292,0.04752253368496895,0.9818235635757446,,,,,,,,
digits,1.0,Baseline-Full,14,59,0.9686411023139954,76.02090522646904,0.02787458896636963,1.0,0.9721254110336304,80,0.9666666666666667,0.9666666666666667,0.13299216330051422,0.13547679781913757,0.017022181385093236,0.019201099210315292,0.04752253368496895,0.9818235635757446,,,,,,,,
digits,0.0,Baseline-Full,15,24,0.9756097793579102,42.31881594657898,0.024390220642089844,1.0,0.9756097793579102,45,0.9777777777777777,0.975,0.07949861139059067,0.08699140697717667,0.01540444542964303,0.012919099546141148,0.07325343787670135,0.9770764112472534,,,,,,,,
digits,0.2,Baseline-Full,15,24,0.9756097793579102,42.31881594657898,0.024390220642089844,1.0,0.9756097793579102,45,0.9777777777777777,0.975,0.07949861139059067,0.08699140697717667,0.01540444542964303,0.012919099546141148,0.07325343787670135,0.9770764112472534,,,,,,,,
digits,0.4,Baseline-Full,15,24,0.9756097793579102,42.31881594657898,0.024390220642089844,1.0,0.9756097793579102,45,0.9777777777777777,0.975,0.07949861139059067,0.08699140697717667,0.01540444542964303,0.012919099546141148,0.07325343787670135,0.9770764112472534,,,,,,,,
digits,0.6,Baseline-Full,15,24,0.9756097793579102,42.31881594657898,0.024390220642089844,1.0,0.9756097793579102,45,0.9777777777777777,0.975,0.07949861139059067,0.08699140697717667,0.01540444542964303,0.012919099546141148,0.07325343787670135,0.9770764112472534,,,,,,,,
digits,0.8,Baseline-Full,15,24,0.9756097793579102,42.31881594657898,0.024390220642089844,1.0,0.9756097793579102,45,0.9777777777777777,0.975,0.07949861139059067,0.08699140697717667,0.01540444542964303,0.012919099546141148,0.07325343787670135,0.9770764112472534,,,,,,,,
digits,1.0,Baseline-Full,15,24,0.9756097793579102,42.31881594657898,0.024390220642089844,1.0,0.9756097793579102,45,0.9777777777777777,0.975,0.07949861139059067,0.08699140697717667,0.01540444542964303,0.012919099546141148,0.07325343787670135,0.9770764112472534,,,,,,,,
digits,0.0,Baseline-Full,16,74,0.9790940880775452,91.09930405020714,0.017421603202819824,1.0,0.9825783967971802,95,0.9861111111111112,0.9861111111111112,0.0655728131532669,0.06679987162351608,0.008266164859135937,0.006454752882321716,0.04434756562113762,0.9841495752334595,,,,,,,,
digits,0.2,Baseline-Full,16,74,0.9790940880775452,91.09930405020714,0.017421603202819824,1.0,0.9825783967971802,95,0.9861111111111112,0.9861111111111112,0.0655728131532669,0.06679987162351608,0.008266164859135937,0.006454752882321716,0.04434756562113762,0.9841495752334595,,,,,,,,
digits,0.4,Baseline-Full,16,74,0.9790940880775452,91.09930405020714,0.017421603202819824,1.0,0.9825783967971802,95,0.9861111111111112,0.9861111111111112,0.0655728131532669,0.06679987162351608,0.008266164859135937,0.006454752882321716,0.04434756562113762,0.9841495752334595,,,,,,,,
digits,0.6,Baseline-Full,16,74,0.9790940880775452,91.09930405020714,0.017421603202819824,1.0,0.9825783967971802,95,0.9861111111111112,0.9861111111111112,0.0655728131532669,0.06679987162351608,0.008266164859135937,0.006454752882321716,0.04434756562113762,0.9841495752334595,,,,,,,,
digits,0.8,Baseline-Full,16,74,0.9790940880775452,91.09930405020714,0.017421603202819824,1.0,0.9825783967971802,95,0.9861111111111112,0.9861111111111112,0.0655728131532669,0.06679987162351608,0.008266164859135937,0.006454752882321716,0.04434756562113762,0.9841495752334595,,,,,,,,
digits,1.0,Baseline-Full,16,74,0.9790940880775452,91.09930405020714,0.017421603202819824,1.0,0.9825783967971802,95,0.9861111111111112,0.9861111111111112,0.0655728131532669,0.06679987162351608,0.008266164859135937,0.006454752882321716,0.04434756562113762,0.9841495752334595,,,,,,,,
digits,0.0,Baseline-Full,17,33,0.9686411023139954,50.55749088525772,0.02787458896636963,1.0,0.9721254110336304,54,0.9833333333333333,0.9833333333333333,0.06807060539722443,0.07141783088445663,0.0167545841799842,0.015237001246876228,0.06456882506608963,0.9774997234344482,,,,,,,,
digits,0.2,Baseline-Full,17,33,0.9686411023139954,50.55749088525772,0.02787458896636963,1.0,0.9721254110336304,54,0.9833333333333333,0.9833333333333333,0.06807060539722443,0.07141783088445663,0.0167545841799842,0.015237001246876228,0.06456882506608963,0.9774997234344482,,,,,,,,
digits,0.4,Baseline-Full,17,33,0.9686411023139954,50.55749088525772,0.02787458896636963,1.0,0.9721254110336304,54,0.9833333333333333,0.9833333333333333,0.06807060539722443,0.07141783088445663,0.0167545841799842,0.015237001246876228,0.06456882506608963,0.9774997234344482,,,,,,,,
digits,0.6,Baseline-Full,17,33,0.9686411023139954,50.55749088525772,0.02787458896636963,1.0,0.9721254110336304,54,0.9833333333333333,0.9833333333333333,0.06807060539722443,0.07141783088445663,0.0167545841799842,0.015237001246876228,0.06456882506608963,0.9774997234344482,,,,,,,,
digits,0.8,Baseline-Full,17,33,0.9686411023139954,50.55749088525772,0.02787458896636963,1.0,0.9721254110336304,54,0.9833333333333333,0.9833333333333333,0.06807060539722443,0.07141783088445663,0.0167545841799842,0.015237001246876228,0.06456882506608963,0.9774997234344482,,,,,,,,
digits,1.0,Baseline-Full,17,33,0.9686411023139954,50.55749088525772,0.02787458896636963,1.0,0.9721254110336304,54,0.9833333333333333,0.9833333333333333,0.06807060539722443,0.07141783088445663,0.0167545841799842,0.015237001246876228,0.06456882506608963,0.9774997234344482,,,,,,,,
digits,0.0,Baseline-Full,18,30,0.9756097793579102,48.151568591594696,0.024390220642089844,1.0,0.9756097793579102,51,0.9722222222222222,0.975,0.10987455397844315,0.1119922325015068,0.015981708301438174,0.014695085585117385,0.0784701257944107,0.9730961322784424,,,,,,,,
digits,0.2,Baseline-Full,18,30,0.9756097793579102,48.151568591594696,0.024390220642089844,1.0,0.9756097793579102,51,0.9722222222222222,0.975,0.10987455397844315,0.1119922325015068,0.015981708301438174,0.014695085585117385,0.0784701257944107,0.9730961322784424,,,,,,,,
digits,0.4,Baseline-Full,18,30,0.9756097793579102,48.151568591594696,0.024390220642089844,1.0,0.9756097793579102,51,0.9722222222222222,0.975,0.10987455397844315,0.1119922325015068,0.015981708301438174,0.014695085585117385,0.0784701257944107,0.9730961322784424,,,,,,,,
digits,0.6,Baseline-Full,18,30,0.9756097793579102,48.151568591594696,0.024390220642089844,1.0,0.9756097793579102,51,0.9722222222222222,0.975,0.10987455397844315,0.1119922325015068,0.015981708301438174,0.014695085585117385,0.0784701257944107,0.9730961322784424,,,,,,,,
digits,0.8,Baseline-Full,18,30,0.9756097793579102,48.151568591594696,0.024390220642089844,1.0,0.9756097793579102,51,0.9722222222222222,0.975,0.10987455397844315,0.1119922325015068,0.015981708301438174,0.014695085585117385,0.0784701257944107,0.9730961322784424,,,,,,,,
digits,1.0,Baseline-Full,18,30,0.9756097793579102,48.151568591594696,0.024390220642089844,1.0,0.9756097793579102,51,0.9722222222222222,0.975,0.10987455397844315,0.1119922325015068,0.015981708301438174,0.014695085585117385,0.0784701257944107,0.9730961322784424,,,,,,,,
digits,0.0,Baseline-Full,19,23,0.9686411023139954,36.21428522467613,0.03135889768600464,1.0,0.9686411023139954,39,0.9638888888888889,0.9694444444444444,0.16176900267601013,0.17090760171413422,0.017655598951710573,0.026913770453797455,0.11034504324197769,0.9632293581962585,,,,,,,,
digits,0.2,Baseline-Full,19,23,0.9686411023139954,36.21428522467613,0.03135889768600464,1.0,0.9686411023139954,39,0.9638888888888889,0.9694444444444444,0.16176900267601013,0.17090760171413422,0.017655598951710573,0.026913770453797455,0.11034504324197769,0.9632293581962585,,,,,,,,
digits,0.4,Baseline-Full,19,23,0.9686411023139954,36.21428522467613,0.03135889768600464,1.0,0.9686411023139954,39,0.9638888888888889,0.9694444444444444,0.16176900267601013,0.17090760171413422,0.017655598951710573,0.026913770453797455,0.11034504324197769,0.9632293581962585,,,,,,,,
digits,0.6,Baseline-Full,19,23,0.9686411023139954,36.21428522467613,0.03135889768600464,1.0,0.9686411023139954,39,0.9638888888888889,0.9694444444444444,0.16176900267601013,0.17090760171413422,0.017655598951710573,0.026913770453797455,0.11034504324197769,0.9632293581962585,,,,,,,,
digits,0.8,Baseline-Full,19,23,0.9686411023139954,36.21428522467613,0.03135889768600464,1.0,0.9686411023139954,39,0.9638888888888889,0.9694444444444444,0.16176900267601013,0.17090760171413422,0.017655598951710573,0.026913770453797455,0.11034504324197769,0.9632293581962585,,,,,,,,
digits,1.0,Baseline-Full,19,23,0.9686411023139954,36.21428522467613,0.03135889768600464,1.0,0.9686411023139954,39,0.9638888888888889,0.9694444444444444,0.16176900267601013,0.17090760171413422,0.017655598951710573,0.026913770453797455,0.11034504324197769,0.9632293581962585,,,,,,,,
digits,0.0,Baseline-Half,0,51,0.9721254110336304,67.4094065874815,0.02787458896636963,1.0,0.9721254110336304,72,0.9583333333333334,0.9583333333333334,0.1384447067975998,0.14117330312728882,0.020887064437071445,0.02281648019949597,0.09127943217754364,0.9699015021324158,,,,,,,,
digits,0.2,Baseline-Half,0,51,0.9721254110336304,67.4094065874815,0.02787458896636963,1.0,0.9721254110336304,72,0.9583333333333334,0.9583333333333334,0.1384447067975998,0.14117330312728882,0.020887064437071445,0.02281648019949597,0.09127943217754364,0.9699015021324158,,,,,,,,
digits,0.4,Baseline-Half,0,51,0.9721254110336304,67.4094065874815,0.02787458896636963,1.0,0.9721254110336304,72,0.9583333333333334,0.9583333333333334,0.1384447067975998,0.14117330312728882,0.020887064437071445,0.02281648019949597,0.09127943217754364,0.9699015021324158,,,,,,,,
digits,0.6,Baseline-Half,0,51,0.9721254110336304,67.4094065874815,0.02787458896636963,1.0,0.9721254110336304,72,0.9583333333333334,0.9583333333333334,0.1384447067975998,0.14117330312728882,0.020887064437071445,0.02281648019949597,0.09127943217754364,0.9699015021324158,,,,,,,,
digits,0.8,Baseline-Half,0,51,0.9721254110336304,67.4094065874815,0.02787458896636963,1.0,0.9721254110336304,72,0.9583333333333334,0.9583333333333334,0.1384447067975998,0.14117330312728882,0.020887064437071445,0.02281648019949597,0.09127943217754364,0.9699015021324158,,,,,,,,
digits,1.0,Baseline-Half,0,51,0.9721254110336304,67.4094065874815,0.02787458896636963,1.0,0.9721254110336304,72,0.9583333333333334,0.9583333333333334,0.1384447067975998,0.14117330312728882,0.020887064437071445,0.02281648019949597,0.09127943217754364,0.9699015021324158,,,,,,,,
digits,0.0,Baseline-Half,1,46,0.9756097793579102,63.109756484627724,0.024390220642089844,1.0,0.9756097793579102,67,0.9472222222222222,0.9472222222222222,0.264101505279541,0.28052350878715515,0.026798018978701744,0.02195419884390301,0.10781050473451614,0.9624871015548706,,,,,,,,
digits,0.2,Baseline-Half,1,46,0.9756097793579102,63.109756484627724,0.024390220642089844,1.0,0.9756097793579102,67,0.9472222222222222,0.9472222222222222,0.264101505279541,0.28052350878715515,0.026798018978701744,0.02195419884390301,0.10781050473451614,0.9624871015548706,,,,,,,,
digits,0.4,Baseline-Half,1,46,0.9756097793579102,63.109756484627724,0.024390220642089844,1.0,0.9756097793579102,67,0.9472222222222222,0.9472222222222222,0.264101505279541,0.28052350878715515,0.026798018978701744,0.02195419884390301,0.10781050473451614,0.9624871015548706,,,,,,,,
digits,0.6,Baseline-Half,1,46,0.9756097793579102,63.109756484627724,0.024390220642089844,1.0,0.9756097793579102,67,0.9472222222222222,0.9472222222222222,0.264101505279541,0.28052350878715515,0.026798018978701744,0.02195419884390301,0.10781050473451614,0.9624871015548706,,,,,,,,
digits,0.8,Baseline-Half,1,46,0.9756097793579102,63.109756484627724,0.024390220642089844,1.0,0.9756097793579102,67,0.9472222222222222,0.9472222222222222,0.264101505279541,0.28052350878715515,0.026798018978701744,0.02195419884390301,0.10781050473451614,0.9624871015548706,,,,,,,,
digits,1.0,Baseline-Half,1,46,0.9756097793579102,63.109756484627724,0.024390220642089844,1.0,0.9756097793579102,67,0.9472222222222222,0.9472222222222222,0.264101505279541,0.28052350878715515,0.026798018978701744,0.02195419884390301,0.10781050473451614,0.9624871015548706,,,,,,,,
digits,0.0,Baseline-Half,2,49,0.9616724848747253,64.23170770704746,0.03832751512527466,1.0,0.9616724848747253,70,0.95,0.95,0.1505449265241623,0.15147002041339874,0.03006900019115872,0.02657035274638072,0.10797927528619766,0.9638882279396057,,,,,,,,
digits,0.2,Baseline-Half,2,49,0.9616724848747253,64.23170770704746,0.03832751512527466,1.0,0.9616724848747253,70,0.95,0.95,0.1505449265241623,0.15147002041339874,0.03006900019115872,0.02657035274638072,0.10797927528619766,0.9638882279396057,,,,,,,,
digits,0.4,Baseline-Half,2,49,0.9616724848747253,64.23170770704746,0.03832751512527466,1.0,0.9616724848747253,70,0.95,0.95,0.1505449265241623,0.15147002041339874,0.03006900019115872,0.02657035274638072,0.10797927528619766,0.9638882279396057,,,,,,,,
digits,0.6,Baseline-Half,2,49,0.9616724848747253,64.23170770704746,0.03832751512527466,1.0,0.9616724848747253,70,0.95,0.95,0.1505449265241623,0.15147002041339874,0.03006900019115872,0.02657035274638072,0.10797927528619766,0.9638882279396057,,,,,,,,
digits,0.8,Baseline-Half,2,49,0.9616724848747253,64.23170770704746,0.03832751512527466,1.0,0.9616724848747253,70,0.95,0.95,0.1505449265241623,0.15147002041339874,0.03006900019115872,0.02657035274638072,0.10797927528619766,0.9638882279396057,,,,,,,,
digits,1.0,Baseline-Half,2,49,0.9616724848747253,64.23170770704746,0.03832751512527466,1.0,0.9616724848747253,70,0.95,0.95,0.1505449265241623,0.15147002041339874,0.03006900019115872,0.02657035274638072,0.10797927528619766,0.9638882279396057,,,,,,,,
digits,0.0,Baseline-Half,3,34,0.9442508816719055,49.61672501266003,0.05226480960845947,1.0,0.9477351903915405,55,0.9611111111111111,0.9611111111111111,0.16048400104045868,0.16611915826797485,0.017506611678335445,0.018337510360611774,0.11650055646896362,0.9630523920059204,,,,,,,,
digits,0.2,Baseline-Half,3,34,0.9442508816719055,49.61672501266003,0.05226480960845947,1.0,0.9477351903915405,55,0.9611111111111111,0.9611111111111111,0.16048400104045868,0.16611915826797485,0.017506611678335445,0.018337510360611774,0.11650055646896362,0.9630523920059204,,,,,,,,
digits,0.4,Baseline-Half,3,34,0.9442508816719055,49.61672501266003,0.05226480960845947,1.0,0.9477351903915405,55,0.9611111111111111,0.9611111111111111,0.16048400104045868,0.16611915826797485,0.017506611678335445,0.018337510360611774,0.11650055646896362,0.9630523920059204,,,,,,,,
digits,0.6,Baseline-Half,3,34,0.9442508816719055,49.61672501266003,0.05226480960845947,1.0,0.9477351903915405,55,0.9611111111111111,0.9611111111111111,0.16048400104045868,0.16611915826797485,0.017506611678335445,0.018337510360611774,0.11650055646896362,0.9630523920059204,,,,,,,,
digits,0.8,Baseline-Half,3,34,0.9442508816719055,49.61672501266003,0.05226480960845947,1.0,0.9477351903915405,55,0.9611111111111111,0.9611111111111111,0.16048400104045868,0.16611915826797485,0.017506611678335445,0.018337510360611774,0.11650055646896362,0.9630523920059204,,,,,,,,
digits,1.0,Baseline-Half,3,34,0.9442508816719055,49.61672501266003,0.05226480960845947,1.0,0.9477351903915405,55,0.9611111111111111,0.9611111111111111,0.16048400104045868,0.16611915826797485,0.017506611678335445,0.018337510360611774,0.11650055646896362,0.9630523920059204,,,,,,,,
digits,0.0,Baseline-Half,4,59,0.9790940880775452,75.82578460872173,0.020905911922454834,1.0,0.9790940880775452,80,0.95,0.9527777777777777,0.16680623590946198,0.17395614087581635,0.021925805591874667,0.02384524883495432,0.0982414036989212,0.9674835205078125,,,,,,,,
digits,0.2,Baseline-Half,4,59,0.9790940880775452,75.82578460872173,0.020905911922454834,1.0,0.9790940880775452,80,0.95,0.9527777777777777,0.16680623590946198,0.17395614087581635,0.021925805591874667,0.02384524883495432,0.0982414036989212,0.9674835205078125,,,,,,,,
digits,0.4,Baseline-Half,4,59,0.9790940880775452,75.82578460872173,0.020905911922454834,1.0,0.9790940880775452,80,0.95,0.9527777777777777,0.16680623590946198,0.17395614087581635,0.021925805591874667,0.02384524883495432,0.0982414036989212,0.9674835205078125,,,,,,,,
digits,0.6,Baseline-Half,4,59,0.9790940880775452,75.82578460872173,0.020905911922454834,1.0,0.9790940880775452,80,0.95,0.9527777777777777,0.16680623590946198,0.17395614087581635,0.021925805591874667,0.02384524883495432,0.0982414036989212,0.9674835205078125,,,,,,,,
digits,0.8,Baseline-Half,4,59,0.9790940880775452,75.82578460872173,0.020905911922454834,1.0,0.9790940880775452,80,0.95,0.9527777777777777,0.16680623590946198,0.17395614087581635,0.021925805591874667,0.02384524883495432,0.0982414036989212,0.9674835205078125,,,,,,,,
digits,1.0,Baseline-Half,4,59,0.9790940880775452,75.82578460872173,0.020905911922454834,1.0,0.9790940880775452,80,0.95,0.9527777777777777,0.16680623590946198,0.17395614087581635,0.021925805591874667,0.02384524883495432,0.0982414036989212,0.9674835205078125,,,,,,,,
digits,0.0,Baseline-Half,5,57,0.9686411023139954,72.93379724025726,0.03135889768600464,1.0,0.9686411023139954,78,0.9305555555555556,0.9333333333333333,0.22039972245693207,0.2224089801311493,0.03266136844952901,0.04147371798753737,0.107950359582901,0.9604470133781433,,,,,,,,
digits,0.2,Baseline-Half,5,57,0.9686411023139954,72.93379724025726,0.03135889768600464,1.0,0.9686411023139954,78,0.9305555555555556,0.9333333333333333,0.22039972245693207,0.2224089801311493,0.03266136844952901,0.04147371798753737,0.107950359582901,0.9604470133781433,,,,,,,,
digits,0.4,Baseline-Half,5,57,0.9686411023139954,72.93379724025726,0.03135889768600464,1.0,0.9686411023139954,78,0.9305555555555556,0.9333333333333333,0.22039972245693207,0.2224089801311493,0.03266136844952901,0.04147371798753737,0.107950359582901,0.9604470133781433,,,,,,,,
digits,0.6,Baseline-Half,5,57,0.9686411023139954,72.93379724025726,0.03135889768600464,1.0,0.9686411023139954,78,0.9305555555555556,0.9333333333333333,0.22039972245693207,0.2224089801311493,0.03266136844952901,0.04147371798753737,0.107950359582901,0.9604470133781433,,,,,,,,
digits,0.8,Baseline-Half,5,57,0.9686411023139954,72.93379724025726,0.03135889768600464,1.0,0.9686411023139954,78,0.9305555555555556,0.9333333333333333,0.22039972245693207,0.2224089801311493,0.03266136844952901,0.04147371798753737,0.107950359582901,0.9604470133781433,,,,,,,,
digits,1.0,Baseline-Half,5,57,0.9686411023139954,72.93379724025726,0.03135889768600464,1.0,0.9686411023139954,78,0.9305555555555556,0.9333333333333333,0.22039972245693207,0.2224089801311493,0.03266136844952901,0.04147371798753737,0.107950359582901,0.9604470133781433,,,,,,,,
digits,0.0,Baseline-Half,6,35,0.9407665729522705,50.38850238919258,0.05923342704772949,1.0,0.9407665729522705,56,0.9472222222222222,0.9472222222222222,0.1939353048801422,0.20256465673446655,0.017044900523291655,0.02599346223804689,0.11860878020524979,0.9601733684539795,,,,,,,,
digits,0.2,Baseline-Half,6,35,0.9407665729522705,50.38850238919258,0.05923342704772949,1.0,0.9407665729522705,56,0.9472222222222222,0.9472222222222222,0.1939353048801422,0.20256465673446655,0.017044900523291655,0.02599346223804689,0.11860878020524979,0.9601733684539795,,,,,,,,
digits,0.4,Baseline-Half,6,35,0.9407665729522705,50.38850238919258,0.05923342704772949,1.0,0.9407665729522705,56,0.9472222222222222,0.9472222222222222,0.1939353048801422,0.20256465673446655,0.017044900523291655,0.02599346223804689,0.11860878020524979,0.9601733684539795,,,,,,,,
digits,0.6,Baseline-Half,6,35,0.9407665729522705,50.38850238919258,0.05923342704772949,1.0,0.9407665729522705,56,0.9472222222222222,0.9472222222222222,0.1939353048801422,0.20256465673446655,0.017044900523291655,0.02599346223804689,0.11860878020524979,0.9601733684539795,,,,,,,,
digits,0.8,Baseline-Half,6,35,0.9407665729522705,50.38850238919258,0.05923342704772949,1.0,0.9407665729522705,56,0.9472222222222222,0.9472222222222222,0.1939353048801422,0.20256465673446655,0.017044900523291655,0.02599346223804689,0.11860878020524979,0.9601733684539795,,,,,,,,
digits,1.0,Baseline-Half,6,35,0.9407665729522705,50.38850238919258,0.05923342704772949,1.0,0.9407665729522705,56,0.9472222222222222,0.9472222222222222,0.1939353048801422,0.20256465673446655,0.017044900523291655,0.02599346223804689,0.11860878020524979,0.9601733684539795,,,,,,,,
digits,0.0,Baseline-Half,7,39,0.9512194991111755,53.91289187967777,0.05226480960845947,1.0,0.9477351903915405,60,0.95,0.9527777777777777,0.13808582723140717,0.13973049819469452,0.020437100074357444,0.01922158743772241,0.11647836863994598,0.9612674117088318,,,,,,,,
digits,0.2,Baseline-Half,7,39,0.9512194991111755,53.91289187967777,0.05226480960845947,1.0,0.9477351903915405,60,0.95,0.9527777777777777,0.13808582723140717,0.13973049819469452,0.020437100074357444,0.01922158743772241,0.11647836863994598,0.9612674117088318,,,,,,,,
digits,0.4,Baseline-Half,7,39,0.9512194991111755,53.91289187967777,0.05226480960845947,1.0,0.9477351903915405,60,0.95,0.9527777777777777,0.13808582723140717,0.13973049819469452,0.020437100074357444,0.01922158743772241,0.11647836863994598,0.9612674117088318,,,,,,,,
digits,0.6,Baseline-Half,7,39,0.9512194991111755,53.91289187967777,0.05226480960845947,1.0,0.9477351903915405,60,0.95,0.9527777777777777,0.13808582723140717,0.13973049819469452,0.020437100074357444,0.01922158743772241,0.11647836863994598,0.9612674117088318,,,,,,,,
digits,0.8,Baseline-Half,7,39,0.9512194991111755,53.91289187967777,0.05226480960845947,1.0,0.9477351903915405,60,0.95,0.9527777777777777,0.13808582723140717,0.13973049819469452,0.020437100074357444,0.01922158743772241,0.11647836863994598,0.9612674117088318,,,,,,,,
digits,1.0,Baseline-Half,7,39,0.9512194991111755,53.91289187967777,0.05226480960845947,1.0,0.9477351903915405,60,0.95,0.9527777777777777,0.13808582723140717,0.13973049819469452,0.020437100074357444,0.01922158743772241,0.11647836863994598,0.9612674117088318,,,,,,,,
digits,0.0,Baseline-Half,8,29,0.9337978959083557,44.05923308432102,0.06620210409164429,1.0,0.9337978959083557,50,0.9472222222222222,0.9472222222222222,0.1494474560022354,0.1498672217130661,0.024333657862411612,0.024751031688517992,0.13197556138038635,0.9582587480545044,,,,,,,,
digits,0.2,Baseline-Half,8,29,0.9337978959083557,44.05923308432102,0.06620210409164429,1.0,0.9337978959083557,50,0.9472222222222222,0.9472222222222222,0.1494474560022354,0.1498672217130661,0.024333657862411612,0.024751031688517992,0.13197556138038635,0.9582587480545044,,,,,,,,
digits,0.4,Baseline-Half,8,29,0.9337978959083557,44.05923308432102,0.06620210409164429,1.0,0.9337978959083557,50,0.9472222222222222,0.9472222222222222,0.1494474560022354,0.1498672217130661,0.024333657862411612,0.024751031688517992,0.13197556138038635,0.9582587480545044,,,,,,,,
digits,0.6,Baseline-Half,8,29,0.9337978959083557,44.05923308432102,0.06620210409164429,1.0,0.9337978959083557,50,0.9472222222222222,0.9472222222222222,0.1494474560022354,0.1498672217130661,0.024333657862411612,0.024751031688517992,0.13197556138038635,0.9582587480545044,,,,,,,,
digits,0.8,Baseline-Half,8,29,0.9337978959083557,44.05923308432102,0.06620210409164429,1.0,0.9337978959083557,50,0.9472222222222222,0.9472222222222222,0.1494474560022354,0.1498672217130661,0.024333657862411612,0.024751031688517992,0.13197556138038635,0.9582587480545044,,,,,,,,
digits,1.0,Baseline-Half,8,29,0.9337978959083557,44.05923308432102,0.06620210409164429,1.0,0.9337978959083557,50,0.9472222222222222,0.9472222222222222,0.1494474560022354,0.1498672217130661,0.024333657862411612,0.024751031688517992,0.13197556138038635,0.9582587480545044,,,,,,,,
digits,0.0,Baseline-Half,9,83,0.9686411023139954,97.25087025761604,0.03484320640563965,1.0,0.9651567935943604,104,0.9527777777777777,0.9527777777777777,0.18154042959213257,0.18825380504131317,0.029813422924942407,0.03660480876763665,0.06361197680234909,0.9778727889060974,,,,,,,,
digits,0.2,Baseline-Half,9,83,0.9686411023139954,97.25087025761604,0.03484320640563965,1.0,0.9651567935943604,104,0.9527777777777777,0.9527777777777777,0.18154042959213257,0.18825380504131317,0.029813422924942407,0.03660480876763665,0.06361197680234909,0.9778727889060974,,,,,,,,
digits,0.4,Baseline-Half,9,83,0.9686411023139954,97.25087025761604,0.03484320640563965,1.0,0.9651567935943604,104,0.9527777777777777,0.9527777777777777,0.18154042959213257,0.18825380504131317,0.029813422924942407,0.03660480876763665,0.06361197680234909,0.9778727889060974,,,,,,,,
digits,0.6,Baseline-Half,9,83,0.9686411023139954,97.25087025761604,0.03484320640563965,1.0,0.9651567935943604,104,0.9527777777777777,0.9527777777777777,0.18154042959213257,0.18825380504131317,0.029813422924942407,0.03660480876763665,0.06361197680234909,0.9778727889060974,,,,,,,,
digits,0.8,Baseline-Half,9,83,0.9686411023139954,97.25087025761604,0.03484320640563965,1.0,0.9651567935943604,104,0.9527777777777777,0.9527777777777777,0.18154042959213257,0.18825380504131317,0.029813422924942407,0.03660480876763665,0.06361197680234909,0.9778727889060974,,,,,,,,
digits,1.0,Baseline-Half,9,83,0.9686411023139954,97.25087025761604,0.03484320640563965,1.0,0.9651567935943604,104,0.9527777777777777,0.9527777777777777,0.18154042959213257,0.18825380504131317,0.029813422924942407,0.03660480876763665,0.06361197680234909,0.9778727889060974,,,,,,,,
digits,0.0,Baseline-Half,10,29,0.9303135871887207,44.139372661709785,0.06271779537200928,1.0,0.9372822046279907,50,0.9472222222222222,0.9472222222222222,0.1912638396024704,0.1972506046295166,0.029100529518392353,0.03295893487003118,0.15041005611419678,0.9522500038146973,,,,,,,,
digits,0.2,Baseline-Half,10,29,0.9303135871887207,44.139372661709785,0.06271779537200928,1.0,0.9372822046279907,50,0.9472222222222222,0.9472222222222222,0.1912638396024704,0.1972506046295166,0.029100529518392353,0.03295893487003118,0.15041005611419678,0.9522500038146973,,,,,,,,
digits,0.4,Baseline-Half,10,29,0.9303135871887207,44.139372661709785,0.06271779537200928,1.0,0.9372822046279907,50,0.9472222222222222,0.9472222222222222,0.1912638396024704,0.1972506046295166,0.029100529518392353,0.03295893487003118,0.15041005611419678,0.9522500038146973,,,,,,,,
digits,0.6,Baseline-Half,10,29,0.9303135871887207,44.139372661709785,0.06271779537200928,1.0,0.9372822046279907,50,0.9472222222222222,0.9472222222222222,0.1912638396024704,0.1972506046295166,0.029100529518392353,0.03295893487003118,0.15041005611419678,0.9522500038146973,,,,,,,,
digits,0.8,Baseline-Half,10,29,0.9303135871887207,44.139372661709785,0.06271779537200928,1.0,0.9372822046279907,50,0.9472222222222222,0.9472222222222222,0.1912638396024704,0.1972506046295166,0.029100529518392353,0.03295893487003118,0.15041005611419678,0.9522500038146973,,,,,,,,
digits,1.0,Baseline-Half,10,29,0.9303135871887207,44.139372661709785,0.06271779537200928,1.0,0.9372822046279907,50,0.9472222222222222,0.9472222222222222,0.1912638396024704,0.1972506046295166,0.029100529518392353,0.03295893487003118,0.15041005611419678,0.9522500038146973,,,,,,,,
digits,0.0,Baseline-Half,11,26,0.9477351903915405,42.42857150733471,0.05574911832809448,1.0,0.9442508816719055,47,0.9638888888888889,0.9638888888888889,0.1136142909526825,0.11118990927934647,0.024305601831939482,0.017970538884401286,0.15121634304523468,0.9563825130462646,,,,,,,,
digits,0.2,Baseline-Half,11,26,0.9477351903915405,42.42857150733471,0.05574911832809448,1.0,0.9442508816719055,47,0.9638888888888889,0.9638888888888889,0.1136142909526825,0.11118990927934647,0.024305601831939482,0.017970538884401286,0.15121634304523468,0.9563825130462646,,,,,,,,
digits,0.4,Baseline-Half,11,26,0.9477351903915405,42.42857150733471,0.05574911832809448,1.0,0.9442508816719055,47,0.9638888888888889,0.9638888888888889,0.1136142909526825,0.11118990927934647,0.024305601831939482,0.017970538884401286,0.15121634304523468,0.9563825130462646,,,,,,,,
digits,0.6,Baseline-Half,11,26,0.9477351903915405,42.42857150733471,0.05574911832809448,1.0,0.9442508816719055,47,0.9638888888888889,0.9638888888888889,0.1136142909526825,0.11118990927934647,0.024305601831939482,0.017970538884401286,0.15121634304523468,0.9563825130462646,,,,,,,,
digits,0.8,Baseline-Half,11,26,0.9477351903915405,42.42857150733471,0.05574911832809448,1.0,0.9442508816719055,47,0.9638888888888889,0.9638888888888889,0.1136142909526825,0.11118990927934647,0.024305601831939482,0.017970538884401286,0.15121634304523468,0.9563825130462646,,,,,,,,
digits,1.0,Baseline-Half,11,26,0.9477351903915405,42.42857150733471,0.05574911832809448,1.0,0.9442508816719055,47,0.9638888888888889,0.9638888888888889,0.1136142909526825,0.11118990927934647,0.024305601831939482,0.017970538884401286,0.15121634304523468,0.9563825130462646,,,,,,,,
digits,0.0,Baseline-Half,12,19,0.9442508816719055,35.29616731405258,0.05226480960845947,1.0,0.9477351903915405,40,0.9583333333333334,0.9611111111111111,0.18448884785175323,0.183318093419075,0.034903003937668264,0.020502827896012182,0.1950095295906067,0.9407958984375,,,,,,,,
digits,0.2,Baseline-Half,12,19,0.9442508816719055,35.29616731405258,0.05226480960845947,1.0,0.9477351903915405,40,0.9583333333333334,0.9611111111111111,0.18448884785175323,0.183318093419075,0.034903003937668264,0.020502827896012182,0.1950095295906067,0.9407958984375,,,,,,,,
digits,0.4,Baseline-Half,12,19,0.9442508816719055,35.29616731405258,0.05226480960845947,1.0,0.9477351903915405,40,0.9583333333333334,0.9611111111111111,0.18448884785175323,0.183318093419075,0.034903003937668264,0.020502827896012182,0.1950095295906067,0.9407958984375,,,,,,,,
digits,0.6,Baseline-Half,12,19,0.9442508816719055,35.29616731405258,0.05226480960845947,1.0,0.9477351903915405,40,0.9583333333333334,0.9611111111111111,0.18448884785175323,0.183318093419075,0.034903003937668264,0.020502827896012182,0.1950095295906067,0.9407958984375,,,,,,,,
digits,0.8,Baseline-Half,12,19,0.9442508816719055,35.29616731405258,0.05226480960845947,1.0,0.9477351903915405,40,0.9583333333333334,0.9611111111111111,0.18448884785175323,0.183318093419075,0.034903003937668264,0.020502827896012182,0.1950095295906067,0.9407958984375,,,,,,,,
digits,1.0,Baseline-Half,12,19,0.9442508816719055,35.29616731405258,0.05226480960845947,1.0,0.9477351903915405,40,0.9583333333333334,0.9611111111111111,0.18448884785175323,0.183318093419075,0.034903003937668264,0.020502827896012182,0.1950095295906067,0.9407958984375,,,,,,,,
digits,0.0,Baseline-Half,13,23,0.9512194991111755,39.32578346133232,0.04529619216918945,1.0,0.9547038078308105,44,0.9416666666666667,0.9416666666666667,0.17520670592784882,0.16489091515541077,0.026583933250771605,0.03143057972192764,0.18615472316741943,0.9385056495666504,,,,,,,,
digits,0.2,Baseline-Half,13,23,0.9512194991111755,39.32578346133232,0.04529619216918945,1.0,0.9547038078308105,44,0.9416666666666667,0.9416666666666667,0.17520670592784882,0.16489091515541077,0.026583933250771605,0.03143057972192764,0.18615472316741943,0.9385056495666504,,,,,,,,
digits,0.4,Baseline-Half,13,23,0.9512194991111755,39.32578346133232,0.04529619216918945,1.0,0.9547038078308105,44,0.9416666666666667,0.9416666666666667,0.17520670592784882,0.16489091515541077,0.026583933250771605,0.03143057972192764,0.18615472316741943,0.9385056495666504,,,,,,,,
digits,0.6,Baseline-Half,13,23,0.9512194991111755,39.32578346133232,0.04529619216918945,1.0,0.9547038078308105,44,0.9416666666666667,0.9416666666666667,0.17520670592784882,0.16489091515541077,0.026583933250771605,0.03143057972192764,0.18615472316741943,0.9385056495666504,,,,,,,,
digits,0.8,Baseline-Half,13,23,0.9512194991111755,39.32578346133232,0.04529619216918945,1.0,0.9547038078308105,44,0.9416666666666667,0.9416666666666667,0.17520670592784882,0.16489091515541077,0.026583933250771605,0.03143057972192764,0.18615472316741943,0.9385056495666504,,,,,,,,
digits,1.0,Baseline-Half,13,23,0.9512194991111755,39.32578346133232,0.04529619216918945,1.0,0.9547038078308105,44,0.9416666666666667,0.9416666666666667,0.17520670592784882,0.16489091515541077,0.026583933250771605,0.03143057972192764,0.18615472316741943,0.9385056495666504,,,,,,,,
digits,0.0,Baseline-Half,14,63,0.9581881761550903,77.38501752912998,0.04529619216918945,1.0,0.9547038078308105,84,0.9611111111111111,0.9611111111111111,0.13336730003356934,0.1339729130268097,0.022643020583523632,0.025523661656512122,0.07370560616254807,0.9753043055534363,,,,,,,,
digits,0.2,Baseline-Half,14,63,0.9581881761550903,77.38501752912998,0.04529619216918945,1.0,0.9547038078308105,84,0.9611111111111111,0.9611111111111111,0.13336730003356934,0.1339729130268097,0.022643020583523632,0.025523661656512122,0.07370560616254807,0.9753043055534363,,,,,,,,
digits,0.4,Baseline-Half,14,63,0.9581881761550903,77.38501752912998,0.04529619216918945,1.0,0.9547038078308105,84,0.9611111111111111,0.9611111111111111,0.13336730003356934,0.1339729130268097,0.022643020583523632,0.025523661656512122,0.07370560616254807,0.9753043055534363,,,,,,,,
digits,0.6,Baseline-Half,14,63,0.9581881761550903,77.38501752912998,0.04529619216918945,1.0,0.9547038078308105,84,0.9611111111111111,0.9611111111111111,0.13336730003356934,0.1339729130268097,0.022643020583523632,0.025523661656512122,0.07370560616254807,0.9753043055534363,,,,,,,,
digits,0.8,Baseline-Half,14,63,0.9581881761550903,77.38501752912998,0.04529619216918945,1.0,0.9547038078308105,84,0.9611111111111111,0.9611111111111111,0.13336730003356934,0.1339729130268097,0.022643020583523632,0.025523661656512122,0.07370560616254807,0.9753043055534363,,,,,,,,
digits,1.0,Baseline-Half,14,63,0.9581881761550903,77.38501752912998,0.04529619216918945,1.0,0.9547038078308105,84,0.9611111111111111,0.9611111111111111,0.13336730003356934,0.1339729130268097,0.022643020583523632,0.025523661656512122,0.07370560616254807,0.9753043055534363,,,,,,,,
digits,0.0,Baseline-Half,15,54,0.9790940880775452,70.66027930378914,0.020905911922454834,1.0,0.9790940880775452,75,0.9722222222222222,0.9722222222222222,0.11013691872358322,0.1148480698466301,0.021375564651356767,0.023751267625225926,0.08544117212295532,0.9724849462509155,,,,,,,,
digits,0.2,Baseline-Half,15,54,0.9790940880775452,70.66027930378914,0.020905911922454834,1.0,0.9790940880775452,75,0.9722222222222222,0.9722222222222222,0.11013691872358322,0.1148480698466301,0.021375564651356767,0.023751267625225926,0.08544117212295532,0.9724849462509155,,,,,,,,
digits,0.4,Baseline-Half,15,54,0.9790940880775452,70.66027930378914,0.020905911922454834,1.0,0.9790940880775452,75,0.9722222222222222,0.9722222222222222,0.11013691872358322,0.1148480698466301,0.021375564651356767,0.023751267625225926,0.08544117212295532,0.9724849462509155,,,,,,,,
digits,0.6,Baseline-Half,15,54,0.9790940880775452,70.66027930378914,0.020905911922454834,1.0,0.9790940880775452,75,0.9722222222222222,0.9722222222222222,0.11013691872358322,0.1148480698466301,0.021375564651356767,0.023751267625225926,0.08544117212295532,0.9724849462509155,,,,,,,,
digits,0.8,Baseline-Half,15,54,0.9790940880775452,70.66027930378914,0.020905911922454834,1.0,0.9790940880775452,75,0.9722222222222222,0.9722222222222222,0.11013691872358322,0.1148480698466301,0.021375564651356767,0.023751267625225926,0.08544117212295532,0.9724849462509155,,,,,,,,
digits,1.0,Baseline-Half,15,54,0.9790940880775452,70.66027930378914,0.020905911922454834,1.0,0.9790940880775452,75,0.9722222222222222,0.9722222222222222,0.11013691872358322,0.1148480698466301,0.021375564651356767,0.023751267625225926,0.08544117212295532,0.9724849462509155,,,,,,,,
digits,0.0,Baseline-Half,16,48,0.9756097793579102,64.38850212097168,0.024390220642089844,1.0,0.9756097793579102,69,0.9583333333333334,0.9583333333333334,0.12646245956420898,0.1270519345998764,0.021508929547336367,0.02162734154197901,0.0972515195608139,0.9668601155281067,,,,,,,,
digits,0.2,Baseline-Half,16,48,0.9756097793579102,64.38850212097168,0.024390220642089844,1.0,0.9756097793579102,69,0.9583333333333334,0.9583333333333334,0.12646245956420898,0.1270519345998764,0.021508929547336367,0.02162734154197901,0.0972515195608139,0.9668601155281067,,,,,,,,
digits,0.4,Baseline-Half,16,48,0.9756097793579102,64.38850212097168,0.024390220642089844,1.0,0.9756097793579102,69,0.9583333333333334,0.9583333333333334,0.12646245956420898,0.1270519345998764,0.021508929547336367,0.02162734154197901,0.0972515195608139,0.9668601155281067,,,,,,,,
digits,0.6,Baseline-Half,16,48,0.9756097793579102,64.38850212097168,0.024390220642089844,1.0,0.9756097793579102,69,0.9583333333333334,0.9583333333333334,0.12646245956420898,0.1270519345998764,0.021508929547336367,0.02162734154197901,0.0972515195608139,0.9668601155281067,,,,,,,,
digits,0.8,Baseline-Half,16,48,0.9756097793579102,64.38850212097168,0.024390220642089844,1.0,0.9756097793579102,69,0.9583333333333334,0.9583333333333334,0.12646245956420898,0.1270519345998764,0.021508929547336367,0.02162734154197901,0.0972515195608139,0.9668601155281067,,,,,,,,
digits,1.0,Baseline-Half,16,48,0.9756097793579102,64.38850212097168,0.024390220642089844,1.0,0.9756097793579102,69,0.9583333333333334,0.9583333333333334,0.12646245956420898,0.1270519345998764,0.021508929547336367,0.02162734154197901,0.0972515195608139,0.9668601155281067,,,,,,,,
digits,0.0,Baseline-Half,17,33,0.9477351903915405,48.52264808118343,0.05226480960845947,1.0,0.9477351903915405,54,0.9416666666666667,0.95,0.18469254672527313,0.19265210628509521,0.023686198559072287,0.024959905280007223,0.1252882033586502,0.955737292766571,,,,,,,,
digits,0.2,Baseline-Half,17,33,0.9477351903915405,48.52264808118343,0.05226480960845947,1.0,0.9477351903915405,54,0.9416666666666667,0.95,0.18469254672527313,0.19265210628509521,0.023686198559072287,0.024959905280007223,0.1252882033586502,0.955737292766571,,,,,,,,
digits,0.4,Baseline-Half,17,33,0.9477351903915405,48.52264808118343,0.05226480960845947,1.0,0.9477351903915405,54,0.9416666666666667,0.95,0.18469254672527313,0.19265210628509521,0.023686198559072287,0.024959905280007223,0.1252882033586502,0.955737292766571,,,,,,,,
digits,0.6,Baseline-Half,17,33,0.9477351903915405,48.52264808118343,0.05226480960845947,1.0,0.9477351903915405,54,0.9416666666666667,0.95,0.18469254672527313,0.19265210628509521,0.023686198559072287,0.024959905280007223,0.1252882033586502,0.955737292766571,,,,,,,,
digits,0.8,Baseline-Half,17,33,0.9477351903915405,48.52264808118343,0.05226480960845947,1.0,0.9477351903915405,54,0.9416666666666667,0.95,0.18469254672527313,0.19265210628509521,0.023686198559072287,0.024959905280007223,0.1252882033586502,0.955737292766571,,,,,,,,
digits,1.0,Baseline-Half,17,33,0.9477351903915405,48.52264808118343,0.05226480960845947,1.0,0.9477351903915405,54,0.9416666666666667,0.95,0.18469254672527313,0.19265210628509521,0.023686198559072287,0.024959905280007223,0.1252882033586502,0.955737292766571,,,,,,,,
digits,0.0,Baseline-Half,18,157,0.9756097793579102,170.9128941297531,0.024390220642089844,1.0,0.9756097793579102,178,0.9666666666666667,0.9666666666666667,0.13629892468452454,0.13823816180229187,0.02067551894320379,0.023198674619197834,0.04859870299696922,0.9829045534133911,,,,,,,,
digits,0.2,Baseline-Half,18,157,0.9756097793579102,170.9128941297531,0.024390220642089844,1.0,0.9756097793579102,178,0.9666666666666667,0.9666666666666667,0.13629892468452454,0.13823816180229187,0.02067551894320379,0.023198674619197834,0.04859870299696922,0.9829045534133911,,,,,,,,
digits,0.4,Baseline-Half,18,157,0.9756097793579102,170.9128941297531,0.024390220642089844,1.0,0.9756097793579102,178,0.9666666666666667,0.9666666666666667,0.13629892468452454,0.13823816180229187,0.02067551894320379,0.023198674619197834,0.04859870299696922,0.9829045534133911,,,,,,,,
digits,0.6,Baseline-Half,18,157,0.9756097793579102,170.9128941297531,0.024390220642089844,1.0,0.9756097793579102,178,0.9666666666666667,0.9666666666666667,0.13629892468452454,0.13823816180229187,0.02067551894320379,0.023198674619197834,0.04859870299696922,0.9829045534133911,,,,,,,,
digits,0.8,Baseline-Half,18,157,0.9756097793579102,170.9128941297531,0.024390220642089844,1.0,0.9756097793579102,178,0.9666666666666667,0.9666666666666667,0.13629892468452454,0.13823816180229187,0.02067551894320379,0.023198674619197834,0.04859870299696922,0.9829045534133911,,,,,,,,
digits,1.0,Baseline-Half,18,157,0.9756097793579102,170.9128941297531,0.024390220642089844,1.0,0.9756097793579102,178,0.9666666666666667,0.9666666666666667,0.13629892468452454,0.13823816180229187,0.02067551894320379,0.023198674619197834,0.04859870299696922,0.9829045534133911,,,,,,,,
digits,0.0,Baseline-Half,19,30,0.9547038078308105,46.25261276960373,0.04529619216918945,1.0,0.9547038078308105,51,0.9444444444444444,0.9472222222222222,0.1950204223394394,0.19554099440574646,0.02573747750785616,0.037847468339734604,0.12962262332439423,0.9561966061592102,,,,,,,,
digits,0.2,Baseline-Half,19,30,0.9547038078308105,46.25261276960373,0.04529619216918945,1.0,0.9547038078308105,51,0.9444444444444444,0.9472222222222222,0.1950204223394394,0.19554099440574646,0.02573747750785616,0.037847468339734604,0.12962262332439423,0.9561966061592102,,,,,,,,
digits,0.4,Baseline-Half,19,30,0.9547038078308105,46.25261276960373,0.04529619216918945,1.0,0.9547038078308105,51,0.9444444444444444,0.9472222222222222,0.1950204223394394,0.19554099440574646,0.02573747750785616,0.037847468339734604,0.12962262332439423,0.9561966061592102,,,,,,,,
digits,0.6,Baseline-Half,19,30,0.9547038078308105,46.25261276960373,0.04529619216918945,1.0,0.9547038078308105,51,0.9444444444444444,0.9472222222222222,0.1950204223394394,0.19554099440574646,0.02573747750785616,0.037847468339734604,0.12962262332439423,0.9561966061592102,,,,,,,,
digits,0.8,Baseline-Half,19,30,0.9547038078308105,46.25261276960373,0.04529619216918945,1.0,0.9547038078308105,51,0.9444444444444444,0.9472222222222222,0.1950204223394394,0.19554099440574646,0.02573747750785616,0.037847468339734604,0.12962262332439423,0.9561966061592102,,,,,,,,
digits,1.0,Baseline-Half,19,30,0.9547038078308105,46.25261276960373,0.04529619216918945,1.0,0.9547038078308105,51,0.9444444444444444,0.9472222222222222,0.1950204223394394,0.19554099440574646,0.02573747750785616,0.037847468339734604,0.12962262332439423,0.9561966061592102,,,,,,,,
digits,0.0,Baseline-LS,0,82,0.9790940880775452,98.01045334339142,0.017421603202819824,1.0,0.9825783967971802,103,0.9694444444444444,0.975,0.22217288613319397,0.22160275280475616,0.13012489303946498,0.1408967883222633,0.6944972276687622,0.8393195271492004,,,,,,,,
digits,0.2,Baseline-LS,0,82,0.9790940880775452,98.01045334339142,0.017421603202819824,1.0,0.9825783967971802,103,0.9694444444444444,0.975,0.22217288613319397,0.22160275280475616,0.13012489303946498,0.1408967883222633,0.6944972276687622,0.8393195271492004,,,,,,,,
digits,0.4,Baseline-LS,0,82,0.9790940880775452,98.01045334339142,0.017421603202819824,1.0,0.9825783967971802,103,0.9694444444444444,0.975,0.22217288613319397,0.22160275280475616,0.13012489303946498,0.1408967883222633,0.6944972276687622,0.8393195271492004,,,,,,,,
digits,0.6,Baseline-LS,0,82,0.9790940880775452,98.01045334339142,0.017421603202819824,1.0,0.9825783967971802,103,0.9694444444444444,0.975,0.22217288613319397,0.22160275280475616,0.13012489303946498,0.1408967883222633,0.6944972276687622,0.8393195271492004,,,,,,,,
digits,0.8,Baseline-LS,0,82,0.9790940880775452,98.01045334339142,0.017421603202819824,1.0,0.9825783967971802,103,0.9694444444444444,0.975,0.22217288613319397,0.22160275280475616,0.13012489303946498,0.1408967883222633,0.6944972276687622,0.8393195271492004,,,,,,,,
digits,1.0,Baseline-LS,0,82,0.9790940880775452,98.01045334339142,0.017421603202819824,1.0,0.9825783967971802,103,0.9694444444444444,0.975,0.22217288613319397,0.22160275280475616,0.13012489303946498,0.1408967883222633,0.6944972276687622,0.8393195271492004,,,,,,,,
digits,0.0,Baseline-LS,1,43,0.9825783967971802,60.46689909696579,0.017421603202819824,1.0,0.9825783967971802,64,0.9583333333333334,0.9583333333333334,0.27279800176620483,0.25845664739608765,0.1369759624203046,0.13412820229099856,0.6984983086585999,0.8293160200119019,,,,,,,,
digits,0.2,Baseline-LS,1,43,0.9825783967971802,60.46689909696579,0.017421603202819824,1.0,0.9825783967971802,64,0.9583333333333334,0.9583333333333334,0.27279800176620483,0.25845664739608765,0.1369759624203046,0.13412820229099856,0.6984983086585999,0.8293160200119019,,,,,,,,
digits,0.4,Baseline-LS,1,43,0.9825783967971802,60.46689909696579,0.017421603202819824,1.0,0.9825783967971802,64,0.9583333333333334,0.9583333333333334,0.27279800176620483,0.25845664739608765,0.1369759624203046,0.13412820229099856,0.6984983086585999,0.8293160200119019,,,,,,,,
digits,0.6,Baseline-LS,1,43,0.9825783967971802,60.46689909696579,0.017421603202819824,1.0,0.9825783967971802,64,0.9583333333333334,0.9583333333333334,0.27279800176620483,0.25845664739608765,0.1369759624203046,0.13412820229099856,0.6984983086585999,0.8293160200119019,,,,,,,,
digits,0.8,Baseline-LS,1,43,0.9825783967971802,60.46689909696579,0.017421603202819824,1.0,0.9825783967971802,64,0.9583333333333334,0.9583333333333334,0.27279800176620483,0.25845664739608765,0.1369759624203046,0.13412820229099856,0.6984983086585999,0.8293160200119019,,,,,,,,
digits,1.0,Baseline-LS,1,43,0.9825783967971802,60.46689909696579,0.017421603202819824,1.0,0.9825783967971802,64,0.9583333333333334,0.9583333333333334,0.27279800176620483,0.25845664739608765,0.1369759624203046,0.13412820229099856,0.6984983086585999,0.8293160200119019,,,,,,,,
digits,0.0,Baseline-LS,2,83,0.9721254110336304,98.13588799536228,0.020905911922454834,1.0,0.9790940880775452,104,0.9694444444444444,0.9666666666666667,0.24287495017051697,0.2488909810781479,0.13975957503749264,0.14305332613488037,0.7161287069320679,0.8314454555511475,,,,,,,,
digits,0.2,Baseline-LS,2,83,0.9721254110336304,98.13588799536228,0.020905911922454834,1.0,0.9790940880775452,104,0.9694444444444444,0.9666666666666667,0.24287495017051697,0.2488909810781479,0.13975957503749264,0.14305332613488037,0.7161287069320679,0.8314454555511475,,,,,,,,
digits,0.4,Baseline-LS,2,83,0.9721254110336304,98.13588799536228,0.020905911922454834,1.0,0.9790940880775452,104,0.9694444444444444,0.9666666666666667,0.24287495017051697,0.2488909810781479,0.13975957503749264,0.14305332613488037,0.7161287069320679,0.8314454555511475,,,,,,,,
digits,0.6,Baseline-LS,2,83,0.9721254110336304,98.13588799536228,0.020905911922454834,1.0,0.9790940880775452,104,0.9694444444444444,0.9666666666666667,0.24287495017051697,0.2488909810781479,0.13975957503749264,0.14305332613488037,0.7161287069320679,0.8314454555511475,,,,,,,,
digits,0.8,Baseline-LS,2,83,0.9721254110336304,98.13588799536228,0.020905911922454834,1.0,0.9790940880775452,104,0.9694444444444444,0.9666666666666667,0.24287495017051697,0.2488909810781479,0.13975957503749264,0.14305332613488037,0.7161287069320679,0.8314454555511475,,,,,,,,
digits,1.0,Baseline-LS,2,83,0.9721254110336304,98.13588799536228,0.020905911922454834,1.0,0.9790940880775452,104,0.9694444444444444,0.9666666666666667,0.24287495017051697,0.2488909810781479,0.13975957503749264,0.14305332613488037,0.7161287069320679,0.8314454555511475,,,,,,,,
digits,0.0,Baseline-LS,3,158,0.9721254110336304,170.0574907809496,0.024390220642089844,1.0,0.9756097793579102,179,0.9694444444444444,0.9694444444444444,0.22028698027133942,0.2231738269329071,0.12615767597324318,0.12488244138658047,0.6766932606697083,0.8479475378990173,,,,,,,,
digits,0.2,Baseline-LS,3,158,0.9721254110336304,170.0574907809496,0.024390220642089844,1.0,0.9756097793579102,179,0.9694444444444444,0.9694444444444444,0.22028698027133942,0.2231738269329071,0.12615767597324318,0.12488244138658047,0.6766932606697083,0.8479475378990173,,,,,,,,
digits,0.4,Baseline-LS,3,158,0.9721254110336304,170.0574907809496,0.024390220642089844,1.0,0.9756097793579102,179,0.9694444444444444,0.9694444444444444,0.22028698027133942,0.2231738269329071,0.12615767597324318,0.12488244138658047,0.6766932606697083,0.8479475378990173,,,,,,,,
digits,0.6,Baseline-LS,3,158,0.9721254110336304,170.0574907809496,0.024390220642089844,1.0,0.9756097793579102,179,0.9694444444444444,0.9694444444444444,0.22028698027133942,0.2231738269329071,0.12615767597324318,0.12488244138658047,0.6766932606697083,0.8479475378990173,,,,,,,,
digits,0.8,Baseline-LS,3,158,0.9721254110336304,170.0574907809496,0.024390220642089844,1.0,0.9756097793579102,179,0.9694444444444444,0.9694444444444444,0.22028698027133942,0.2231738269329071,0.12615767597324318,0.12488244138658047,0.6766932606697083,0.8479475378990173,,,,,,,,
digits,1.0,Baseline-LS,3,158,0.9721254110336304,170.0574907809496,0.024390220642089844,1.0,0.9756097793579102,179,0.9694444444444444,0.9694444444444444,0.22028698027133942,0.2231738269329071,0.12615767597324318,0.12488244138658047,0.6766932606697083,0.8479475378990173,,,,,,,,
digits,0.0,Baseline-LS,4,80,0.9825783967971802,96.90418121218681,0.010452985763549805,1.0,0.9895470142364502,101,0.9638888888888889,0.9638888888888889,0.2576107084751129,0.25807127356529236,0.1405950317780177,0.14128264205323326,0.7238081097602844,0.8243111371994019,,,,,,,,
digits,0.2,Baseline-LS,4,80,0.9825783967971802,96.90418121218681,0.010452985763549805,1.0,0.9895470142364502,101,0.9638888888888889,0.9638888888888889,0.2576107084751129,0.25807127356529236,0.1405950317780177,0.14128264205323326,0.7238081097602844,0.8243111371994019,,,,,,,,
digits,0.4,Baseline-LS,4,80,0.9825783967971802,96.90418121218681,0.010452985763549805,1.0,0.9895470142364502,101,0.9638888888888889,0.9638888888888889,0.2576107084751129,0.25807127356529236,0.1405950317780177,0.14128264205323326,0.7238081097602844,0.8243111371994019,,,,,,,,
digits,0.6,Baseline-LS,4,80,0.9825783967971802,96.90418121218681,0.010452985763549805,1.0,0.9895470142364502,101,0.9638888888888889,0.9638888888888889,0.2576107084751129,0.25807127356529236,0.1405950317780177,0.14128264205323326,0.7238081097602844,0.8243111371994019,,,,,,,,
digits,0.8,Baseline-LS,4,80,0.9825783967971802,96.90418121218681,0.010452985763549805,1.0,0.9895470142364502,101,0.9638888888888889,0.9638888888888889,0.2576107084751129,0.25807127356529236,0.1405950317780177,0.14128264205323326,0.7238081097602844,0.8243111371994019,,,,,,,,
digits,1.0,Baseline-LS,4,80,0.9825783967971802,96.90418121218681,0.010452985763549805,1.0,0.9895470142364502,101,0.9638888888888889,0.9638888888888889,0.2576107084751129,0.25807127356529236,0.1405950317780177,0.14128264205323326,0.7238081097602844,0.8243111371994019,,,,,,,,
digits,0.0,Baseline-LS,5,39,0.9721254110336304,55.942508548498154,0.02787458896636963,1.0,0.9721254110336304,60,0.9444444444444444,0.9472222222222222,0.29477548599243164,0.288247287273407,0.13771432638168338,0.13612515148189336,0.7499757409095764,0.8137335181236267,,,,,,,,
digits,0.2,Baseline-LS,5,39,0.9721254110336304,55.942508548498154,0.02787458896636963,1.0,0.9721254110336304,60,0.9444444444444444,0.9472222222222222,0.29477548599243164,0.288247287273407,0.13771432638168338,0.13612515148189336,0.7499757409095764,0.8137335181236267,,,,,,,,
digits,0.4,Baseline-LS,5,39,0.9721254110336304,55.942508548498154,0.02787458896636963,1.0,0.9721254110336304,60,0.9444444444444444,0.9472222222222222,0.29477548599243164,0.288247287273407,0.13771432638168338,0.13612515148189336,0.7499757409095764,0.8137335181236267,,,,,,,,
digits,0.6,Baseline-LS,5,39,0.9721254110336304,55.942508548498154,0.02787458896636963,1.0,0.9721254110336304,60,0.9444444444444444,0.9472222222222222,0.29477548599243164,0.288247287273407,0.13771432638168338,0.13612515148189336,0.7499757409095764,0.8137335181236267,,,,,,,,
digits,0.8,Baseline-LS,5,39,0.9721254110336304,55.942508548498154,0.02787458896636963,1.0,0.9721254110336304,60,0.9444444444444444,0.9472222222222222,0.29477548599243164,0.288247287273407,0.13771432638168338,0.13612515148189336,0.7499757409095764,0.8137335181236267,,,,,,,,
digits,1.0,Baseline-LS,5,39,0.9721254110336304,55.942508548498154,0.02787458896636963,1.0,0.9721254110336304,60,0.9444444444444444,0.9472222222222222,0.29477548599243164,0.288247287273407,0.13771432638168338,0.13612515148189336,0.7499757409095764,0.8137335181236267,,,,,,,,
digits,0.0,Baseline-LS,6,78,0.9547038078308105,91.82926747202873,0.04181182384490967,1.0,0.9581881761550903,99,0.9638888888888889,0.9638888888888889,0.25625279545783997,0.25609248876571655,0.1291243925690651,0.13334107738402157,0.7053412795066833,0.8376261591911316,,,,,,,,
digits,0.2,Baseline-LS,6,78,0.9547038078308105,91.82926747202873,0.04181182384490967,1.0,0.9581881761550903,99,0.9638888888888889,0.9638888888888889,0.25625279545783997,0.25609248876571655,0.1291243925690651,0.13334107738402157,0.7053412795066833,0.8376261591911316,,,,,,,,
digits,0.4,Baseline-LS,6,78,0.9547038078308105,91.82926747202873,0.04181182384490967,1.0,0.9581881761550903,99,0.9638888888888889,0.9638888888888889,0.25625279545783997,0.25609248876571655,0.1291243925690651,0.13334107738402157,0.7053412795066833,0.8376261591911316,,,,,,,,
digits,0.6,Baseline-LS,6,78,0.9547038078308105,91.82926747202873,0.04181182384490967,1.0,0.9581881761550903,99,0.9638888888888889,0.9638888888888889,0.25625279545783997,0.25609248876571655,0.1291243925690651,0.13334107738402157,0.7053412795066833,0.8376261591911316,,,,,,,,
digits,0.8,Baseline-LS,6,78,0.9547038078308105,91.82926747202873,0.04181182384490967,1.0,0.9581881761550903,99,0.9638888888888889,0.9638888888888889,0.25625279545783997,0.25609248876571655,0.1291243925690651,0.13334107738402157,0.7053412795066833,0.8376261591911316,,,,,,,,
digits,1.0,Baseline-LS,6,78,0.9547038078308105,91.82926747202873,0.04181182384490967,1.0,0.9581881761550903,99,0.9638888888888889,0.9638888888888889,0.25625279545783997,0.25609248876571655,0.1291243925690651,0.13334107738402157,0.7053412795066833,0.8376261591911316,,,,,,,,
digits,0.0,Baseline-LS,7,111,0.9790940880775452,125.49651657044888,0.020905911922454834,1.0,0.9790940880775452,132,0.9722222222222222,0.975,0.342826247215271,0.3483561873435974,0.12587040124668017,0.12786126327183514,0.6692426800727844,0.8491703271865845,,,,,,,,
digits,0.2,Baseline-LS,7,111,0.9790940880775452,125.49651657044888,0.020905911922454834,1.0,0.9790940880775452,132,0.9722222222222222,0.975,0.342826247215271,0.3483561873435974,0.12587040124668017,0.12786126327183514,0.6692426800727844,0.8491703271865845,,,,,,,,
digits,0.4,Baseline-LS,7,111,0.9790940880775452,125.49651657044888,0.020905911922454834,1.0,0.9790940880775452,132,0.9722222222222222,0.975,0.342826247215271,0.3483561873435974,0.12587040124668017,0.12786126327183514,0.6692426800727844,0.8491703271865845,,,,,,,,
digits,0.6,Baseline-LS,7,111,0.9790940880775452,125.49651657044888,0.020905911922454834,1.0,0.9790940880775452,132,0.9722222222222222,0.975,0.342826247215271,0.3483561873435974,0.12587040124668017,0.12786126327183514,0.6692426800727844,0.8491703271865845,,,,,,,,
digits,0.8,Baseline-LS,7,111,0.9790940880775452,125.49651657044888,0.020905911922454834,1.0,0.9790940880775452,132,0.9722222222222222,0.975,0.342826247215271,0.3483561873435974,0.12587040124668017,0.12786126327183514,0.6692426800727844,0.8491703271865845,,,,,,,,
digits,1.0,Baseline-LS,7,111,0.9790940880775452,125.49651657044888,0.020905911922454834,1.0,0.9790940880775452,132,0.9722222222222222,0.975,0.342826247215271,0.3483561873435974,0.12587040124668017,0.12786126327183514,0.6692426800727844,0.8491703271865845,,,,,,,,
digits,0.0,Baseline-LS,8,112,0.9651567935943604,125.00348506867886,0.03135889768600464,1.0,0.9686411023139954,133,0.9583333333333334,0.9555555555555556,0.2690179944038391,0.2736871838569641,0.13552023400035165,0.13556726417607728,0.747056245803833,0.822813093662262,,,,,,,,
digits,0.2,Baseline-LS,8,112,0.9651567935943604,125.00348506867886,0.03135889768600464,1.0,0.9686411023139954,133,0.9583333333333334,0.9555555555555556,0.2690179944038391,0.2736871838569641,0.13552023400035165,0.13556726417607728,0.747056245803833,0.822813093662262,,,,,,,,
digits,0.4,Baseline-LS,8,112,0.9651567935943604,125.00348506867886,0.03135889768600464,1.0,0.9686411023139954,133,0.9583333333333334,0.9555555555555556,0.2690179944038391,0.2736871838569641,0.13552023400035165,0.13556726417607728,0.747056245803833,0.822813093662262,,,,,,,,
digits,0.6,Baseline-LS,8,112,0.9651567935943604,125.00348506867886,0.03135889768600464,1.0,0.9686411023139954,133,0.9583333333333334,0.9555555555555556,0.2690179944038391,0.2736871838569641,0.13552023400035165,0.13556726417607728,0.747056245803833,0.822813093662262,,,,,,,,
digits,0.8,Baseline-LS,8,112,0.9651567935943604,125.00348506867886,0.03135889768600464,1.0,0.9686411023139954,133,0.9583333333333334,0.9555555555555556,0.2690179944038391,0.2736871838569641,0.13552023400035165,0.13556726417607728,0.747056245803833,0.822813093662262,,,,,,,,
digits,1.0,Baseline-LS,8,112,0.9651567935943604,125.00348506867886,0.03135889768600464,1.0,0.9686411023139954,133,0.9583333333333334,0.9555555555555556,0.2690179944038391,0.2736871838569641,0.13552023400035165,0.13556726417607728,0.747056245803833,0.822813093662262,,,,,,,,
digits,0.0,Baseline-LS,9,167,0.9721254110336304,178.98083475232124,0.024390220642089844,1.0,0.9756097793579102,188,0.9611111111111111,0.9611111111111111,0.24913516640663147,0.2545846700668335,0.12548394256995785,0.12512149599691233,0.7040978074073792,0.8388046026229858,,,,,,,,
digits,0.2,Baseline-LS,9,167,0.9721254110336304,178.98083475232124,0.024390220642089844,1.0,0.9756097793579102,188,0.9611111111111111,0.9611111111111111,0.24913516640663147,0.2545846700668335,0.12548394256995785,0.12512149599691233,0.7040978074073792,0.8388046026229858,,,,,,,,
digits,0.4,Baseline-LS,9,167,0.9721254110336304,178.98083475232124,0.024390220642089844,1.0,0.9756097793579102,188,0.9611111111111111,0.9611111111111111,0.24913516640663147,0.2545846700668335,0.12548394256995785,0.12512149599691233,0.7040978074073792,0.8388046026229858,,,,,,,,
digits,0.6,Baseline-LS,9,167,0.9721254110336304,178.98083475232124,0.024390220642089844,1.0,0.9756097793579102,188,0.9611111111111111,0.9611111111111111,0.24913516640663147,0.2545846700668335,0.12548394256995785,0.12512149599691233,0.7040978074073792,0.8388046026229858,,,,,,,,
digits,0.8,Baseline-LS,9,167,0.9721254110336304,178.98083475232124,0.024390220642089844,1.0,0.9756097793579102,188,0.9611111111111111,0.9611111111111111,0.24913516640663147,0.2545846700668335,0.12548394256995785,0.12512149599691233,0.7040978074073792,0.8388046026229858,,,,,,,,
digits,1.0,Baseline-LS,9,167,0.9721254110336304,178.98083475232124,0.024390220642089844,1.0,0.9756097793579102,188,0.9611111111111111,0.9611111111111111,0.24913516640663147,0.2545846700668335,0.12548394256995785,0.12512149599691233,0.7040978074073792,0.8388046026229858,,,,,,,,
digits,0.0,Baseline-LS,10,78,0.9651567935943604,92.2578396499157,0.03135889768600464,1.0,0.9686411023139954,99,0.9694444444444444,0.9722222222222222,0.25698360800743103,0.258396178483963,0.14237361508939,0.14563056197431354,0.7239795923233032,0.8285775184631348,,,,,,,,
digits,0.2,Baseline-LS,10,78,0.9651567935943604,92.2578396499157,0.03135889768600464,1.0,0.9686411023139954,99,0.9694444444444444,0.9722222222222222,0.25698360800743103,0.258396178483963,0.14237361508939,0.14563056197431354,0.7239795923233032,0.8285775184631348,,,,,,,,
digits,0.4,Baseline-LS,10,78,0.9651567935943604,92.2578396499157,0.03135889768600464,1.0,0.9686411023139954,99,0.9694444444444444,0.9722222222222222,0.25698360800743103,0.258396178483963,0.14237361508939,0.14563056197431354,0.7239795923233032,0.8285775184631348,,,,,,,,
digits,0.6,Baseline-LS,10,78,0.9651567935943604,92.2578396499157,0.03135889768600464,1.0,0.9686411023139954,99,0.9694444444444444,0.9722222222222222,0.25698360800743103,0.258396178483963,0.14237361508939,0.14563056197431354,0.7239795923233032,0.8285775184631348,,,,,,,,
digits,0.8,Baseline-LS,10,78,0.9651567935943604,92.2578396499157,0.03135889768600464,1.0,0.9686411023139954,99,0.9694444444444444,0.9722222222222222,0.25698360800743103,0.258396178483963,0.14237361508939,0.14563056197431354,0.7239795923233032,0.8285775184631348,,,,,,,,
digits,1.0,Baseline-LS,10,78,0.9651567935943604,92.2578396499157,0.03135889768600464,1.0,0.9686411023139954,99,0.9694444444444444,0.9722222222222222,0.25698360800743103,0.258396178483963,0.14237361508939,0.14563056197431354,0.7239795923233032,0.8285775184631348,,,,,,,,
digits,0.0,Baseline-LS,11,78,0.9686411023139954,93.24738648533821,0.02787458896636963,1.0,0.9721254110336304,99,0.9722222222222222,0.9722222222222222,0.24073170125484467,0.2406388223171234,0.13908046955863634,0.14329530538784133,0.7124966382980347,0.8331417441368103,,,,,,,,
digits,0.2,Baseline-LS,11,78,0.9686411023139954,93.24738648533821,0.02787458896636963,1.0,0.9721254110336304,99,0.9722222222222222,0.9722222222222222,0.24073170125484467,0.2406388223171234,0.13908046955863634,0.14329530538784133,0.7124966382980347,0.8331417441368103,,,,,,,,
digits,0.4,Baseline-LS,11,78,0.9686411023139954,93.24738648533821,0.02787458896636963,1.0,0.9721254110336304,99,0.9722222222222222,0.9722222222222222,0.24073170125484467,0.2406388223171234,0.13908046955863634,0.14329530538784133,0.7124966382980347,0.8331417441368103,,,,,,,,
digits,0.6,Baseline-LS,11,78,0.9686411023139954,93.24738648533821,0.02787458896636963,1.0,0.9721254110336304,99,0.9722222222222222,0.9722222222222222,0.24073170125484467,0.2406388223171234,0.13908046955863634,0.14329530538784133,0.7124966382980347,0.8331417441368103,,,,,,,,
digits,0.8,Baseline-LS,11,78,0.9686411023139954,93.24738648533821,0.02787458896636963,1.0,0.9721254110336304,99,0.9722222222222222,0.9722222222222222,0.24073170125484467,0.2406388223171234,0.13908046955863634,0.14329530538784133,0.7124966382980347,0.8331417441368103,,,,,,,,
digits,1.0,Baseline-LS,11,78,0.9686411023139954,93.24738648533821,0.02787458896636963,1.0,0.9721254110336304,99,0.9722222222222222,0.9722222222222222,0.24073170125484467,0.2406388223171234,0.13908046955863634,0.14329530538784133,0.7124966382980347,0.8331417441368103,,,,,,,,
digits,0.0,Baseline-LS,12,65,0.9581881761550903,79.89024484157562,0.04181182384490967,1.0,0.9581881761550903,86,0.9722222222222222,0.9638888888888889,0.23387086391448975,0.23382629454135895,0.13227143031027583,0.12328051684631242,0.677773654460907,0.8411549925804138,,,,,,,,
digits,0.2,Baseline-LS,12,65,0.9581881761550903,79.89024484157562,0.04181182384490967,1.0,0.9581881761550903,86,0.9722222222222222,0.9638888888888889,0.23387086391448975,0.23382629454135895,0.13227143031027583,0.12328051684631242,0.677773654460907,0.8411549925804138,,,,,,,,
digits,0.4,Baseline-LS,12,65,0.9581881761550903,79.89024484157562,0.04181182384490967,1.0,0.9581881761550903,86,0.9722222222222222,0.9638888888888889,0.23387086391448975,0.23382629454135895,0.13227143031027583,0.12328051684631242,0.677773654460907,0.8411549925804138,,,,,,,,
digits,0.6,Baseline-LS,12,65,0.9581881761550903,79.89024484157562,0.04181182384490967,1.0,0.9581881761550903,86,0.9722222222222222,0.9638888888888889,0.23387086391448975,0.23382629454135895,0.13227143031027583,0.12328051684631242,0.677773654460907,0.8411549925804138,,,,,,,,
digits,0.8,Baseline-LS,12,65,0.9581881761550903,79.89024484157562,0.04181182384490967,1.0,0.9581881761550903,86,0.9722222222222222,0.9638888888888889,0.23387086391448975,0.23382629454135895,0.13227143031027583,0.12328051684631242,0.677773654460907,0.8411549925804138,,,,,,,,
digits,1.0,Baseline-LS,12,65,0.9581881761550903,79.89024484157562,0.04181182384490967,1.0,0.9581881761550903,86,0.9722222222222222,0.9638888888888889,0.23387086391448975,0.23382629454135895,0.13227143031027583,0.12328051684631242,0.677773654460907,0.8411549925804138,,,,,,,,
digits,0.0,Baseline-LS,13,76,0.9686411023139954,90.87630607187748,0.03484320640563965,1.0,0.9651567935943604,97,0.975,0.9777777777777777,0.22989603877067566,0.22709724307060242,0.1468855373561382,0.14833619039919643,0.7189497947692871,0.829528272151947,,,,,,,,
digits,0.2,Baseline-LS,13,76,0.9686411023139954,90.87630607187748,0.03484320640563965,1.0,0.9651567935943604,97,0.975,0.9777777777777777,0.22989603877067566,0.22709724307060242,0.1468855373561382,0.14833619039919643,0.7189497947692871,0.829528272151947,,,,,,,,
digits,0.4,Baseline-LS,13,76,0.9686411023139954,90.87630607187748,0.03484320640563965,1.0,0.9651567935943604,97,0.975,0.9777777777777777,0.22989603877067566,0.22709724307060242,0.1468855373561382,0.14833619039919643,0.7189497947692871,0.829528272151947,,,,,,,,
digits,0.6,Baseline-LS,13,76,0.9686411023139954,90.87630607187748,0.03484320640563965,1.0,0.9651567935943604,97,0.975,0.9777777777777777,0.22989603877067566,0.22709724307060242,0.1468855373561382,0.14833619039919643,0.7189497947692871,0.829528272151947,,,,,,,,
digits,0.8,Baseline-LS,13,76,0.9686411023139954,90.87630607187748,0.03484320640563965,1.0,0.9651567935943604,97,0.975,0.9777777777777777,0.22989603877067566,0.22709724307060242,0.1468855373561382,0.14833619039919643,0.7189497947692871,0.829528272151947,,,,,,,,
digits,1.0,Baseline-LS,13,76,0.9686411023139954,90.87630607187748,0.03484320640563965,1.0,0.9651567935943604,97,0.975,0.9777777777777777,0.22989603877067566,0.22709724307060242,0.1468855373561382,0.14833619039919643,0.7189497947692871,0.829528272151947,,,,,,,,
digits,0.0,Baseline-LS,14,72,0.9756097793579102,87.10975666344166,0.024390220642089844,1.0,0.9756097793579102,93,0.9611111111111111,0.9583333333333334,0.2558971643447876,0.26012399792671204,0.12119702307714356,0.12716960029469596,0.6826170682907104,0.8418295383453369,,,,,,,,
digits,0.2,Baseline-LS,14,72,0.9756097793579102,87.10975666344166,0.024390220642089844,1.0,0.9756097793579102,93,0.9611111111111111,0.9583333333333334,0.2558971643447876,0.26012399792671204,0.12119702307714356,0.12716960029469596,0.6826170682907104,0.8418295383453369,,,,,,,,
digits,0.4,Baseline-LS,14,72,0.9756097793579102,87.10975666344166,0.024390220642089844,1.0,0.9756097793579102,93,0.9611111111111111,0.9583333333333334,0.2558971643447876,0.26012399792671204,0.12119702307714356,0.12716960029469596,0.6826170682907104,0.8418295383453369,,,,,,,,
digits,0.6,Baseline-LS,14,72,0.9756097793579102,87.10975666344166,0.024390220642089844,1.0,0.9756097793579102,93,0.9611111111111111,0.9583333333333334,0.2558971643447876,0.26012399792671204,0.12119702307714356,0.12716960029469596,0.6826170682907104,0.8418295383453369,,,,,,,,
digits,0.8,Baseline-LS,14,72,0.9756097793579102,87.10975666344166,0.024390220642089844,1.0,0.9756097793579102,93,0.9611111111111111,0.9583333333333334,0.2558971643447876,0.26012399792671204,0.12119702307714356,0.12716960029469596,0.6826170682907104,0.8418295383453369,,,,,,,,
digits,1.0,Baseline-LS,14,72,0.9756097793579102,87.10975666344166,0.024390220642089844,1.0,0.9756097793579102,93,0.9611111111111111,0.9583333333333334,0.2558971643447876,0.26012399792671204,0.12119702307714356,0.12716960029469596,0.6826170682907104,0.8418295383453369,,,,,,,,
digits,0.0,Baseline-LS,15,82,0.9825783967971802,98.59407624602318,0.013937294483184814,1.0,0.9860627055168152,103,0.975,0.975,0.21995066106319427,0.21876831352710724,0.13141772713926103,0.13307126843267017,0.6796485781669617,0.8446765542030334,,,,,,,,
digits,0.2,Baseline-LS,15,82,0.9825783967971802,98.59407624602318,0.013937294483184814,1.0,0.9860627055168152,103,0.975,0.975,0.21995066106319427,0.21876831352710724,0.13141772713926103,0.13307126843267017,0.6796485781669617,0.8446765542030334,,,,,,,,
digits,0.4,Baseline-LS,15,82,0.9825783967971802,98.59407624602318,0.013937294483184814,1.0,0.9860627055168152,103,0.975,0.975,0.21995066106319427,0.21876831352710724,0.13141772713926103,0.13307126843267017,0.6796485781669617,0.8446765542030334,,,,,,,,
digits,0.6,Baseline-LS,15,82,0.9825783967971802,98.59407624602318,0.013937294483184814,1.0,0.9860627055168152,103,0.975,0.975,0.21995066106319427,0.21876831352710724,0.13141772713926103,0.13307126843267017,0.6796485781669617,0.8446765542030334,,,,,,,,
digits,0.8,Baseline-LS,15,82,0.9825783967971802,98.59407624602318,0.013937294483184814,1.0,0.9860627055168152,103,0.975,0.975,0.21995066106319427,0.21876831352710724,0.13141772713926103,0.13307126843267017,0.6796485781669617,0.8446765542030334,,,,,,,,
digits,1.0,Baseline-LS,15,82,0.9825783967971802,98.59407624602318,0.013937294483184814,1.0,0.9860627055168152,103,0.975,0.975,0.21995066106319427,0.21876831352710724,0.13141772713926103,0.13307126843267017,0.6796485781669617,0.8446765542030334,,,,,,,,
digits,0.0,Baseline-LS,16,154,0.9756097793579102,167.32926833629608,0.024390220642089844,1.0,0.9756097793579102,175,0.9777777777777777,0.975,0.22312532365322113,0.22615955770015717,0.14644270572397441,0.14612780354089205,0.7261294722557068,0.8323269486427307,,,,,,,,
digits,0.2,Baseline-LS,16,154,0.9756097793579102,167.32926833629608,0.024390220642089844,1.0,0.9756097793579102,175,0.9777777777777777,0.975,0.22312532365322113,0.22615955770015717,0.14644270572397441,0.14612780354089205,0.7261294722557068,0.8323269486427307,,,,,,,,
digits,0.4,Baseline-LS,16,154,0.9756097793579102,167.32926833629608,0.024390220642089844,1.0,0.9756097793579102,175,0.9777777777777777,0.975,0.22312532365322113,0.22615955770015717,0.14644270572397441,0.14612780354089205,0.7261294722557068,0.8323269486427307,,,,,,,,
digits,0.6,Baseline-LS,16,154,0.9756097793579102,167.32926833629608,0.024390220642089844,1.0,0.9756097793579102,175,0.9777777777777777,0.975,0.22312532365322113,0.22615955770015717,0.14644270572397441,0.14612780354089205,0.7261294722557068,0.8323269486427307,,,,,,,,
digits,0.8,Baseline-LS,16,154,0.9756097793579102,167.32926833629608,0.024390220642089844,1.0,0.9756097793579102,175,0.9777777777777777,0.975,0.22312532365322113,0.22615955770015717,0.14644270572397441,0.14612780354089205,0.7261294722557068,0.8323269486427307,,,,,,,,
digits,1.0,Baseline-LS,16,154,0.9756097793579102,167.32926833629608,0.024390220642089844,1.0,0.9756097793579102,175,0.9777777777777777,0.975,0.22312532365322113,0.22615955770015717,0.14644270572397441,0.14612780354089205,0.7261294722557068,0.8323269486427307,,,,,,,,
digits,0.0,Baseline-LS,17,158,0.9686411023139954,170.18989543616772,0.03484320640563965,1.0,0.9651567935943604,179,0.975,0.9694444444444444,0.22826270759105682,0.23655007779598236,0.13703890935414365,0.13706784041391476,0.7009881138801575,0.8379610776901245,,,,,,,,
digits,0.2,Baseline-LS,17,158,0.9686411023139954,170.18989543616772,0.03484320640563965,1.0,0.9651567935943604,179,0.975,0.9694444444444444,0.22826270759105682,0.23655007779598236,0.13703890935414365,0.13706784041391476,0.7009881138801575,0.8379610776901245,,,,,,,,
digits,0.4,Baseline-LS,17,158,0.9686411023139954,170.18989543616772,0.03484320640563965,1.0,0.9651567935943604,179,0.975,0.9694444444444444,0.22826270759105682,0.23655007779598236,0.13703890935414365,0.13706784041391476,0.7009881138801575,0.8379610776901245,,,,,,,,
digits,0.6,Baseline-LS,17,158,0.9686411023139954,170.18989543616772,0.03484320640563965,1.0,0.9651567935943604,179,0.975,0.9694444444444444,0.22826270759105682,0.23655007779598236,0.13703890935414365,0.13706784041391476,0.7009881138801575,0.8379610776901245,,,,,,,,
digits,0.8,Baseline-LS,17,158,0.9686411023139954,170.18989543616772,0.03484320640563965,1.0,0.9651567935943604,179,0.975,0.9694444444444444,0.22826270759105682,0.23655007779598236,0.13703890935414365,0.13706784041391476,0.7009881138801575,0.8379610776901245,,,,,,,,
digits,1.0,Baseline-LS,17,158,0.9686411023139954,170.18989543616772,0.03484320640563965,1.0,0.9651567935943604,179,0.975,0.9694444444444444,0.22826270759105682,0.23655007779598236,0.13703890935414365,0.13706784041391476,0.7009881138801575,0.8379610776901245,,,,,,,,
digits,0.0,Baseline-LS,18,46,0.99303138256073,63.56271789968014,0.010452985763549805,1.0,0.9895470142364502,67,0.9666666666666667,0.9638888888888889,0.2276965230703354,0.2231341004371643,0.13142786402669218,0.1285625041359001,0.6778588891029358,0.8385226130485535,,,,,,,,
digits,0.2,Baseline-LS,18,46,0.99303138256073,63.56271789968014,0.010452985763549805,1.0,0.9895470142364502,67,0.9666666666666667,0.9638888888888889,0.2276965230703354,0.2231341004371643,0.13142786402669218,0.1285625041359001,0.6778588891029358,0.8385226130485535,,,,,,,,
digits,0.4,Baseline-LS,18,46,0.99303138256073,63.56271789968014,0.010452985763549805,1.0,0.9895470142364502,67,0.9666666666666667,0.9638888888888889,0.2276965230703354,0.2231341004371643,0.13142786402669218,0.1285625041359001,0.6778588891029358,0.8385226130485535,,,,,,,,
digits,0.6,Baseline-LS,18,46,0.99303138256073,63.56271789968014,0.010452985763549805,1.0,0.9895470142364502,67,0.9666666666666667,0.9638888888888889,0.2276965230703354,0.2231341004371643,0.13142786402669218,0.1285625041359001,0.6778588891029358,0.8385226130485535,,,,,,,,
digits,0.8,Baseline-LS,18,46,0.99303138256073,63.56271789968014,0.010452985763549805,1.0,0.9895470142364502,67,0.9666666666666667,0.9638888888888889,0.2276965230703354,0.2231341004371643,0.13142786402669218,0.1285625041359001,0.6778588891029358,0.8385226130485535,,,,,,,,
digits,1.0,Baseline-LS,18,46,0.99303138256073,63.56271789968014,0.010452985763549805,1.0,0.9895470142364502,67,0.9666666666666667,0.9638888888888889,0.2276965230703354,0.2231341004371643,0.13142786402669218,0.1285625041359001,0.6778588891029358,0.8385226130485535,,,,,,,,
digits,0.0,Baseline-LS,19,80,0.9686411023139954,94.93379665911198,0.03135889768600464,1.0,0.9686411023139954,101,0.9638888888888889,0.9611111111111111,0.2459823191165924,0.25245147943496704,0.1310640955136882,0.13697766909996667,0.7129870653152466,0.8328247666358948,,,,,,,,
digits,0.2,Baseline-LS,19,80,0.9686411023139954,94.93379665911198,0.03135889768600464,1.0,0.9686411023139954,101,0.9638888888888889,0.9611111111111111,0.2459823191165924,0.25245147943496704,0.1310640955136882,0.13697766909996667,0.7129870653152466,0.8328247666358948,,,,,,,,
digits,0.4,Baseline-LS,19,80,0.9686411023139954,94.93379665911198,0.03135889768600464,1.0,0.9686411023139954,101,0.9638888888888889,0.9611111111111111,0.2459823191165924,0.25245147943496704,0.1310640955136882,0.13697766909996667,0.7129870653152466,0.8328247666358948,,,,,,,,
digits,0.6,Baseline-LS,19,80,0.9686411023139954,94.93379665911198,0.03135889768600464,1.0,0.9686411023139954,101,0.9638888888888889,0.9611111111111111,0.2459823191165924,0.25245147943496704,0.1310640955136882,0.13697766909996667,0.7129870653152466,0.8328247666358948,,,,,,,,
digits,0.8,Baseline-LS,19,80,0.9686411023139954,94.93379665911198,0.03135889768600464,1.0,0.9686411023139954,101,0.9638888888888889,0.9611111111111111,0.2459823191165924,0.25245147943496704,0.1310640955136882,0.13697766909996667,0.7129870653152466,0.8328247666358948,,,,,,,,
digits,1.0,Baseline-LS,19,80,0.9686411023139954,94.93379665911198,0.03135889768600464,1.0,0.9686411023139954,101,0.9638888888888889,0.9611111111111111,0.2459823191165924,0.25245147943496704,0.1310640955136882,0.13697766909996667,0.7129870653152466,0.8328247666358948,,,,,,,,
digits,0.0,Distill-S,0,111,0.9686411023139954,124.66550551354885,0.015712771623030974,0.9808695652173913,0.9651567935943604,132,0.9638888888888889,0.9638888888888889,0.11758143454790115,0.11702387034893036,0.01679759265647992,0.021289007903801085,0.12820890545845032,0.9572404623031616,0.9472222222222222,0.025004366932711443,0.9656643781077968,0.10476928092267038,0.12166722507469246,0.9600596288904153,,0.9443478260869566
digits,0.2,Distill-S,0,135,0.9651567935943604,148.1776995807886,0.024402375946874222,0.9930434782608696,0.9686411023139954,156,0.9666666666666667,0.9666666666666667,0.10573060810565948,0.10573600977659225,0.020324100098676152,0.015415849578049482,0.12040571868419647,0.9606049656867981,0.9666666666666667,0.01574088233553164,0.9659261458536662,0.10522817559593389,0.10679730104756506,0.9666952303078779,1.0,0.9652173913043478
digits,0.4,Distill-S,0,85,0.9756097793579102,100.42856980860233,0.02265719766202179,0.9947826086956522,0.9721254110336304,106,0.9666666666666667,0.9638888888888889,0.10293928533792496,0.1021794006228447,0.023930964494744956,0.022750268007318147,0.11102257668972015,0.9636218547821045,0.9666666666666667,0.019911102053511216,0.967537693141534,0.10042724450692747,0.07801718989451421,0.9772329376182423,1.0,0.9710144927536232
digits,0.6,Distill-S,0,128,0.9756097793579102,142.60453091561794,0.022663245512091645,0.991304347826087,0.9686411023139954,149,0.9666666666666667,0.9694444444444444,0.10746268928050995,0.10409992933273315,0.01468581524160176,0.014656130265858467,0.10945157706737518,0.9637312889099121,0.9555555555555556,0.019740306680966907,0.963982786850788,0.11092827996349892,0.06576601271768899,0.9818987255382925,1.0,0.9739130434782609
digits,0.8,Distill-S,0,99,0.9721254110336304,113.94424964487553,0.026135458531587052,0.9982608695652174,0.9721254110336304,120,0.9583333333333334,0.9611111111111111,0.11565015465021133,0.1147262379527092,0.019577649525470208,0.018395425006747245,0.10364093631505966,0.96500563621521,0.9555555555555556,0.024430283016286244,0.9650808245080008,0.10811007127547397,0.044527430059250576,0.9897014456857659,1.0,0.9652173913043478
digits,1.0,Distill-S,0,212,0.9721254110336304,223.6498216241598,0.02787458896636963,1.0,0.9721254110336304,233,0.9694444444444444,0.9694444444444444,0.10480240732431412,0.10262313485145569,0.018470718007948667,0.022684564772579366,0.10144750773906708,0.9661797285079956,0.9583333333333334,0.016724192729485488,0.964432064968312,0.11108109699702802,0.03183993800124224,0.9948932091442748,1.0,
digits,0.0,Distill-S,1,97,0.9756097793579102,112.54703728854656,0.019172829337742003,0.9947826086956522,0.9756097793579102,118,0.9444444444444444,0.9416666666666667,0.1944555938243866,0.18897274136543274,0.024518884883986583,0.018940505468183107,0.13908110558986664,0.9546873569488525,0.9472222222222222,0.027203844682144457,0.9591121579194885,0.12484253459443148,0.14432670951497467,0.9536458527580267,,0.9565217391304348
digits,0.2,Distill-S,1,88,0.9686411023139954,103.6097546517849,0.027880636816439375,0.9965217391304347,0.9686411023139954,109,0.9472222222222222,0.9555555555555556,0.22415049374103546,0.2156720757484436,0.02830099066098532,0.02845459671484099,0.13112565875053406,0.9548611044883728,0.9527777777777777,0.01817190456875806,0.9619391834976331,0.11905647440797619,0.11034949060473867,0.967583197009307,1.0,0.9652173913043478
digits,0.4,Distill-S,1,70,0.9686411023139954,86.00348374247551,0.027880636816439375,0.9965217391304347,0.9686411023139954,91,0.9472222222222222,0.9527777777777777,0.24143971502780914,0.22733734548091888,0.036666462487644644,0.0326383033560382,0.1248791366815567,0.9583554863929749,0.9583333333333334,0.017099003811152536,0.9621842926783054,0.11637629102088286,0.09230933806770392,0.9721029973915064,1.0,0.9420289855072463
digits,0.6,Distill-S,1,153,0.9721254110336304,167.32230107486248,0.027880636816439375,0.9965217391304347,0.9686411023139954,174,0.9555555555555556,0.9583333333333334,0.18553000688552856,0.1665087342262268,0.020501515269279458,0.022905928807126177,0.11156702041625977,0.9616970419883728,0.9611111111111111,0.02279564754983265,0.9639593580343384,0.11379131036414998,0.06397917075553079,0.983007290304785,1.0,0.9782608695652174
digits,0.8,Distill-S,1,113,0.9825783967971802,128.79616776108742,0.013937294483184814,1.0,0.9860627055168152,134,0.9583333333333334,0.9611111111111111,0.20061612129211426,0.19263607263565063,0.023394365774260583,0.023474322176641884,0.11224397271871567,0.9604967832565308,0.9611111111111111,0.022545555492092435,0.9639526112089019,0.11926706368628477,0.05620287576349708,0.9857971851033588,1.0,0.9739130434782609
digits,1.0,Distill-S,1,299,0.9756097793579102,290.7020940333605,0.024390220642089844,1.0,0.9756097793579102,300,0.9472222222222222,0.9472222222222222,0.22768403589725494,0.22768403589725494,0.025062322202656,0.025062322202656,0.10016345232725143,0.9672117233276367,0.95,0.021910293144838812,0.9629566445014124,0.11867134099603034,0.03191436467793814,0.9947324972578762,1.0,
digits,0.0,Distill-S,2,107,0.9547038078308105,118.34494844079018,0.0453143357193988,0.9895652173913043,0.9442508816719055,128,0.9722222222222222,0.9722222222222222,0.1050548106431961,0.10569138079881668,0.018604409777455814,0.026815265582667468,0.12519218027591705,0.9604748487472534,0.975,0.021183202726451383,0.9643620150952299,0.11463821478362135,0.13435931426510256,0.9523035530726472,,0.9426086956521739
digits,0.2,Distill-S,2,72,0.9547038078308105,85.58188171684742,0.043575205284616225,0.9878260869565217,0.9442508816719055,93,0.9583333333333334,0.9555555555555556,0.11175829917192459,0.10660753399133682,0.025270718501673766,0.019212830066680873,0.14141274988651276,0.9544914960861206,0.9777777777777777,0.027193892207113275,0.9557007706695201,0.13262921432073446,0.12395045187636035,0.9593049188633466,1.0,0.9347826086956522
digits,0.4,Distill-S,2,223,0.9581881761550903,229.36933578550816,0.033122279125711196,0.9878260869565217,0.9547038078308105,244,0.9722222222222222,0.975,0.08383659273386002,0.08832236379384995,0.026894470883740283,0.016447136054436366,0.11332240700721741,0.96429842710495,0.9861111111111112,0.023533813603405108,0.965489359619419,0.11570816193262136,0.09110118870460479,0.9717655446002237,1.0,0.9594202898550724
digits,0.6,Distill-S,2,111,0.9616724848747253,123.14982561767101,0.04007269341012709,0.9982608695652174,0.9581881761550903,132,0.9611111111111111,0.9611111111111111,0.10226582735776901,0.10667578130960464,0.012115551448530599,0.006750341090891124,0.10075616091489792,0.9681256413459778,0.9722222222222222,0.016507805154411033,0.9677797791222071,0.1035111999882556,0.062315556716331405,0.9839977856966775,1.0,0.9521739130434783
digits,0.8,Distill-S,2,102,0.9616724848747253,115.07491339743137,0.034849254255709394,0.9965217391304347,0.9616724848747253,123,0.9611111111111111,0.9611111111111111,0.10321100056171417,0.10129617154598236,0.02484655727942785,0.020627569324440414,0.10264989733695984,0.9694145917892456,0.9722222222222222,0.02514290730512629,0.9577724153378026,0.12730444327941778,0.05119954065703399,0.9879437797479241,1.0,0.9478260869565217
digits,1.0,Distill-S,2,76,0.9581881761550903,90.04181323945522,0.04181182384490967,1.0,0.9581881761550903,97,0.9527777777777777,0.9527777777777777,0.13993927836418152,0.1367727518081665,0.017622698595126468,0.015045587138997164,0.10459566861391068,0.9643813967704773,0.9583333333333334,0.011556389081344225,0.9617171156246567,0.12046245663966582,0.03278121579874579,0.9944949274776206,1.0,
digits,0.0,Distill-S,3,167,0.9616724848747253,177.87979185581207,0.03137099338614424,0.9930434782608696,0.9616724848747253,188,0.9638888888888889,0.9555555555555556,0.1661296784877777,0.16948363184928894,0.03161463571919335,0.02222477065192328,0.11171884834766388,0.9649921655654907,0.9583333333333334,0.03134979862879028,0.9664408405914762,0.10935132336412631,0.10680592266549109,0.9656184406040536,,0.96
digits,0.2,Distill-S,3,36,0.9442508816719055,51.51568005979061,0.05227085745852922,0.9965217391304347,0.9442508816719055,57,0.9527777777777777,0.9527777777777777,0.17634184658527374,0.1823258101940155,0.009319197469287412,0.021787763635317512,0.14774131774902344,0.9521300196647644,0.95,0.022965832672207975,0.967642972043993,0.1035996103987841,0.09243900193547985,0.9699653789280313,1.0,0.967391304347826
digits,0.4,Distill-S,3,35,0.9442508816719055,50.5783976316452,0.05923342704772949,1.0,0.9407665729522705,56,0.9555555555555556,0.9555555555555556,0.17231851816177368,0.17931225895881653,0.030116871827178496,0.021153967579205808,0.1421559453010559,0.9556120038032532,0.9611111111111111,0.019515900177140465,0.9683668908782187,0.10401972998617902,0.08220219617601915,0.9750282063913938,1.0,0.9710144927536232
digits,0.6,Distill-S,3,64,0.9477351903915405,78.19337971508503,0.05226480960845947,1.0,0.9477351903915405,85,0.9555555555555556,0.9527777777777777,0.17143934965133667,0.17133671045303345,0.022195848574240964,0.02622482611073384,0.11533794552087784,0.9614386558532715,0.9611111111111111,0.02471100157642976,0.9653248840316214,0.11546194287891788,0.06274779812060435,0.982784331575827,1.0,0.9608695652173913
digits,0.8,Distill-S,3,215,0.9477351903915405,221.5505215972662,0.0453022400192592,0.9965217391304347,0.9512194991111755,236,0.9555555555555556,0.9527777777777777,0.17133882641792297,0.17921409010887146,0.019647323919667184,0.02337922503550847,0.09850283712148666,0.9709929823875427,0.9611111111111111,0.02528555959139866,0.9669240549081292,0.11109897950879224,0.04708234798490496,0.9892676910624659,1.0,0.9565217391304348
digits,1.0,Distill-S,3,42,0.9442508816719055,57.14111544191837,0.05574911832809448,1.0,0.9442508816719055,63,0.9583333333333334,0.9583333333333334,0.1614999920129776,0.16383720934391022,0.015411520666546333,0.0195691131883197,0.11457470804452896,0.9640868902206421,0.9694444444444444,0.01983795974010125,0.9690759077173079,0.10461812246575038,0.032506239486968416,0.9946438217055902,1.0,
digits,0.0,Distill-S,4,172,0.9756097793579102,184.28397141397,0.02265719766202179,0.9947826086956522,0.9721254110336304,193,0.9527777777777777,0.95,0.16542212665081024,0.1653345376253128,0.00934910774230955,0.018255809777312833,0.14721953868865967,0.9545484781265259,0.9472222222222222,0.03341645082067535,0.9524477418469968,0.14059847289925462,0.11724066590953088,0.9623192075851051,,0.9686956521739131
digits,0.2,Distill-S,4,31,0.9686411023139954,48.11324016749859,0.03658838469049208,0.9982608695652174,0.9616724848747253,52,0.9444444444444444,0.9416666666666667,0.17123062908649445,0.17412517964839935,0.019881952967908657,0.02613148623042633,0.1870364546775818,0.9415468573570251,0.9416666666666667,0.03794284509818799,0.960640793714317,0.12350119997968506,0.10268333579775377,0.9687583726893828,1.0,0.9804347826086957
digits,0.4,Distill-S,4,181,0.9790940880775452,194.1114965826273,0.024396328096804365,0.9965217391304347,0.9721254110336304,202,0.9527777777777777,0.95,0.1483113020658493,0.14521130919456482,0.0324758307801353,0.023732674452993614,0.13504955172538757,0.9573004841804504,0.9583333333333334,0.013361516270705287,0.9623331626874653,0.12029950475460412,0.08687996989255786,0.9723024863990798,1.0,0.9710144927536232
digits,0.6,Distill-S,4,123,0.9825783967971802,138.39721381664276,0.019166781487672258,0.9982608695652174,0.9790940880775452,144,0.95,0.9444444444444444,0.1595851480960846,0.1646217703819275,0.026540638671980976,0.024594716727733647,0.1337454468011856,0.9579863548278809,0.9388888888888889,0.03805315431438219,0.9578685907555482,0.12942629393835575,0.069350960946055,0.9798957676318178,1.0,0.9695652173913043
digits,0.8,Distill-S,4,43,0.9756097793579102,60.00000023841858,0.024390220642089844,1.0,0.9756097793579102,64,0.9472222222222222,0.9444444444444444,0.16348814964294434,0.16271823644638062,0.019110648747947483,0.020128191262483597,0.14155898988246918,0.9541184306144714,0.9472222222222222,0.01960584501233653,0.9589577540326721,0.12464813237561653,0.04739229203936297,0.9880046388983067,1.0,0.9652173913043478
digits,1.0,Distill-S,4,225,0.9825783967971802,238.8797912746668,0.017421603202819824,1.0,0.9825783967971802,246,0.95,0.95,0.15214580297470093,0.15201471745967865,0.022331477370527084,0.02033756598830226,0.106536865234375,0.9657382369041443,0.9444444444444444,0.01920850551702443,0.9635679290900641,0.1171745413067519,0.03059361484216523,0.9949385020117658,1.0,
digits,0.0,Distill-S,5,70,0.9686411023139954,85.68292546272278,0.027880636816439375,0.9965217391304347,0.9686411023139954,91,0.9388888888888889,0.9361111111111111,0.18618223071098328,0.18220354616641998,0.018977836685048224,0.024372955494456786,0.15005771815776825,0.9532191157341003,0.9694444444444444,0.020594606512933183,0.9565870063581492,0.13708608403862482,0.11219757392757328,0.966448446964054,,0.9686956521739131
digits,0.2,Distill-S,5,44,0.9581881761550903,59.82578453421593,0.04181793129962419,0.9965217391304347,0.9547038078308105,65,0.9388888888888889,0.9361111111111111,0.19302377104759216,0.18855859339237213,0.017439946780602174,0.03353888963659604,0.16462837159633636,0.9463353753089905,0.9638888888888889,0.02785700330947921,0.9569961404438406,0.1353085599749171,0.10650864740501854,0.9666990545326056,1.0,0.9521739130434783
digits,0.4,Distill-S,5,44,0.9721254110336304,60.30487775802612,0.027880636816439375,0.9965217391304347,0.9686411023139954,65,0.9333333333333333,0.9333333333333333,0.2156960666179657,0.21018745005130768,0.02540771820478973,0.021735315604342314,0.16343404352664948,0.9470334649085999,0.9444444444444444,0.02104082837787947,0.9511270016046751,0.15180642581598566,0.0864863790587978,0.9752417022578993,1.0,0.9739130434782609
digits,0.6,Distill-S,5,56,0.9721254110336304,72.13588735461235,0.026135458531587052,0.9982608695652174,0.9721254110336304,77,0.9222222222222223,0.9277777777777778,0.22203631699085236,0.21260292828083038,0.03924197918838926,0.03522518210940892,0.1416913866996765,0.9530643820762634,0.9527777777777777,0.033873487048999465,0.9567173561509107,0.13784081602837978,0.06527362379083135,0.9828164290812362,1.0,0.9826086956521739
digits,0.8,Distill-S,5,66,0.9651567935943604,81.36411175131798,0.03658838469049208,0.9982608695652174,0.9616724848747253,87,0.9305555555555556,0.9388888888888889,0.2082059234380722,0.19993171095848083,0.03470036561290424,0.030669346037838177,0.13109655678272247,0.9554307460784912,0.95,0.022880097908089876,0.9553081713728863,0.14261680086981163,0.04654272395990861,0.9893775817893585,1.0,0.9826086956521739
digits,1.0,Distill-S,5,57,0.9686411023139954,72.92160227894783,0.03135889768600464,1.0,0.9686411023139954,78,0.9333333333333333,0.9388888888888889,0.21030455827713013,0.20548118650913239,0.03515383659137619,0.034038761423693754,0.13111542165279388,0.953698456287384,0.9333333333333333,0.029922384588786502,0.9483591134755637,0.1571586657546715,0.03335673360066828,0.994539006479246,1.0,
digits,0.0,Distill-S,6,85,0.9512194991111755,97.94947680830956,0.05226480960845947,1.0,0.9477351903915405,106,0.9472222222222222,0.95,0.20015811920166016,0.21272093057632446,0.0335178333852026,0.03448088694777755,0.15014450252056122,0.9546200037002563,0.9388888888888889,0.020844435599930593,0.9497689643552228,0.1480375698151123,0.12338240873559904,0.9626033177379407,,0.9739130434782609
digits,0.2,Distill-S,6,194,0.9616724848747253,202.2595810443163,0.03832751512527466,1.0,0.9616724848747253,215,0.9444444444444444,0.9444444444444444,0.2469104826450348,0.24684575200080872,0.027173483288950438,0.02410527376665014,0.12073421478271484,0.9627914428710938,0.9472222222222222,0.03513790565950256,0.9586597319065359,0.13052224492773554,0.10025889419855397,0.969948362498212,1.0,0.9826086956521739
digits,0.4,Distill-S,6,187,0.9651567935943604,196.665505990386,0.026147554231726655,0.991304347826087,0.9651567935943604,208,0.9472222222222222,0.9444444444444444,0.21067127585411072,0.211375892162323,0.029884805364741196,0.024399899111853664,0.1138717457652092,0.9653260707855225,0.9333333333333333,0.026113151417312803,0.9536901949158094,0.1360601044894895,0.09088241754560523,0.9738804156253987,1.0,0.9681159420289855
digits,0.6,Distill-S,6,170,0.9651567935943604,179.38153351843357,0.026147554231726655,0.991304347826087,0.9651567935943604,191,0.9583333333333334,0.95,0.2010498046875,0.2056674063205719,0.026888210243648947,0.024084185726112803,0.11346238106489182,0.9646725058555603,0.9388888888888889,0.024517129304982302,0.9574246843103612,0.13049339925059705,0.06542592649807877,0.9839835521818933,1.0,0.9826086956521739
digits,0.8,Distill-S,6,35,0.9407665729522705,50.37804934382439,0.054009987893311906,0.9982608695652174,0.9442508816719055,56,0.9444444444444444,0.95,0.19892743229866028,0.206063374876976,0.02392587396833635,0.019971464077631597,0.1312384009361267,0.9576321840286255,0.9444444444444444,0.01962961932380106,0.9605725764202583,0.12120849275059696,0.04238792577467543,0.9914812690976261,1.0,0.9826086956521739
digits,1.0,Distill-S,6,35,0.9407665729522705,50.38153377175331,0.05923342704772949,1.0,0.9407665729522705,56,0.9444444444444444,0.9472222222222222,0.1907469481229782,0.19561658799648285,0.01964155948824351,0.019676605363686876,0.1300080567598343,0.9566740393638611,0.9416666666666667,0.02742129881232641,0.9594947796353633,0.12490709461159051,0.03114489884254482,0.9949357029745223,1.0,
digits,0.0,Distill-S,7,123,0.9721254110336304,135.0261323750019,0.026135458531587052,0.9982608695652174,0.9721254110336304,144,0.9611111111111111,0.9555555555555556,0.14091259241104126,0.1404079645872116,0.01942692382468115,0.024594196925560616,0.1255566030740738,0.9607840776443481,0.9472222222222222,0.028277586872313135,0.9623112847548283,0.11917621503212182,0.10659685056023707,0.9701817997281822,,0.9721739130434782
digits,0.2,Distill-S,7,176,0.9721254110336304,184.8554005175829,0.024396328096804365,0.9965217391304347,0.9721254110336304,197,0.9611111111111111,0.9583333333333334,0.12389398366212845,0.12520147860050201,0.02839954611327913,0.024251581728458392,0.12291930615901947,0.9612669348716736,0.9527777777777777,0.022658772762997742,0.9622647380953036,0.12244637082459785,0.0861673779304788,0.9766022744730797,1.0,0.9717391304347827
digits,0.4,Distill-S,7,224,0.9651567935943604,230.17421700060368,0.034849254255709394,0.9965217391304347,0.9616724848747253,245,0.9583333333333334,0.9555555555555556,0.12218206375837326,0.12377914786338806,0.02285777520802285,0.018310035806563166,0.11563538759946823,0.9623748660087585,0.9472222222222222,0.02443364637167601,0.9614726084852957,0.1176877835816584,0.07590784561361681,0.9795853337449444,1.0,0.9739130434782609
digits,0.6,Distill-S,7,32,0.9337978959083557,46.7648079097271,0.0609786649372267,0.9982608695652174,0.9372822046279907,53,0.9583333333333334,0.9611111111111111,0.1391800493001938,0.14023827016353607,0.01794811002910137,0.025763745440377128,0.1511627584695816,0.9519331455230713,0.9527777777777777,0.02232562119986176,0.9634530093442379,0.11472094385999604,0.05477232916734066,0.9869789436178321,1.0,0.9782608695652174
digits,0.8,Distill-S,7,32,0.9407665729522705,46.848431676626205,0.06446297365686171,0.9982608695652174,0.9337978959083557,53,0.9583333333333334,0.9638888888888889,0.14106683433055878,0.1396198868751526,0.01832240223884584,0.02165540986590912,0.1464165598154068,0.9527862668037415,0.9583333333333334,0.01844249812630534,0.966084839019373,0.11114717125770548,0.0458828325174848,0.9893040632801863,1.0,0.9565217391304348
digits,1.0,Distill-S,7,298,0.9547038078308105,283.11846746504307,0.04529619216918945,1.0,0.9547038078308105,300,0.9555555555555556,0.9555555555555556,0.12589995563030243,0.125541090965271,0.014476526859733756,0.015527144529753224,0.1022488996386528,0.9646246433258057,0.9583333333333334,0.01756729871566115,0.9613629944644395,0.11826672099946148,0.031392764024941136,0.9948544570571878,1.0,
digits,0.0,Distill-S,8,183,0.9477351903915405,189.5905929505825,0.05053172702374664,0.9947826086956522,0.9442508816719055,204,0.9694444444444444,0.9694444444444444,0.12753577530384064,0.1252780556678772,0.016617070635159787,0.013971675270133528,0.11857806146144867,0.9627169966697693,0.9666666666666667,0.019537303780421792,0.9648955451172739,0.11058158911582655,0.11272039240419635,0.9655044495159111,,0.9826086956521739
digits,0.2,Distill-S,8,29,0.9337978959083557,44.19163781404495,0.054009987893311906,0.9982608695652174,0.9442508816719055,50,0.95,0.9611111111111111,0.15095621347427368,0.14532510936260223,0.021840059674448443,0.023673158884048424,0.16370894014835358,0.9504625797271729,0.9638888888888889,0.014787483931905324,0.9684061183798403,0.10752043214688745,0.10961129063608611,0.9661010676851434,1.0,0.9869565217391304
digits,0.4,Distill-S,8,105,0.9407665729522705,114.79268217086792,0.06620815194171403,0.9965217391304347,0.9303135871887207,126,0.9444444444444444,0.9611111111111111,0.14529167115688324,0.1360280066728592,0.03775559580988351,0.030838125199079497,0.11384552717208862,0.9633031487464905,0.9666666666666667,0.012532043929177405,0.960882877195438,0.12108284109755112,0.0835461530836736,0.9756055861220378,1.0,0.9681159420289855
digits,0.6,Distill-S,8,29,0.9303135871887207,44.0418114811182,0.06271779537200928,1.0,0.9372822046279907,50,0.9555555555555556,0.9583333333333334,0.14321868121623993,0.13105005025863647,0.02574654424356093,0.024097208761506613,0.15039387345314026,0.953743577003479,0.9694444444444444,0.01293927168904013,0.964158376471069,0.11351190626296669,0.06921768622317696,0.9814267341496103,1.0,0.991304347826087
digits,0.8,Distill-S,8,95,0.9547038078308105,106.23867537081242,0.05574911832809448,1.0,0.9442508816719055,116,0.9583333333333334,0.9666666666666667,0.1233186200261116,0.1197119802236557,0.028323027657137952,0.017256585425800726,0.10891992598772049,0.9618567824363708,0.975,0.01998729702422907,0.9598249562011109,0.11879509908264882,0.047719973112032917,0.9885614725775232,1.0,0.9652173913043478
digits,1.0,Distill-S,8,45,0.9337978959083557,59.040068969130516,0.06271779537200928,1.0,0.9372822046279907,66,0.95,0.9527777777777777,0.1427440047264099,0.13792547583580017,0.019160219199127592,0.0243375374625127,0.11339230835437775,0.9628002643585205,0.9555555555555556,0.02156158724445085,0.9632066961147405,0.1200591160014971,0.032523335937197126,0.9947070970729062,1.0,
digits,0.0,Distill-S,9,117,0.9756097793579102,131.252613812685,0.02091195977252458,0.9965217391304347,0.9756097793579102,138,0.9611111111111111,0.9638888888888889,0.13970667123794556,0.12950080633163452,0.013742202189233589,0.02167412506209477,0.1285673826932907,0.9589165449142456,0.9555555555555556,0.01689903083927937,0.9564918775757066,0.1348161063913823,0.12126525365994464,0.959433498767022,,0.9704347826086956
digits,0.2,Distill-S,9,105,0.9686411023139954,117.7682931125164,0.03660053999527646,0.991304347826087,0.9547038078308105,126,0.9638888888888889,0.9611111111111111,0.14040440320968628,0.13239485025405884,0.017835316972600088,0.024324630283647126,0.10928124189376831,0.9664279222488403,0.9611111111111111,0.026632772269,0.9627030645611904,0.12159870361401709,0.10705864388336386,0.9662368403949896,1.0,0.9782608695652174
digits,0.4,Distill-S,9,98,0.9651567935943604,111.26306664943695,0.034849254255709394,0.9965217391304347,0.9616724848747253,119,0.9638888888888889,0.9694444444444444,0.14884324371814728,0.14938940107822418,0.019974334786335597,0.015539201266235805,0.1036054939031601,0.9684197902679443,0.9583333333333334,0.018336698051937664,0.9676579400193235,0.11240547295569016,0.0834951196084572,0.9767115093081012,1.0,0.9681159420289855
digits,0.6,Distill-S,9,136,0.9686411023139954,148.3850170969963,0.027880636816439375,0.9965217391304347,0.9686411023139954,157,0.9611111111111111,0.9694444444444444,0.1540825515985489,0.1501181721687317,0.016265505800644554,0.016504218512111254,0.11181008815765381,0.9614024758338928,0.9583333333333334,0.019999015695466495,0.9565926918536699,0.13423892507887056,0.06523116068213278,0.9825066168500998,1.0,0.9782608695652174
digits,0.8,Distill-S,9,220,0.9581881761550903,228.45993182063103,0.04181182384490967,1.0,0.9581881761550903,241,0.9611111111111111,0.9638888888888889,0.1576930731534958,0.15386734902858734,0.010706388619210964,0.015464276323715831,0.1027563065290451,0.9653733968734741,0.9555555555555556,0.01579193399591873,0.9583512773655709,0.1308938920949192,0.051702697924758886,0.9869718646818647,1.0,0.9739130434782609
digits,1.0,Distill-S,9,239,0.9721254110336304,248.8222954571247,0.03484320640563965,1.0,0.9651567935943604,260,0.9611111111111111,0.9611111111111111,0.14769941568374634,0.1473511904478073,0.01958416758312119,0.020136657108863237,0.09829289466142654,0.966397762298584,0.9527777777777777,0.03834758949821485,0.957718201530537,0.12920532403088061,0.0324366260310034,0.9946789552461422,1.0,
digits,0.0,Distill-S,10,158,0.9651567935943604,168.50174203515053,0.0261415063816568,0.9947826086956522,0.9686411023139954,179,0.9416666666666667,0.9444444444444444,0.19254077970981598,0.1963520646095276,0.0331360352536043,0.030744925638039954,0.12484312802553177,0.9578437805175781,0.9583333333333334,0.015761564163013657,0.955494916929489,0.13150331629500583,0.10811838975344468,0.9654458174844335,,0.9652173913043478
digits,0.2,Distill-S,10,78,0.9547038078308105,91.38327556848526,0.03660053999527646,0.991304347826087,0.9547038078308105,99,0.9416666666666667,0.9416666666666667,0.18193592131137848,0.1890576183795929,0.031273499048418446,0.03345258807142576,0.12510205805301666,0.9596553444862366,0.9527777777777777,0.017515064697265034,0.9611912963992909,0.1188943703787313,0.09012016839899274,0.9721880986233042,1.0,0.9760869565217392
digits,0.4,Distill-S,10,70,0.9442508816719055,83.15505291521549,0.05227085745852922,0.9965217391304347,0.9442508816719055,91,0.9416666666666667,0.9388888888888889,0.18602043390274048,0.1885395497083664,0.02687055874201985,0.02135141823026869,0.13453558087348938,0.9571268558502197,0.9444444444444444,0.01410096624501717,0.9511654918245253,0.1473717524226454,0.08933394926665936,0.9734282048834636,1.0,0.9652173913043478
digits,0.6,Distill-S,10,29,0.9372822046279907,44.188153102993965,0.06446297365686171,0.9982608695652174,0.9337978959083557,50,0.9333333333333333,0.9305555555555556,0.21997426450252533,0.23106659948825836,0.0322799669371711,0.03510062702827984,0.17165619134902954,0.9464428424835205,0.9361111111111111,0.03700747109750527,0.955815529762842,0.1358445031522959,0.07558180417690023,0.9787907914703542,1.0,0.9652173913043478
digits,0.8,Distill-S,10,34,0.9303135871887207,48.81184667348862,0.05923342704772949,1.0,0.9407665729522705,55,0.9444444444444444,0.9416666666666667,0.19985660910606384,0.20189331471920013,0.02608169987797733,0.0319498642451233,0.14704258739948273,0.953163743019104,0.9361111111111111,0.02436328913301925,0.954554360081687,0.13221854634118516,0.05016890678749314,0.9889150742560983,1.0,0.9652173913043478
digits,1.0,Distill-S,10,29,0.9337978959083557,44.170731380581856,0.06271779537200928,1.0,0.9372822046279907,50,0.9472222222222222,0.9444444444444444,0.1899740844964981,0.1901615411043167,0.035458265244960825,0.024445190446244307,0.15802200138568878,0.9500175714492798,0.9388888888888889,0.025723436851972804,0.956276430022408,0.13752281617852774,0.030017331864809708,0.9951342239199826,1.0,
digits,0.0,Distill-S,11,88,0.9581881761550903,101.97038312256336,0.04007880086484161,0.9947826086956522,0.9547038078308105,109,0.9694444444444444,0.9694444444444444,0.1090301126241684,0.10798068344593048,0.02362465345197257,0.016201866666475974,0.12914714217185974,0.9608134031295776,0.9666666666666667,0.019956591334059033,0.9581466202123458,0.13139290701811837,0.11319581434096562,0.9610911671060194,,0.951304347826087
digits,0.2,Distill-S,11,139,0.9581881761550903,150.70034909248352,0.04007880086484161,0.9947826086956522,0.9547038078308105,160,0.9722222222222222,0.9694444444444444,0.09358998388051987,0.09555837512016296,0.023563307109806274,0.02190601179997126,0.12481752783060074,0.9619218707084656,0.9611111111111111,0.02616928854304893,0.9536403404980222,0.13925050839165076,0.10341486127086559,0.9661446784468187,1.0,0.9565217391304348
digits,0.4,Distill-S,11,139,0.9477351903915405,148.54355508089066,0.0505377748738165,0.991304347826087,0.9407665729522705,160,0.9527777777777777,0.95,0.15059158205986023,0.1525215357542038,0.02404606814185776,0.02291756719350814,0.11738383769989014,0.9639917016029358,0.9361111111111111,0.024917866457081737,0.9559523434991744,0.14075623570872853,0.08443695255800313,0.9743660470892677,1.0,0.9449275362318841
digits,0.6,Distill-S,11,84,0.9547038078308105,97.54878032207489,0.03659443254056183,0.9947826086956522,0.9581881761550903,105,0.9722222222222222,0.9694444444444444,0.11104119569063187,0.11163679510354996,0.028750495115915976,0.021024983127911925,0.11682867258787155,0.9651123285293579,0.9638888888888889,0.023821962332837336,0.95821429822195,0.13052492369117855,0.06650614015744535,0.9820625233203811,1.0,0.9608695652173913
digits,0.8,Distill-S,11,33,0.9442508816719055,49.05923347175121,0.047041370454041886,0.9982608695652174,0.9512194991111755,54,0.9638888888888889,0.9638888888888889,0.1199076771736145,0.12215710431337357,0.019504845307932953,0.022793893847200614,0.13987420499324799,0.9607342481613159,0.9611111111111111,0.019143293075686692,0.9553858287248292,0.13680161289067788,0.05202663648116541,0.9866846513488536,1.0,0.9652173913043478
digits,1.0,Distill-S,11,27,0.9477351903915405,43.32578410208225,0.05923342704772949,1.0,0.9407665729522705,48,0.9638888888888889,0.9611111111111111,0.11444643884897232,0.1113210916519165,0.029279149654838774,0.02116790223452782,0.15217715501785278,0.9561712741851807,0.9583333333333334,0.029649614775035284,0.9606535601321238,0.11929930880242345,0.029021336239837672,0.9952599498531411,1.0,
digits,0.0,Distill-S,12,67,0.9581881761550903,81.5993041396141,0.03485530210577925,0.9930434782608696,0.9581881761550903,88,0.9611111111111111,0.9638888888888889,0.1438330113887787,0.14111126959323883,0.026007080492046163,0.028051299684577518,0.10424546152353287,0.9690995812416077,0.95,0.014900326597783226,0.963844372347802,0.1059678294729567,0.10761602905007485,0.9648071389862071,,0.9617391304347827
digits,0.2,Distill-S,12,205,0.9547038078308105,211.53484365344048,0.04704741830411163,0.9947826086956522,0.9477351903915405,226,0.9611111111111111,0.9638888888888889,0.1358060985803604,0.12779702246189117,0.023299934797816835,0.021977884322404898,0.09573178738355637,0.9699903726577759,0.9638888888888889,0.029143263218262116,0.9633371034364095,0.10387917911416762,0.09534987510236284,0.9694805731361885,1.0,0.967391304347826
digits,0.4,Distill-S,12,171,0.9581881761550903,181.30836421251297,0.03137099338614424,0.9930434782608696,0.9616724848747253,192,0.9694444444444444,0.9638888888888889,0.11818798631429672,0.11527495086193085,0.014923019210497566,0.02032168838712904,0.10073352605104446,0.969678521156311,0.9555555555555556,0.014334086380141135,0.9608020842753017,0.11181839234524676,0.08824958222522217,0.9732043456005728,1.0,0.9826086956521739
digits,0.6,Distill-S,12,117,0.9686411023139954,129.47038432955742,0.02788668466650923,0.9930434782608696,0.9651567935943604,138,0.9611111111111111,0.9583333333333334,0.1354847103357315,0.13749271631240845,0.021535828544033915,0.018218076311879727,0.10011450201272964,0.9673838019371033,0.9472222222222222,0.020837235880658035,0.9630038354136923,0.11091114381911282,0.0734910819237807,0.9775962122680887,1.0,0.9434782608695652
digits,0.8,Distill-S,12,197,0.9721254110336304,206.42857185006142,0.03135889768600464,1.0,0.9686411023139954,218,0.9638888888888889,0.9583333333333334,0.11780734360218048,0.1253448873758316,0.021655581229262887,0.01814002179437212,0.09001386165618896,0.9703224301338196,0.9611111111111111,0.023143290940006365,0.9621193507439494,0.11674036986530069,0.05037609529988773,0.9879675801947546,1.0,0.9739130434782609
digits,1.0,Distill-S,12,299,0.9616724848747253,283.8763068318367,0.03832751512527466,1.0,0.9616724848747253,300,0.9638888888888889,0.9638888888888889,0.13769212365150452,0.13769212365150452,0.02190487045380803,0.02190487045380803,0.09069094061851501,0.9700161218643188,0.9472222222222222,0.02092923446599638,0.9637724143182503,0.11486759427007558,0.03167230309014337,0.9948020204669739,1.0,
digits,0.0,Distill-S,13,37,0.9651567935943604,53.30662025511265,0.03311012382092682,0.9947826086956522,0.9616724848747253,58,0.95,0.95,0.14842742681503296,0.1379280686378479,0.02684878442022537,0.02183344769808979,0.17781363427639008,0.9446879029273987,0.9638888888888889,0.015424078793919372,0.9602707782189646,0.1275635621645554,0.13565565203599472,0.9545482177372892,,0.9686956521739131
digits,0.2,Distill-S,13,55,0.9616724848747253,70.3118477165699,0.03659443254056183,0.9947826086956522,0.9581881761550903,76,0.95,0.9527777777777777,0.14293304085731506,0.13558101654052734,0.021406843596034533,0.022474957919783083,0.14924342930316925,0.9541102647781372,0.9527777777777777,0.017925519641806418,0.9582366358669595,0.128901016264601,0.11543594052653867,0.9624793804414129,1.0,0.9717391304347827
digits,0.4,Distill-S,13,145,0.9616724848747253,156.61846886575222,0.04007880086484161,0.9947826086956522,0.9547038078308105,166,0.9444444444444444,0.95,0.131661057472229,0.12844492495059967,0.021060743845171426,0.02578123153911699,0.12640118598937988,0.9577850103378296,0.9555555555555556,0.019925957564895146,0.9575332878803053,0.13056644935510334,0.06905909812742672,0.9813938068013502,1.0,0.991304347826087
digits,0.6,Distill-S,13,23,0.9512194991111755,39.20034830272198,0.04878050088882446,1.0,0.9512194991111755,44,0.9472222222222222,0.95,0.17643573880195618,0.16870222985744476,0.02405015246735679,0.029555225289530265,0.20109684765338898,0.9337358474731445,0.9416666666666667,0.028922269990255954,0.9511005237557735,0.14221706061693878,0.06447230761661199,0.9820664138612264,1.0,0.9782608695652174
digits,0.8,Distill-S,13,25,0.9512194991111755,41.216027572751045,0.04529619216918945,1.0,0.9547038078308105,46,0.9416666666666667,0.9444444444444444,0.1734262853860855,0.15967485308647156,0.026769408335288375,0.023232340233193496,0.18546074628829956,0.9391224980354309,0.9388888888888889,0.03097722266676678,0.9568032455358494,0.13141881011272302,0.0567563475600995,0.9838717586663237,1.0,0.9652173913043478
digits,1.0,Distill-S,13,23,0.9512194991111755,39.30139318108559,0.04529619216918945,1.0,0.9547038078308105,44,0.9416666666666667,0.9416666666666667,0.17467698454856873,0.1607334464788437,0.02701286193397308,0.029002470274766285,0.19208340346813202,0.9368346333503723,0.9444444444444444,0.026030804343705864,0.951357549753115,0.14264948038110697,0.02960123526733251,0.9952713020156297,1.0,
digits,0.0,Distill-S,14,131,0.9686411023139954,142.94076704978943,0.0261536020817964,0.9878260869565217,0.9616724848747253,152,0.9611111111111111,0.9611111111111111,0.17587429285049438,0.1763855367898941,0.016167709562513594,0.02431469998425911,0.11798886209726334,0.9635295271873474,0.9583333333333334,0.02105684970096642,0.9601183482667448,0.12254911839126498,0.11332259497672523,0.9644361445615338,,0.9547826086956521
digits,0.2,Distill-S,14,111,0.9616724848747253,122.56968645751476,0.038333562975344404,0.9965217391304347,0.9581881761550903,132,0.9611111111111111,0.9583333333333334,0.17312657833099365,0.16768024861812592,0.02936851994858849,0.026053114318185383,0.1173211932182312,0.9623016119003296,0.9555555555555556,0.025024485717544367,0.9570711048356098,0.1272931689661228,0.0908684542021856,0.9718909914380024,1.0,0.9652173913043478
digits,0.4,Distill-S,14,92,0.9721254110336304,105.11846686899662,0.029625815101291808,0.9947826086956522,0.9651567935943604,113,0.9555555555555556,0.9583333333333334,0.22103890776634216,0.214073047041893,0.021212094939417343,0.019467644972933695,0.11701026558876038,0.9619931578636169,0.9638888888888889,0.019636404034523686,0.9638082154804263,0.1193248384259284,0.081776987383748,0.9758051347421004,1.0,0.9594202898550724
digits,0.6,Distill-S,14,150,0.9686411023139954,160.90766613185406,0.029625815101291808,0.9947826086956522,0.9651567935943604,171,0.9694444444444444,0.9694444444444444,0.2095925211906433,0.20930977165699005,0.01723844466937916,0.014185777803262056,0.10295207798480988,0.9668629765510559,0.9638888888888889,0.01493687093621533,0.9632349867477191,0.11441433066310801,0.06294256396062738,0.9824619283313608,1.0,0.9565217391304348
digits,0.8,Distill-S,14,136,0.9616724848747253,147.46341635286808,0.038333562975344404,0.9965217391304347,0.9581881761550903,157,0.9638888888888889,0.9638888888888889,0.2173658013343811,0.18747198581695557,0.025720396058426933,0.01299757013718287,0.11145006865262985,0.9630456566810608,0.9611111111111111,0.021951970903112145,0.9567934630063459,0.13148312694766248,0.04410583427516846,0.9900827259699678,1.0,0.9652173913043478
digits,1.0,Distill-S,14,241,0.9547038078308105,247.66550506651402,0.04181182384490967,1.0,0.9581881761550903,262,0.9638888888888889,0.9638888888888889,0.1477997601032257,0.15178221464157104,0.013065356678432855,0.01652079646786056,0.09112949669361115,0.9715951681137085,0.9805555555555555,0.020686530766694137,0.9625239161757678,0.1186994696437437,0.03149314143540343,0.9947490495299243,1.0,
digits,0.0,Distill-S,15,105,0.9686411023139954,119.57665379345417,0.0261415063816568,0.9947826086956522,0.9686411023139954,126,0.9722222222222222,0.975,0.09933564811944962,0.10131865739822388,0.01634828514522979,0.014447797338167855,0.11250951886177063,0.964662492275238,0.9638888888888889,0.017679461731525927,0.9650379098494244,0.10803682106761539,0.12608328022492357,0.9582107648503901,,0.9565217391304348
digits,0.2,Distill-S,15,62,0.9686411023139954,78.17944192886353,0.02265719766202179,0.9947826086956522,0.9721254110336304,83,0.975,0.9722222222222222,0.09266094863414764,0.09352722018957138,0.019291690985361706,0.01808511449231039,0.11772313714027405,0.9650353193283081,0.9666666666666667,0.013456360030077488,0.9664271150023713,0.10725797521395523,0.11266380404546765,0.9637032856038564,1.0,0.9630434782608696
digits,0.4,Distill-S,15,40,0.9686411023139954,56.6306616961956,0.020918067227239212,0.9930434782608696,0.9721254110336304,61,0.9694444444444444,0.9694444444444444,0.1131691262125969,0.11144339293241501,0.020202573885520256,0.012194182061486772,0.12596790492534637,0.9602325558662415,0.9722222222222222,0.01725550216126347,0.9704287894533807,0.09442440927420696,0.07443622250637981,0.9785967493198434,1.0,0.9797101449275363
digits,0.6,Distill-S,15,59,0.9756097793579102,75.22299614548683,0.024396328096804365,0.9965217391304347,0.9721254110336304,80,0.9666666666666667,0.9666666666666667,0.11802969872951508,0.11942359060049057,0.020182823389768643,0.02036657416158254,0.11156200617551804,0.9648987054824829,0.9583333333333334,0.012363672494602386,0.9628781646003419,0.11478074129724014,0.07161381711235877,0.9807611708511461,1.0,0.9565217391304348
digits,0.8,Distill-S,15,132,0.9790940880775452,146.83972311019897,0.019166781487672258,0.9982608695652174,0.9790940880775452,153,0.9666666666666667,0.9722222222222222,0.11925586313009262,0.11906668543815613,0.018763802945613903,0.016066095895237414,0.09099163115024567,0.9724982976913452,0.9583333333333334,0.02306706990839526,0.9690736258245162,0.1020955361964485,0.056079606497437144,0.9863561564441712,1.0,0.9565217391304348
digits,1.0,Distill-S,15,130,0.9790940880775452,145.09407804906368,0.020905911922454834,1.0,0.9790940880775452,151,0.9722222222222222,0.9722222222222222,0.11479305475950241,0.1153542622923851,0.01791211441159252,0.015622643712494107,0.08188744634389877,0.9750537276268005,0.9611111111111111,0.020315172937594488,0.9738168351822993,0.08991875729964652,0.03286880182006429,0.9945868027303774,1.0,
digits,0.0,Distill-S,16,78,0.9651567935943604,93.11672401428223,0.03659443254056183,0.9947826086956522,0.9581881761550903,99,0.9583333333333334,0.9694444444444444,0.1063721552491188,0.10154706984758377,0.01882504365510414,0.02557976353499628,0.12960289418697357,0.9572150111198425,0.9694444444444444,0.02235242553307178,0.9608907099788245,0.12435563631396328,0.14716768028442315,0.950796756694617,,0.9495652173913044
digits,0.2,Distill-S,16,78,0.9756097793579102,93.58884924650192,0.020918067227239212,0.9930434782608696,0.9721254110336304,99,0.9555555555555556,0.9611111111111111,0.11306454241275787,0.10507536679506302,0.01706410828563902,0.01629912265472946,0.11925403028726578,0.9602645635604858,0.9666666666666667,0.03051783364323637,0.9608487237237199,0.11952173688494838,0.10155119588787506,0.9711974061856254,1.0,0.9586956521739131
digits,0.4,Distill-S,16,98,0.9790940880775452,113.2421606183052,0.008731998878976577,0.9878260869565217,0.9790940880775452,119,0.9527777777777777,0.9527777777777777,0.11136125028133392,0.1120547205209732,0.01829838951428731,0.0179066626562013,0.12514632940292358,0.9575269818305969,0.9694444444444444,0.02340178986963202,0.9580168794752165,0.12983549179822254,0.09099169176559013,0.9752927070543355,1.0,0.9507246376811594
digits,0.6,Distill-S,16,50,0.9756097793579102,66.51219549775124,0.019172829337742003,0.9947826086956522,0.9756097793579102,71,0.9555555555555556,0.9527777777777777,0.1205371841788292,0.11778439581394196,0.01239951484733158,0.019739312347438642,0.1273249089717865,0.9564704895019531,0.95,0.020193858416105444,0.9558262684438372,0.12598719747705237,0.06975434896201693,0.9815641690691246,1.0,0.9565217391304348
digits,0.8,Distill-S,16,87,0.9721254110336304,102.05923283100128,0.029619767251222062,0.9982608695652174,0.9686411023139954,108,0.9611111111111111,0.9638888888888889,0.11947084218263626,0.11520275473594666,0.012487798515293361,0.02621744159195155,0.10855990648269653,0.9614661931991577,0.9666666666666667,0.020879597907783598,0.9558690699232099,0.13015987566820325,0.059411814212090755,0.9849182783436272,1.0,0.9043478260869565
digits,1.0,Distill-S,16,156,0.9721254110336304,169.33100813627243,0.02787458896636963,1.0,0.9721254110336304,177,0.9666666666666667,0.9638888888888889,0.10341402888298035,0.10147666186094284,0.02063109883003769,0.027219131175014753,0.09938488155603409,0.9640285968780518,0.9666666666666667,0.020494212478895428,0.9593906484631036,0.12235425336894454,0.032990846301534295,0.9945669841740457,1.0,
digits,0.0,Distill-S,17,128,0.9512194991111755,138.29965211451054,0.04355706173440688,0.9982608695652174,0.9547038078308105,149,0.9583333333333334,0.9527777777777777,0.1535886973142624,0.14208906888961792,0.025517128904660492,0.018964958190917935,0.12731888890266418,0.9573010206222534,0.9638888888888889,0.013048647427798064,0.9571519174717192,0.12370858910682898,0.09916824818075522,0.9679147282247896,,0.9686956521739131
digits,0.2,Distill-S,17,66,0.9581881761550903,80.06097494065762,0.04355706173440688,0.9982608695652174,0.9547038078308105,87,0.95,0.95,0.17052116990089417,0.16678746044635773,0.024556045399771798,0.013819509661859911,0.13662734627723694,0.9522890448570251,0.9611111111111111,0.017947517163300928,0.9525107981756997,0.13705604978841698,0.08045102045650687,0.9744557185511352,1.0,0.9804347826086957
digits,0.4,Distill-S,17,66,0.9512194991111755,79.85191623866558,0.04878654873889421,0.9965217391304347,0.9477351903915405,87,0.9444444444444444,0.95,0.1753452569246292,0.17382843792438507,0.01922733510533972,0.02642001012961065,0.1339535117149353,0.9530184268951416,0.95,0.025413644468129614,0.955986345546098,0.13267330792081872,0.08040855784886668,0.9754036689115415,1.0,0.9478260869565217
digits,0.6,Distill-S,17,47,0.9407665729522705,61.51916454732418,0.05226480960845947,1.0,0.9477351903915405,68,0.9527777777777777,0.9527777777777777,0.1769464910030365,0.17574968934059143,0.01701804565058816,0.017330355776680816,0.1266975849866867,0.9548831582069397,0.9527777777777777,0.02720695436294747,0.9614117620237714,0.12395585257345643,0.05574415230358638,0.9852419258296825,1.0,0.9739130434782609
digits,0.8,Distill-S,17,33,0.9407665729522705,48.252613082528114,0.054009987893311906,0.9982608695652174,0.9442508816719055,54,0.9416666666666667,0.9472222222222222,0.18525844812393188,0.1885102540254593,0.025118153376711746,0.03162830985254714,0.14032132923603058,0.9504948258399963,0.9416666666666667,0.023707881177074105,0.9537763990960596,0.1349259338715044,0.046314067575802274,0.9902372330378739,1.0,0.9826086956521739
digits,1.0,Distill-S,17,33,0.9477351903915405,48.46689932048321,0.05923342704772949,1.0,0.9407665729522705,54,0.9444444444444444,0.95,0.18396276235580444,0.1874714344739914,0.02228225643436111,0.02562121980720096,0.1340010166168213,0.9531639814376831,0.95,0.03237263026930012,0.9556395488222255,0.13445212830953496,0.03162140964769259,0.9947838695225828,1.0,
digits,0.0,Distill-S,18,108,0.9790940880775452,122.55923247337341,0.02265719766202179,0.9947826086956522,0.9721254110336304,129,0.9611111111111111,0.9666666666666667,0.13585533201694489,0.13652245700359344,0.02306187997261688,0.028768035935031015,0.14113429188728333,0.9496893882751465,0.9416666666666667,0.022826979095650655,0.9482386795209595,0.1513058447724284,0.13295854969511137,0.9565648724558046,,0.951304347826087
digits,0.2,Distill-S,18,82,0.9616724848747253,96.57142935693264,0.033116171670996675,0.991304347826087,0.9581881761550903,103,0.9583333333333334,0.9555555555555556,0.15784987807273865,0.16071811318397522,0.01831784993410108,0.02205639365646574,0.12158185988664627,0.9597832560539246,0.9472222222222222,0.023273163041127993,0.9539643817034952,0.13528258297968818,0.10576610461865457,0.9661360934036981,1.0,0.9586956521739131
digits,0.4,Distill-S,18,153,0.9686411023139954,165.67247270047665,0.0261415063816568,0.9947826086956522,0.9686411023139954,174,0.9611111111111111,0.9611111111111111,0.13431821763515472,0.13266737759113312,0.026325297686788804,0.026012295236190162,0.12162163853645325,0.9597687721252441,0.9472222222222222,0.02223686009952335,0.950265021962074,0.1476792867028758,0.09539123573775603,0.9703445262319554,1.0,0.9478260869565217
digits,0.6,Distill-S,18,113,0.9756097793579102,127.97212499380112,0.02091195977252458,0.9965217391304347,0.9756097793579102,134,0.9638888888888889,0.9638888888888889,0.12854917347431183,0.12703022360801697,0.02518678175078498,0.02796893682744768,0.10137801617383957,0.967155396938324,0.9611111111111111,0.016056746595008834,0.9594719398907837,0.12815727694924858,0.066349493491655,0.9818258057175171,1.0,0.9478260869565217
digits,0.8,Distill-S,18,86,0.9721254110336304,101.4337968826294,0.027880636816439375,0.9965217391304347,0.9686411023139954,107,0.9555555555555556,0.9638888888888889,0.1366189867258072,0.13735619187355042,0.023935809400346588,0.025209885670079084,0.09979680180549622,0.9645839929580688,0.95,0.022094466453777318,0.9614307230382921,0.11850055821156119,0.049120366281582326,0.9876957754750881,1.0,0.9304347826086956
digits,1.0,Distill-S,18,295,0.9790940880775452,290.23345398902893,0.020905911922454834,1.0,0.9790940880775452,300,0.9611111111111111,0.9611111111111111,0.1274038553237915,0.12725575268268585,0.015440979186031583,0.015461143106222184,0.09133345633745193,0.9714979529380798,0.9555555555555556,0.020778404295241137,0.9620244096422144,0.11432622880625384,0.03244153338234512,0.9946729036922516,1.0,
digits,0.0,Distill-S,19,105,0.9581881761550903,117.65853607654572,0.04007269341012709,0.9982608695652174,0.9581881761550903,126,0.9444444444444444,0.95,0.1526241898536682,0.1530345380306244,0.028574336899651394,0.01931948049200908,0.1379174292087555,0.955413818359375,0.95,0.022581873802217444,0.9517319465310327,0.14257885103949114,0.14125076869194736,0.9552196078227798,,0.9617391304347827
digits,0.2,Distill-S,19,64,0.9616724848747253,78.90592308342457,0.026147554231726655,0.991304347826087,0.9651567935943604,85,0.9361111111111111,0.9361111111111111,0.1993826925754547,0.1999269723892212,0.0355408199131489,0.03446003364192118,0.12799569964408875,0.9585897922515869,0.95,0.03389973174708759,0.9575615188393253,0.13125862251641499,0.11599020335755399,0.963392820858786,1.0,0.9586956521739131
digits,0.4,Distill-S,19,42,0.9512194991111755,57.806620106101036,0.034849254255709394,0.9965217391304347,0.9616724848747253,63,0.9416666666666667,0.9388888888888889,0.20552554726600647,0.20197516679763794,0.024211604975991813,0.03673561554816037,0.13864578306674957,0.9543821811676025,0.9305555555555556,0.032333511628035966,0.9530397607962493,0.1371836468738688,0.10101354147071755,0.9696199474653776,1.0,0.9420289855072463
digits,0.6,Distill-S,19,28,0.9547038078308105,44.31358881294727,0.03485530210577925,0.9930434782608696,0.9581881761550903,49,0.925,0.9305555555555556,0.22562281787395477,0.22185462713241577,0.0393607282804118,0.032970494528611546,0.1491478979587555,0.9520992636680603,0.9277777777777778,0.03778495391052602,0.9598112649446465,0.12505679176638024,0.08159047376371877,0.9747091104888163,1.0,0.9608695652173913
digits,0.8,Distill-S,19,35,0.9477351903915405,50.825783774256706,0.050525679173676896,0.9982608695652174,0.9477351903915405,56,0.9333333333333333,0.9361111111111111,0.20725341141223907,0.20163577795028687,0.027690517819590067,0.031505052248636894,0.12386680394411087,0.9604215025901794,0.9444444444444444,0.027861315010126078,0.9639231450521145,0.1106270207475524,0.05375065204579685,0.9867312522276996,1.0,0.9652173913043478
digits,1.0,Distill-S,19,30,0.9512194991111755,46.22125393152237,0.04529619216918945,1.0,0.9547038078308105,51,0.9416666666666667,0.9444444444444444,0.19486431777477264,0.19072982668876648,0.018047356357177108,0.029751105358203255,0.13602973520755768,0.954407811164856,0.9388888888888889,0.02646176742723897,0.9586458200625791,0.12245948800710718,0.03282752128858727,0.9945910783059757,1.0,
glass,0.0,Baseline-Full,0,54,0.6176470518112183,43.279412396252155,0.17754402082331855,0.8540145985401459,0.6764705777168274,75,0.5581395348837209,0.5813953488372093,1.257967233657837,1.2554795742034912,0.1566009521484375,0.19611633101174997,0.8103248476982117,0.6635835766792297,,,,,,,,
glass,0.2,Baseline-Full,0,54,0.6176470518112183,43.279412396252155,0.17754402082331855,0.8540145985401459,0.6764705777168274,75,0.5581395348837209,0.5813953488372093,1.257967233657837,1.2554795742034912,0.1566009521484375,0.19611633101174997,0.8103248476982117,0.6635835766792297,,,,,,,,
glass,0.4,Baseline-Full,0,54,0.6176470518112183,43.279412396252155,0.17754402082331855,0.8540145985401459,0.6764705777168274,75,0.5581395348837209,0.5813953488372093,1.257967233657837,1.2554795742034912,0.1566009521484375,0.19611633101174997,0.8103248476982117,0.6635835766792297,,,,,,,,
glass,0.6,Baseline-Full,0,54,0.6176470518112183,43.279412396252155,0.17754402082331855,0.8540145985401459,0.6764705777168274,75,0.5581395348837209,0.5813953488372093,1.257967233657837,1.2554795742034912,0.1566009521484375,0.19611633101174997,0.8103248476982117,0.6635835766792297,,,,,,,,
glass,0.8,Baseline-Full,0,54,0.6176470518112183,43.279412396252155,0.17754402082331855,0.8540145985401459,0.6764705777168274,75,0.5581395348837209,0.5813953488372093,1.257967233657837,1.2554795742034912,0.1566009521484375,0.19611633101174997,0.8103248476982117,0.6635835766792297,,,,,,,,
glass,1.0,Baseline-Full,0,54,0.6176470518112183,43.279412396252155,0.17754402082331855,0.8540145985401459,0.6764705777168274,75,0.5581395348837209,0.5813953488372093,1.257967233657837,1.2554795742034912,0.1566009521484375,0.19611633101174997,0.8103248476982117,0.6635835766792297,,,,,,,,
glass,0.0,Baseline-Full,1,54,0.6470588445663452,46.76470633596182,0.1410476704583551,0.8175182481751825,0.6764705777168274,75,0.7209302325581395,0.7441860465116279,0.8628185987472534,0.8961650133132935,0.18261572510697122,0.18666982789372288,0.8147688508033752,0.6741803884506226,,,,,,,,
glass,0.2,Baseline-Full,1,54,0.6470588445663452,46.76470633596182,0.1410476704583551,0.8175182481751825,0.6764705777168274,75,0.7209302325581395,0.7441860465116279,0.8628185987472534,0.8961650133132935,0.18261572510697122,0.18666982789372288,0.8147688508033752,0.6741803884506226,,,,,,,,
glass,0.4,Baseline-Full,1,54,0.6470588445663452,46.76470633596182,0.1410476704583551,0.8175182481751825,0.6764705777168274,75,0.7209302325581395,0.7441860465116279,0.8628185987472534,0.8961650133132935,0.18261572510697122,0.18666982789372288,0.8147688508033752,0.6741803884506226,,,,,,,,
glass,0.6,Baseline-Full,1,54,0.6470588445663452,46.76470633596182,0.1410476704583551,0.8175182481751825,0.6764705777168274,75,0.7209302325581395,0.7441860465116279,0.8628185987472534,0.8961650133132935,0.18261572510697122,0.18666982789372288,0.8147688508033752,0.6741803884506226,,,,,,,,
glass,0.8,Baseline-Full,1,54,0.6470588445663452,46.76470633596182,0.1410476704583551,0.8175182481751825,0.6764705777168274,75,0.7209302325581395,0.7441860465116279,0.8628185987472534,0.8961650133132935,0.18261572510697122,0.18666982789372288,0.8147688508033752,0.6741803884506226,,,,,,,,
glass,1.0,Baseline-Full,1,54,0.6470588445663452,46.76470633596182,0.1410476704583551,0.8175182481751825,0.6764705777168274,75,0.7209302325581395,0.7441860465116279,0.8628185987472534,0.8961650133132935,0.18261572510697122,0.18666982789372288,0.8147688508033752,0.6741803884506226,,,,,,,,
glass,0.0,Baseline-Full,2,176,0.7941176295280457,140.5588229894638,0.1693860201069909,0.9635036496350365,0.7941176295280457,197,0.7209302325581395,0.6976744186046512,1.1904537677764893,1.2891297340393066,0.16893691171047298,0.16770872612332188,0.4390905499458313,0.8246152400970459,,,,,,,,
glass,0.2,Baseline-Full,2,176,0.7941176295280457,140.5588229894638,0.1693860201069909,0.9635036496350365,0.7941176295280457,197,0.7209302325581395,0.6976744186046512,1.1904537677764893,1.2891297340393066,0.16893691171047298,0.16770872612332188,0.4390905499458313,0.8246152400970459,,,,,,,,
glass,0.4,Baseline-Full,2,176,0.7941176295280457,140.5588229894638,0.1693860201069909,0.9635036496350365,0.7941176295280457,197,0.7209302325581395,0.6976744186046512,1.1904537677764893,1.2891297340393066,0.16893691171047298,0.16770872612332188,0.4390905499458313,0.8246152400970459,,,,,,,,
glass,0.6,Baseline-Full,2,176,0.7941176295280457,140.5588229894638,0.1693860201069909,0.9635036496350365,0.7941176295280457,197,0.7209302325581395,0.6976744186046512,1.1904537677764893,1.2891297340393066,0.16893691171047298,0.16770872612332188,0.4390905499458313,0.8246152400970459,,,,,,,,
glass,0.8,Baseline-Full,2,176,0.7941176295280457,140.5588229894638,0.1693860201069909,0.9635036496350365,0.7941176295280457,197,0.7209302325581395,0.6976744186046512,1.1904537677764893,1.2891297340393066,0.16893691171047298,0.16770872612332188,0.4390905499458313,0.8246152400970459,,,,,,,,
glass,1.0,Baseline-Full,2,176,0.7941176295280457,140.5588229894638,0.1693860201069909,0.9635036496350365,0.7941176295280457,197,0.7209302325581395,0.6976744186046512,1.1904537677764893,1.2891297340393066,0.16893691171047298,0.16770872612332188,0.4390905499458313,0.8246152400970459,,,,,,,,
glass,0.0,Baseline-Full,3,201,0.5882353186607361,128.60294366255403,0.3314727105363442,0.9197080291970803,0.5882353186607361,222,0.7441860465116279,0.7441860465116279,1.1483654975891113,1.219337821006775,0.18844746018564976,0.21453008748764213,0.3548537492752075,0.8711420297622681,,,,,,,,
glass,0.2,Baseline-Full,3,201,0.5882353186607361,128.60294366255403,0.3314727105363442,0.9197080291970803,0.5882353186607361,222,0.7441860465116279,0.7441860465116279,1.1483654975891113,1.219337821006775,0.18844746018564976,0.21453008748764213,0.3548537492752075,0.8711420297622681,,,,,,,,
glass,0.4,Baseline-Full,3,201,0.5882353186607361,128.60294366255403,0.3314727105363442,0.9197080291970803,0.5882353186607361,222,0.7441860465116279,0.7441860465116279,1.1483654975891113,1.219337821006775,0.18844746018564976,0.21453008748764213,0.3548537492752075,0.8711420297622681,,,,,,,,
glass,0.6,Baseline-Full,3,201,0.5882353186607361,128.60294366255403,0.3314727105363442,0.9197080291970803,0.5882353186607361,222,0.7441860465116279,0.7441860465116279,1.1483654975891113,1.219337821006775,0.18844746018564976,0.21453008748764213,0.3548537492752075,0.8711420297622681,,,,,,,,
glass,0.8,Baseline-Full,3,201,0.5882353186607361,128.60294366255403,0.3314727105363442,0.9197080291970803,0.5882353186607361,222,0.7441860465116279,0.7441860465116279,1.1483654975891113,1.219337821006775,0.18844746018564976,0.21453008748764213,0.3548537492752075,0.8711420297622681,,,,,,,,
glass,1.0,Baseline-Full,3,201,0.5882353186607361,128.60294366255403,0.3314727105363442,0.9197080291970803,0.5882353186607361,222,0.7441860465116279,0.7441860465116279,1.1483654975891113,1.219337821006775,0.18844746018564976,0.21453008748764213,0.3548537492752075,0.8711420297622681,,,,,,,,
glass,0.0,Baseline-Full,4,33,0.6470588445663452,31.279412269592285,0.10433660763023545,0.8102189781021898,0.7058823704719543,54,0.7209302325581395,0.6744186046511628,0.921588659286499,0.9299354553222656,0.19901757323464683,0.18344816288282706,0.8645592331886292,0.6822219491004944,,,,,,,,
glass,0.2,Baseline-Full,4,33,0.6470588445663452,31.279412269592285,0.10433660763023545,0.8102189781021898,0.7058823704719543,54,0.7209302325581395,0.6744186046511628,0.921588659286499,0.9299354553222656,0.19901757323464683,0.18344816288282706,0.8645592331886292,0.6822219491004944,,,,,,,,
glass,0.4,Baseline-Full,4,33,0.6470588445663452,31.279412269592285,0.10433660763023545,0.8102189781021898,0.7058823704719543,54,0.7209302325581395,0.6744186046511628,0.921588659286499,0.9299354553222656,0.19901757323464683,0.18344816288282706,0.8645592331886292,0.6822219491004944,,,,,,,,
glass,0.6,Baseline-Full,4,33,0.6470588445663452,31.279412269592285,0.10433660763023545,0.8102189781021898,0.7058823704719543,54,0.7209302325581395,0.6744186046511628,0.921588659286499,0.9299354553222656,0.19901757323464683,0.18344816288282706,0.8645592331886292,0.6822219491004944,,,,,,,,
glass,0.8,Baseline-Full,4,33,0.6470588445663452,31.279412269592285,0.10433660763023545,0.8102189781021898,0.7058823704719543,54,0.7209302325581395,0.6744186046511628,0.921588659286499,0.9299354553222656,0.19901757323464683,0.18344816288282706,0.8645592331886292,0.6822219491004944,,,,,,,,
glass,1.0,Baseline-Full,4,33,0.6470588445663452,31.279412269592285,0.10433660763023545,0.8102189781021898,0.7058823704719543,54,0.7209302325581395,0.6744186046511628,0.921588659286499,0.9299354553222656,0.19901757323464683,0.18344816288282706,0.8645592331886292,0.6822219491004944,,,,,,,,
glass,0.0,Baseline-Full,5,44,0.6470588445663452,34.838235788047314,0.1264491303123697,0.8029197080291971,0.6764705777168274,65,0.7441860465116279,0.6976744186046512,0.667163074016571,0.6395381689071655,0.20266248597655184,0.09857428836268048,0.7944063544273376,0.684663712978363,,,,,,,,
glass,0.2,Baseline-Full,5,44,0.6470588445663452,34.838235788047314,0.1264491303123697,0.8029197080291971,0.6764705777168274,65,0.7441860465116279,0.6976744186046512,0.667163074016571,0.6395381689071655,0.20266248597655184,0.09857428836268048,0.7944063544273376,0.684663712978363,,,,,,,,
glass,0.4,Baseline-Full,5,44,0.6470588445663452,34.838235788047314,0.1264491303123697,0.8029197080291971,0.6764705777168274,65,0.7441860465116279,0.6976744186046512,0.667163074016571,0.6395381689071655,0.20266248597655184,0.09857428836268048,0.7944063544273376,0.684663712978363,,,,,,,,
glass,0.6,Baseline-Full,5,44,0.6470588445663452,34.838235788047314,0.1264491303123697,0.8029197080291971,0.6764705777168274,65,0.7441860465116279,0.6976744186046512,0.667163074016571,0.6395381689071655,0.20266248597655184,0.09857428836268048,0.7944063544273376,0.684663712978363,,,,,,,,
glass,0.8,Baseline-Full,5,44,0.6470588445663452,34.838235788047314,0.1264491303123697,0.8029197080291971,0.6764705777168274,65,0.7441860465116279,0.6976744186046512,0.667163074016571,0.6395381689071655,0.20266248597655184,0.09857428836268048,0.7944063544273376,0.684663712978363,,,,,,,,
glass,1.0,Baseline-Full,5,44,0.6470588445663452,34.838235788047314,0.1264491303123697,0.8029197080291971,0.6764705777168274,65,0.7441860465116279,0.6976744186046512,0.667163074016571,0.6395381689071655,0.20266248597655184,0.09857428836268048,0.7944063544273376,0.684663712978363,,,,,,,,
glass,0.0,Baseline-Full,6,45,0.529411792755127,32.13235379010439,0.28810645542005553,0.8175182481751825,0.529411792755127,66,0.7209302325581395,0.7674418604651163,0.7553712725639343,0.7190495729446411,0.1107460683168367,0.15862154198247336,0.7736389636993408,0.6783246994018555,,,,,,,,
glass,0.2,Baseline-Full,6,45,0.529411792755127,32.13235379010439,0.28810645542005553,0.8175182481751825,0.529411792755127,66,0.7209302325581395,0.7674418604651163,0.7553712725639343,0.7190495729446411,0.1107460683168367,0.15862154198247336,0.7736389636993408,0.6783246994018555,,,,,,,,
glass,0.4,Baseline-Full,6,45,0.529411792755127,32.13235379010439,0.28810645542005553,0.8175182481751825,0.529411792755127,66,0.7209302325581395,0.7674418604651163,0.7553712725639343,0.7190495729446411,0.1107460683168367,0.15862154198247336,0.7736389636993408,0.6783246994018555,,,,,,,,
glass,0.6,Baseline-Full,6,45,0.529411792755127,32.13235379010439,0.28810645542005553,0.8175182481751825,0.529411792755127,66,0.7209302325581395,0.7674418604651163,0.7553712725639343,0.7190495729446411,0.1107460683168367,0.15862154198247336,0.7736389636993408,0.6783246994018555,,,,,,,,
glass,0.8,Baseline-Full,6,45,0.529411792755127,32.13235379010439,0.28810645542005553,0.8175182481751825,0.529411792755127,66,0.7209302325581395,0.7674418604651163,0.7553712725639343,0.7190495729446411,0.1107460683168367,0.15862154198247336,0.7736389636993408,0.6783246994018555,,,,,,,,
glass,1.0,Baseline-Full,6,45,0.529411792755127,32.13235379010439,0.28810645542005553,0.8175182481751825,0.529411792755127,66,0.7209302325581395,0.7674418604651163,0.7553712725639343,0.7190495729446411,0.1107460683168367,0.15862154198247336,0.7736389636993408,0.6783246994018555,,,,,,,,
glass,0.0,Baseline-Full,7,45,0.6764705777168274,37.47058840841055,0.1410476704583551,0.8175182481751825,0.6764705777168274,66,0.627906976744186,0.627906976744186,0.905444324016571,0.9679390788078308,0.14198257202325867,0.1524532686832339,0.8251001238822937,0.665611207485199,,,,,,,,
glass,0.2,Baseline-Full,7,45,0.6764705777168274,37.47058840841055,0.1410476704583551,0.8175182481751825,0.6764705777168274,66,0.627906976744186,0.627906976744186,0.905444324016571,0.9679390788078308,0.14198257202325867,0.1524532686832339,0.8251001238822937,0.665611207485199,,,,,,,,
glass,0.4,Baseline-Full,7,45,0.6764705777168274,37.47058840841055,0.1410476704583551,0.8175182481751825,0.6764705777168274,66,0.627906976744186,0.627906976744186,0.905444324016571,0.9679390788078308,0.14198257202325867,0.1524532686832339,0.8251001238822937,0.665611207485199,,,,,,,,
glass,0.6,Baseline-Full,7,45,0.6764705777168274,37.47058840841055,0.1410476704583551,0.8175182481751825,0.6764705777168274,66,0.627906976744186,0.627906976744186,0.905444324016571,0.9679390788078308,0.14198257202325867,0.1524532686832339,0.8251001238822937,0.665611207485199,,,,,,,,
glass,0.8,Baseline-Full,7,45,0.6764705777168274,37.47058840841055,0.1410476704583551,0.8175182481751825,0.6764705777168274,66,0.627906976744186,0.627906976744186,0.905444324016571,0.9679390788078308,0.14198257202325867,0.1524532686832339,0.8251001238822937,0.665611207485199,,,,,,,,
glass,1.0,Baseline-Full,7,45,0.6764705777168274,37.47058840841055,0.1410476704583551,0.8175182481751825,0.6764705777168274,66,0.627906976744186,0.627906976744186,0.905444324016571,0.9679390788078308,0.14198257202325867,0.1524532686832339,0.8251001238822937,0.665611207485199,,,,,,,,
glass,0.0,Baseline-Full,8,38,0.5882353186607361,32.80882380902767,0.19987119636396422,0.8175182481751825,0.6176470518112183,59,0.6744186046511628,0.6744186046511628,0.9720098972320557,0.8999960422515869,0.19295627641123397,0.17568378462347875,0.9307697415351868,0.6156592965126038,,,,,,,,
glass,0.2,Baseline-Full,8,38,0.5882353186607361,32.80882380902767,0.19987119636396422,0.8175182481751825,0.6176470518112183,59,0.6744186046511628,0.6744186046511628,0.9720098972320557,0.8999960422515869,0.19295627641123397,0.17568378462347875,0.9307697415351868,0.6156592965126038,,,,,,,,
glass,0.4,Baseline-Full,8,38,0.5882353186607361,32.80882380902767,0.19987119636396422,0.8175182481751825,0.6176470518112183,59,0.6744186046511628,0.6744186046511628,0.9720098972320557,0.8999960422515869,0.19295627641123397,0.17568378462347875,0.9307697415351868,0.6156592965126038,,,,,,,,
glass,0.6,Baseline-Full,8,38,0.5882353186607361,32.80882380902767,0.19987119636396422,0.8175182481751825,0.6176470518112183,59,0.6744186046511628,0.6744186046511628,0.9720098972320557,0.8999960422515869,0.19295627641123397,0.17568378462347875,0.9307697415351868,0.6156592965126038,,,,,,,,
glass,0.8,Baseline-Full,8,38,0.5882353186607361,32.80882380902767,0.19987119636396422,0.8175182481751825,0.6176470518112183,59,0.6744186046511628,0.6744186046511628,0.9720098972320557,0.8999960422515869,0.19295627641123397,0.17568378462347875,0.9307697415351868,0.6156592965126038,,,,,,,,
glass,1.0,Baseline-Full,8,38,0.5882353186607361,32.80882380902767,0.19987119636396422,0.8175182481751825,0.6176470518112183,59,0.6744186046511628,0.6744186046511628,0.9720098972320557,0.8999960422515869,0.19295627641123397,0.17568378462347875,0.9307697415351868,0.6156592965126038,,,,,,,,
glass,0.0,Baseline-Full,9,38,0.7647058963775635,41.22058865427971,0.052812351797619006,0.8175182481751825,0.7647058963775635,59,0.5813953488372093,0.5813953488372093,1.05540132522583,1.1369938850402832,0.09891735606415326,0.1819446454214495,0.95603346824646,0.609801709651947,,,,,,,,
glass,0.2,Baseline-Full,9,38,0.7647058963775635,41.22058865427971,0.052812351797619006,0.8175182481751825,0.7647058963775635,59,0.5813953488372093,0.5813953488372093,1.05540132522583,1.1369938850402832,0.09891735606415326,0.1819446454214495,0.95603346824646,0.609801709651947,,,,,,,,
glass,0.4,Baseline-Full,9,38,0.7647058963775635,41.22058865427971,0.052812351797619006,0.8175182481751825,0.7647058963775635,59,0.5813953488372093,0.5813953488372093,1.05540132522583,1.1369938850402832,0.09891735606415326,0.1819446454214495,0.95603346824646,0.609801709651947,,,,,,,,
glass,0.6,Baseline-Full,9,38,0.7647058963775635,41.22058865427971,0.052812351797619006,0.8175182481751825,0.7647058963775635,59,0.5813953488372093,0.5813953488372093,1.05540132522583,1.1369938850402832,0.09891735606415326,0.1819446454214495,0.95603346824646,0.609801709651947,,,,,,,,
glass,0.8,Baseline-Full,9,38,0.7647058963775635,41.22058865427971,0.052812351797619006,0.8175182481751825,0.7647058963775635,59,0.5813953488372093,0.5813953488372093,1.05540132522583,1.1369938850402832,0.09891735606415326,0.1819446454214495,0.95603346824646,0.609801709651947,,,,,,,,
glass,1.0,Baseline-Full,9,38,0.7647058963775635,41.22058865427971,0.052812351797619006,0.8175182481751825,0.7647058963775635,59,0.5813953488372093,0.5813953488372093,1.05540132522583,1.1369938850402832,0.09891735606415326,0.1819446454214495,0.95603346824646,0.609801709651947,,,,,,,,
glass,0.0,Baseline-Full,10,58,0.7647058963775635,55.323529213666916,0.0015028084281587528,0.7956204379562044,0.7941176295280457,79,0.6976744186046512,0.6976744186046512,1.0866022109985352,1.182820439338684,0.12194135854410573,0.2166482813136522,0.6472876071929932,0.7470290660858154,,,,,,,,
glass,0.2,Baseline-Full,10,58,0.7647058963775635,55.323529213666916,0.0015028084281587528,0.7956204379562044,0.7941176295280457,79,0.6976744186046512,0.6976744186046512,1.0866022109985352,1.182820439338684,0.12194135854410573,0.2166482813136522,0.6472876071929932,0.7470290660858154,,,,,,,,
glass,0.4,Baseline-Full,10,58,0.7647058963775635,55.323529213666916,0.0015028084281587528,0.7956204379562044,0.7941176295280457,79,0.6976744186046512,0.6976744186046512,1.0866022109985352,1.182820439338684,0.12194135854410573,0.2166482813136522,0.6472876071929932,0.7470290660858154,,,,,,,,
glass,0.6,Baseline-Full,10,58,0.7647058963775635,55.323529213666916,0.0015028084281587528,0.7956204379562044,0.7941176295280457,79,0.6976744186046512,0.6976744186046512,1.0866022109985352,1.182820439338684,0.12194135854410573,0.2166482813136522,0.6472876071929932,0.7470290660858154,,,,,,,,
glass,0.8,Baseline-Full,10,58,0.7647058963775635,55.323529213666916,0.0015028084281587528,0.7956204379562044,0.7941176295280457,79,0.6976744186046512,0.6976744186046512,1.0866022109985352,1.182820439338684,0.12194135854410573,0.2166482813136522,0.6472876071929932,0.7470290660858154,,,,,,,,
glass,1.0,Baseline-Full,10,58,0.7647058963775635,55.323529213666916,0.0015028084281587528,0.7956204379562044,0.7941176295280457,79,0.6976744186046512,0.6976744186046512,1.0866022109985352,1.182820439338684,0.12194135854410573,0.2166482813136522,0.6472876071929932,0.7470290660858154,,,,,,,,
glass,0.0,Baseline-Full,11,29,0.6176470518112183,26.941176645457745,0.19257192629097153,0.8102189781021898,0.6176470518112183,50,0.6744186046511628,0.6511627906976745,1.110597014427185,1.080802083015442,0.22390946676564769,0.20166779534761298,0.9397881031036377,0.5947009325027466,,,,,,,,
glass,0.2,Baseline-Full,11,29,0.6176470518112183,26.941176645457745,0.19257192629097153,0.8102189781021898,0.6176470518112183,50,0.6744186046511628,0.6511627906976745,1.110597014427185,1.080802083015442,0.22390946676564769,0.20166779534761298,0.9397881031036377,0.5947009325027466,,,,,,,,
glass,0.4,Baseline-Full,11,29,0.6176470518112183,26.941176645457745,0.19257192629097153,0.8102189781021898,0.6176470518112183,50,0.6744186046511628,0.6511627906976745,1.110597014427185,1.080802083015442,0.22390946676564769,0.20166779534761298,0.9397881031036377,0.5947009325027466,,,,,,,,
glass,0.6,Baseline-Full,11,29,0.6176470518112183,26.941176645457745,0.19257192629097153,0.8102189781021898,0.6176470518112183,50,0.6744186046511628,0.6511627906976745,1.110597014427185,1.080802083015442,0.22390946676564769,0.20166779534761298,0.9397881031036377,0.5947009325027466,,,,,,,,
glass,0.8,Baseline-Full,11,29,0.6176470518112183,26.941176645457745,0.19257192629097153,0.8102189781021898,0.6176470518112183,50,0.6744186046511628,0.6511627906976745,1.110597014427185,1.080802083015442,0.22390946676564769,0.20166779534761298,0.9397881031036377,0.5947009325027466,,,,,,,,
glass,1.0,Baseline-Full,11,29,0.6176470518112183,26.941176645457745,0.19257192629097153,0.8102189781021898,0.6176470518112183,50,0.6744186046511628,0.6511627906976745,1.110597014427185,1.080802083015442,0.22390946676564769,0.20166779534761298,0.9397881031036377,0.5947009325027466,,,,,,,,
glass,0.0,Baseline-Full,12,29,0.529411792755127,23.382353387773037,0.23679691205059528,0.7956204379562044,0.5588235259056091,50,0.6744186046511628,0.627906976744186,0.9152657389640808,0.9469009041786194,0.24705581332361973,0.23146293260330372,0.9201440215110779,0.6443378329277039,,,,,,,,
glass,0.2,Baseline-Full,12,29,0.529411792755127,23.382353387773037,0.23679691205059528,0.7956204379562044,0.5588235259056091,50,0.6744186046511628,0.627906976744186,0.9152657389640808,0.9469009041786194,0.24705581332361973,0.23146293260330372,0.9201440215110779,0.6443378329277039,,,,,,,,
glass,0.4,Baseline-Full,12,29,0.529411792755127,23.382353387773037,0.23679691205059528,0.7956204379562044,0.5588235259056091,50,0.6744186046511628,0.627906976744186,0.9152657389640808,0.9469009041786194,0.24705581332361973,0.23146293260330372,0.9201440215110779,0.6443378329277039,,,,,,,,
glass,0.6,Baseline-Full,12,29,0.529411792755127,23.382353387773037,0.23679691205059528,0.7956204379562044,0.5588235259056091,50,0.6744186046511628,0.627906976744186,0.9152657389640808,0.9469009041786194,0.24705581332361973,0.23146293260330372,0.9201440215110779,0.6443378329277039,,,,,,,,
glass,0.8,Baseline-Full,12,29,0.529411792755127,23.382353387773037,0.23679691205059528,0.7956204379562044,0.5588235259056091,50,0.6744186046511628,0.627906976744186,0.9152657389640808,0.9469009041786194,0.24705581332361973,0.23146293260330372,0.9201440215110779,0.6443378329277039,,,,,,,,
glass,1.0,Baseline-Full,12,29,0.529411792755127,23.382353387773037,0.23679691205059528,0.7956204379562044,0.5588235259056091,50,0.6744186046511628,0.627906976744186,0.9152657389640808,0.9469009041786194,0.24705581332361973,0.23146293260330372,0.9201440215110779,0.6443378329277039,,,,,,,,
glass,0.0,Baseline-Full,13,61,0.8235294222831726,56.426470682024956,0.07449550915808578,0.8686131386861314,0.7941176295280457,82,0.5813953488372093,0.6046511627906976,1.168489933013916,1.0754154920578003,0.1651684572530347,0.17548841931099113,0.7554146647453308,0.6953563094139099,,,,,,,,
glass,0.2,Baseline-Full,13,61,0.8235294222831726,56.426470682024956,0.07449550915808578,0.8686131386861314,0.7941176295280457,82,0.5813953488372093,0.6046511627906976,1.168489933013916,1.0754154920578003,0.1651684572530347,0.17548841931099113,0.7554146647453308,0.6953563094139099,,,,,,,,
glass,0.4,Baseline-Full,13,61,0.8235294222831726,56.426470682024956,0.07449550915808578,0.8686131386861314,0.7941176295280457,82,0.5813953488372093,0.6046511627906976,1.168489933013916,1.0754154920578003,0.1651684572530347,0.17548841931099113,0.7554146647453308,0.6953563094139099,,,,,,,,
glass,0.6,Baseline-Full,13,61,0.8235294222831726,56.426470682024956,0.07449550915808578,0.8686131386861314,0.7941176295280457,82,0.5813953488372093,0.6046511627906976,1.168489933013916,1.0754154920578003,0.1651684572530347,0.17548841931099113,0.7554146647453308,0.6953563094139099,,,,,,,,
glass,0.8,Baseline-Full,13,61,0.8235294222831726,56.426470682024956,0.07449550915808578,0.8686131386861314,0.7941176295280457,82,0.5813953488372093,0.6046511627906976,1.168489933013916,1.0754154920578003,0.1651684572530347,0.17548841931099113,0.7554146647453308,0.6953563094139099,,,,,,,,
glass,1.0,Baseline-Full,13,61,0.8235294222831726,56.426470682024956,0.07449550915808578,0.8686131386861314,0.7941176295280457,82,0.5813953488372093,0.6046511627906976,1.168489933013916,1.0754154920578003,0.1651684572530347,0.17548841931099113,0.7554146647453308,0.6953563094139099,,,,,,,,
glass,0.0,Baseline-Full,14,43,0.6470588445663452,38.6764714140445,0.17045940360883727,0.8175182481751825,0.6470588445663452,64,0.7441860465116279,0.7674418604651163,0.7189354300498962,0.6422788500785828,0.08958368939022684,0.11955144516257354,0.7447084784507751,0.6979150176048279,,,,,,,,
glass,0.2,Baseline-Full,14,43,0.6470588445663452,38.6764714140445,0.17045940360883727,0.8175182481751825,0.6470588445663452,64,0.7441860465116279,0.7674418604651163,0.7189354300498962,0.6422788500785828,0.08958368939022684,0.11955144516257354,0.7447084784507751,0.6979150176048279,,,,,,,,
glass,0.4,Baseline-Full,14,43,0.6470588445663452,38.6764714140445,0.17045940360883727,0.8175182481751825,0.6470588445663452,64,0.7441860465116279,0.7674418604651163,0.7189354300498962,0.6422788500785828,0.08958368939022684,0.11955144516257354,0.7447084784507751,0.6979150176048279,,,,,,,,
glass,0.6,Baseline-Full,14,43,0.6470588445663452,38.6764714140445,0.17045940360883727,0.8175182481751825,0.6470588445663452,64,0.7441860465116279,0.7674418604651163,0.7189354300498962,0.6422788500785828,0.08958368939022684,0.11955144516257354,0.7447084784507751,0.6979150176048279,,,,,,,,
glass,0.8,Baseline-Full,14,43,0.6470588445663452,38.6764714140445,0.17045940360883727,0.8175182481751825,0.6470588445663452,64,0.7441860465116279,0.7674418604651163,0.7189354300498962,0.6422788500785828,0.08958368939022684,0.11955144516257354,0.7447084784507751,0.6979150176048279,,,,,,,,
glass,1.0,Baseline-Full,14,43,0.6470588445663452,38.6764714140445,0.17045940360883727,0.8175182481751825,0.6470588445663452,64,0.7441860465116279,0.7674418604651163,0.7189354300498962,0.6422788500785828,0.08958368939022684,0.11955144516257354,0.7447084784507751,0.6979150176048279,,,,,,,,
glass,0.0,Baseline-Full,15,42,0.6470588445663452,38.676470682024956,0.14834694053134778,0.8248175182481752,0.6764705777168274,63,0.6744186046511628,0.6511627906976745,0.9417128562927246,0.980660617351532,0.13467790013135866,0.1999886229980824,0.883289098739624,0.6436525583267212,,,,,,,,
glass,0.2,Baseline-Full,15,42,0.6470588445663452,38.676470682024956,0.14834694053134778,0.8248175182481752,0.6764705777168274,63,0.6744186046511628,0.6511627906976745,0.9417128562927246,0.980660617351532,0.13467790013135866,0.1999886229980824,0.883289098739624,0.6436525583267212,,,,,,,,
glass,0.4,Baseline-Full,15,42,0.6470588445663452,38.676470682024956,0.14834694053134778,0.8248175182481752,0.6764705777168274,63,0.6744186046511628,0.6511627906976745,0.9417128562927246,0.980660617351532,0.13467790013135866,0.1999886229980824,0.883289098739624,0.6436525583267212,,,,,,,,
glass,0.6,Baseline-Full,15,42,0.6470588445663452,38.676470682024956,0.14834694053134778,0.8248175182481752,0.6764705777168274,63,0.6744186046511628,0.6511627906976745,0.9417128562927246,0.980660617351532,0.13467790013135866,0.1999886229980824,0.883289098739624,0.6436525583267212,,,,,,,,
glass,0.8,Baseline-Full,15,42,0.6470588445663452,38.676470682024956,0.14834694053134778,0.8248175182481752,0.6764705777168274,63,0.6744186046511628,0.6511627906976745,0.9417128562927246,0.980660617351532,0.13467790013135866,0.1999886229980824,0.883289098739624,0.6436525583267212,,,,,,,,
glass,1.0,Baseline-Full,15,42,0.6470588445663452,38.676470682024956,0.14834694053134778,0.8248175182481752,0.6764705777168274,63,0.6744186046511628,0.6511627906976745,0.9417128562927246,0.980660617351532,0.13467790013135866,0.1999886229980824,0.883289098739624,0.6436525583267212,,,,,,,,
glass,0.0,Baseline-Full,16,37,0.6764705777168274,33.308823853731155,0.17045940360883727,0.8175182481751825,0.6470588445663452,58,0.7209302325581395,0.6976744186046512,0.8964556455612183,0.8608694672584534,0.13641308837158736,0.11826258204704107,0.8452317118644714,0.6781700849533081,,,,,,,,
glass,0.2,Baseline-Full,16,37,0.6764705777168274,33.308823853731155,0.17045940360883727,0.8175182481751825,0.6470588445663452,58,0.7209302325581395,0.6976744186046512,0.8964556455612183,0.8608694672584534,0.13641308837158736,0.11826258204704107,0.8452317118644714,0.6781700849533081,,,,,,,,
glass,0.4,Baseline-Full,16,37,0.6764705777168274,33.308823853731155,0.17045940360883727,0.8175182481751825,0.6470588445663452,58,0.7209302325581395,0.6976744186046512,0.8964556455612183,0.8608694672584534,0.13641308837158736,0.11826258204704107,0.8452317118644714,0.6781700849533081,,,,,,,,
glass,0.6,Baseline-Full,16,37,0.6764705777168274,33.308823853731155,0.17045940360883727,0.8175182481751825,0.6470588445663452,58,0.7209302325581395,0.6976744186046512,0.8964556455612183,0.8608694672584534,0.13641308837158736,0.11826258204704107,0.8452317118644714,0.6781700849533081,,,,,,,,
glass,0.8,Baseline-Full,16,37,0.6764705777168274,33.308823853731155,0.17045940360883727,0.8175182481751825,0.6470588445663452,58,0.7209302325581395,0.6976744186046512,0.8964556455612183,0.8608694672584534,0.13641308837158736,0.11826258204704107,0.8452317118644714,0.6781700849533081,,,,,,,,
glass,1.0,Baseline-Full,16,37,0.6764705777168274,33.308823853731155,0.17045940360883727,0.8175182481751825,0.6470588445663452,58,0.7209302325581395,0.6976744186046512,0.8964556455612183,0.8608694672584534,0.13641308837158736,0.11826258204704107,0.8452317118644714,0.6781700849533081,,,,,,,,
glass,0.0,Baseline-Full,17,63,0.529411792755127,39.9558834284544,0.33941605839416056,0.8394160583941606,0.5,84,0.7441860465116279,0.7674418604651163,0.8750791549682617,0.8925729990005493,0.18776205528614132,0.19689178258873702,0.5863398909568787,0.7836854457855225,,,,,,,,
glass,0.2,Baseline-Full,17,63,0.529411792755127,39.9558834284544,0.33941605839416056,0.8394160583941606,0.5,84,0.7441860465116279,0.7674418604651163,0.8750791549682617,0.8925729990005493,0.18776205528614132,0.19689178258873702,0.5863398909568787,0.7836854457855225,,,,,,,,
glass,0.4,Baseline-Full,17,63,0.529411792755127,39.9558834284544,0.33941605839416056,0.8394160583941606,0.5,84,0.7441860465116279,0.7674418604651163,0.8750791549682617,0.8925729990005493,0.18776205528614132,0.19689178258873702,0.5863398909568787,0.7836854457855225,,,,,,,,
glass,0.6,Baseline-Full,17,63,0.529411792755127,39.9558834284544,0.33941605839416056,0.8394160583941606,0.5,84,0.7441860465116279,0.7674418604651163,0.8750791549682617,0.8925729990005493,0.18776205528614132,0.19689178258873702,0.5863398909568787,0.7836854457855225,,,,,,,,
glass,0.8,Baseline-Full,17,63,0.529411792755127,39.9558834284544,0.33941605839416056,0.8394160583941606,0.5,84,0.7441860465116279,0.7674418604651163,0.8750791549682617,0.8925729990005493,0.18776205528614132,0.19689178258873702,0.5863398909568787,0.7836854457855225,,,,,,,,
glass,1.0,Baseline-Full,17,63,0.529411792755127,39.9558834284544,0.33941605839416056,0.8394160583941606,0.5,84,0.7441860465116279,0.7674418604651163,0.8750791549682617,0.8925729990005493,0.18776205528614132,0.19689178258873702,0.5863398909568787,0.7836854457855225,,,,,,,,
glass,0.0,Baseline-Full,18,90,0.7058823704719543,73.58823568373919,0.17732930836016247,0.8832116788321168,0.7058823704719543,111,0.7209302325581395,0.7209302325581395,0.6539161801338196,0.6622087955474854,0.16088648868161579,0.1402421136235082,0.6626099944114685,0.7178328037261963,,,,,,,,
glass,0.2,Baseline-Full,18,90,0.7058823704719543,73.58823568373919,0.17732930836016247,0.8832116788321168,0.7058823704719543,111,0.7209302325581395,0.7209302325581395,0.6539161801338196,0.6622087955474854,0.16088648868161579,0.1402421136235082,0.6626099944114685,0.7178328037261963,,,,,,,,
glass,0.4,Baseline-Full,18,90,0.7058823704719543,73.58823568373919,0.17732930836016247,0.8832116788321168,0.7058823704719543,111,0.7209302325581395,0.7209302325581395,0.6539161801338196,0.6622087955474854,0.16088648868161579,0.1402421136235082,0.6626099944114685,0.7178328037261963,,,,,,,,
glass,0.6,Baseline-Full,18,90,0.7058823704719543,73.58823568373919,0.17732930836016247,0.8832116788321168,0.7058823704719543,111,0.7209302325581395,0.7209302325581395,0.6539161801338196,0.6622087955474854,0.16088648868161579,0.1402421136235082,0.6626099944114685,0.7178328037261963,,,,,,,,
glass,0.8,Baseline-Full,18,90,0.7058823704719543,73.58823568373919,0.17732930836016247,0.8832116788321168,0.7058823704719543,111,0.7209302325581395,0.7209302325581395,0.6539161801338196,0.6622087955474854,0.16088648868161579,0.1402421136235082,0.6626099944114685,0.7178328037261963,,,,,,,,
glass,1.0,Baseline-Full,18,90,0.7058823704719543,73.58823568373919,0.17732930836016247,0.8832116788321168,0.7058823704719543,111,0.7209302325581395,0.7209302325581395,0.6539161801338196,0.6622087955474854,0.16088648868161579,0.1402421136235082,0.6626099944114685,0.7178328037261963,,,,,,,,
glass,0.0,Baseline-Full,19,99,0.7647058963775635,79.70588343217969,0.12580505252754604,0.8905109489051095,0.7647058963775635,120,0.6976744186046512,0.6976744186046512,0.7313051223754883,0.7358621954917908,0.1467988782150801,0.19526191783505814,0.5739913582801819,0.781927227973938,,,,,,,,
glass,0.2,Baseline-Full,19,99,0.7647058963775635,79.70588343217969,0.12580505252754604,0.8905109489051095,0.7647058963775635,120,0.6976744186046512,0.6976744186046512,0.7313051223754883,0.7358621954917908,0.1467988782150801,0.19526191783505814,0.5739913582801819,0.781927227973938,,,,,,,,
glass,0.4,Baseline-Full,19,99,0.7647058963775635,79.70588343217969,0.12580505252754604,0.8905109489051095,0.7647058963775635,120,0.6976744186046512,0.6976744186046512,0.7313051223754883,0.7358621954917908,0.1467988782150801,0.19526191783505814,0.5739913582801819,0.781927227973938,,,,,,,,
glass,0.6,Baseline-Full,19,99,0.7647058963775635,79.70588343217969,0.12580505252754604,0.8905109489051095,0.7647058963775635,120,0.6976744186046512,0.6976744186046512,0.7313051223754883,0.7358621954917908,0.1467988782150801,0.19526191783505814,0.5739913582801819,0.781927227973938,,,,,,,,
glass,0.8,Baseline-Full,19,99,0.7647058963775635,79.70588343217969,0.12580505252754604,0.8905109489051095,0.7647058963775635,120,0.6976744186046512,0.6976744186046512,0.7313051223754883,0.7358621954917908,0.1467988782150801,0.19526191783505814,0.5739913582801819,0.781927227973938,,,,,,,,
glass,1.0,Baseline-Full,19,99,0.7647058963775635,79.70588343217969,0.12580505252754604,0.8905109489051095,0.7647058963775635,120,0.6976744186046512,0.6976744186046512,0.7313051223754883,0.7358621954917908,0.1467988782150801,0.19526191783505814,0.5739913582801819,0.781927227973938,,,,,,,,
glass,0.0,Baseline-Half,0,116,0.6764705777168274,73.39706037193537,0.19352086557858228,0.8405797101449275,0.6470588445663452,137,0.5348837209302325,0.5116279069767442,1.477340579032898,1.49998140335083,0.21841540863347608,0.21088976776877116,0.7323577404022217,0.7148249745368958,,,,,,,,
glass,0.2,Baseline-Half,0,116,0.6764705777168274,73.39706037193537,0.19352086557858228,0.8405797101449275,0.6470588445663452,137,0.5348837209302325,0.5116279069767442,1.477340579032898,1.49998140335083,0.21841540863347608,0.21088976776877116,0.7323577404022217,0.7148249745368958,,,,,,,,
glass,0.4,Baseline-Half,0,116,0.6764705777168274,73.39706037193537,0.19352086557858228,0.8405797101449275,0.6470588445663452,137,0.5348837209302325,0.5116279069767442,1.477340579032898,1.49998140335083,0.21841540863347608,0.21088976776877116,0.7323577404022217,0.7148249745368958,,,,,,,,
glass,0.6,Baseline-Half,0,116,0.6764705777168274,73.39706037193537,0.19352086557858228,0.8405797101449275,0.6470588445663452,137,0.5348837209302325,0.5116279069767442,1.477340579032898,1.49998140335083,0.21841540863347608,0.21088976776877116,0.7323577404022217,0.7148249745368958,,,,,,,,
glass,0.8,Baseline-Half,0,116,0.6764705777168274,73.39706037193537,0.19352086557858228,0.8405797101449275,0.6470588445663452,137,0.5348837209302325,0.5116279069767442,1.477340579032898,1.49998140335083,0.21841540863347608,0.21088976776877116,0.7323577404022217,0.7148249745368958,,,,,,,,
glass,1.0,Baseline-Half,0,116,0.6764705777168274,73.39706037193537,0.19352086557858228,0.8405797101449275,0.6470588445663452,137,0.5348837209302325,0.5116279069767442,1.477340579032898,1.49998140335083,0.21841540863347608,0.21088976776877116,0.7323577404022217,0.7148249745368958,,,,,,,,
glass,0.0,Baseline-Half,1,90,0.7058823704719543,71.13235352188349,0.14919009329616162,0.855072463768116,0.7058823704719543,111,0.7441860465116279,0.7906976744186046,0.8393283486366272,0.8252605199813843,0.14247886247413102,0.14251239909682165,0.7309396266937256,0.7307714223861694,,,,,,,,
glass,0.2,Baseline-Half,1,90,0.7058823704719543,71.13235352188349,0.14919009329616162,0.855072463768116,0.7058823704719543,111,0.7441860465116279,0.7906976744186046,0.8393283486366272,0.8252605199813843,0.14247886247413102,0.14251239909682165,0.7309396266937256,0.7307714223861694,,,,,,,,
glass,0.4,Baseline-Half,1,90,0.7058823704719543,71.13235352188349,0.14919009329616162,0.855072463768116,0.7058823704719543,111,0.7441860465116279,0.7906976744186046,0.8393283486366272,0.8252605199813843,0.14247886247413102,0.14251239909682165,0.7309396266937256,0.7307714223861694,,,,,,,,
glass,0.6,Baseline-Half,1,90,0.7058823704719543,71.13235352188349,0.14919009329616162,0.855072463768116,0.7058823704719543,111,0.7441860465116279,0.7906976744186046,0.8393283486366272,0.8252605199813843,0.14247886247413102,0.14251239909682165,0.7309396266937256,0.7307714223861694,,,,,,,,
glass,0.8,Baseline-Half,1,90,0.7058823704719543,71.13235352188349,0.14919009329616162,0.855072463768116,0.7058823704719543,111,0.7441860465116279,0.7906976744186046,0.8393283486366272,0.8252605199813843,0.14247886247413102,0.14251239909682165,0.7309396266937256,0.7307714223861694,,,,,,,,
glass,1.0,Baseline-Half,1,90,0.7058823704719543,71.13235352188349,0.14919009329616162,0.855072463768116,0.7058823704719543,111,0.7441860465116279,0.7906976744186046,0.8393283486366272,0.8252605199813843,0.14247886247413102,0.14251239909682165,0.7309396266937256,0.7307714223861694,,,,,,,,
glass,0.0,Baseline-Half,2,64,0.7058823704719543,49.97058894485235,0.0468883065209873,0.8115942028985508,0.7647058963775635,85,0.5813953488372093,0.627906976744186,1.1354020833969116,1.2438514232635498,0.09975051256113275,0.19081768532131993,0.9211216568946838,0.614509105682373,,,,,,,,
glass,0.2,Baseline-Half,2,64,0.7058823704719543,49.97058894485235,0.0468883065209873,0.8115942028985508,0.7647058963775635,85,0.5813953488372093,0.627906976744186,1.1354020833969116,1.2438514232635498,0.09975051256113275,0.19081768532131993,0.9211216568946838,0.614509105682373,,,,,,,,
glass,0.4,Baseline-Half,2,64,0.7058823704719543,49.97058894485235,0.0468883065209873,0.8115942028985508,0.7647058963775635,85,0.5813953488372093,0.627906976744186,1.1354020833969116,1.2438514232635498,0.09975051256113275,0.19081768532131993,0.9211216568946838,0.614509105682373,,,,,,,,
glass,0.6,Baseline-Half,2,64,0.7058823704719543,49.97058894485235,0.0468883065209873,0.8115942028985508,0.7647058963775635,85,0.5813953488372093,0.627906976744186,1.1354020833969116,1.2438514232635498,0.09975051256113275,0.19081768532131993,0.9211216568946838,0.614509105682373,,,,,,,,
glass,0.8,Baseline-Half,2,64,0.7058823704719543,49.97058894485235,0.0468883065209873,0.8115942028985508,0.7647058963775635,85,0.5813953488372093,0.627906976744186,1.1354020833969116,1.2438514232635498,0.09975051256113275,0.19081768532131993,0.9211216568946838,0.614509105682373,,,,,,,,
glass,1.0,Baseline-Half,2,64,0.7058823704719543,49.97058894485235,0.0468883065209873,0.8115942028985508,0.7647058963775635,85,0.5813953488372093,0.627906976744186,1.1354020833969116,1.2438514232635498,0.09975051256113275,0.19081768532131993,0.9211216568946838,0.614509105682373,,,,,,,,
glass,0.0,Baseline-Half,3,63,0.529411792755127,37.205883080139756,0.23870414927385852,0.7681159420289855,0.529411792755127,84,0.5581395348837209,0.6511627906976745,0.9186757206916809,0.8856636881828308,0.14613742537276692,0.12210798471472985,0.917726457118988,0.6138529777526855,,,,,,,,
glass,0.2,Baseline-Half,3,63,0.529411792755127,37.205883080139756,0.23870414927385852,0.7681159420289855,0.529411792755127,84,0.5581395348837209,0.6511627906976745,0.9186757206916809,0.8856636881828308,0.14613742537276692,0.12210798471472985,0.917726457118988,0.6138529777526855,,,,,,,,
glass,0.4,Baseline-Half,3,63,0.529411792755127,37.205883080139756,0.23870414927385852,0.7681159420289855,0.529411792755127,84,0.5581395348837209,0.6511627906976745,0.9186757206916809,0.8856636881828308,0.14613742537276692,0.12210798471472985,0.917726457118988,0.6138529777526855,,,,,,,,
glass,0.6,Baseline-Half,3,63,0.529411792755127,37.205883080139756,0.23870414927385852,0.7681159420289855,0.529411792755127,84,0.5581395348837209,0.6511627906976745,0.9186757206916809,0.8856636881828308,0.14613742537276692,0.12210798471472985,0.917726457118988,0.6138529777526855,,,,,,,,
glass,0.8,Baseline-Half,3,63,0.529411792755127,37.205883080139756,0.23870414927385852,0.7681159420289855,0.529411792755127,84,0.5581395348837209,0.6511627906976745,0.9186757206916809,0.8856636881828308,0.14613742537276692,0.12210798471472985,0.917726457118988,0.6138529777526855,,,,,,,,
glass,1.0,Baseline-Half,3,63,0.529411792755127,37.205883080139756,0.23870414927385852,0.7681159420289855,0.529411792755127,84,0.5581395348837209,0.6511627906976745,0.9186757206916809,0.8856636881828308,0.14613742537276692,0.12210798471472985,0.917726457118988,0.6138529777526855,,,,,,,,
glass,0.0,Baseline-Half,4,14,0.44117647409439087,15.955882616341114,0.16581415525381116,0.7246376811594203,0.5588235259056091,35,0.627906976744186,0.6046511627906976,1.3240898847579956,1.0171276330947876,0.33801254214242443,0.06952323608620221,1.628970980644226,0.33483901619911194,,,,,,,,
glass,0.2,Baseline-Half,4,14,0.44117647409439087,15.955882616341114,0.16581415525381116,0.7246376811594203,0.5588235259056091,35,0.627906976744186,0.6046511627906976,1.3240898847579956,1.0171276330947876,0.33801254214242443,0.06952323608620221,1.628970980644226,0.33483901619911194,,,,,,,,
glass,0.4,Baseline-Half,4,14,0.44117647409439087,15.955882616341114,0.16581415525381116,0.7246376811594203,0.5588235259056091,35,0.627906976744186,0.6046511627906976,1.3240898847579956,1.0171276330947876,0.33801254214242443,0.06952323608620221,1.628970980644226,0.33483901619911194,,,,,,,,
glass,0.6,Baseline-Half,4,14,0.44117647409439087,15.955882616341114,0.16581415525381116,0.7246376811594203,0.5588235259056091,35,0.627906976744186,0.6046511627906976,1.3240898847579956,1.0171276330947876,0.33801254214242443,0.06952323608620221,1.628970980644226,0.33483901619911194,,,,,,,,
glass,0.8,Baseline-Half,4,14,0.44117647409439087,15.955882616341114,0.16581415525381116,0.7246376811594203,0.5588235259056091,35,0.627906976744186,0.6046511627906976,1.3240898847579956,1.0171276330947876,0.33801254214242443,0.06952323608620221,1.628970980644226,0.33483901619911194,,,,,,,,
glass,1.0,Baseline-Half,4,14,0.44117647409439087,15.955882616341114,0.16581415525381116,0.7246376811594203,0.5588235259056091,35,0.627906976744186,0.6046511627906976,1.3240898847579956,1.0171276330947876,0.33801254214242443,0.06952323608620221,1.628970980644226,0.33483901619911194,,,,,,,,
glass,0.0,Baseline-Half,5,56,0.529411792755127,36.57353038340807,0.19394715108733251,0.8115942028985508,0.6176470518112183,77,0.7674418604651163,0.7209302325581395,0.9692947268486023,0.9357566237449646,0.2577774739542673,0.1917629588481992,0.9931121468544006,0.6126694679260254,,,,,,,,
glass,0.2,Baseline-Half,5,56,0.529411792755127,36.57353038340807,0.19394715108733251,0.8115942028985508,0.6176470518112183,77,0.7674418604651163,0.7209302325581395,0.9692947268486023,0.9357566237449646,0.2577774739542673,0.1917629588481992,0.9931121468544006,0.6126694679260254,,,,,,,,
glass,0.4,Baseline-Half,5,56,0.529411792755127,36.57353038340807,0.19394715108733251,0.8115942028985508,0.6176470518112183,77,0.7674418604651163,0.7209302325581395,0.9692947268486023,0.9357566237449646,0.2577774739542673,0.1917629588481992,0.9931121468544006,0.6126694679260254,,,,,,,,
glass,0.6,Baseline-Half,5,56,0.529411792755127,36.57353038340807,0.19394715108733251,0.8115942028985508,0.6176470518112183,77,0.7674418604651163,0.7209302325581395,0.9692947268486023,0.9357566237449646,0.2577774739542673,0.1917629588481992,0.9931121468544006,0.6126694679260254,,,,,,,,
glass,0.8,Baseline-Half,5,56,0.529411792755127,36.57353038340807,0.19394715108733251,0.8115942028985508,0.6176470518112183,77,0.7674418604651163,0.7209302325581395,0.9692947268486023,0.9357566237449646,0.2577774739542673,0.1917629588481992,0.9931121468544006,0.6126694679260254,,,,,,,,
glass,1.0,Baseline-Half,5,56,0.529411792755127,36.57353038340807,0.19394715108733251,0.8115942028985508,0.6176470518112183,77,0.7674418604651163,0.7209302325581395,0.9692947268486023,0.9357566237449646,0.2577774739542673,0.1917629588481992,0.9931121468544006,0.6126694679260254,,,,,,,,
glass,0.0,Baseline-Half,6,49,0.5588235259056091,30.16176525503397,0.2544756998186526,0.6956521739130435,0.44117647409439087,70,0.6744186046511628,0.6046511627906976,0.9109012484550476,0.8248037099838257,0.09807266121686892,0.1335124276405157,0.9596003293991089,0.5763460397720337,,,,,,,,
glass,0.2,Baseline-Half,6,49,0.5588235259056091,30.16176525503397,0.2544756998186526,0.6956521739130435,0.44117647409439087,70,0.6744186046511628,0.6046511627906976,0.9109012484550476,0.8248037099838257,0.09807266121686892,0.1335124276405157,0.9596003293991089,0.5763460397720337,,,,,,,,
glass,0.4,Baseline-Half,6,49,0.5588235259056091,30.16176525503397,0.2544756998186526,0.6956521739130435,0.44117647409439087,70,0.6744186046511628,0.6046511627906976,0.9109012484550476,0.8248037099838257,0.09807266121686892,0.1335124276405157,0.9596003293991089,0.5763460397720337,,,,,,,,
glass,0.6,Baseline-Half,6,49,0.5588235259056091,30.16176525503397,0.2544756998186526,0.6956521739130435,0.44117647409439087,70,0.6744186046511628,0.6046511627906976,0.9109012484550476,0.8248037099838257,0.09807266121686892,0.1335124276405157,0.9596003293991089,0.5763460397720337,,,,,,,,
glass,0.8,Baseline-Half,6,49,0.5588235259056091,30.16176525503397,0.2544756998186526,0.6956521739130435,0.44117647409439087,70,0.6744186046511628,0.6046511627906976,0.9109012484550476,0.8248037099838257,0.09807266121686892,0.1335124276405157,0.9596003293991089,0.5763460397720337,,,,,,,,
glass,1.0,Baseline-Half,6,49,0.5588235259056091,30.16176525503397,0.2544756998186526,0.6956521739130435,0.44117647409439087,70,0.6744186046511628,0.6046511627906976,0.9109012484550476,0.8248037099838257,0.09807266121686892,0.1335124276405157,0.9596003293991089,0.5763460397720337,,,,,,,,
glass,0.0,Baseline-Half,7,60,0.5882353186607361,41.397059716284275,0.20886613061462622,0.7971014492753623,0.5882353186607361,81,0.7674418604651163,0.7441860465116279,1.0669974088668823,1.0452057123184204,0.2347029267355453,0.19138421776682832,0.8708444833755493,0.626304030418396,,,,,,,,
glass,0.2,Baseline-Half,7,60,0.5882353186607361,41.397059716284275,0.20886613061462622,0.7971014492753623,0.5882353186607361,81,0.7674418604651163,0.7441860465116279,1.0669974088668823,1.0452057123184204,0.2347029267355453,0.19138421776682832,0.8708444833755493,0.626304030418396,,,,,,,,
glass,0.4,Baseline-Half,7,60,0.5882353186607361,41.397059716284275,0.20886613061462622,0.7971014492753623,0.5882353186607361,81,0.7674418604651163,0.7441860465116279,1.0669974088668823,1.0452057123184204,0.2347029267355453,0.19138421776682832,0.8708444833755493,0.626304030418396,,,,,,,,
glass,0.6,Baseline-Half,7,60,0.5882353186607361,41.397059716284275,0.20886613061462622,0.7971014492753623,0.5882353186607361,81,0.7674418604651163,0.7441860465116279,1.0669974088668823,1.0452057123184204,0.2347029267355453,0.19138421776682832,0.8708444833755493,0.626304030418396,,,,,,,,
glass,0.8,Baseline-Half,7,60,0.5882353186607361,41.397059716284275,0.20886613061462622,0.7971014492753623,0.5882353186607361,81,0.7674418604651163,0.7441860465116279,1.0669974088668823,1.0452057123184204,0.2347029267355453,0.19138421776682832,0.8708444833755493,0.626304030418396,,,,,,,,
glass,1.0,Baseline-Half,7,60,0.5882353186607361,41.397059716284275,0.20886613061462622,0.7971014492753623,0.5882353186607361,81,0.7674418604651163,0.7441860465116279,1.0669974088668823,1.0452057123184204,0.2347029267355453,0.19138421776682832,0.8708444833755493,0.626304030418396,,,,,,,,
glass,0.0,Baseline-Half,8,64,0.5588235259056091,43.97058904543519,0.2958226523537567,0.8840579710144928,0.5882353186607361,85,0.627906976744186,0.6744186046511628,1.1381785869598389,1.121444821357727,0.12922943470089934,0.26732126917949944,0.9051114320755005,0.6488993763923645,,,,,,,,
glass,0.2,Baseline-Half,8,64,0.5588235259056091,43.97058904543519,0.2958226523537567,0.8840579710144928,0.5882353186607361,85,0.627906976744186,0.6744186046511628,1.1381785869598389,1.121444821357727,0.12922943470089934,0.26732126917949944,0.9051114320755005,0.6488993763923645,,,,,,,,
glass,0.4,Baseline-Half,8,64,0.5588235259056091,43.97058904543519,0.2958226523537567,0.8840579710144928,0.5882353186607361,85,0.627906976744186,0.6744186046511628,1.1381785869598389,1.121444821357727,0.12922943470089934,0.26732126917949944,0.9051114320755005,0.6488993763923645,,,,,,,,
glass,0.6,Baseline-Half,8,64,0.5588235259056091,43.97058904543519,0.2958226523537567,0.8840579710144928,0.5882353186607361,85,0.627906976744186,0.6744186046511628,1.1381785869598389,1.121444821357727,0.12922943470089934,0.26732126917949944,0.9051114320755005,0.6488993763923645,,,,,,,,
glass,0.8,Baseline-Half,8,64,0.5588235259056091,43.97058904543519,0.2958226523537567,0.8840579710144928,0.5882353186607361,85,0.627906976744186,0.6744186046511628,1.1381785869598389,1.121444821357727,0.12922943470089934,0.26732126917949944,0.9051114320755005,0.6488993763923645,,,,,,,,
glass,1.0,Baseline-Half,8,64,0.5588235259056091,43.97058904543519,0.2958226523537567,0.8840579710144928,0.5882353186607361,85,0.627906976744186,0.6744186046511628,1.1381785869598389,1.121444821357727,0.12922943470089934,0.26732126917949944,0.9051114320755005,0.6488993763923645,,,,,,,,
glass,0.0,Baseline-Half,9,76,0.7058823704719543,61.000000700354576,0.1926683541657268,0.8985507246376812,0.7058823704719543,97,0.5813953488372093,0.5813953488372093,1.1541178226470947,1.2396564483642578,0.1573314431101777,0.18455494420472968,0.7743449807167053,0.6869304776191711,,,,,,,,
glass,0.2,Baseline-Half,9,76,0.7058823704719543,61.000000700354576,0.1926683541657268,0.8985507246376812,0.7058823704719543,97,0.5813953488372093,0.5813953488372093,1.1541178226470947,1.2396564483642578,0.1573314431101777,0.18455494420472968,0.7743449807167053,0.6869304776191711,,,,,,,,
glass,0.4,Baseline-Half,9,76,0.7058823704719543,61.000000700354576,0.1926683541657268,0.8985507246376812,0.7058823704719543,97,0.5813953488372093,0.5813953488372093,1.1541178226470947,1.2396564483642578,0.1573314431101777,0.18455494420472968,0.7743449807167053,0.6869304776191711,,,,,,,,
glass,0.6,Baseline-Half,9,76,0.7058823704719543,61.000000700354576,0.1926683541657268,0.8985507246376812,0.7058823704719543,97,0.5813953488372093,0.5813953488372093,1.1541178226470947,1.2396564483642578,0.1573314431101777,0.18455494420472968,0.7743449807167053,0.6869304776191711,,,,,,,,
glass,0.8,Baseline-Half,9,76,0.7058823704719543,61.000000700354576,0.1926683541657268,0.8985507246376812,0.7058823704719543,97,0.5813953488372093,0.5813953488372093,1.1541178226470947,1.2396564483642578,0.1573314431101777,0.18455494420472968,0.7743449807167053,0.6869304776191711,,,,,,,,
glass,1.0,Baseline-Half,9,76,0.7058823704719543,61.000000700354576,0.1926683541657268,0.8985507246376812,0.7058823704719543,97,0.5813953488372093,0.5813953488372093,1.1541178226470947,1.2396564483642578,0.1573314431101777,0.18455494420472968,0.7743449807167053,0.6869304776191711,,,,,,,,
glass,0.0,Baseline-Half,10,110,0.7058823704719543,87.66176519542933,0.12020458604978479,0.8260869565217391,0.7058823704719543,131,0.627906976744186,0.6511627906976745,1.0929681062698364,1.090206265449524,0.18662831464479138,0.25883906040080756,0.6029562950134277,0.7740246057510376,,,,,,,,
glass,0.2,Baseline-Half,10,110,0.7058823704719543,87.66176519542933,0.12020458604978479,0.8260869565217391,0.7058823704719543,131,0.627906976744186,0.6511627906976745,1.0929681062698364,1.090206265449524,0.18662831464479138,0.25883906040080756,0.6029562950134277,0.7740246057510376,,,,,,,,
glass,0.4,Baseline-Half,10,110,0.7058823704719543,87.66176519542933,0.12020458604978479,0.8260869565217391,0.7058823704719543,131,0.627906976744186,0.6511627906976745,1.0929681062698364,1.090206265449524,0.18662831464479138,0.25883906040080756,0.6029562950134277,0.7740246057510376,,,,,,,,
glass,0.6,Baseline-Half,10,110,0.7058823704719543,87.66176519542933,0.12020458604978479,0.8260869565217391,0.7058823704719543,131,0.627906976744186,0.6511627906976745,1.0929681062698364,1.090206265449524,0.18662831464479138,0.25883906040080756,0.6029562950134277,0.7740246057510376,,,,,,,,
glass,0.8,Baseline-Half,10,110,0.7058823704719543,87.66176519542933,0.12020458604978479,0.8260869565217391,0.7058823704719543,131,0.627906976744186,0.6511627906976745,1.0929681062698364,1.090206265449524,0.18662831464479138,0.25883906040080756,0.6029562950134277,0.7740246057510376,,,,,,,,
glass,1.0,Baseline-Half,10,110,0.7058823704719543,87.66176519542933,0.12020458604978479,0.8260869565217391,0.7058823704719543,131,0.627906976744186,0.6511627906976745,1.0929681062698364,1.090206265449524,0.18662831464479138,0.25883906040080756,0.6029562950134277,0.7740246057510376,,,,,,,,
glass,0.0,Baseline-Half,11,27,0.5,23.117647547274828,0.20886613061462622,0.7971014492753623,0.5882353186607361,48,0.3488372093023256,0.5348837209302325,1.3833708763122559,1.3761357069015503,0.19316358136576275,0.2281437862751096,1.2910826206207275,0.4902688264846802,,,,,,,,
glass,0.2,Baseline-Half,11,27,0.5,23.117647547274828,0.20886613061462622,0.7971014492753623,0.5882353186607361,48,0.3488372093023256,0.5348837209302325,1.3833708763122559,1.3761357069015503,0.19316358136576275,0.2281437862751096,1.2910826206207275,0.4902688264846802,,,,,,,,
glass,0.4,Baseline-Half,11,27,0.5,23.117647547274828,0.20886613061462622,0.7971014492753623,0.5882353186607361,48,0.3488372093023256,0.5348837209302325,1.3833708763122559,1.3761357069015503,0.19316358136576275,0.2281437862751096,1.2910826206207275,0.4902688264846802,,,,,,,,
glass,0.6,Baseline-Half,11,27,0.5,23.117647547274828,0.20886613061462622,0.7971014492753623,0.5882353186607361,48,0.3488372093023256,0.5348837209302325,1.3833708763122559,1.3761357069015503,0.19316358136576275,0.2281437862751096,1.2910826206207275,0.4902688264846802,,,,,,,,
glass,0.8,Baseline-Half,11,27,0.5,23.117647547274828,0.20886613061462622,0.7971014492753623,0.5882353186607361,48,0.3488372093023256,0.5348837209302325,1.3833708763122559,1.3761357069015503,0.19316358136576275,0.2281437862751096,1.2910826206207275,0.4902688264846802,,,,,,,,
glass,1.0,Baseline-Half,11,27,0.5,23.117647547274828,0.20886613061462622,0.7971014492753623,0.5882353186607361,48,0.3488372093023256,0.5348837209302325,1.3833708763122559,1.3761357069015503,0.19316358136576275,0.2281437862751096,1.2910826206207275,0.4902688264846802,,,,,,,,
glass,0.0,Baseline-Half,12,27,0.5,19.705882791429758,0.3120204586049785,0.782608695652174,0.47058823704719543,48,0.5581395348837209,0.6976744186046512,1.0837827920913696,0.9767912030220032,0.2585477087386819,0.25680612686068516,1.1972355842590332,0.5110001564025879,,,,,,,,
glass,0.2,Baseline-Half,12,27,0.5,19.705882791429758,0.3120204586049785,0.782608695652174,0.47058823704719543,48,0.5581395348837209,0.6976744186046512,1.0837827920913696,0.9767912030220032,0.2585477087386819,0.25680612686068516,1.1972355842590332,0.5110001564025879,,,,,,,,
glass,0.4,Baseline-Half,12,27,0.5,19.705882791429758,0.3120204586049785,0.782608695652174,0.47058823704719543,48,0.5581395348837209,0.6976744186046512,1.0837827920913696,0.9767912030220032,0.2585477087386819,0.25680612686068516,1.1972355842590332,0.5110001564025879,,,,,,,,
glass,0.6,Baseline-Half,12,27,0.5,19.705882791429758,0.3120204586049785,0.782608695652174,0.47058823704719543,48,0.5581395348837209,0.6976744186046512,1.0837827920913696,0.9767912030220032,0.2585477087386819,0.25680612686068516,1.1972355842590332,0.5110001564025879,,,,,,,,
glass,0.8,Baseline-Half,12,27,0.5,19.705882791429758,0.3120204586049785,0.782608695652174,0.47058823704719543,48,0.5581395348837209,0.6976744186046512,1.0837827920913696,0.9767912030220032,0.2585477087386819,0.25680612686068516,1.1972355842590332,0.5110001564025879,,,,,,,,
glass,1.0,Baseline-Half,12,27,0.5,19.705882791429758,0.3120204586049785,0.782608695652174,0.47058823704719543,48,0.5581395348837209,0.6976744186046512,1.0837827920913696,0.9767912030220032,0.2585477087386819,0.25680612686068516,1.1972355842590332,0.5110001564025879,,,,,,,,
glass,0.0,Baseline-Half,13,57,0.6470588445663452,49.588235422968864,0.0468883065209873,0.8115942028985508,0.7647058963775635,78,0.5348837209302325,0.5813953488372093,1.1438300609588623,1.129032015800476,0.14547871157180428,0.16622610979301986,0.9136567115783691,0.6237106323242188,,,,,,,,
glass,0.2,Baseline-Half,13,57,0.6470588445663452,49.588235422968864,0.0468883065209873,0.8115942028985508,0.7647058963775635,78,0.5348837209302325,0.5813953488372093,1.1438300609588623,1.129032015800476,0.14547871157180428,0.16622610979301986,0.9136567115783691,0.6237106323242188,,,,,,,,
glass,0.4,Baseline-Half,13,57,0.6470588445663452,49.588235422968864,0.0468883065209873,0.8115942028985508,0.7647058963775635,78,0.5348837209302325,0.5813953488372093,1.1438300609588623,1.129032015800476,0.14547871157180428,0.16622610979301986,0.9136567115783691,0.6237106323242188,,,,,,,,
glass,0.6,Baseline-Half,13,57,0.6470588445663452,49.588235422968864,0.0468883065209873,0.8115942028985508,0.7647058963775635,78,0.5348837209302325,0.5813953488372093,1.1438300609588623,1.129032015800476,0.14547871157180428,0.16622610979301986,0.9136567115783691,0.6237106323242188,,,,,,,,
glass,0.8,Baseline-Half,13,57,0.6470588445663452,49.588235422968864,0.0468883065209873,0.8115942028985508,0.7647058963775635,78,0.5348837209302325,0.5813953488372093,1.1438300609588623,1.129032015800476,0.14547871157180428,0.16622610979301986,0.9136567115783691,0.6237106323242188,,,,,,,,
glass,1.0,Baseline-Half,13,57,0.6470588445663452,49.588235422968864,0.0468883065209873,0.8115942028985508,0.7647058963775635,78,0.5348837209302325,0.5813953488372093,1.1438300609588623,1.129032015800476,0.14547871157180428,0.16622610979301986,0.9136567115783691,0.6237106323242188,,,,,,,,
glass,0.0,Baseline-Half,14,61,0.5588235259056091,44.51470666565001,0.20843990471052087,0.8260869565217391,0.6176470518112183,82,0.6744186046511628,0.6744186046511628,0.9953766465187073,0.9935513734817505,0.22066255156383954,0.22298115838405697,0.730936586856842,0.7328126430511475,,,,,,,,
glass,0.2,Baseline-Half,14,61,0.5588235259056091,44.51470666565001,0.20843990471052087,0.8260869565217391,0.6176470518112183,82,0.6744186046511628,0.6744186046511628,0.9953766465187073,0.9935513734817505,0.22066255156383954,0.22298115838405697,0.730936586856842,0.7328126430511475,,,,,,,,
glass,0.4,Baseline-Half,14,61,0.5588235259056091,44.51470666565001,0.20843990471052087,0.8260869565217391,0.6176470518112183,82,0.6744186046511628,0.6744186046511628,0.9953766465187073,0.9935513734817505,0.22066255156383954,0.22298115838405697,0.730936586856842,0.7328126430511475,,,,,,,,
glass,0.6,Baseline-Half,14,61,0.5588235259056091,44.51470666565001,0.20843990471052087,0.8260869565217391,0.6176470518112183,82,0.6744186046511628,0.6744186046511628,0.9953766465187073,0.9935513734817505,0.22066255156383954,0.22298115838405697,0.730936586856842,0.7328126430511475,,,,,,,,
glass,0.8,Baseline-Half,14,61,0.5588235259056091,44.51470666565001,0.20843990471052087,0.8260869565217391,0.6176470518112183,82,0.6744186046511628,0.6744186046511628,0.9953766465187073,0.9935513734817505,0.22066255156383954,0.22298115838405697,0.730936586856842,0.7328126430511475,,,,,,,,
glass,1.0,Baseline-Half,14,61,0.5588235259056091,44.51470666565001,0.20843990471052087,0.8260869565217391,0.6176470518112183,82,0.6744186046511628,0.6744186046511628,0.9953766465187073,0.9935513734817505,0.22066255156383954,0.22298115838405697,0.730936586856842,0.7328126430511475,,,,,,,,
glass,0.0,Baseline-Half,15,47,0.5882353186607361,34.176471032202244,0.2523443914841914,0.8405797101449275,0.5882353186607361,68,0.5581395348837209,0.6046511627906976,1.1320393085479736,1.195223331451416,0.13002712782039197,0.18175898457682413,1.0014830827713013,0.5776069760322571,,,,,,,,
glass,0.2,Baseline-Half,15,47,0.5882353186607361,34.176471032202244,0.2523443914841914,0.8405797101449275,0.5882353186607361,68,0.5581395348837209,0.6046511627906976,1.1320393085479736,1.195223331451416,0.13002712782039197,0.18175898457682413,1.0014830827713013,0.5776069760322571,,,,,,,,
glass,0.4,Baseline-Half,15,47,0.5882353186607361,34.176471032202244,0.2523443914841914,0.8405797101449275,0.5882353186607361,68,0.5581395348837209,0.6046511627906976,1.1320393085479736,1.195223331451416,0.13002712782039197,0.18175898457682413,1.0014830827713013,0.5776069760322571,,,,,,,,
glass,0.6,Baseline-Half,15,47,0.5882353186607361,34.176471032202244,0.2523443914841914,0.8405797101449275,0.5882353186607361,68,0.5581395348837209,0.6046511627906976,1.1320393085479736,1.195223331451416,0.13002712782039197,0.18175898457682413,1.0014830827713013,0.5776069760322571,,,,,,,,
glass,0.8,Baseline-Half,15,47,0.5882353186607361,34.176471032202244,0.2523443914841914,0.8405797101449275,0.5882353186607361,68,0.5581395348837209,0.6046511627906976,1.1320393085479736,1.195223331451416,0.13002712782039197,0.18175898457682413,1.0014830827713013,0.5776069760322571,,,,,,,,
glass,1.0,Baseline-Half,15,47,0.5882353186607361,34.176471032202244,0.2523443914841914,0.8405797101449275,0.5882353186607361,68,0.5581395348837209,0.6046511627906976,1.1320393085479736,1.195223331451416,0.13002712782039197,0.18175898457682413,1.0014830827713013,0.5776069760322571,,,,,,,,
glass,0.0,Baseline-Half,16,91,0.6764705777168274,60.14706015586853,0.17860188605128857,0.855072463768116,0.6764705777168274,112,0.6511627906976745,0.6744186046511628,1.0335177183151245,1.0681657791137695,0.18106828456701235,0.1339631642020026,0.6362493634223938,0.7423434853553772,,,,,,,,
glass,0.2,Baseline-Half,16,91,0.6764705777168274,60.14706015586853,0.17860188605128857,0.855072463768116,0.6764705777168274,112,0.6511627906976745,0.6744186046511628,1.0335177183151245,1.0681657791137695,0.18106828456701235,0.1339631642020026,0.6362493634223938,0.7423434853553772,,,,,,,,
glass,0.4,Baseline-Half,16,91,0.6764705777168274,60.14706015586853,0.17860188605128857,0.855072463768116,0.6764705777168274,112,0.6511627906976745,0.6744186046511628,1.0335177183151245,1.0681657791137695,0.18106828456701235,0.1339631642020026,0.6362493634223938,0.7423434853553772,,,,,,,,
glass,0.6,Baseline-Half,16,91,0.6764705777168274,60.14706015586853,0.17860188605128857,0.855072463768116,0.6764705777168274,112,0.6511627906976745,0.6744186046511628,1.0335177183151245,1.0681657791137695,0.18106828456701235,0.1339631642020026,0.6362493634223938,0.7423434853553772,,,,,,,,
glass,0.8,Baseline-Half,16,91,0.6764705777168274,60.14706015586853,0.17860188605128857,0.855072463768116,0.6764705777168274,112,0.6511627906976745,0.6744186046511628,1.0335177183151245,1.0681657791137695,0.18106828456701235,0.1339631642020026,0.6362493634223938,0.7423434853553772,,,,,,,,
glass,1.0,Baseline-Half,16,91,0.6764705777168274,60.14706015586853,0.17860188605128857,0.855072463768116,0.6764705777168274,112,0.6511627906976745,0.6744186046511628,1.0335177183151245,1.0681657791137695,0.18106828456701235,0.1339631642020026,0.6362493634223938,0.7423434853553772,,,,,,,,
glass,0.0,Baseline-Half,17,53,0.47058823704719543,31.250000312924385,0.3414322215577831,0.782608695652174,0.44117647409439087,74,0.6046511627906976,0.6511627906976745,0.9669601917266846,0.9422020316123962,0.20133611074713773,0.18615123421646823,0.9059573411941528,0.641422688961029,,,,,,,,
glass,0.2,Baseline-Half,17,53,0.47058823704719543,31.250000312924385,0.3414322215577831,0.782608695652174,0.44117647409439087,74,0.6046511627906976,0.6511627906976745,0.9669601917266846,0.9422020316123962,0.20133611074713773,0.18615123421646823,0.9059573411941528,0.641422688961029,,,,,,,,
glass,0.4,Baseline-Half,17,53,0.47058823704719543,31.250000312924385,0.3414322215577831,0.782608695652174,0.44117647409439087,74,0.6046511627906976,0.6511627906976745,0.9669601917266846,0.9422020316123962,0.20133611074713773,0.18615123421646823,0.9059573411941528,0.641422688961029,,,,,,,,
glass,0.6,Baseline-Half,17,53,0.47058823704719543,31.250000312924385,0.3414322215577831,0.782608695652174,0.44117647409439087,74,0.6046511627906976,0.6511627906976745,0.9669601917266846,0.9422020316123962,0.20133611074713773,0.18615123421646823,0.9059573411941528,0.641422688961029,,,,,,,,
glass,0.8,Baseline-Half,17,53,0.47058823704719543,31.250000312924385,0.3414322215577831,0.782608695652174,0.44117647409439087,74,0.6046511627906976,0.6511627906976745,0.9669601917266846,0.9422020316123962,0.20133611074713773,0.18615123421646823,0.9059573411941528,0.641422688961029,,,,,,,,
glass,1.0,Baseline-Half,17,53,0.47058823704719543,31.250000312924385,0.3414322215577831,0.782608695652174,0.44117647409439087,74,0.6046511627906976,0.6511627906976745,0.9669601917266846,0.9422020316123962,0.20133611074713773,0.18615123421646823,0.9059573411941528,0.641422688961029,,,,,,,,
glass,0.0,Baseline-Half,18,122,0.6764705777168274,92.73529445007443,0.1926683541657268,0.8985507246376812,0.7058823704719543,143,0.6511627906976745,0.6046511627906976,0.7959607243537903,0.8150852918624878,0.19734034150145774,0.16503961973412093,0.7162770628929138,0.7067609429359436,,,,,,,,
glass,0.2,Baseline-Half,18,122,0.6764705777168274,92.73529445007443,0.1926683541657268,0.8985507246376812,0.7058823704719543,143,0.6511627906976745,0.6046511627906976,0.7959607243537903,0.8150852918624878,0.19734034150145774,0.16503961973412093,0.7162770628929138,0.7067609429359436,,,,,,,,
glass,0.4,Baseline-Half,18,122,0.6764705777168274,92.73529445007443,0.1926683541657268,0.8985507246376812,0.7058823704719543,143,0.6511627906976745,0.6046511627906976,0.7959607243537903,0.8150852918624878,0.19734034150145774,0.16503961973412093,0.7162770628929138,0.7067609429359436,,,,,,,,
glass,0.6,Baseline-Half,18,122,0.6764705777168274,92.73529445007443,0.1926683541657268,0.8985507246376812,0.7058823704719543,143,0.6511627906976745,0.6046511627906976,0.7959607243537903,0.8150852918624878,0.19734034150145774,0.16503961973412093,0.7162770628929138,0.7067609429359436,,,,,,,,
glass,0.8,Baseline-Half,18,122,0.6764705777168274,92.73529445007443,0.1926683541657268,0.8985507246376812,0.7058823704719543,143,0.6511627906976745,0.6046511627906976,0.7959607243537903,0.8150852918624878,0.19734034150145774,0.16503961973412093,0.7162770628929138,0.7067609429359436,,,,,,,,
glass,1.0,Baseline-Half,18,122,0.6764705777168274,92.73529445007443,0.1926683541657268,0.8985507246376812,0.7058823704719543,143,0.6511627906976745,0.6046511627906976,0.7959607243537903,0.8150852918624878,0.19734034150145774,0.16503961973412093,0.7162770628929138,0.7067609429359436,,,,,,,,
glass,0.0,Baseline-Half,19,104,0.6470588445663452,72.51470680907369,0.2225063728249591,0.8695652173913043,0.6470588445663452,125,0.6744186046511628,0.6744186046511628,0.8036165237426758,0.8800893425941467,0.16359103141829026,0.13276905237242234,0.7138779163360596,0.7380319833755493,,,,,,,,
glass,0.2,Baseline-Half,19,104,0.6470588445663452,72.51470680907369,0.2225063728249591,0.8695652173913043,0.6470588445663452,125,0.6744186046511628,0.6744186046511628,0.8036165237426758,0.8800893425941467,0.16359103141829026,0.13276905237242234,0.7138779163360596,0.7380319833755493,,,,,,,,
glass,0.4,Baseline-Half,19,104,0.6470588445663452,72.51470680907369,0.2225063728249591,0.8695652173913043,0.6470588445663452,125,0.6744186046511628,0.6744186046511628,0.8036165237426758,0.8800893425941467,0.16359103141829026,0.13276905237242234,0.7138779163360596,0.7380319833755493,,,,,,,,
glass,0.6,Baseline-Half,19,104,0.6470588445663452,72.51470680907369,0.2225063728249591,0.8695652173913043,0.6470588445663452,125,0.6744186046511628,0.6744186046511628,0.8036165237426758,0.8800893425941467,0.16359103141829026,0.13276905237242234,0.7138779163360596,0.7380319833755493,,,,,,,,
glass,0.8,Baseline-Half,19,104,0.6470588445663452,72.51470680907369,0.2225063728249591,0.8695652173913043,0.6470588445663452,125,0.6744186046511628,0.6744186046511628,0.8036165237426758,0.8800893425941467,0.16359103141829026,0.13276905237242234,0.7138779163360596,0.7380319833755493,,,,,,,,
glass,1.0,Baseline-Half,19,104,0.6470588445663452,72.51470680907369,0.2225063728249591,0.8695652173913043,0.6470588445663452,125,0.6744186046511628,0.6744186046511628,0.8036165237426758,0.8800893425941467,0.16359103141829026,0.13276905237242234,0.7138779163360596,0.7380319833755493,,,,,,,,
glass,0.0,Baseline-LS,0,167,0.6764705777168274,108.48529583960772,0.1926683541657268,0.8985507246376812,0.7058823704719543,188,0.5813953488372093,0.5116279069767442,1.1983827352523804,1.1896401643753052,0.2210469238979872,0.24429613143898715,0.9471786022186279,0.6656055450439453,,,,,,,,
glass,0.2,Baseline-LS,0,167,0.6764705777168274,108.48529583960772,0.1926683541657268,0.8985507246376812,0.7058823704719543,188,0.5813953488372093,0.5116279069767442,1.1983827352523804,1.1896401643753052,0.2210469238979872,0.24429613143898715,0.9471786022186279,0.6656055450439453,,,,,,,,
glass,0.4,Baseline-LS,0,167,0.6764705777168274,108.48529583960772,0.1926683541657268,0.8985507246376812,0.7058823704719543,188,0.5813953488372093,0.5116279069767442,1.1983827352523804,1.1896401643753052,0.2210469238979872,0.24429613143898715,0.9471786022186279,0.6656055450439453,,,,,,,,
glass,0.6,Baseline-LS,0,167,0.6764705777168274,108.48529583960772,0.1926683541657268,0.8985507246376812,0.7058823704719543,188,0.5813953488372093,0.5116279069767442,1.1983827352523804,1.1896401643753052,0.2210469238979872,0.24429613143898715,0.9471786022186279,0.6656055450439453,,,,,,,,
glass,0.8,Baseline-LS,0,167,0.6764705777168274,108.48529583960772,0.1926683541657268,0.8985507246376812,0.7058823704719543,188,0.5813953488372093,0.5116279069767442,1.1983827352523804,1.1896401643753052,0.2210469238979872,0.24429613143898715,0.9471786022186279,0.6656055450439453,,,,,,,,
glass,1.0,Baseline-LS,0,167,0.6764705777168274,108.48529583960772,0.1926683541657268,0.8985507246376812,0.7058823704719543,188,0.5813953488372093,0.5116279069767442,1.1983827352523804,1.1896401643753052,0.2210469238979872,0.24429613143898715,0.9471786022186279,0.6656055450439453,,,,,,,,
glass,0.0,Baseline-LS,1,90,0.6764705777168274,70.66176510602236,0.14919009329616162,0.855072463768116,0.7058823704719543,111,0.7441860465116279,0.7674418604651163,0.7986239790916443,0.7641263604164124,0.2207050711609597,0.14905619205430493,0.9458730220794678,0.6657745838165283,,,,,,,,
glass,0.2,Baseline-LS,1,90,0.6764705777168274,70.66176510602236,0.14919009329616162,0.855072463768116,0.7058823704719543,111,0.7441860465116279,0.7674418604651163,0.7986239790916443,0.7641263604164124,0.2207050711609597,0.14905619205430493,0.9458730220794678,0.6657745838165283,,,,,,,,
glass,0.4,Baseline-LS,1,90,0.6764705777168274,70.66176510602236,0.14919009329616162,0.855072463768116,0.7058823704719543,111,0.7441860465116279,0.7674418604651163,0.7986239790916443,0.7641263604164124,0.2207050711609597,0.14905619205430493,0.9458730220794678,0.6657745838165283,,,,,,,,
glass,0.6,Baseline-LS,1,90,0.6764705777168274,70.66176510602236,0.14919009329616162,0.855072463768116,0.7058823704719543,111,0.7441860465116279,0.7674418604651163,0.7986239790916443,0.7641263604164124,0.2207050711609597,0.14905619205430493,0.9458730220794678,0.6657745838165283,,,,,,,,
glass,0.8,Baseline-LS,1,90,0.6764705777168274,70.66176510602236,0.14919009329616162,0.855072463768116,0.7058823704719543,111,0.7441860465116279,0.7674418604651163,0.7986239790916443,0.7641263604164124,0.2207050711609597,0.14905619205430493,0.9458730220794678,0.6657745838165283,,,,,,,,
glass,1.0,Baseline-LS,1,90,0.6764705777168274,70.66176510602236,0.14919009329616162,0.855072463768116,0.7058823704719543,111,0.7441860465116279,0.7674418604651163,0.7986239790916443,0.7641263604164124,0.2207050711609597,0.14905619205430493,0.9458730220794678,0.6657745838165283,,,,,,,,
glass,0.0,Baseline-LS,2,63,0.6764705777168274,49.10294186323881,0.07630009927611425,0.8115942028985508,0.7352941036224365,84,0.5813953488372093,0.627906976744186,1.080038070678711,1.1257381439208984,0.1595110040764476,0.15836723252784374,1.0564430952072144,0.5742861032485962,,,,,,,,
glass,0.2,Baseline-LS,2,63,0.6764705777168274,49.10294186323881,0.07630009927611425,0.8115942028985508,0.7352941036224365,84,0.5813953488372093,0.627906976744186,1.080038070678711,1.1257381439208984,0.1595110040764476,0.15836723252784374,1.0564430952072144,0.5742861032485962,,,,,,,,
glass,0.4,Baseline-LS,2,63,0.6764705777168274,49.10294186323881,0.07630009927611425,0.8115942028985508,0.7352941036224365,84,0.5813953488372093,0.627906976744186,1.080038070678711,1.1257381439208984,0.1595110040764476,0.15836723252784374,1.0564430952072144,0.5742861032485962,,,,,,,,
glass,0.6,Baseline-LS,2,63,0.6764705777168274,49.10294186323881,0.07630009927611425,0.8115942028985508,0.7352941036224365,84,0.5813953488372093,0.627906976744186,1.080038070678711,1.1257381439208984,0.1595110040764476,0.15836723252784374,1.0564430952072144,0.5742861032485962,,,,,,,,
glass,0.8,Baseline-LS,2,63,0.6764705777168274,49.10294186323881,0.07630009927611425,0.8115942028985508,0.7352941036224365,84,0.5813953488372093,0.627906976744186,1.080038070678711,1.1257381439208984,0.1595110040764476,0.15836723252784374,1.0564430952072144,0.5742861032485962,,,,,,,,
glass,1.0,Baseline-LS,2,63,0.6764705777168274,49.10294186323881,0.07630009927611425,0.8115942028985508,0.7352941036224365,84,0.5813953488372093,0.627906976744186,1.080038070678711,1.1257381439208984,0.1595110040764476,0.15836723252784374,1.0564430952072144,0.5742861032485962,,,,,,,,
glass,0.0,Baseline-LS,3,64,0.529411792755127,37.970589036121964,0.23870414927385852,0.7681159420289855,0.529411792755127,85,0.5581395348837209,0.6046511627906976,0.9059656858444214,0.8828798532485962,0.14138822361480358,0.13374367425608083,1.10640287399292,0.5680130124092102,,,,,,,,
glass,0.2,Baseline-LS,3,64,0.529411792755127,37.970589036121964,0.23870414927385852,0.7681159420289855,0.529411792755127,85,0.5581395348837209,0.6046511627906976,0.9059656858444214,0.8828798532485962,0.14138822361480358,0.13374367425608083,1.10640287399292,0.5680130124092102,,,,,,,,
glass,0.4,Baseline-LS,3,64,0.529411792755127,37.970589036121964,0.23870414927385852,0.7681159420289855,0.529411792755127,85,0.5581395348837209,0.6046511627906976,0.9059656858444214,0.8828798532485962,0.14138822361480358,0.13374367425608083,1.10640287399292,0.5680130124092102,,,,,,,,
glass,0.6,Baseline-LS,3,64,0.529411792755127,37.970589036121964,0.23870414927385852,0.7681159420289855,0.529411792755127,85,0.5581395348837209,0.6046511627906976,0.9059656858444214,0.8828798532485962,0.14138822361480358,0.13374367425608083,1.10640287399292,0.5680130124092102,,,,,,,,
glass,0.8,Baseline-LS,3,64,0.529411792755127,37.970589036121964,0.23870414927385852,0.7681159420289855,0.529411792755127,85,0.5581395348837209,0.6046511627906976,0.9059656858444214,0.8828798532485962,0.14138822361480358,0.13374367425608083,1.10640287399292,0.5680130124092102,,,,,,,,
glass,1.0,Baseline-LS,3,64,0.529411792755127,37.970589036121964,0.23870414927385852,0.7681159420289855,0.529411792755127,85,0.5581395348837209,0.6046511627906976,0.9059656858444214,0.8828798532485962,0.14138822361480358,0.13374367425608083,1.10640287399292,0.5680130124092102,,,,,,,,
glass,0.0,Baseline-LS,4,61,0.6470588445663452,44.80882418900728,0.1641091324281001,0.8405797101449275,0.6764705777168274,82,0.6046511627906976,0.6511627906976745,0.9538704752922058,0.9895904660224915,0.11915613329687783,0.13913172206213312,1.0044429302215576,0.6355912089347839,,,,,,,,
glass,0.2,Baseline-LS,4,61,0.6470588445663452,44.80882418900728,0.1641091324281001,0.8405797101449275,0.6764705777168274,82,0.6046511627906976,0.6511627906976745,0.9538704752922058,0.9895904660224915,0.11915613329687783,0.13913172206213312,1.0044429302215576,0.6355912089347839,,,,,,,,
glass,0.4,Baseline-LS,4,61,0.6470588445663452,44.80882418900728,0.1641091324281001,0.8405797101449275,0.6764705777168274,82,0.6046511627906976,0.6511627906976745,0.9538704752922058,0.9895904660224915,0.11915613329687783,0.13913172206213312,1.0044429302215576,0.6355912089347839,,,,,,,,
glass,0.6,Baseline-LS,4,61,0.6470588445663452,44.80882418900728,0.1641091324281001,0.8405797101449275,0.6764705777168274,82,0.6046511627906976,0.6511627906976745,0.9538704752922058,0.9895904660224915,0.11915613329687783,0.13913172206213312,1.0044429302215576,0.6355912089347839,,,,,,,,
glass,0.8,Baseline-LS,4,61,0.6470588445663452,44.80882418900728,0.1641091324281001,0.8405797101449275,0.6764705777168274,82,0.6046511627906976,0.6511627906976745,0.9538704752922058,0.9895904660224915,0.11915613329687783,0.13913172206213312,1.0044429302215576,0.6355912089347839,,,,,,,,
glass,1.0,Baseline-LS,4,61,0.6470588445663452,44.80882418900728,0.1641091324281001,0.8405797101449275,0.6764705777168274,82,0.6046511627906976,0.6511627906976745,0.9538704752922058,0.9895904660224915,0.11915613329687783,0.13913172206213312,1.0044429302215576,0.6355912089347839,,,,,,,,
glass,0.0,Baseline-LS,5,76,0.6176470518112183,48.602942533791065,0.25191816558008606,0.8695652173913043,0.6176470518112183,97,0.7209302325581395,0.7441860465116279,0.9611647725105286,0.9161340594291687,0.2220796318941338,0.14643667672955712,1.0415900945663452,0.6091960072517395,,,,,,,,
glass,0.2,Baseline-LS,5,76,0.6176470518112183,48.602942533791065,0.25191816558008606,0.8695652173913043,0.6176470518112183,97,0.7209302325581395,0.7441860465116279,0.9611647725105286,0.9161340594291687,0.2220796318941338,0.14643667672955712,1.0415900945663452,0.6091960072517395,,,,,,,,
glass,0.4,Baseline-LS,5,76,0.6176470518112183,48.602942533791065,0.25191816558008606,0.8695652173913043,0.6176470518112183,97,0.7209302325581395,0.7441860465116279,0.9611647725105286,0.9161340594291687,0.2220796318941338,0.14643667672955712,1.0415900945663452,0.6091960072517395,,,,,,,,
glass,0.6,Baseline-LS,5,76,0.6176470518112183,48.602942533791065,0.25191816558008606,0.8695652173913043,0.6176470518112183,97,0.7209302325581395,0.7441860465116279,0.9611647725105286,0.9161340594291687,0.2220796318941338,0.14643667672955712,1.0415900945663452,0.6091960072517395,,,,,,,,
glass,0.8,Baseline-LS,5,76,0.6176470518112183,48.602942533791065,0.25191816558008606,0.8695652173913043,0.6176470518112183,97,0.7209302325581395,0.7441860465116279,0.9611647725105286,0.9161340594291687,0.2220796318941338,0.14643667672955712,1.0415900945663452,0.6091960072517395,,,,,,,,
glass,1.0,Baseline-LS,5,76,0.6176470518112183,48.602942533791065,0.25191816558008606,0.8695652173913043,0.6176470518112183,97,0.7209302325581395,0.7441860465116279,0.9611647725105286,0.9161340594291687,0.2220796318941338,0.14643667672955712,1.0415900945663452,0.6091960072517395,,,,,,,,
glass,0.0,Baseline-LS,6,81,0.44117647409439087,44.985294707119465,0.3704177288041599,0.8115942028985508,0.44117647409439087,102,0.7209302325581395,0.6976744186046512,0.820898711681366,0.7714184522628784,0.16322170648463935,0.10761199163836102,0.9896594882011414,0.6001043319702148,,,,,,,,
glass,0.2,Baseline-LS,6,81,0.44117647409439087,44.985294707119465,0.3704177288041599,0.8115942028985508,0.44117647409439087,102,0.7209302325581395,0.6976744186046512,0.820898711681366,0.7714184522628784,0.16322170648463935,0.10761199163836102,0.9896594882011414,0.6001043319702148,,,,,,,,
glass,0.4,Baseline-LS,6,81,0.44117647409439087,44.985294707119465,0.3704177288041599,0.8115942028985508,0.44117647409439087,102,0.7209302325581395,0.6976744186046512,0.820898711681366,0.7714184522628784,0.16322170648463935,0.10761199163836102,0.9896594882011414,0.6001043319702148,,,,,,,,
glass,0.6,Baseline-LS,6,81,0.44117647409439087,44.985294707119465,0.3704177288041599,0.8115942028985508,0.44117647409439087,102,0.7209302325581395,0.6976744186046512,0.820898711681366,0.7714184522628784,0.16322170648463935,0.10761199163836102,0.9896594882011414,0.6001043319702148,,,,,,,,
glass,0.8,Baseline-LS,6,81,0.44117647409439087,44.985294707119465,0.3704177288041599,0.8115942028985508,0.44117647409439087,102,0.7209302325581395,0.6976744186046512,0.820898711681366,0.7714184522628784,0.16322170648463935,0.10761199163836102,0.9896594882011414,0.6001043319702148,,,,,,,,
glass,1.0,Baseline-LS,6,81,0.44117647409439087,44.985294707119465,0.3704177288041599,0.8115942028985508,0.44117647409439087,102,0.7209302325581395,0.6976744186046512,0.820898711681366,0.7714184522628784,0.16322170648463935,0.10761199163836102,0.9896594882011414,0.6001043319702148,,,,,,,,
glass,0.0,Baseline-LS,7,85,0.5882353186607361,55.970589466392994,0.3107416914856952,0.8695652173913043,0.5588235259056091,106,0.6744186046511628,0.6511627906976745,0.9366148114204407,0.9370173811912537,0.11692841801532479,0.12871316560479096,0.9161580204963684,0.64521723985672,,,,,,,,
glass,0.2,Baseline-LS,7,85,0.5882353186607361,55.970589466392994,0.3107416914856952,0.8695652173913043,0.5588235259056091,106,0.6744186046511628,0.6511627906976745,0.9366148114204407,0.9370173811912537,0.11692841801532479,0.12871316560479096,0.9161580204963684,0.64521723985672,,,,,,,,
glass,0.4,Baseline-LS,7,85,0.5882353186607361,55.970589466392994,0.3107416914856952,0.8695652173913043,0.5588235259056091,106,0.6744186046511628,0.6511627906976745,0.9366148114204407,0.9370173811912537,0.11692841801532479,0.12871316560479096,0.9161580204963684,0.64521723985672,,,,,,,,
glass,0.6,Baseline-LS,7,85,0.5882353186607361,55.970589466392994,0.3107416914856952,0.8695652173913043,0.5588235259056091,106,0.6744186046511628,0.6511627906976745,0.9366148114204407,0.9370173811912537,0.11692841801532479,0.12871316560479096,0.9161580204963684,0.64521723985672,,,,,,,,
glass,0.8,Baseline-LS,7,85,0.5882353186607361,55.970589466392994,0.3107416914856952,0.8695652173913043,0.5588235259056091,106,0.6744186046511628,0.6511627906976745,0.9366148114204407,0.9370173811912537,0.11692841801532479,0.12871316560479096,0.9161580204963684,0.64521723985672,,,,,,,,
glass,1.0,Baseline-LS,7,85,0.5882353186607361,55.970589466392994,0.3107416914856952,0.8695652173913043,0.5588235259056091,106,0.6744186046511628,0.6511627906976745,0.9366148114204407,0.9370173811912537,0.11692841801532479,0.12871316560479096,0.9161580204963684,0.64521723985672,,,,,,,,
glass,0.0,Baseline-LS,8,65,0.5588235259056091,44.50000089779496,0.2958226523537567,0.8840579710144928,0.5882353186607361,86,0.627906976744186,0.6744186046511628,1.0970053672790527,1.0526717901229858,0.15003607716671258,0.18041073167046837,1.054966688156128,0.6077554821968079,,,,,,,,
glass,0.2,Baseline-LS,8,65,0.5588235259056091,44.50000089779496,0.2958226523537567,0.8840579710144928,0.5882353186607361,86,0.627906976744186,0.6744186046511628,1.0970053672790527,1.0526717901229858,0.15003607716671258,0.18041073167046837,1.054966688156128,0.6077554821968079,,,,,,,,
glass,0.4,Baseline-LS,8,65,0.5588235259056091,44.50000089779496,0.2958226523537567,0.8840579710144928,0.5882353186607361,86,0.627906976744186,0.6744186046511628,1.0970053672790527,1.0526717901229858,0.15003607716671258,0.18041073167046837,1.054966688156128,0.6077554821968079,,,,,,,,
glass,0.6,Baseline-LS,8,65,0.5588235259056091,44.50000089779496,0.2958226523537567,0.8840579710144928,0.5882353186607361,86,0.627906976744186,0.6744186046511628,1.0970053672790527,1.0526717901229858,0.15003607716671258,0.18041073167046837,1.054966688156128,0.6077554821968079,,,,,,,,
glass,0.8,Baseline-LS,8,65,0.5588235259056091,44.50000089779496,0.2958226523537567,0.8840579710144928,0.5882353186607361,86,0.627906976744186,0.6744186046511628,1.0970053672790527,1.0526717901229858,0.15003607716671258,0.18041073167046837,1.054966688156128,0.6077554821968079,,,,,,,,
glass,1.0,Baseline-LS,8,65,0.5588235259056091,44.50000089779496,0.2958226523537567,0.8840579710144928,0.5882353186607361,86,0.627906976744186,0.6744186046511628,1.0970053672790527,1.0526717901229858,0.15003607716671258,0.18041073167046837,1.054966688156128,0.6077554821968079,,,,,,,,
glass,0.0,Baseline-LS,9,76,0.7058823704719543,60.85294188559055,0.1926683541657268,0.8985507246376812,0.7058823704719543,97,0.5581395348837209,0.5581395348837209,1.1077333688735962,1.1352015733718872,0.18031246509662896,0.17630323767662048,0.9890347719192505,0.6241060495376587,,,,,,,,
glass,0.2,Baseline-LS,9,76,0.7058823704719543,60.85294188559055,0.1926683541657268,0.8985507246376812,0.7058823704719543,97,0.5581395348837209,0.5581395348837209,1.1077333688735962,1.1352015733718872,0.18031246509662896,0.17630323767662048,0.9890347719192505,0.6241060495376587,,,,,,,,
glass,0.4,Baseline-LS,9,76,0.7058823704719543,60.85294188559055,0.1926683541657268,0.8985507246376812,0.7058823704719543,97,0.5581395348837209,0.5581395348837209,1.1077333688735962,1.1352015733718872,0.18031246509662896,0.17630323767662048,0.9890347719192505,0.6241060495376587,,,,,,,,
glass,0.6,Baseline-LS,9,76,0.7058823704719543,60.85294188559055,0.1926683541657268,0.8985507246376812,0.7058823704719543,97,0.5581395348837209,0.5581395348837209,1.1077333688735962,1.1352015733718872,0.18031246509662896,0.17630323767662048,0.9890347719192505,0.6241060495376587,,,,,,,,
glass,0.8,Baseline-LS,9,76,0.7058823704719543,60.85294188559055,0.1926683541657268,0.8985507246376812,0.7058823704719543,97,0.5581395348837209,0.5581395348837209,1.1077333688735962,1.1352015733718872,0.18031246509662896,0.17630323767662048,0.9890347719192505,0.6241060495376587,,,,,,,,
glass,1.0,Baseline-LS,9,76,0.7058823704719543,60.85294188559055,0.1926683541657268,0.8985507246376812,0.7058823704719543,97,0.5581395348837209,0.5581395348837209,1.1077333688735962,1.1352015733718872,0.18031246509662896,0.17630323767662048,0.9890347719192505,0.6241060495376587,,,,,,,,
glass,0.0,Baseline-LS,10,110,0.7058823704719543,88.01470636576414,0.09079285289930261,0.8260869565217391,0.7352941036224365,131,0.627906976744186,0.627906976744186,0.9658016562461853,0.9282315373420715,0.13571826385897262,0.14235062169474225,0.846064031124115,0.7059852480888367,,,,,,,,
glass,0.2,Baseline-LS,10,110,0.7058823704719543,88.01470636576414,0.09079285289930261,0.8260869565217391,0.7352941036224365,131,0.627906976744186,0.627906976744186,0.9658016562461853,0.9282315373420715,0.13571826385897262,0.14235062169474225,0.846064031124115,0.7059852480888367,,,,,,,,
glass,0.4,Baseline-LS,10,110,0.7058823704719543,88.01470636576414,0.09079285289930261,0.8260869565217391,0.7352941036224365,131,0.627906976744186,0.627906976744186,0.9658016562461853,0.9282315373420715,0.13571826385897262,0.14235062169474225,0.846064031124115,0.7059852480888367,,,,,,,,
glass,0.6,Baseline-LS,10,110,0.7058823704719543,88.01470636576414,0.09079285289930261,0.8260869565217391,0.7352941036224365,131,0.627906976744186,0.627906976744186,0.9658016562461853,0.9282315373420715,0.13571826385897262,0.14235062169474225,0.846064031124115,0.7059852480888367,,,,,,,,
glass,0.8,Baseline-LS,10,110,0.7058823704719543,88.01470636576414,0.09079285289930261,0.8260869565217391,0.7352941036224365,131,0.627906976744186,0.627906976744186,0.9658016562461853,0.9282315373420715,0.13571826385897262,0.14235062169474225,0.846064031124115,0.7059852480888367,,,,,,,,
glass,1.0,Baseline-LS,10,110,0.7058823704719543,88.01470636576414,0.09079285289930261,0.8260869565217391,0.7352941036224365,131,0.627906976744186,0.627906976744186,0.9658016562461853,0.9282315373420715,0.13571826385897262,0.14235062169474225,0.846064031124115,0.7059852480888367,,,,,,,,
glass,0.0,Baseline-LS,11,28,0.529411792755127,23.882353622466326,0.19437337699143786,0.782608695652174,0.5882353186607361,49,0.3488372093023256,0.5348837209302325,1.3679094314575195,1.3717864751815796,0.22450426567432488,0.18404316694237466,1.312723159790039,0.4856596291065216,,,,,,,,
glass,0.2,Baseline-LS,11,28,0.529411792755127,23.882353622466326,0.19437337699143786,0.782608695652174,0.5882353186607361,49,0.3488372093023256,0.5348837209302325,1.3679094314575195,1.3717864751815796,0.22450426567432488,0.18404316694237466,1.312723159790039,0.4856596291065216,,,,,,,,
glass,0.4,Baseline-LS,11,28,0.529411792755127,23.882353622466326,0.19437337699143786,0.782608695652174,0.5882353186607361,49,0.3488372093023256,0.5348837209302325,1.3679094314575195,1.3717864751815796,0.22450426567432488,0.18404316694237466,1.312723159790039,0.4856596291065216,,,,,,,,
glass,0.6,Baseline-LS,11,28,0.529411792755127,23.882353622466326,0.19437337699143786,0.782608695652174,0.5882353186607361,49,0.3488372093023256,0.5348837209302325,1.3679094314575195,1.3717864751815796,0.22450426567432488,0.18404316694237466,1.312723159790039,0.4856596291065216,,,,,,,,
glass,0.8,Baseline-LS,11,28,0.529411792755127,23.882353622466326,0.19437337699143786,0.782608695652174,0.5882353186607361,49,0.3488372093023256,0.5348837209302325,1.3679094314575195,1.3717864751815796,0.22450426567432488,0.18404316694237466,1.312723159790039,0.4856596291065216,,,,,,,,
glass,1.0,Baseline-LS,11,28,0.529411792755127,23.882353622466326,0.19437337699143786,0.782608695652174,0.5882353186607361,49,0.3488372093023256,0.5348837209302325,1.3679094314575195,1.3717864751815796,0.22450426567432488,0.18404316694237466,1.312723159790039,0.4856596291065216,,,,,,,,
glass,0.0,Baseline-LS,12,44,0.5,27.36764757707715,0.2971014492753623,0.7971014492753623,0.5,65,0.6511627906976745,0.6744186046511628,0.9716794490814209,0.9621992707252502,0.1629472471946894,0.14262678179630012,1.1355963945388794,0.540020227432251,,,,,,,,
glass,0.2,Baseline-LS,12,44,0.5,27.36764757707715,0.2971014492753623,0.7971014492753623,0.5,65,0.6511627906976745,0.6744186046511628,0.9716794490814209,0.9621992707252502,0.1629472471946894,0.14262678179630012,1.1355963945388794,0.540020227432251,,,,,,,,
glass,0.4,Baseline-LS,12,44,0.5,27.36764757707715,0.2971014492753623,0.7971014492753623,0.5,65,0.6511627906976745,0.6744186046511628,0.9716794490814209,0.9621992707252502,0.1629472471946894,0.14262678179630012,1.1355963945388794,0.540020227432251,,,,,,,,
glass,0.6,Baseline-LS,12,44,0.5,27.36764757707715,0.2971014492753623,0.7971014492753623,0.5,65,0.6511627906976745,0.6744186046511628,0.9716794490814209,0.9621992707252502,0.1629472471946894,0.14262678179630012,1.1355963945388794,0.540020227432251,,,,,,,,
glass,0.8,Baseline-LS,12,44,0.5,27.36764757707715,0.2971014492753623,0.7971014492753623,0.5,65,0.6511627906976745,0.6744186046511628,0.9716794490814209,0.9621992707252502,0.1629472471946894,0.14262678179630012,1.1355963945388794,0.540020227432251,,,,,,,,
glass,1.0,Baseline-LS,12,44,0.5,27.36764757707715,0.2971014492753623,0.7971014492753623,0.5,65,0.6511627906976745,0.6744186046511628,0.9716794490814209,0.9621992707252502,0.1629472471946894,0.14262678179630012,1.1355963945388794,0.540020227432251,,,,,,,,
glass,0.0,Baseline-LS,13,58,0.7647058963775635,51.00000037252903,0.06138106014417566,0.8260869565217391,0.7647058963775635,79,0.5581395348837209,0.5813953488372093,1.096181035041809,1.0685662031173706,0.09817854332369426,0.2009631326032239,1.0625810623168945,0.5768833756446838,,,,,,,,
glass,0.2,Baseline-LS,13,58,0.7647058963775635,51.00000037252903,0.06138106014417566,0.8260869565217391,0.7647058963775635,79,0.5581395348837209,0.5813953488372093,1.096181035041809,1.0685662031173706,0.09817854332369426,0.2009631326032239,1.0625810623168945,0.5768833756446838,,,,,,,,
glass,0.4,Baseline-LS,13,58,0.7647058963775635,51.00000037252903,0.06138106014417566,0.8260869565217391,0.7647058963775635,79,0.5581395348837209,0.5813953488372093,1.096181035041809,1.0685662031173706,0.09817854332369426,0.2009631326032239,1.0625810623168945,0.5768833756446838,,,,,,,,
glass,0.6,Baseline-LS,13,58,0.7647058963775635,51.00000037252903,0.06138106014417566,0.8260869565217391,0.7647058963775635,79,0.5581395348837209,0.5813953488372093,1.096181035041809,1.0685662031173706,0.09817854332369426,0.2009631326032239,1.0625810623168945,0.5768833756446838,,,,,,,,
glass,0.8,Baseline-LS,13,58,0.7647058963775635,51.00000037252903,0.06138106014417566,0.8260869565217391,0.7647058963775635,79,0.5581395348837209,0.5813953488372093,1.096181035041809,1.0685662031173706,0.09817854332369426,0.2009631326032239,1.0625810623168945,0.5768833756446838,,,,,,,,
glass,1.0,Baseline-LS,13,58,0.7647058963775635,51.00000037252903,0.06138106014417566,0.8260869565217391,0.7647058963775635,79,0.5581395348837209,0.5813953488372093,1.096181035041809,1.0685662031173706,0.09817854332369426,0.2009631326032239,1.0625810623168945,0.5768833756446838,,,,,,,,
glass,0.0,Baseline-LS,14,61,0.5882353186607361,45.38235362805426,0.16453535833220556,0.8115942028985508,0.6470588445663452,82,0.6744186046511628,0.6744186046511628,0.9500356912612915,0.9529340863227844,0.20093903430672583,0.18363977033038473,0.914242148399353,0.6772385239601135,,,,,,,,
glass,0.2,Baseline-LS,14,61,0.5882353186607361,45.38235362805426,0.16453535833220556,0.8115942028985508,0.6470588445663452,82,0.6744186046511628,0.6744186046511628,0.9500356912612915,0.9529340863227844,0.20093903430672583,0.18363977033038473,0.914242148399353,0.6772385239601135,,,,,,,,
glass,0.4,Baseline-LS,14,61,0.5882353186607361,45.38235362805426,0.16453535833220556,0.8115942028985508,0.6470588445663452,82,0.6744186046511628,0.6744186046511628,0.9500356912612915,0.9529340863227844,0.20093903430672583,0.18363977033038473,0.914242148399353,0.6772385239601135,,,,,,,,
glass,0.6,Baseline-LS,14,61,0.5882353186607361,45.38235362805426,0.16453535833220556,0.8115942028985508,0.6470588445663452,82,0.6744186046511628,0.6744186046511628,0.9500356912612915,0.9529340863227844,0.20093903430672583,0.18363977033038473,0.914242148399353,0.6772385239601135,,,,,,,,
glass,0.8,Baseline-LS,14,61,0.5882353186607361,45.38235362805426,0.16453535833220556,0.8115942028985508,0.6470588445663452,82,0.6744186046511628,0.6744186046511628,0.9500356912612915,0.9529340863227844,0.20093903430672583,0.18363977033038473,0.914242148399353,0.6772385239601135,,,,,,,,
glass,1.0,Baseline-LS,14,61,0.5882353186607361,45.38235362805426,0.16453535833220556,0.8115942028985508,0.6470588445663452,82,0.6744186046511628,0.6744186046511628,0.9500356912612915,0.9529340863227844,0.20093903430672583,0.18363977033038473,0.914242148399353,0.6772385239601135,,,,,,,,
glass,0.0,Baseline-LS,15,45,0.5882353186607361,33.23529437929392,0.23785163786100305,0.8260869565217391,0.5882353186607361,66,0.5581395348837209,0.5581395348837209,1.134719967842102,1.1604646444320679,0.13195471708164658,0.15316393624904542,1.1501253843307495,0.5324584245681763,,,,,,,,
glass,0.2,Baseline-LS,15,45,0.5882353186607361,33.23529437929392,0.23785163786100305,0.8260869565217391,0.5882353186607361,66,0.5581395348837209,0.5581395348837209,1.134719967842102,1.1604646444320679,0.13195471708164658,0.15316393624904542,1.1501253843307495,0.5324584245681763,,,,,,,,
glass,0.4,Baseline-LS,15,45,0.5882353186607361,33.23529437929392,0.23785163786100305,0.8260869565217391,0.5882353186607361,66,0.5581395348837209,0.5581395348837209,1.134719967842102,1.1604646444320679,0.13195471708164658,0.15316393624904542,1.1501253843307495,0.5324584245681763,,,,,,,,
glass,0.6,Baseline-LS,15,45,0.5882353186607361,33.23529437929392,0.23785163786100305,0.8260869565217391,0.5882353186607361,66,0.5581395348837209,0.5581395348837209,1.134719967842102,1.1604646444320679,0.13195471708164658,0.15316393624904542,1.1501253843307495,0.5324584245681763,,,,,,,,
glass,0.8,Baseline-LS,15,45,0.5882353186607361,33.23529437929392,0.23785163786100305,0.8260869565217391,0.5882353186607361,66,0.5581395348837209,0.5581395348837209,1.134719967842102,1.1604646444320679,0.13195471708164658,0.15316393624904542,1.1501253843307495,0.5324584245681763,,,,,,,,
glass,1.0,Baseline-LS,15,45,0.5882353186607361,33.23529437929392,0.23785163786100305,0.8260869565217391,0.5882353186607361,66,0.5581395348837209,0.5581395348837209,1.134719967842102,1.1604646444320679,0.13195471708164658,0.15316393624904542,1.1501253843307495,0.5324584245681763,,,,,,,,
glass,0.0,Baseline-LS,16,110,0.6176470518112183,71.72058966755867,0.2225063728249591,0.8695652173913043,0.6470588445663452,131,0.6511627906976745,0.6511627906976745,0.9564069509506226,0.9764300584793091,0.21088296175003055,0.24318652236184407,0.8428753018379211,0.6962671279907227,,,,,,,,
glass,0.2,Baseline-LS,16,110,0.6176470518112183,71.72058966755867,0.2225063728249591,0.8695652173913043,0.6470588445663452,131,0.6511627906976745,0.6511627906976745,0.9564069509506226,0.9764300584793091,0.21088296175003055,0.24318652236184407,0.8428753018379211,0.6962671279907227,,,,,,,,
glass,0.4,Baseline-LS,16,110,0.6176470518112183,71.72058966755867,0.2225063728249591,0.8695652173913043,0.6470588445663452,131,0.6511627906976745,0.6511627906976745,0.9564069509506226,0.9764300584793091,0.21088296175003055,0.24318652236184407,0.8428753018379211,0.6962671279907227,,,,,,,,
glass,0.6,Baseline-LS,16,110,0.6176470518112183,71.72058966755867,0.2225063728249591,0.8695652173913043,0.6470588445663452,131,0.6511627906976745,0.6511627906976745,0.9564069509506226,0.9764300584793091,0.21088296175003055,0.24318652236184407,0.8428753018379211,0.6962671279907227,,,,,,,,
glass,0.8,Baseline-LS,16,110,0.6176470518112183,71.72058966755867,0.2225063728249591,0.8695652173913043,0.6470588445663452,131,0.6511627906976745,0.6511627906976745,0.9564069509506226,0.9764300584793091,0.21088296175003055,0.24318652236184407,0.8428753018379211,0.6962671279907227,,,,,,,,
glass,1.0,Baseline-LS,16,110,0.6176470518112183,71.72058966755867,0.2225063728249591,0.8695652173913043,0.6470588445663452,131,0.6511627906976745,0.6511627906976745,0.9564069509506226,0.9764300584793091,0.21088296175003055,0.24318652236184407,0.8428753018379211,0.6962671279907227,,,,,,,,
glass,0.0,Baseline-LS,17,166,0.5588235259056091,86.75000055134296,0.36871270597844885,0.927536231884058,0.5588235259056091,187,0.7441860465116279,0.7209302325581395,0.7980591654777527,0.812429666519165,0.17257162512734878,0.17956243697987048,0.8043421506881714,0.725964367389679,,,,,,,,
glass,0.2,Baseline-LS,17,166,0.5588235259056091,86.75000055134296,0.36871270597844885,0.927536231884058,0.5588235259056091,187,0.7441860465116279,0.7209302325581395,0.7980591654777527,0.812429666519165,0.17257162512734878,0.17956243697987048,0.8043421506881714,0.725964367389679,,,,,,,,
glass,0.4,Baseline-LS,17,166,0.5588235259056091,86.75000055134296,0.36871270597844885,0.927536231884058,0.5588235259056091,187,0.7441860465116279,0.7209302325581395,0.7980591654777527,0.812429666519165,0.17257162512734878,0.17956243697987048,0.8043421506881714,0.725964367389679,,,,,,,,
glass,0.6,Baseline-LS,17,166,0.5588235259056091,86.75000055134296,0.36871270597844885,0.927536231884058,0.5588235259056091,187,0.7441860465116279,0.7209302325581395,0.7980591654777527,0.812429666519165,0.17257162512734878,0.17956243697987048,0.8043421506881714,0.725964367389679,,,,,,,,
glass,0.8,Baseline-LS,17,166,0.5588235259056091,86.75000055134296,0.36871270597844885,0.927536231884058,0.5588235259056091,187,0.7441860465116279,0.7209302325581395,0.7980591654777527,0.812429666519165,0.17257162512734878,0.17956243697987048,0.8043421506881714,0.725964367389679,,,,,,,,
glass,1.0,Baseline-LS,17,166,0.5588235259056091,86.75000055134296,0.36871270597844885,0.927536231884058,0.5588235259056091,187,0.7441860465116279,0.7209302325581395,0.7980591654777527,0.812429666519165,0.17257162512734878,0.17956243697987048,0.8043421506881714,0.725964367389679,,,,,,,,
glass,0.0,Baseline-LS,18,98,0.7352941036224365,74.35294203832746,0.2225063728249591,0.8695652173913043,0.6470588445663452,119,0.6511627906976745,0.6511627906976745,0.8282768726348877,0.857691764831543,0.14683904724065647,0.20142726288285367,1.0219454765319824,0.5962668657302856,,,,,,,,
glass,0.2,Baseline-LS,18,98,0.7352941036224365,74.35294203832746,0.2225063728249591,0.8695652173913043,0.6470588445663452,119,0.6511627906976745,0.6511627906976745,0.8282768726348877,0.857691764831543,0.14683904724065647,0.20142726288285367,1.0219454765319824,0.5962668657302856,,,,,,,,
glass,0.4,Baseline-LS,18,98,0.7352941036224365,74.35294203832746,0.2225063728249591,0.8695652173913043,0.6470588445663452,119,0.6511627906976745,0.6511627906976745,0.8282768726348877,0.857691764831543,0.14683904724065647,0.20142726288285367,1.0219454765319824,0.5962668657302856,,,,,,,,
glass,0.6,Baseline-LS,18,98,0.7352941036224365,74.35294203832746,0.2225063728249591,0.8695652173913043,0.6470588445663452,119,0.6511627906976745,0.6511627906976745,0.8282768726348877,0.857691764831543,0.14683904724065647,0.20142726288285367,1.0219454765319824,0.5962668657302856,,,,,,,,
glass,0.8,Baseline-LS,18,98,0.7352941036224365,74.35294203832746,0.2225063728249591,0.8695652173913043,0.6470588445663452,119,0.6511627906976745,0.6511627906976745,0.8282768726348877,0.857691764831543,0.14683904724065647,0.20142726288285367,1.0219454765319824,0.5962668657302856,,,,,,,,
glass,1.0,Baseline-LS,18,98,0.7352941036224365,74.35294203832746,0.2225063728249591,0.8695652173913043,0.6470588445663452,119,0.6511627906976745,0.6511627906976745,0.8282768726348877,0.857691764831543,0.14683904724065647,0.20142726288285367,1.0219454765319824,0.5962668657302856,,,,,,,,
glass,0.0,Baseline-LS,19,118,0.6764705777168274,82.72058917954564,0.14919009329616162,0.855072463768116,0.7058823704719543,139,0.6744186046511628,0.6744186046511628,0.8663349747657776,0.876984715461731,0.12011179258657056,0.1505179280458495,0.9109672904014587,0.6929892301559448,,,,,,,,
glass,0.2,Baseline-LS,19,118,0.6764705777168274,82.72058917954564,0.14919009329616162,0.855072463768116,0.7058823704719543,139,0.6744186046511628,0.6744186046511628,0.8663349747657776,0.876984715461731,0.12011179258657056,0.1505179280458495,0.9109672904014587,0.6929892301559448,,,,,,,,
glass,0.4,Baseline-LS,19,118,0.6764705777168274,82.72058917954564,0.14919009329616162,0.855072463768116,0.7058823704719543,139,0.6744186046511628,0.6744186046511628,0.8663349747657776,0.876984715461731,0.12011179258657056,0.1505179280458495,0.9109672904014587,0.6929892301559448,,,,,,,,
glass,0.6,Baseline-LS,19,118,0.6764705777168274,82.72058917954564,0.14919009329616162,0.855072463768116,0.7058823704719543,139,0.6744186046511628,0.6744186046511628,0.8663349747657776,0.876984715461731,0.12011179258657056,0.1505179280458495,0.9109672904014587,0.6929892301559448,,,,,,,,
glass,0.8,Baseline-LS,19,118,0.6764705777168274,82.72058917954564,0.14919009329616162,0.855072463768116,0.7058823704719543,139,0.6744186046511628,0.6744186046511628,0.8663349747657776,0.876984715461731,0.12011179258657056,0.1505179280458495,0.9109672904014587,0.6929892301559448,,,,,,,,
glass,1.0,Baseline-LS,19,118,0.6764705777168274,82.72058917954564,0.14919009329616162,0.855072463768116,0.7058823704719543,139,0.6744186046511628,0.6744186046511628,0.8663349747657776,0.876984715461731,0.12011179258657056,0.1505179280458495,0.9109672904014587,0.6929892301559448,,,,,,,,
glass,0.0,Distill-S,0,152,0.6470588445663452,96.0000014975667,0.19394715108733251,0.8115942028985508,0.6176470518112183,173,0.6511627906976745,0.6511627906976745,1.176578164100647,1.1817052364349365,0.16715554581132047,0.18564808576606037,0.6332462430000305,0.7669094204902649,0.6046511627906976,0.25205393014086547,0.7802117975890004,0.5149323070731086,0.4023295355232688,0.8557493677061414,,0.927536231884058
glass,0.2,Distill-S,0,140,0.6764705777168274,88.92647159844637,0.10571183242659643,0.8115942028985508,0.7058823704719543,161,0.4883720930232558,0.4883720930232558,1.4838855266571045,1.4967135190963745,0.2689919152925181,0.26921850027039995,0.6999996304512024,0.7313823103904724,0.5116279069767442,0.32534837827575347,0.7894505831883049,0.5584663819005099,0.4553514246790889,0.8312421399813833,0.6923076923076923,0.9107142857142857
glass,0.4,Distill-S,0,139,0.7352941036224365,95.50000078231096,0.09079285289930261,0.8260869565217391,0.7352941036224365,160,0.5813953488372093,0.5813953488372093,1.4793312549591064,1.50911283493042,0.25893579111542814,0.2012581624263941,0.6686833500862122,0.745233416557312,0.5813953488372093,0.3030102018747979,0.8077598680945313,0.47251210422537543,0.3415884901283167,0.8842512218573937,0.8518518518518519,0.8809523809523809
glass,0.6,Distill-S,0,140,0.6764705777168274,93.0882366374135,0.19309463967447693,0.8695652173913043,0.6764705777168274,161,0.5581395348837209,0.5581395348837209,1.4319185018539429,1.457852840423584,0.20181273374446604,0.3152282348898954,0.6636220812797546,0.7492333054542542,0.627906976744186,0.31445470699704525,0.7692572282231995,0.5580494540984651,0.3882730870765739,0.8687416938903384,0.85,0.8620689655172413
glass,0.8,Distill-S,0,22,0.4117647111415863,19.735294349491596,0.23913043478260865,0.7391304347826086,0.5,43,0.3488372093023256,0.4418604651162791,1.517040491104126,1.556905746459961,0.18278788480647773,0.24374188933261606,1.3963618278503418,0.4435616433620453,0.5116279069767442,0.3030530803873569,0.7727062454485714,0.5257346062955879,0.3537367486913843,0.870706561680766,0.5555555555555556,0.8
glass,1.0,Distill-S,0,140,0.6470588445663452,89.76470834761858,0.1641091324281001,0.8405797101449275,0.6764705777168274,161,0.5348837209302325,0.5581395348837209,1.4453233480453491,1.4690366983413696,0.2631864409114039,0.3014631610970165,0.6774458289146423,0.7396613955497742,0.6046511627906976,0.3113680461001689,0.8269054490759028,0.47701367352990803,0.3241608860515097,0.9026187276187888,0.8823529411764706,1.0
glass,0.0,Distill-S,1,89,0.6176470518112183,67.2647063806653,0.12063087155853491,0.7971014492753623,0.6764705777168274,110,0.6744186046511628,0.7441860465116279,0.8534957766532898,0.8237186670303345,0.14509147682855295,0.16391621911248494,0.8259012699127197,0.6708070039749146,0.7441860465116279,0.16449479947501372,0.785101301965057,0.5542427588237193,0.5293431999549534,0.7893048386847402,,0.6666666666666666
glass,0.2,Distill-S,1,67,0.6470588445663452,53.235294841229916,0.09164536431215808,0.7681159420289855,0.6764705777168274,88,0.6744186046511628,0.6744186046511628,0.9633198976516724,0.9283888339996338,0.18200425145237945,0.13120707522991093,0.8990703225135803,0.6503740549087524,0.7209302325581395,0.14389315808453462,0.8253897275721722,0.4467815786571828,0.4063359266139139,0.8361912251429297,0.8461538461538461,0.8035714285714286
glass,0.4,Distill-S,1,69,0.7058823704719543,55.426471419632435,0.12020458604978479,0.8260869565217391,0.7058823704719543,90,0.6744186046511628,0.7209302325581395,0.8609514236450195,0.8398841023445129,0.1926746950593106,0.09698368297066802,0.9166857600212097,0.6542105674743652,0.7674418604651163,0.17114325897204447,0.8318753586856232,0.48424051709707155,0.48471843352916494,0.8110936832950569,0.8148148148148148,0.7380952380952381
glass,0.6,Distill-S,1,90,0.6764705777168274,69.80882386118174,0.13512362518172338,0.8115942028985508,0.6764705777168274,111,0.6976744186046512,0.7209302325581395,0.8228240609169006,0.7915761470794678,0.17776816667512407,0.15432316342065502,0.7338911294937134,0.7298038601875305,0.7441860465116279,0.16894585146304938,0.8325437042150127,0.4579273519561528,0.37579420279137093,0.8662428740653572,0.825,0.8275862068965517
glass,0.8,Distill-S,1,90,0.7058823704719543,71.2647067680955,0.13469733967297315,0.8405797101449275,0.7058823704719543,111,0.7906976744186046,0.7674418604651163,0.8026869297027588,0.7761428356170654,0.11612310797669165,0.15148754799088768,0.7397040724754333,0.7303736209869385,0.7906976744186046,0.14571338149264185,0.8470070869656734,0.4091155932950323,0.3925575746486855,0.8578376909954358,0.8333333333333334,0.8
glass,1.0,Distill-S,1,90,0.6764705777168274,70.83823571354151,0.14919009329616162,0.855072463768116,0.7058823704719543,111,0.7441860465116279,0.7674418604651163,0.8219146132469177,0.8144469857215881,0.15656792909600015,0.12342010819634727,0.7341741919517517,0.7326459288597107,0.7674418604651163,0.1250239352650283,0.836474826695762,0.44390962909465315,0.348068570461535,0.8794245057749194,0.8970588235294118,1.0
glass,0.0,Distill-S,2,61,0.6764705777168274,47.35294183343649,0.06265985706578125,0.7391304347826086,0.6764705777168274,82,0.6744186046511628,0.6744186046511628,0.903102457523346,0.9389480948448181,0.15645751842232639,0.17869557960088867,0.9672157168388367,0.5771276354789734,0.6511627906976745,0.20391083883977867,0.8176850699603325,0.4801978034408367,0.5415034393272976,0.7865321125526545,,0.5507246376811594
glass,0.2,Distill-S,2,62,0.6176470518112183,46.941177152097225,0.04774081793384277,0.7536231884057971,0.7058823704719543,83,0.6744186046511628,0.6744186046511628,0.9504244327545166,1.0028376579284668,0.24826026517291402,0.19933379250903466,0.9538694024085999,0.6077487468719482,0.627906976744186,0.2889538823954957,0.8309913900851309,0.47279317406489524,0.4382262567339314,0.8371772041505872,0.9230769230769231,0.7321428571428571
glass,0.4,Distill-S,2,62,0.6176470518112183,45.80882399529219,0.06180734565292578,0.7971014492753623,0.7352941036224365,83,0.5581395348837209,0.627906976744186,1.0223820209503174,1.0817713737487793,0.12711649093517038,0.2434185764124227,0.8994549512863159,0.6167401671409607,0.6744186046511628,0.21607205849646116,0.8280539983350894,0.4935742386233648,0.43825058484816704,0.8299141613790103,0.9259259259259259,0.6904761904761905
glass,0.6,Distill-S,2,170,0.7647058963775635,125.36764756590128,0.14876386739205627,0.8840579710144928,0.7352941036224365,191,0.7441860465116279,0.6976744186046512,1.2379642724990845,1.2717547416687012,0.16277599126793613,0.19580299078032026,0.614538311958313,0.7462550401687622,0.6976744186046512,0.2368086486734626,0.8469395848201465,0.4374011378209787,0.3493960067409961,0.8688463556406694,0.975,0.8275862068965517
glass,0.8,Distill-S,2,137,0.7058823704719543,103.26470709592104,0.14833758188330604,0.9130434782608695,0.7647058963775635,158,0.7209302325581395,0.7441860465116279,1.2593107223510742,1.317634105682373,0.21085264932277592,0.18846358393513876,0.637993574142456,0.746877908706665,0.6976744186046512,0.14828384386735466,0.8055582617938697,0.4794459432870238,0.30379700325748893,0.900175380568975,0.9259259259259259,0.8666666666666667
glass,1.0,Distill-S,2,138,0.7058823704719543,105.02941266447306,0.14833758188330604,0.9130434782608695,0.7647058963775635,159,0.6976744186046512,0.6511627906976745,1.3799799680709839,1.4488693475723267,0.18886773877365642,0.21204132396121356,0.6539016962051392,0.7325838208198547,0.6744186046511628,0.23669807989719754,0.8652561449799636,0.3814419386617848,0.2567006720105926,0.915815014981993,0.9117647058823529,1.0
glass,0.0,Distill-S,3,63,0.5,37.42647130228579,0.1811594202898551,0.6811594202898551,0.5,84,0.5813953488372093,0.6976744186046512,0.8483181595802307,0.8299359083175659,0.13498963796815208,0.21295557465664178,0.9086529016494751,0.6237869262695312,0.7209302325581395,0.18170586398334732,0.8337479830537898,0.4634445701620095,0.45997663614434686,0.8179209805895621,,0.7246376811594203
glass,0.2,Distill-S,3,48,0.5,33.25000065751374,0.1811594202898551,0.6811594202898551,0.5,69,0.5813953488372093,0.6511627906976745,0.9069916605949402,0.8715429902076721,0.1888529318709706,0.18878504772518956,0.9553828835487366,0.6181201338768005,0.6976744186046512,0.18636346282229513,0.8442907678670839,0.44752938420839916,0.4190657822608385,0.8496542418389199,0.9230769230769231,0.7678571428571429
glass,0.4,Distill-S,3,64,0.5882353186607361,42.66176555491984,0.13682864800743433,0.6956521739130435,0.5588235259056091,85,0.7674418604651163,0.813953488372093,0.7010989785194397,0.6387999653816223,0.17553895365360173,0.2410918273204981,0.8921005725860596,0.635614812374115,0.813953488372093,0.12989540141446687,0.8422584273012685,0.4556425955526126,0.42745075586198683,0.8428813965053501,0.7407407407407407,0.7619047619047619
glass,0.6,Distill-S,3,49,0.529411792755127,30.352941954508424,0.23870414927385852,0.7681159420289855,0.529411792755127,70,0.5581395348837209,0.6744186046511628,0.9042173027992249,0.8450332283973694,0.17206505287525267,0.15912146900975427,0.9908100366592407,0.5888312458992004,0.7209302325581395,0.2021880622433176,0.8221455705929359,0.48092734586429625,0.486126639710042,0.7891184876127201,0.7,0.7931034482758621
glass,0.8,Distill-S,3,49,0.529411792755127,30.10294155217707,0.2536231884057971,0.7536231884057971,0.5,70,0.5581395348837209,0.6744186046511628,0.9163519144058228,0.8737890720367432,0.11479096010673878,0.18210474488347075,1.0129681825637817,0.5664559602737427,0.6744186046511628,0.2005781187843423,0.8202723255229422,0.482992024844522,0.4035272308619471,0.8348369135353949,0.7407407407407407,0.8666666666666667
glass,1.0,Distill-S,3,49,0.529411792755127,29.67647106386721,0.2830349513586017,0.7536231884057971,0.47058823704719543,70,0.5348837209302325,0.6511627906976745,0.9358157515525818,0.9105561971664429,0.14598784751670305,0.1617901803449143,1.0146170854568481,0.5709935426712036,0.6046511627906976,0.23295045576641407,0.8250687431519528,0.460539523781809,0.3636821393555471,0.8663474308598854,0.7647058823529411,1.0
glass,0.0,Distill-S,4,60,0.5588235259056091,42.39705929160118,0.19437337699143786,0.782608695652174,0.5882353186607361,81,0.6976744186046512,0.6744186046511628,0.9787695407867432,1.0173219442367554,0.11627611795137097,0.19442619833835337,0.8782973885536194,0.6787477731704712,0.6511627906976745,0.2641629107714131,0.829489606056851,0.46086523154710907,0.5299463576745789,0.7884493736345287,,0.7391304347826086
glass,0.2,Distill-S,4,11,0.4117647111415863,14.367647357285023,0.13682864800743433,0.6956521739130435,0.5588235259056091,32,0.4883720930232558,0.6744186046511628,1.3920944929122925,1.059149980545044,0.20598736751911256,0.14065586688906648,1.6586380004882812,0.31549152731895447,0.6046511627906976,0.30384567217395547,0.8771299573959158,0.3592354800857929,0.44126766284268615,0.831126606338926,0.5384615384615384,0.7142857142857143
glass,0.4,Distill-S,4,59,0.6176470518112183,42.85294163227081,0.15046889021776721,0.7681159420289855,0.6176470518112183,80,0.6511627906976745,0.6744186046511628,0.9864678382873535,1.028360366821289,0.2361038847025051,0.24250902616700462,0.8668712973594666,0.6785456538200378,0.6046511627906976,0.24562902167299533,0.850280184463693,0.4110610842015138,0.49602795338798666,0.8124209462044617,0.9629629629629629,0.7619047619047619
glass,0.6,Distill-S,4,61,0.6470588445663452,45.47058951854706,0.10613811793534655,0.782608695652174,0.6764705777168274,82,0.6511627906976745,0.627906976744186,0.9180037975311279,0.9641509056091309,0.14617474689040075,0.1290685021600058,0.8429363369941711,0.6935439705848694,0.7674418604651163,0.2270128668378715,0.8335604116490508,0.43195420414225494,0.43278883407192215,0.8418548879285395,0.875,0.8275862068965517
glass,0.8,Distill-S,4,60,0.6176470518112183,42.397059597074986,0.22293265833370923,0.8405797101449275,0.6176470518112183,81,0.6511627906976745,0.6511627906976745,0.9438589215278625,1.0100762844085693,0.10319054819816767,0.12274243110834168,0.8343971371650696,0.6907153725624084,0.5348837209302325,0.36226127859210977,0.8635557428647926,0.3857334355064938,0.3974226233924449,0.8537997349574783,0.8333333333333334,1.0
glass,1.0,Distill-S,4,14,0.44117647409439087,16.102941520512104,0.16581415525381116,0.7246376811594203,0.5588235259056091,35,0.6511627906976745,0.6046511627906976,1.3180338144302368,1.014906883239746,0.3269357286220373,0.06373113601706748,1.62183678150177,0.33840832114219666,0.6046511627906976,0.3061249568694647,0.8909447417119968,0.3004597374031452,0.3293789427090774,0.8803931727411061,0.6617647058823529,1.0
glass,0.0,Distill-S,5,234,0.6764705777168274,151.8382361754775,0.14961637880491174,0.8260869565217391,0.6764705777168274,255,0.6744186046511628,0.6744186046511628,0.9619407057762146,1.0114200115203857,0.18893185049988503,0.2233191437499468,0.4810599982738495,0.8248018622398376,0.7209302325581395,0.2131848567315038,0.8678244750482308,0.35931798669116827,0.43581754928237915,0.8367083659417857,,0.782608695652174
glass,0.2,Distill-S,5,55,0.5882353186607361,38.66176538914442,0.09164536431215808,0.7681159420289855,0.6764705777168274,76,0.6744186046511628,0.6744186046511628,0.9774861931800842,0.9863937497138977,0.11123405986054,0.13545389785323034,0.9549822211265564,0.6078217029571533,0.6744186046511628,0.23831611094172866,0.8788520646551103,0.3292432192412369,0.35735441214914027,0.8708079960034852,0.7692307692307693,0.7321428571428571
glass,0.4,Distill-S,5,49,0.5882353186607361,32.42647112160921,0.18030690887699952,0.7391304347826086,0.5588235259056091,70,0.627906976744186,0.627906976744186,0.9895055890083313,0.9627384543418884,0.15339107707489366,0.11692656056825505,0.9960588216781616,0.5989367365837097,0.627906976744186,0.2945540837721428,0.8711051029643989,0.37549803165935985,0.31901002958787555,0.8878042285826667,0.8518518518518519,0.6190476190476191
glass,0.6,Distill-S,5,51,0.5588235259056091,34.102941907942295,0.12148338297139039,0.7391304347826086,0.6176470518112183,72,0.6976744186046512,0.6976744186046512,1.0402946472167969,1.001263976097107,0.19806530170662456,0.13447884418243583,0.973420262336731,0.6079769134521484,0.6976744186046512,0.2554429455370225,0.8911752358447724,0.33016709700544805,0.32172022807601003,0.8924060107918904,0.875,0.5862068965517241
glass,0.8,Distill-S,5,50,0.5588235259056091,33.82352984696627,0.1798806233682494,0.7681159420289855,0.5882353186607361,71,0.7209302325581395,0.6976744186046512,1.0180038213729858,0.9909887909889221,0.21161072961119712,0.13863929621008939,0.9816396236419678,0.6145851016044617,0.6976744186046512,0.20768319786105438,0.8325621587270342,0.41907116949256795,0.31504923203189183,0.8895792673252894,0.8148148148148148,0.8666666666666667
glass,1.0,Distill-S,5,50,0.529411792755127,33.29411842674017,0.23785163786100305,0.8260869565217391,0.5882353186607361,71,0.7674418604651163,0.7674418604651163,0.989378809928894,0.9490662217140198,0.2272650606410448,0.18929504308589673,1.0180641412734985,0.6019754409790039,0.7209302325581395,0.18617337192843886,0.8306911224946746,0.4400040073632368,0.28219630404109447,0.9108765928879473,0.7941176470588235,1.0
glass,0.0,Distill-S,6,57,0.5,35.42647098749876,0.25404944411222485,0.7246376811594203,0.47058823704719543,78,0.7674418604651163,0.7674418604651163,0.8572645783424377,0.7919186353683472,0.15855450131172355,0.14236684386120285,0.8650361895561218,0.625371515750885,0.6976744186046512,0.2237615217515207,0.887808503963738,0.2963258765889266,0.4069561449776563,0.8334018989924601,,0.7681159420289855
glass,0.2,Distill-S,6,57,0.5,36.70588329434395,0.25404944411222485,0.7246376811594203,0.47058823704719543,78,0.6976744186046512,0.7209302325581395,0.8153708577156067,0.7509692907333374,0.16956381049267083,0.16120701265889545,0.8868845701217651,0.6219555139541626,0.6976744186046512,0.23194934766992753,0.8786003865997773,0.3139982544627336,0.39359716706013087,0.8509740455284536,0.6923076923076923,0.8392857142857143
glass,0.4,Distill-S,6,49,0.529411792755127,27.61764770746231,0.2830349513586017,0.7536231884057971,0.47058823704719543,70,0.7441860465116279,0.7209302325581395,0.8621677160263062,0.781735897064209,0.23199863697207251,0.13191945192425752,0.9563667178153992,0.5831387042999268,0.6976744186046512,0.24963063204174052,0.853177394212946,0.3712378842274438,0.3924714812578006,0.8526831838532005,0.7037037037037037,0.6904761904761905
glass,0.6,Distill-S,6,49,0.4117647111415863,26.14705926924944,0.28388746277145716,0.6956521739130435,0.4117647111415863,70,0.5813953488372093,0.6046511627906976,0.879199743270874,0.8003643155097961,0.1810716591602148,0.2016835975092511,0.9463095664978027,0.5878909230232239,0.6511627906976745,0.22127050760670172,0.868342366197954,0.34019258903484695,0.3798011644662958,0.8590373880707228,0.725,0.7241379310344828
glass,0.8,Distill-S,6,49,0.5,28.367647387087345,0.26896845344184106,0.7101449275362319,0.44117647409439087,70,0.6511627906976745,0.5813953488372093,0.8827623724937439,0.798672080039978,0.16051165794217312,0.1413820898810098,0.9611670970916748,0.5847998857498169,0.627906976744186,0.21206680619250395,0.8273834412879135,0.42386729821436864,0.36126101775923697,0.8672972634754819,0.6851851851851852,0.8
glass,1.0,Distill-S,6,49,0.5588235259056091,29.48529464751482,0.2544756998186526,0.6956521739130435,0.44117647409439087,70,0.6744186046511628,0.5813953488372093,0.9114540219306946,0.8272814154624939,0.0926934799482656,0.15451001843740778,0.9509398937225342,0.5817251205444336,0.7209302325581395,0.1702865356081583,0.8268692411834239,0.4233404474054341,0.316486759531745,0.888293745452524,0.6764705882352942,0.0
glass,0.0,Distill-S,7,53,0.5882353186607361,36.26470647007227,0.26726343061613,0.8260869565217391,0.5588235259056091,74,0.6744186046511628,0.6976744186046512,0.9325941205024719,0.8992767333984375,0.13302568987358449,0.12988045465114503,0.9364909529685974,0.611166775226593,0.6511627906976745,0.23933420236849076,0.8452657745712345,0.39410497177830184,0.48350239885910645,0.8169500007831642,,0.6811594202898551
glass,0.2,Distill-S,7,76,0.5882353186607361,46.19117767363787,0.16538786974506103,0.7536231884057971,0.5882353186607361,97,0.627906976744186,0.6046511627906976,1.0722602605819702,1.0644872188568115,0.1808745327383973,0.143924847591755,0.8122084736824036,0.65458083152771,0.5581395348837209,0.3460073539353468,0.8756123846307092,0.35048169180704175,0.40060055048613313,0.849038110217206,0.7692307692307693,0.7142857142857143
glass,0.4,Distill-S,7,77,0.6176470518112183,49.51470682770014,0.325660671012989,0.855072463768116,0.529411792755127,98,0.6744186046511628,0.627906976744186,1.0276637077331543,1.056010365486145,0.10453129230543624,0.16241587663805762,0.7642245888710022,0.6825321912765503,0.6511627906976745,0.2618097282845433,0.8650074554219317,0.3738811544769975,0.35663953037866925,0.8697112264126154,0.9259259259259259,0.8095238095238095
glass,0.6,Distill-S,7,79,0.6176470518112183,52.58823627978563,0.2374254119568977,0.855072463768116,0.6176470518112183,100,0.7441860465116279,0.6511627906976745,1.0152965784072876,1.0194437503814697,0.15909952826278154,0.17044709726821541,0.7152483463287354,0.7083595395088196,0.6511627906976745,0.25199875601482513,0.9031615467124996,0.26566954462069864,0.24185875161979448,0.9179166745448534,0.875,0.7931034482758621
glass,0.8,Distill-S,7,61,0.5882353186607361,41.07353035360575,0.20886613061462622,0.7971014492753623,0.5882353186607361,82,0.7441860465116279,0.7674418604651163,1.001212239265442,0.9773385524749756,0.14147257250408796,0.13820577222247457,0.8326449990272522,0.6504727602005005,0.5813953488372093,0.2814138879712697,0.8593058733968542,0.3638440951819139,0.24816736339752116,0.9220857246821219,0.8703703703703703,0.8666666666666667
glass,1.0,Distill-S,7,60,0.5882353186607361,41.54411847144365,0.2233588842378147,0.8115942028985508,0.5882353186607361,81,0.7674418604651163,0.7441860465116279,1.0428177118301392,1.0249861478805542,0.23010738228642666,0.18992224404978197,0.8667154312133789,0.6305187940597534,0.5348837209302325,0.3596492209450363,0.8847632001003974,0.3161730613166361,0.2713695006986096,0.9031900616387298,0.8088235294117647,1.0
glass,0.0,Distill-S,8,58,0.5588235259056091,41.25000071898103,0.22378516974656482,0.782608695652174,0.5588235259056091,79,0.6046511627906976,0.5813953488372093,1.2199828624725342,1.2236164808273315,0.22159777131191524,0.248058769592019,0.9655569195747375,0.6191179752349854,0.6511627906976745,0.2475539673333113,0.801582473130216,0.5166356003981707,0.43906128673623523,0.8325379090444502,,0.8115942028985508
glass,0.2,Distill-S,8,57,0.529411792755127,40.45588308945298,0.194799662500188,0.7536231884057971,0.5588235259056091,78,0.5813953488372093,0.627906976744186,1.186292290687561,1.1752667427062988,0.2421387842921324,0.18915939816208768,0.9322561025619507,0.6406388282775879,0.6744186046511628,0.2671359174100142,0.818220957075399,0.48506200491296253,0.4058789506106425,0.8517385899590529,0.7692307692307693,0.8214285714285714
glass,0.4,Distill-S,8,52,0.5,34.41176487877965,0.3120204586049785,0.782608695652174,0.47058823704719543,73,0.627906976744186,0.6976744186046512,1.2052720785140991,1.1568323373794556,0.21568789177162703,0.19692205412443298,0.9754955172538757,0.6262117624282837,0.627906976744186,0.24742785818830726,0.8535880186298436,0.4010857832276434,0.31011802560035134,0.8911546422097316,0.8148148148148148,0.7857142857142857
glass,0.6,Distill-S,8,64,0.529411792755127,42.558824840933084,0.35464617825936584,0.8840579710144928,0.529411792755127,85,0.6511627906976745,0.6511627906976745,1.1525616645812988,1.1405436992645264,0.14696886719659316,0.2424075728239015,0.9161903262138367,0.6425715088844299,0.6744186046511628,0.1705763692020681,0.8168713997188256,0.48564919652800315,0.3331269023028671,0.8811092143296216,0.875,0.8275862068965517
glass,0.8,Distill-S,8,57,0.5882353186607361,39.588236186653376,0.31116791738980054,0.8405797101449275,0.529411792755127,78,0.627906976744186,0.6511627906976745,1.2064769268035889,1.1914525032043457,0.19063379944756975,0.24782806634902954,0.994899332523346,0.5997406840324402,0.7209302325581395,0.15557403897654976,0.8338704649970153,0.448143021008495,0.23653976836344456,0.9096083814615906,0.8703703703703703,0.8
glass,1.0,Distill-S,8,63,0.5588235259056091,43.35294199362397,0.28132989873056824,0.8695652173913043,0.5882353186607361,84,0.627906976744186,0.6976744186046512,1.1389508247375488,1.1215230226516724,0.14335600858510927,0.2290488426075425,0.9035633206367493,0.6540694236755371,0.7441860465116279,0.1471690554846603,0.8498391424047462,0.4395821860531343,0.2627908548836142,0.9125516484684428,0.8529411764705882,1.0
glass,0.0,Distill-S,9,71,0.7647058963775635,61.19117648899555,0.14961637880491174,0.8260869565217391,0.6764705777168274,92,0.5116279069767442,0.5348837209302325,1.2160722017288208,1.3121047019958496,0.17448214874711146,0.15492581073627915,0.8848944306373596,0.6337565779685974,0.5581395348837209,0.3590037238230916,0.7824658824928065,0.5337417213991918,0.4978312228530104,0.7940076621343831,,0.7391304347826086
glass,0.2,Distill-S,9,72,0.7352941036224365,60.558823734521866,0.10528560652249097,0.8405797101449275,0.7352941036224365,93,0.5348837209302325,0.5116279069767442,1.1587963104248047,1.2844035625457764,0.1987466125987297,0.19766100132188133,0.8726051449775696,0.6405843496322632,0.5813953488372093,0.28107255361925126,0.7661862686552379,0.5649451842271952,0.49571217717017524,0.7894698430012769,0.8461538461538461,0.7321428571428571
glass,0.4,Distill-S,9,73,0.7647058963775635,62.17647087574005,0.08994034148644714,0.8840579710144928,0.7941176295280457,94,0.5813953488372093,0.5348837209302325,1.2053850889205933,1.32151460647583,0.1509670982527178,0.2674618862396063,0.7668873071670532,0.6906934380531311,0.5813953488372093,0.290003687533542,0.8368459492142285,0.4132213453264022,0.34380580339627426,0.8671364377784093,1.0,0.8333333333333334
glass,0.6,Distill-S,9,74,0.7058823704719543,61.220588311553,0.11977836014567944,0.855072463768116,0.7352941036224365,95,0.5581395348837209,0.5348837209302325,1.1771512031555176,1.253749966621399,0.1664162950460301,0.2230938160142233,0.7549055218696594,0.6873881220817566,0.6511627906976745,0.2450257525365948,0.8438694092000436,0.41418948522416393,0.2757984248808736,0.9094690783547779,0.875,0.9655172413793104
glass,0.8,Distill-S,9,73,0.7058823704719543,60.22058828175068,0.1342711137688678,0.8695652173913043,0.7352941036224365,94,0.5348837209302325,0.5348837209302325,1.157880187034607,1.2430835962295532,0.1940352528594261,0.20139837265014648,0.7820921540260315,0.6784169673919678,0.5116279069767442,0.3503073658497365,0.8493315257558416,0.38004650306176707,0.24827723081509573,0.9193808623168606,0.8888888888888888,0.8
glass,1.0,Distill-S,9,73,0.7058823704719543,59.000000819563866,0.1926683541657268,0.8985507246376812,0.7058823704719543,94,0.5813953488372093,0.5813953488372093,1.128467321395874,1.224102258682251,0.18621434860451275,0.18382016170856566,0.7927796244621277,0.6821048855781555,0.5581395348837209,0.3982486135143313,0.8771132375693035,0.320917859725904,0.24631195886535437,0.9170513474741603,0.8676470588235294,1.0
glass,0.0,Distill-S,10,110,0.7941176295280457,92.52941184490919,-0.026001687499060178,0.7681159420289855,0.7941176295280457,131,0.6511627906976745,0.6511627906976745,0.9768316745758057,0.9780807495117188,0.12457698514295179,0.13357998603998228,0.6578682065010071,0.7454860806465149,0.6744186046511628,0.24304307613216075,0.8475558815508761,0.40694138898592114,0.4741251355416307,0.8160390010858567,,0.782608695652174
glass,0.2,Distill-S,10,129,0.7647058963775635,105.82352990657091,-0.02557546159495483,0.7391304347826086,0.7647058963775635,150,0.6511627906976745,0.6511627906976745,1.0938552618026733,1.1112275123596191,0.2226998646591985,0.21447863065919207,0.5703176259994507,0.7866154313087463,0.6511627906976745,0.2077188914170235,0.8588816821146981,0.38780639492864916,0.4184716100172205,0.833706188104236,0.8461538461538461,0.8571428571428571
glass,0.4,Distill-S,10,81,0.7058823704719543,67.0147065743804,-0.05498719474543701,0.7391304347826086,0.7941176295280457,102,0.6511627906976745,0.6744186046511628,1.0070745944976807,1.0429102182388306,0.14463033371193462,0.14103315181510395,0.706522524356842,0.7322189211845398,0.6744186046511628,0.2791558392161225,0.8467018135955366,0.3943976823677712,0.38899058722764657,0.8576224450234983,0.8518518518518519,0.8095238095238095
glass,0.6,Distill-S,10,129,0.7647058963775635,105.1911765858531,0.0029838197473166517,0.7971014492753623,0.7941176295280457,150,0.6744186046511628,0.627906976744186,1.0366021394729614,1.0599077939987183,0.17371845591899962,0.21701714881630832,0.5964727401733398,0.776088535785675,0.6976744186046512,0.22093622175298053,0.9006759169392536,0.2985316020085321,0.3429704702289988,0.8738832809824535,0.875,0.7931034482758621
glass,0.8,Distill-S,10,82,0.7352941036224365,69.29411800950766,0.01790279927461047,0.782608695652174,0.7647058963775635,103,0.6511627906976745,0.627906976744186,1.0243936777114868,1.0647289752960205,0.15885507713916688,0.13576159504956978,0.6899377703666687,0.7425981760025024,0.6744186046511628,0.2857438774662694,0.8928525242803242,0.2951008175968002,0.3043846624298897,0.9009796645827387,0.8333333333333334,0.7333333333333333
glass,1.0,Distill-S,10,110,0.7352941036224365,89.35294177383184,0.07587381376736402,0.8405797101449275,0.7647058963775635,131,0.6511627906976745,0.6744186046511628,1.0574511289596558,1.0524535179138184,0.17914985709412154,0.17630959735360255,0.616222083568573,0.7687510848045349,0.6976744186046512,0.18949499242482737,0.8477683320335344,0.39543174406812587,0.3842194551252786,0.860617175993365,0.8382352941176471,0.0
glass,0.0,Distill-S,11,27,0.5882353186607361,24.470588643103838,0.12190960887549585,0.7101449275362319,0.5882353186607361,48,0.5581395348837209,0.5813953488372093,1.3404786586761475,1.331480622291565,0.22242437407027843,0.2537211616371954,1.185548186302185,0.5118524432182312,0.627906976744186,0.24622743639321695,0.8083245845887982,0.48783441277224293,0.5366186286135608,0.791480302149858,,0.7391304347826086
glass,0.2,Distill-S,11,28,0.5588235259056091,22.779412277042866,0.16538786974506103,0.7536231884057971,0.5882353186607361,49,0.37209302325581395,0.5348837209302325,1.337180733680725,1.3133987188339233,0.2692258635232615,0.21170176808224167,1.1882517337799072,0.5160502791404724,0.5813953488372093,0.24266368788034937,0.741988581093923,0.5643918094238916,0.538079747143711,0.7798371601632408,0.8461538461538461,0.7321428571428571
glass,0.4,Distill-S,11,27,0.47058823704719543,21.720588691532612,0.1798806233682494,0.7681159420289855,0.5882353186607361,48,0.37209302325581395,0.5581395348837209,1.3738417625427246,1.3007454872131348,0.2457264772681303,0.24535635460254757,1.1891390085220337,0.5260962247848511,0.6976744186046512,0.21953606862249553,0.8219788262714295,0.46917647383509514,0.4412399126864394,0.8353140118901112,0.8148148148148148,0.6904761904761905
glass,0.6,Distill-S,11,27,0.529411792755127,22.279412277042866,0.16538786974506103,0.7536231884057971,0.5882353186607361,48,0.37209302325581395,0.5581395348837209,1.3528798818588257,1.315977931022644,0.26828863766304284,0.2531566606011502,1.2291021347045898,0.5013505816459656,0.6976744186046512,0.22388645878819644,0.8207689398912341,0.46613411990402687,0.4621846505113661,0.817017458124217,0.8,0.6896551724137931
glass,0.8,Distill-S,11,26,0.47058823704719543,22.20588283613324,0.19437337699143786,0.782608695652174,0.5882353186607361,47,0.3488372093023256,0.5348837209302325,1.3986892700195312,1.384013295173645,0.1853136132622874,0.2558410389478817,1.2831268310546875,0.49680638313293457,0.6046511627906976,0.2755666697555775,0.8195927659019968,0.467305107540282,0.41534173280489767,0.8466112818604521,0.7592592592592593,0.8
glass,1.0,Distill-S,11,27,0.529411792755127,23.147059369832277,0.19437337699143786,0.782608695652174,0.5882353186607361,48,0.3488372093023256,0.5116279069767442,1.3762503862380981,1.3839799165725708,0.19944372391977977,0.24950965753821439,1.2836792469024658,0.49168574810028076,0.6046511627906976,0.315210054861145,0.8490411926758905,0.3559639919312809,0.32524359080525966,0.8825493210857509,0.7058823529411765,1.0
glass,0.0,Distill-S,12,35,0.5,24.13235319033265,0.2246376811594203,0.7246376811594203,0.5,56,0.6511627906976745,0.6046511627906976,1.0597306489944458,1.06626558303833,0.22556322605110876,0.16758837325628415,1.0058598518371582,0.5872304439544678,0.6976744186046512,0.24167756553883343,0.8587741369089067,0.3642374292482652,0.39440184297646724,0.8508275105325969,,0.8405797101449275
glass,0.2,Distill-S,12,35,0.47058823704719543,23.029412005096674,0.3563512308873992,0.7681159420289855,0.4117647111415863,56,0.5581395348837209,0.5348837209302325,1.071692943572998,1.0484201908111572,0.14672379438267197,0.15480930306190668,1.0400923490524292,0.5733152627944946,0.6976744186046512,0.2513388993357878,0.8305794486383667,0.42015461751231126,0.3988178086467977,0.8450222642675805,0.8461538461538461,0.7321428571428571
glass,0.4,Distill-S,12,35,0.5,23.264706138521433,0.2830349513586017,0.7536231884057971,0.47058823704719543,56,0.5581395348837209,0.5813953488372093,1.0361011028289795,0.9852994680404663,0.1356917189997296,0.1596418750840564,1.0225896835327148,0.5688565969467163,0.6046511627906976,0.3163810460032339,0.8459877573294453,0.39842794157593564,0.3440739878672565,0.8753001360168634,0.7777777777777778,0.8571428571428571
glass,0.6,Distill-S,12,27,0.47058823704719543,18.750000227242708,0.35592497518097144,0.7971014492753623,0.44117647409439087,48,0.5348837209302325,0.6744186046511628,1.0779633522033691,0.9753692150115967,0.12537246803904686,0.21835357158683064,1.1774481534957886,0.5019405484199524,0.7209302325581395,0.20808996626805756,0.8237033142443922,0.48825906524361,0.4036564109635504,0.8545790578776327,0.85,0.6896551724137931
glass,0.8,Distill-S,12,35,0.47058823704719543,23.455882538110018,0.3704177288041599,0.8115942028985508,0.44117647409439087,56,0.5116279069767442,0.5813953488372093,1.0009934902191162,1.0020538568496704,0.16787176700525508,0.1648119688034058,1.0906505584716797,0.5390015840530396,0.5581395348837209,0.34492941044163444,0.8521301800698707,0.3865066316246401,0.29791289388882886,0.8930821952563376,0.7777777777777778,0.7333333333333333
glass,1.0,Distill-S,12,30,0.47058823704719543,21.176470909267664,0.3120204586049785,0.782608695652174,0.47058823704719543,51,0.5348837209302325,0.6744186046511628,1.0488061904907227,0.9737329483032227,0.17697669738946958,0.1493782220884811,1.115402102470398,0.5334506034851074,0.6976744186046512,0.24651357329054568,0.834534784047235,0.43464393637327736,0.3283278200659552,0.883907273267645,0.7058823529411765,1.0
glass,0.0,Distill-S,13,129,0.7352941036224365,103.9117652028799,0.09121907880340796,0.7971014492753623,0.7058823704719543,150,0.5581395348837209,0.5581395348837209,1.2734850645065308,1.283509612083435,0.22312783432561295,0.2149377742479014,0.6738711595535278,0.7188261151313782,0.5581395348837209,0.2796121126391987,0.8377516475229196,0.4231939567342888,0.4246298287693425,0.8126454247742387,,0.7971014492753623
glass,0.2,Distill-S,13,69,0.7058823704719543,55.661765322089195,0.003836331160172124,0.7391304347826086,0.7352941036224365,90,0.5348837209302325,0.5581395348837209,1.1892952919006348,1.2215601205825806,0.15349147000978158,0.19558471302653466,0.8162117004394531,0.6583579778671265,0.5581395348837209,0.33472733385130454,0.8487013578213187,0.35794772277863274,0.3061352486131975,0.8842030277864122,0.8461538461538461,0.7678571428571429
glass,0.4,Distill-S,13,68,0.6764705777168274,54.1323531717062,0.03282183840654895,0.7681159420289855,0.7352941036224365,89,0.5348837209302325,0.5348837209302325,1.1802160739898682,1.2016215324401855,0.16687928798586824,0.17426914946977484,0.8459163904190063,0.6635667085647583,0.5348837209302325,0.26842001731426596,0.8000577975502404,0.5314110926204347,0.4741418358315396,0.8291101293086782,0.8518518518518519,0.9523809523809523
glass,0.6,Distill-S,13,57,0.5882353186607361,43.441177085042,0.12105709746264026,0.7681159420289855,0.6470588445663452,78,0.4883720930232558,0.5348837209302325,1.2157264947891235,1.2330496311187744,0.21891526219456695,0.2023449117361113,0.8842095732688904,0.6356114745140076,0.5116279069767442,0.36708686325669004,0.7926013827147792,0.4866791740212098,0.3632925147984927,0.8693265144481106,0.825,0.7586206896551724
glass,0.8,Distill-S,13,81,0.6764705777168274,64.17647077143192,0.1926683541657268,0.8985507246376812,0.7058823704719543,102,0.5348837209302325,0.5581395348837209,1.164689540863037,1.223985195159912,0.18007487543793613,0.23557686805725098,0.8453792333602905,0.647103488445282,0.5813953488372093,0.3010171686163856,0.8279992291104493,0.4755461239406124,0.3276452431347298,0.8858100993037478,0.8333333333333334,0.6
glass,1.0,Distill-S,13,57,0.7058823704719543,49.941176638007164,0.06138106014417566,0.8260869565217391,0.7647058963775635,78,0.5348837209302325,0.5813953488372093,1.1391502618789673,1.1330593824386597,0.15089343661485718,0.14186233559320138,0.9138725399971008,0.6237298250198364,0.6046511627906976,0.3034905961572034,0.850629204526132,0.38035988635339485,0.2473589810568709,0.9158667499639446,0.7794117647058824,1.0
glass,0.0,Distill-S,14,111,0.6470588445663452,78.17647239007056,0.13554985108582873,0.782608695652174,0.6470588445663452,132,0.6976744186046512,0.6976744186046512,0.7540575265884399,0.7146129012107849,0.12044660019320111,0.1481493503548378,0.6007972955703735,0.7636945843696594,0.6744186046511628,0.20728452360601818,0.834101634785957,0.4147692470559708,0.4799073357853513,0.8082720142095384,,0.7536231884057971
glass,0.2,Distill-S,14,76,0.5882353186607361,53.82353081740439,0.2523443914841914,0.8405797101449275,0.5882353186607361,97,0.6744186046511628,0.6976744186046512,0.81308513879776,0.764620840549469,0.15921896210936615,0.18421327651933184,0.7142440676689148,0.7223252654075623,0.7209302325581395,0.13796394420532643,0.8444931134329611,0.37677508363761514,0.40356398958058903,0.8511978612549403,0.6923076923076923,0.875
glass,0.4,Distill-S,14,84,0.6764705777168274,59.39705946482718,0.1641091324281001,0.8405797101449275,0.6764705777168274,105,0.7209302325581395,0.6976744186046512,0.8730388879776001,0.8406081199645996,0.23768975637679876,0.1954811076785243,0.6348233819007874,0.7678238749504089,0.7674418604651163,0.22256005916351196,0.887850827108912,0.29846244137680883,0.3716126278810617,0.861491619095684,0.8518518518518519,0.8095238095238095
glass,0.6,Distill-S,14,78,0.5882353186607361,56.573530280962586,0.22293265833370923,0.8405797101449275,0.6176470518112183,99,0.6744186046511628,0.6976744186046512,0.8668839335441589,0.8473625779151917,0.1687643264615259,0.1648991121802219,0.6623910665512085,0.755192756652832,0.6046511627906976,0.28845204291025317,0.8347805661744296,0.3802008543765997,0.3138091552604789,0.8843064185107442,0.85,0.7241379310344828
glass,0.8,Distill-S,14,61,0.5882353186607361,45.676471376791596,0.17902811195539392,0.8260869565217391,0.6470588445663452,82,0.6744186046511628,0.6744186046511628,0.9389525055885315,0.9372529983520508,0.19058676098668295,0.18386060138081398,0.7388185262680054,0.7279415726661682,0.7209302325581395,0.1958174861267803,0.8697821866042099,0.33018098925444206,0.26965890389230796,0.902469537984021,0.8148148148148148,0.7333333333333333
glass,1.0,Distill-S,14,61,0.5588235259056091,44.72058906592429,0.19394715108733251,0.8115942028985508,0.6176470518112183,82,0.6744186046511628,0.6744186046511628,0.9980377554893494,0.9896728992462158,0.24686389329821562,0.19618024729018985,0.7162443399429321,0.7397701144218445,0.627906976744186,0.2950360851792401,0.8559440836228985,0.3504985833905994,0.2716383184649239,0.9010000106947343,0.8088235294117647,1.0
glass,0.0,Distill-S,15,54,0.6176470518112183,41.029412515461445,0.15046889021776721,0.7681159420289855,0.6176470518112183,75,0.627906976744186,0.6511627906976745,1.1771657466888428,1.254302978515625,0.1815560661083044,0.17375943272612818,0.9535476565361023,0.6036025881767273,0.6744186046511628,0.1469542605686413,0.7931564451831867,0.5451032688024495,0.47826949528411483,0.8119837353352534,,0.782608695652174
glass,0.2,Distill-S,15,47,0.6470588445663452,36.22058870643377,0.13554985108582873,0.782608695652174,0.6470588445663452,68,0.5813953488372093,0.5813953488372093,1.2369450330734253,1.3213304281234741,0.21683102187722228,0.23484370597573218,0.9640554189682007,0.5933715105056763,0.6976744186046512,0.15094967660910882,0.8148564658685217,0.48113149828576746,0.4018313251576378,0.8455373183215119,1.0,0.7678571428571429
glass,0.4,Distill-S,15,43,0.6176470518112183,33.25000037997961,0.09207159021626343,0.7391304347826086,0.6470588445663452,64,0.5581395348837209,0.5813953488372093,1.2142831087112427,1.2375887632369995,0.10384987260020055,0.13420275061629539,0.9603075385093689,0.6044015884399414,0.6046511627906976,0.2849877771569749,0.8284294507531949,0.45682393592003645,0.3651967845083998,0.8671885267219215,0.8148148148148148,0.8333333333333334
glass,0.6,Distill-S,15,53,0.6470588445663452,39.25000063329935,0.12105709746264026,0.7681159420289855,0.6470588445663452,74,0.627906976744186,0.5813953488372093,1.2008590698242188,1.2563904523849487,0.16628112210783846,0.16402561997258389,0.8965451717376709,0.619829535484314,0.5581395348837209,0.30316239949816987,0.8613019343818908,0.39586756255923566,0.3063902121243746,0.8885075289303903,0.925,0.7241379310344828
glass,0.8,Distill-S,15,38,0.6470588445663452,29.191176764667034,0.16496164384095569,0.782608695652174,0.6176470518112183,59,0.6046511627906976,0.5813953488372093,1.1908625364303589,1.2417739629745483,0.16565594146418017,0.14892249883607378,1.0444340705871582,0.5524355173110962,0.5581395348837209,0.27027387298977035,0.8284134078734913,0.45120217047350464,0.3026969477370556,0.89192955770677,0.8333333333333334,0.6
glass,1.0,Distill-S,15,47,0.5882353186607361,34.36764753609896,0.22293265833370923,0.8405797101449275,0.6176470518112183,68,0.5581395348837209,0.6046511627906976,1.136171579360962,1.1752194166183472,0.11015188832615698,0.1567561418511147,0.9984857439994812,0.5781262516975403,0.4883720930232558,0.3726934273309873,0.8499506002537999,0.3804398677402079,0.20085398911554972,0.9399141606594147,0.75,1.0
glass,0.0,Distill-S,16,110,0.6470588445663452,75.22058901190758,0.1500426047090171,0.7971014492753623,0.6470588445663452,131,0.6744186046511628,0.6744186046511628,0.9729011654853821,0.9907130599021912,0.16263371844624364,0.18563028823497685,0.6306994557380676,0.7778156399726868,0.6511627906976745,0.2293399082587511,0.8691946427475612,0.33490500009677593,0.4078704644417687,0.8507338333195914,,0.782608695652174
glass,0.2,Distill-S,16,109,0.6764705777168274,75.64705896377563,0.09164536431215808,0.7681159420289855,0.6764705777168274,130,0.6744186046511628,0.6744186046511628,0.9721272587776184,1.0176599025726318,0.14431077449820767,0.17944802517114683,0.5874022841453552,0.7966924905776978,0.6046511627906976,0.23931677235724252,0.8439679351479403,0.3795877423505377,0.36289780026499385,0.8724391199505611,1.0,0.7857142857142857
glass,0.4,Distill-S,16,81,0.6470588445663452,55.720589369535446,0.17902811195539392,0.8260869565217391,0.6470588445663452,102,0.6744186046511628,0.6511627906976745,0.9606158137321472,1.0089097023010254,0.1345140677551891,0.20666201793870262,0.6202136278152466,0.7723761200904846,0.6744186046511628,0.21600048772527602,0.8795085494355117,0.2890086344426555,0.325101997265299,0.8797460208159243,0.8888888888888888,0.8333333333333334
glass,0.6,Distill-S,16,71,0.6470588445663452,47.77941334247589,0.16453535833220556,0.8115942028985508,0.6470588445663452,92,0.6976744186046512,0.6976744186046512,0.9974706172943115,1.0102347135543823,0.16587820787762486,0.13657519151998124,0.6650791764259338,0.7443651556968689,0.627906976744186,0.24722029256378453,0.874005785249789,0.35046030435960474,0.33927890939788335,0.8761522834341835,0.9,0.9655172413793104
glass,0.8,Distill-S,16,91,0.6470588445663452,57.39706030488014,0.17902811195539392,0.8260869565217391,0.6470588445663452,112,0.6511627906976745,0.6744186046511628,0.9883254170417786,1.0214730501174927,0.13967705327411029,0.20847608391628708,0.6518384218215942,0.7454845309257507,0.627906976744186,0.2907236803428142,0.8623154769317142,0.36766964348071696,0.3023814858319869,0.892685388273394,0.8148148148148148,0.9333333333333333
glass,1.0,Distill-S,16,91,0.6764705777168274,60.30882492661476,0.20801361920177075,0.855072463768116,0.6470588445663452,112,0.6511627906976745,0.6744186046511628,1.032108187675476,1.0611071586608887,0.16256078453951106,0.16886224303134653,0.6346791982650757,0.7448272705078125,0.627906976744186,0.2515302330456658,0.841556103747855,0.3997050974810142,0.23767491272890373,0.9273306470783543,0.8529411764705882,1.0
glass,0.0,Distill-S,17,53,0.44117647409439087,30.426470950245857,0.31244671431140625,0.7536231884057971,0.44117647409439087,74,0.627906976744186,0.6744186046511628,0.9869709610939026,0.9609622359275818,0.13690204675807507,0.1970251708529716,0.8023900985717773,0.6927763223648071,0.7209302325581395,0.19194062144716625,0.8717043597800616,0.334742079307899,0.3798276488256496,0.8473238525270506,,0.9130434782608695
glass,0.2,Distill-S,17,52,0.47058823704719543,30.352941513061523,0.2830349513586017,0.7536231884057971,0.47058823704719543,73,0.6511627906976745,0.6744186046511628,1.010217308998108,0.9852358102798462,0.16651162643765294,0.1913040890250095,0.8472778797149658,0.6799571514129639,0.7209302325581395,0.20062245703231962,0.8666309266968419,0.3633806732261213,0.39924402115854557,0.8496659481172211,0.6153846153846154,0.8392857142857143
glass,0.4,Distill-S,17,52,0.47058823704719543,31.02941206097603,0.2685421977354132,0.7391304347826086,0.47058823704719543,73,0.627906976744186,0.6511627906976745,1.0179654359817505,0.9902374744415283,0.20076350070709406,0.2366648801537447,0.8783729076385498,0.661958634853363,0.6976744186046512,0.26087360752645683,0.8897381730427298,0.31009710372389293,0.37082590509549,0.8632356253600761,0.7407407407407407,0.8571428571428571
glass,0.6,Distill-S,17,52,0.5588235259056091,34.66176499426365,0.23827792336975318,0.7971014492753623,0.5588235259056091,73,0.6511627906976745,0.6976744186046512,0.9637035727500916,0.9252055883407593,0.22646114923233207,0.22658172041870828,0.8874632120132446,0.6476529240608215,0.7441860465116279,0.17807981455778393,0.8658988303441805,0.3814428697576707,0.38066169597417576,0.8583017179537782,0.8,0.8275862068965517
glass,0.8,Distill-S,17,52,0.5588235259056091,33.647059604525566,0.2097186420274817,0.7391304347826086,0.529411792755127,73,0.627906976744186,0.7209302325581395,0.9822567105293274,0.9371750354766846,0.15297881808391836,0.2544615005337915,0.8939400315284729,0.6509424448013306,0.7209302325581395,0.20625976769917898,0.8786244101806743,0.32851833836256744,0.27208249120296524,0.9091156883660831,0.7592592592592593,0.9333333333333333
glass,1.0,Distill-S,17,52,0.47058823704719543,30.8382356017828,0.3414322215577831,0.782608695652174,0.44117647409439087,73,0.6046511627906976,0.6744186046511628,0.9614630341529846,0.9369940757751465,0.1782759795355242,0.23153829713200413,0.9030753970146179,0.6438784599304199,0.7441860465116279,0.1552593590706654,0.8716328310375482,0.34650616069907136,0.31295622855630656,0.8828492165286213,0.75,1.0
glass,0.0,Distill-S,18,127,0.7352941036224365,98.77941206470132,0.06180734565292578,0.7971014492753623,0.7352941036224365,148,0.6511627906976745,0.6511627906976745,0.8522927165031433,0.8847076296806335,0.2109479294266812,0.20986371608667598,0.7340716123580933,0.7104655504226685,0.627906976744186,0.2025931336172876,0.8022672677729796,0.4844956628406805,0.42022346246105907,0.8391300145154038,,0.782608695652174
glass,0.2,Distill-S,18,98,0.6764705777168274,71.60294092074037,0.09164536431215808,0.7681159420289855,0.6764705777168274,119,0.6744186046511628,0.6511627906976745,0.7981229424476624,0.819310188293457,0.14479735493659976,0.16569196969963784,0.8321115970611572,0.6742252707481384,0.6744186046511628,0.16445975480037064,0.8239166292284722,0.46223168392101666,0.4055599483048544,0.8520808823560565,0.9230769230769231,0.875
glass,0.4,Distill-S,18,122,0.7058823704719543,91.89705898240209,0.19309463967447693,0.8695652173913043,0.6764705777168274,143,0.6511627906976745,0.6046511627906976,0.7709539532661438,0.7792007923126221,0.15307494374208672,0.17896709608477215,0.7411453127861023,0.7088048458099365,0.6511627906976745,0.23859999659001369,0.785563311283694,0.5214338905644901,0.40757306698490403,0.8454049956670859,0.9259259259259259,0.8571428571428571
glass,0.6,Distill-S,18,164,0.7647058963775635,120.5882366783917,0.09036656739055249,0.855072463768116,0.7647058963775635,185,0.627906976744186,0.6511627906976745,0.8210678100585938,0.8837284445762634,0.17793938933416853,0.2544328570365906,0.639228105545044,0.7421900629997253,0.627906976744186,0.2631367022379539,0.8200091551516112,0.45454889832366024,0.3042737742762841,0.8890233338568324,0.925,0.896551724137931
glass,0.8,Distill-S,18,98,0.7058823704719543,72.98529495671391,0.17860188605128857,0.855072463768116,0.6764705777168274,119,0.6744186046511628,0.6511627906976745,0.7979626059532166,0.8336557745933533,0.18579588310663087,0.1655393180459045,0.800411581993103,0.6691515445709229,0.6046511627906976,0.29082172302383563,0.8482008100927104,0.39435069615940604,0.2502997690621592,0.9136279995558921,0.8703703703703703,0.9333333333333333
glass,1.0,Distill-S,18,122,0.7352941036224365,92.0294129140675,0.1926683541657268,0.8985507246376812,0.7058823704719543,143,0.6511627906976745,0.627906976744186,0.7923425436019897,0.8203359842300415,0.20059083575426145,0.1687855519527613,0.7081743478775024,0.7097499966621399,0.6046511627906976,0.28321077661749317,0.8138230021084245,0.45840263976122536,0.27462255670433344,0.904469214610884,0.8676470588235294,1.0
glass,0.0,Distill-S,19,163,0.6764705777168274,112.13235247507691,0.12105709746264026,0.7681159420289855,0.6470588445663452,184,0.6976744186046512,0.6744186046511628,0.7727851271629333,0.7847086787223816,0.16285258670185887,0.15225154369376426,0.6235203742980957,0.7529584169387817,0.6744186046511628,0.21123113391056508,0.8677918904592032,0.3715672358566931,0.37540534152197497,0.8622184921955522,,0.8260869565217391
glass,0.2,Distill-S,19,154,0.7058823704719543,110.05882385745645,0.17860188605128857,0.855072463768116,0.6764705777168274,175,0.6744186046511628,0.6744186046511628,0.857886016368866,0.8813031315803528,0.14593342916910038,0.13271163300026292,0.6432846188545227,0.7611152529716492,0.6046511627906976,0.30946790417773823,0.8617106147130964,0.3872796997335119,0.3336669442013339,0.8785596863715447,0.8461538461538461,0.7857142857142857
glass,0.4,Distill-S,19,79,0.6764705777168274,55.044118482619524,0.16453535833220556,0.8115942028985508,0.6470588445663452,100,0.6976744186046512,0.6976744186046512,0.7948421239852905,0.8093076944351196,0.11837529581646587,0.19647918537605644,0.8221881985664368,0.6918030381202698,0.6744186046511628,0.21082000936500572,0.8327833381759567,0.41487592437130216,0.3732741269800879,0.840230422677056,0.8518518518518519,0.8333333333333334
glass,0.6,Distill-S,19,104,0.7058823704719543,74.66176575794816,0.12020458604978479,0.8260869565217391,0.7058823704719543,125,0.6976744186046512,0.6976744186046512,0.8316911458969116,0.8614572286605835,0.1362321834231532,0.12709661347921505,0.7572913765907288,0.7124550938606262,0.6976744186046512,0.18600632128271727,0.8322756214568177,0.46395875094600547,0.4046138352654472,0.836942931468428,0.825,0.8620689655172413
glass,0.8,Distill-S,19,78,0.7352941036224365,57.338235799223185,0.17902811195539392,0.8260869565217391,0.6470588445663452,99,0.6744186046511628,0.6744186046511628,0.8310733437538147,0.8465225100517273,0.1769756210404773,0.1467854304369106,0.8125444650650024,0.7065061926841736,0.7674418604651163,0.1831500648245244,0.8446907968818395,0.4195858719349501,0.3015705625130961,0.8931736310875246,0.8888888888888888,0.7333333333333333
glass,1.0,Distill-S,19,78,0.7058823704719543,55.8382359482348,0.13469733967297315,0.8405797101449275,0.7058823704719543,99,0.6744186046511628,0.6511627906976745,0.8115951418876648,0.8459470868110657,0.1978852790455486,0.19639205239539928,0.8342223167419434,0.6909926533699036,0.6976744186046512,0.14851057671201462,0.8331655983407473,0.46591115605894967,0.3269166129961358,0.8782927179385981,0.8823529411764706,1.0
wine,0.0,Baseline-Full,0,84,1.0,101.8749998062849,0.0,1.0,1.0,105,1.0,1.0,0.008811931125819683,0.007080952171236277,0.007832065224647522,0.006388348009851243,0.024337125942111015,0.9921678900718689,,,,,,,,
wine,0.2,Baseline-Full,0,84,1.0,101.8749998062849,0.0,1.0,1.0,105,1.0,1.0,0.008811931125819683,0.007080952171236277,0.007832065224647522,0.006388348009851243,0.024337125942111015,0.9921678900718689,,,,,,,,
wine,0.4,Baseline-Full,0,84,1.0,101.8749998062849,0.0,1.0,1.0,105,1.0,1.0,0.008811931125819683,0.007080952171236277,0.007832065224647522,0.006388348009851243,0.024337125942111015,0.9921678900718689,,,,,,,,
wine,0.6,Baseline-Full,0,84,1.0,101.8749998062849,0.0,1.0,1.0,105,1.0,1.0,0.008811931125819683,0.007080952171236277,0.007832065224647522,0.006388348009851243,0.024337125942111015,0.9921678900718689,,,,,,,,
wine,0.8,Baseline-Full,0,84,1.0,101.8749998062849,0.0,1.0,1.0,105,1.0,1.0,0.008811931125819683,0.007080952171236277,0.007832065224647522,0.006388348009851243,0.024337125942111015,0.9921678900718689,,,,,,,,
wine,1.0,Baseline-Full,0,84,1.0,101.8749998062849,0.0,1.0,1.0,105,1.0,1.0,0.008811931125819683,0.007080952171236277,0.007832065224647522,0.006388348009851243,0.024337125942111015,0.9921678900718689,,,,,,,,
wine,0.0,Baseline-Full,1,299,1.0,294.58928598463535,0.0,1.0,1.0,300,0.9166666666666666,0.9166666666666666,0.14744295179843903,0.14744295179843903,0.06222519609663222,0.06222519609663222,0.06492684781551361,0.97602778673172,,,,,,,,
wine,0.2,Baseline-Full,1,299,1.0,294.58928598463535,0.0,1.0,1.0,300,0.9166666666666666,0.9166666666666666,0.14744295179843903,0.14744295179843903,0.06222519609663222,0.06222519609663222,0.06492684781551361,0.97602778673172,,,,,,,,
wine,0.4,Baseline-Full,1,299,1.0,294.58928598463535,0.0,1.0,1.0,300,0.9166666666666666,0.9166666666666666,0.14744295179843903,0.14744295179843903,0.06222519609663222,0.06222519609663222,0.06492684781551361,0.97602778673172,,,,,,,,
wine,0.6,Baseline-Full,1,299,1.0,294.58928598463535,0.0,1.0,1.0,300,0.9166666666666666,0.9166666666666666,0.14744295179843903,0.14744295179843903,0.06222519609663222,0.06222519609663222,0.06492684781551361,0.97602778673172,,,,,,,,
wine,0.8,Baseline-Full,1,299,1.0,294.58928598463535,0.0,1.0,1.0,300,0.9166666666666666,0.9166666666666666,0.14744295179843903,0.14744295179843903,0.06222519609663222,0.06222519609663222,0.06492684781551361,0.97602778673172,,,,,,,,
wine,1.0,Baseline-Full,1,299,1.0,294.58928598463535,0.0,1.0,1.0,300,0.9166666666666666,0.9166666666666666,0.14744295179843903,0.14744295179843903,0.06222519609663222,0.06222519609663222,0.06492684781551361,0.97602778673172,,,,,,,,
wine,0.0,Baseline-Full,2,299,1.0,298.0535714328289,0.0,1.0,1.0,300,1.0,1.0,0.008287044242024422,0.008287044242024422,0.007272990213500129,0.007272990213500129,0.018447328358888626,0.9927269816398621,,,,,,,,
wine,0.2,Baseline-Full,2,299,1.0,298.0535714328289,0.0,1.0,1.0,300,1.0,1.0,0.008287044242024422,0.008287044242024422,0.007272990213500129,0.007272990213500129,0.018447328358888626,0.9927269816398621,,,,,,,,
wine,0.4,Baseline-Full,2,299,1.0,298.0535714328289,0.0,1.0,1.0,300,1.0,1.0,0.008287044242024422,0.008287044242024422,0.007272990213500129,0.007272990213500129,0.018447328358888626,0.9927269816398621,,,,,,,,
wine,0.6,Baseline-Full,2,299,1.0,298.0535714328289,0.0,1.0,1.0,300,1.0,1.0,0.008287044242024422,0.008287044242024422,0.007272990213500129,0.007272990213500129,0.018447328358888626,0.9927269816398621,,,,,,,,
wine,0.8,Baseline-Full,2,299,1.0,298.0535714328289,0.0,1.0,1.0,300,1.0,1.0,0.008287044242024422,0.008287044242024422,0.007272990213500129,0.007272990213500129,0.018447328358888626,0.9927269816398621,,,,,,,,
wine,1.0,Baseline-Full,2,299,1.0,298.0535714328289,0.0,1.0,1.0,300,1.0,1.0,0.008287044242024422,0.008287044242024422,0.007272990213500129,0.007272990213500129,0.018447328358888626,0.9927269816398621,,,,,,,,
wine,0.0,Baseline-Full,3,171,1.0,186.535714417696,0.0,1.0,1.0,190,1.0,1.0,0.00447959266602993,0.004133124370127916,0.004244456688563028,0.0039282722605599295,0.015874726697802544,0.9957554936408997,,,,,,,,
wine,0.2,Baseline-Full,3,171,1.0,186.535714417696,0.0,1.0,1.0,190,1.0,1.0,0.00447959266602993,0.004133124370127916,0.004244456688563028,0.0039282722605599295,0.015874726697802544,0.9957554936408997,,,,,,,,
wine,0.4,Baseline-Full,3,171,1.0,186.535714417696,0.0,1.0,1.0,190,1.0,1.0,0.00447959266602993,0.004133124370127916,0.004244456688563028,0.0039282722605599295,0.015874726697802544,0.9957554936408997,,,,,,,,
wine,0.6,Baseline-Full,3,171,1.0,186.535714417696,0.0,1.0,1.0,190,1.0,1.0,0.00447959266602993,0.004133124370127916,0.004244456688563028,0.0039282722605599295,0.015874726697802544,0.9957554936408997,,,,,,,,
wine,0.8,Baseline-Full,3,171,1.0,186.535714417696,0.0,1.0,1.0,190,1.0,1.0,0.00447959266602993,0.004133124370127916,0.004244456688563028,0.0039282722605599295,0.015874726697802544,0.9957554936408997,,,,,,,,
wine,1.0,Baseline-Full,3,171,1.0,186.535714417696,0.0,1.0,1.0,190,1.0,1.0,0.00447959266602993,0.004133124370127916,0.004244456688563028,0.0039282722605599295,0.015874726697802544,0.9957554936408997,,,,,,,,
wine,0.0,Baseline-Full,4,25,0.8928571343421936,39.78571394085884,0.1071428656578064,1.0,0.8928571343421936,46,0.9722222222222222,1.0,0.0718095600605011,0.03529023751616478,0.03609663248062134,0.028504048784573875,0.17093610763549805,0.944808304309845,,,,,,,,
wine,0.2,Baseline-Full,4,25,0.8928571343421936,39.78571394085884,0.1071428656578064,1.0,0.8928571343421936,46,0.9722222222222222,1.0,0.0718095600605011,0.03529023751616478,0.03609663248062134,0.028504048784573875,0.17093610763549805,0.944808304309845,,,,,,,,
wine,0.4,Baseline-Full,4,25,0.8928571343421936,39.78571394085884,0.1071428656578064,1.0,0.8928571343421936,46,0.9722222222222222,1.0,0.0718095600605011,0.03529023751616478,0.03609663248062134,0.028504048784573875,0.17093610763549805,0.944808304309845,,,,,,,,
wine,0.6,Baseline-Full,4,25,0.8928571343421936,39.78571394085884,0.1071428656578064,1.0,0.8928571343421936,46,0.9722222222222222,1.0,0.0718095600605011,0.03529023751616478,0.03609663248062134,0.028504048784573875,0.17093610763549805,0.944808304309845,,,,,,,,
wine,0.8,Baseline-Full,4,25,0.8928571343421936,39.78571394085884,0.1071428656578064,1.0,0.8928571343421936,46,0.9722222222222222,1.0,0.0718095600605011,0.03529023751616478,0.03609663248062134,0.028504048784573875,0.17093610763549805,0.944808304309845,,,,,,,,
wine,1.0,Baseline-Full,4,25,0.8928571343421936,39.78571394085884,0.1071428656578064,1.0,0.8928571343421936,46,0.9722222222222222,1.0,0.0718095600605011,0.03529023751616478,0.03609663248062134,0.028504048784573875,0.17093610763549805,0.944808304309845,,,,,,,,
wine,0.0,Baseline-Full,5,113,1.0,131.5000001490116,0.0,1.0,1.0,134,1.0,1.0,0.012873672880232334,0.0107868742197752,0.012189827031559415,0.010287170608838398,0.04895190894603729,0.9878101348876953,,,,,,,,
wine,0.2,Baseline-Full,5,113,1.0,131.5000001490116,0.0,1.0,1.0,134,1.0,1.0,0.012873672880232334,0.0107868742197752,0.012189827031559415,0.010287170608838398,0.04895190894603729,0.9878101348876953,,,,,,,,
wine,0.4,Baseline-Full,5,113,1.0,131.5000001490116,0.0,1.0,1.0,134,1.0,1.0,0.012873672880232334,0.0107868742197752,0.012189827031559415,0.010287170608838398,0.04895190894603729,0.9878101348876953,,,,,,,,
wine,0.6,Baseline-Full,5,113,1.0,131.5000001490116,0.0,1.0,1.0,134,1.0,1.0,0.012873672880232334,0.0107868742197752,0.012189827031559415,0.010287170608838398,0.04895190894603729,0.9878101348876953,,,,,,,,
wine,0.8,Baseline-Full,5,113,1.0,131.5000001490116,0.0,1.0,1.0,134,1.0,1.0,0.012873672880232334,0.0107868742197752,0.012189827031559415,0.010287170608838398,0.04895190894603729,0.9878101348876953,,,,,,,,
wine,1.0,Baseline-Full,5,113,1.0,131.5000001490116,0.0,1.0,1.0,134,1.0,1.0,0.012873672880232334,0.0107868742197752,0.012189827031559415,0.010287170608838398,0.04895190894603729,0.9878101348876953,,,,,,,,
wine,0.0,Baseline-Full,6,299,1.0,294.4464292228222,0.0,1.0,1.0,300,0.9722222222222222,0.9722222222222222,0.0691700205206871,0.0691700205206871,0.024979273478190102,0.024979273478190102,0.04096852242946625,0.9867424368858337,,,,,,,,
wine,0.2,Baseline-Full,6,299,1.0,294.4464292228222,0.0,1.0,1.0,300,0.9722222222222222,0.9722222222222222,0.0691700205206871,0.0691700205206871,0.024979273478190102,0.024979273478190102,0.04096852242946625,0.9867424368858337,,,,,,,,
wine,0.4,Baseline-Full,6,299,1.0,294.4464292228222,0.0,1.0,1.0,300,0.9722222222222222,0.9722222222222222,0.0691700205206871,0.0691700205206871,0.024979273478190102,0.024979273478190102,0.04096852242946625,0.9867424368858337,,,,,,,,
wine,0.6,Baseline-Full,6,299,1.0,294.4464292228222,0.0,1.0,1.0,300,0.9722222222222222,0.9722222222222222,0.0691700205206871,0.0691700205206871,0.024979273478190102,0.024979273478190102,0.04096852242946625,0.9867424368858337,,,,,,,,
wine,0.8,Baseline-Full,6,299,1.0,294.4464292228222,0.0,1.0,1.0,300,0.9722222222222222,0.9722222222222222,0.0691700205206871,0.0691700205206871,0.024979273478190102,0.024979273478190102,0.04096852242946625,0.9867424368858337,,,,,,,,
wine,1.0,Baseline-Full,6,299,1.0,294.4464292228222,0.0,1.0,1.0,300,0.9722222222222222,0.9722222222222222,0.0691700205206871,0.0691700205206871,0.024979273478190102,0.024979273478190102,0.04096852242946625,0.9867424368858337,,,,,,,,
wine,0.0,Baseline-Full,7,299,1.0,297.9285715073347,0.0,1.0,1.0,300,0.9722222222222222,0.9722222222222222,0.11860091239213943,0.11865149438381195,0.04075460798210565,0.04075605670611061,0.05353188142180443,0.9822383522987366,,,,,,,,
wine,0.2,Baseline-Full,7,299,1.0,297.9285715073347,0.0,1.0,1.0,300,0.9722222222222222,0.9722222222222222,0.11860091239213943,0.11865149438381195,0.04075460798210565,0.04075605670611061,0.05353188142180443,0.9822383522987366,,,,,,,,
wine,0.4,Baseline-Full,7,299,1.0,297.9285715073347,0.0,1.0,1.0,300,0.9722222222222222,0.9722222222222222,0.11860091239213943,0.11865149438381195,0.04075460798210565,0.04075605670611061,0.05353188142180443,0.9822383522987366,,,,,,,,
wine,0.6,Baseline-Full,7,299,1.0,297.9285715073347,0.0,1.0,1.0,300,0.9722222222222222,0.9722222222222222,0.11860091239213943,0.11865149438381195,0.04075460798210565,0.04075605670611061,0.05353188142180443,0.9822383522987366,,,,,,,,
wine,0.8,Baseline-Full,7,299,1.0,297.9285715073347,0.0,1.0,1.0,300,0.9722222222222222,0.9722222222222222,0.11860091239213943,0.11865149438381195,0.04075460798210565,0.04075605670611061,0.05353188142180443,0.9822383522987366,,,,,,,,
wine,1.0,Baseline-Full,7,299,1.0,297.9285715073347,0.0,1.0,1.0,300,0.9722222222222222,0.9722222222222222,0.11860091239213943,0.11865149438381195,0.04075460798210565,0.04075605670611061,0.05353188142180443,0.9822383522987366,,,,,,,,
wine,0.0,Baseline-Full,8,299,1.0,295.8571429103613,0.0,1.0,1.0,300,0.9722222222222222,0.9722222222222222,0.09819117188453674,0.09819117188453674,0.027599856257438667,0.027599856257438667,0.02233714796602726,0.9941467642784119,,,,,,,,
wine,0.2,Baseline-Full,8,299,1.0,295.8571429103613,0.0,1.0,1.0,300,0.9722222222222222,0.9722222222222222,0.09819117188453674,0.09819117188453674,0.027599856257438667,0.027599856257438667,0.02233714796602726,0.9941467642784119,,,,,,,,
wine,0.4,Baseline-Full,8,299,1.0,295.8571429103613,0.0,1.0,1.0,300,0.9722222222222222,0.9722222222222222,0.09819117188453674,0.09819117188453674,0.027599856257438667,0.027599856257438667,0.02233714796602726,0.9941467642784119,,,,,,,,
wine,0.6,Baseline-Full,8,299,1.0,295.8571429103613,0.0,1.0,1.0,300,0.9722222222222222,0.9722222222222222,0.09819117188453674,0.09819117188453674,0.027599856257438667,0.027599856257438667,0.02233714796602726,0.9941467642784119,,,,,,,,
wine,0.8,Baseline-Full,8,299,1.0,295.8571429103613,0.0,1.0,1.0,300,0.9722222222222222,0.9722222222222222,0.09819117188453674,0.09819117188453674,0.027599856257438667,0.027599856257438667,0.02233714796602726,0.9941467642784119,,,,,,,,
wine,1.0,Baseline-Full,8,299,1.0,295.8571429103613,0.0,1.0,1.0,300,0.9722222222222222,0.9722222222222222,0.09819117188453674,0.09819117188453674,0.027599856257438667,0.027599856257438667,0.02233714796602726,0.9941467642784119,,,,,,,,
wine,0.0,Baseline-Full,9,227,1.0,236.48214548826218,0.03571426868438721,1.0,0.9642857313156128,248,1.0,1.0,0.00024151080287992954,0.0002009635209105909,0.00024127960205078125,0.00020080804824829102,0.00195127516053617,0.9997587203979492,,,,,,,,
wine,0.2,Baseline-Full,9,227,1.0,236.48214548826218,0.03571426868438721,1.0,0.9642857313156128,248,1.0,1.0,0.00024151080287992954,0.0002009635209105909,0.00024127960205078125,0.00020080804824829102,0.00195127516053617,0.9997587203979492,,,,,,,,
wine,0.4,Baseline-Full,9,227,1.0,236.48214548826218,0.03571426868438721,1.0,0.9642857313156128,248,1.0,1.0,0.00024151080287992954,0.0002009635209105909,0.00024127960205078125,0.00020080804824829102,0.00195127516053617,0.9997587203979492,,,,,,,,
wine,0.6,Baseline-Full,9,227,1.0,236.48214548826218,0.03571426868438721,1.0,0.9642857313156128,248,1.0,1.0,0.00024151080287992954,0.0002009635209105909,0.00024127960205078125,0.00020080804824829102,0.00195127516053617,0.9997587203979492,,,,,,,,
wine,0.8,Baseline-Full,9,227,1.0,236.48214548826218,0.03571426868438721,1.0,0.9642857313156128,248,1.0,1.0,0.00024151080287992954,0.0002009635209105909,0.00024127960205078125,0.00020080804824829102,0.00195127516053617,0.9997587203979492,,,,,,,,
wine,1.0,Baseline-Full,9,227,1.0,236.48214548826218,0.03571426868438721,1.0,0.9642857313156128,248,1.0,1.0,0.00024151080287992954,0.0002009635209105909,0.00024127960205078125,0.00020080804824829102,0.00195127516053617,0.9997587203979492,,,,,,,,
wine,0.0,Baseline-Full,10,45,0.9285714030265808,58.285713382065296,0.07142859697341919,1.0,0.9285714030265808,66,1.0,1.0,0.01746751181781292,0.010683414526283741,0.016433927747938365,0.010147559973928664,0.06605573743581772,0.9835659861564636,,,,,,,,
wine,0.2,Baseline-Full,10,45,0.9285714030265808,58.285713382065296,0.07142859697341919,1.0,0.9285714030265808,66,1.0,1.0,0.01746751181781292,0.010683414526283741,0.016433927747938365,0.010147559973928664,0.06605573743581772,0.9835659861564636,,,,,,,,
wine,0.4,Baseline-Full,10,45,0.9285714030265808,58.285713382065296,0.07142859697341919,1.0,0.9285714030265808,66,1.0,1.0,0.01746751181781292,0.010683414526283741,0.016433927747938365,0.010147559973928664,0.06605573743581772,0.9835659861564636,,,,,,,,
wine,0.6,Baseline-Full,10,45,0.9285714030265808,58.285713382065296,0.07142859697341919,1.0,0.9285714030265808,66,1.0,1.0,0.01746751181781292,0.010683414526283741,0.016433927747938365,0.010147559973928664,0.06605573743581772,0.9835659861564636,,,,,,,,
wine,0.8,Baseline-Full,10,45,0.9285714030265808,58.285713382065296,0.07142859697341919,1.0,0.9285714030265808,66,1.0,1.0,0.01746751181781292,0.010683414526283741,0.016433927747938365,0.010147559973928664,0.06605573743581772,0.9835659861564636,,,,,,,,
wine,1.0,Baseline-Full,10,45,0.9285714030265808,58.285713382065296,0.07142859697341919,1.0,0.9285714030265808,66,1.0,1.0,0.01746751181781292,0.010683414526283741,0.016433927747938365,0.010147559973928664,0.06605573743581772,0.9835659861564636,,,,,,,,
wine,0.0,Baseline-Full,11,299,1.0,296.6250001192093,0.0,1.0,1.0,300,0.9722222222222222,0.9722222222222222,0.05222298204898834,0.05222298204898834,0.030447070797284443,0.030447070797284443,0.04273875430226326,0.984821081161499,,,,,,,,
wine,0.2,Baseline-Full,11,299,1.0,296.6250001192093,0.0,1.0,1.0,300,0.9722222222222222,0.9722222222222222,0.05222298204898834,0.05222298204898834,0.030447070797284443,0.030447070797284443,0.04273875430226326,0.984821081161499,,,,,,,,
wine,0.4,Baseline-Full,11,299,1.0,296.6250001192093,0.0,1.0,1.0,300,0.9722222222222222,0.9722222222222222,0.05222298204898834,0.05222298204898834,0.030447070797284443,0.030447070797284443,0.04273875430226326,0.984821081161499,,,,,,,,
wine,0.6,Baseline-Full,11,299,1.0,296.6250001192093,0.0,1.0,1.0,300,0.9722222222222222,0.9722222222222222,0.05222298204898834,0.05222298204898834,0.030447070797284443,0.030447070797284443,0.04273875430226326,0.984821081161499,,,,,,,,
wine,0.8,Baseline-Full,11,299,1.0,296.6250001192093,0.0,1.0,1.0,300,0.9722222222222222,0.9722222222222222,0.05222298204898834,0.05222298204898834,0.030447070797284443,0.030447070797284443,0.04273875430226326,0.984821081161499,,,,,,,,
wine,1.0,Baseline-Full,11,299,1.0,296.6250001192093,0.0,1.0,1.0,300,0.9722222222222222,0.9722222222222222,0.05222298204898834,0.05222298204898834,0.030447070797284443,0.030447070797284443,0.04273875430226326,0.984821081161499,,,,,,,,
wine,0.0,Baseline-Full,12,48,0.9642857313156128,63.48214377462864,0.03571426868438721,1.0,0.9642857313156128,69,1.0,1.0,0.08245204389095306,0.07210037112236023,0.06799759798579746,0.05803916023837195,0.17743350565433502,0.9320023655891418,,,,,,,,
wine,0.2,Baseline-Full,12,48,0.9642857313156128,63.48214377462864,0.03571426868438721,1.0,0.9642857313156128,69,1.0,1.0,0.08245204389095306,0.07210037112236023,0.06799759798579746,0.05803916023837195,0.17743350565433502,0.9320023655891418,,,,,,,,
wine,0.4,Baseline-Full,12,48,0.9642857313156128,63.48214377462864,0.03571426868438721,1.0,0.9642857313156128,69,1.0,1.0,0.08245204389095306,0.07210037112236023,0.06799759798579746,0.05803916023837195,0.17743350565433502,0.9320023655891418,,,,,,,,
wine,0.6,Baseline-Full,12,48,0.9642857313156128,63.48214377462864,0.03571426868438721,1.0,0.9642857313156128,69,1.0,1.0,0.08245204389095306,0.07210037112236023,0.06799759798579746,0.05803916023837195,0.17743350565433502,0.9320023655891418,,,,,,,,
wine,0.8,Baseline-Full,12,48,0.9642857313156128,63.48214377462864,0.03571426868438721,1.0,0.9642857313156128,69,1.0,1.0,0.08245204389095306,0.07210037112236023,0.06799759798579746,0.05803916023837195,0.17743350565433502,0.9320023655891418,,,,,,,,
wine,1.0,Baseline-Full,12,48,0.9642857313156128,63.48214377462864,0.03571426868438721,1.0,0.9642857313156128,69,1.0,1.0,0.08245204389095306,0.07210037112236023,0.06799759798579746,0.05803916023837195,0.17743350565433502,0.9320023655891418,,,,,,,,
wine,0.0,Baseline-Full,13,32,0.9642857313156128,49.10714362561703,0.03571426868438721,1.0,0.9642857313156128,53,0.9722222222222222,0.9722222222222222,0.07160107791423798,0.07924302667379379,0.048137212793032326,0.04174092411994934,0.10906802117824554,0.9669118523597717,,,,,,,,
wine,0.2,Baseline-Full,13,32,0.9642857313156128,49.10714362561703,0.03571426868438721,1.0,0.9642857313156128,53,0.9722222222222222,0.9722222222222222,0.07160107791423798,0.07924302667379379,0.048137212793032326,0.04174092411994934,0.10906802117824554,0.9669118523597717,,,,,,,,
wine,0.4,Baseline-Full,13,32,0.9642857313156128,49.10714362561703,0.03571426868438721,1.0,0.9642857313156128,53,0.9722222222222222,0.9722222222222222,0.07160107791423798,0.07924302667379379,0.048137212793032326,0.04174092411994934,0.10906802117824554,0.9669118523597717,,,,,,,,
wine,0.6,Baseline-Full,13,32,0.9642857313156128,49.10714362561703,0.03571426868438721,1.0,0.9642857313156128,53,0.9722222222222222,0.9722222222222222,0.07160107791423798,0.07924302667379379,0.048137212793032326,0.04174092411994934,0.10906802117824554,0.9669118523597717,,,,,,,,
wine,0.8,Baseline-Full,13,32,0.9642857313156128,49.10714362561703,0.03571426868438721,1.0,0.9642857313156128,53,0.9722222222222222,0.9722222222222222,0.07160107791423798,0.07924302667379379,0.048137212793032326,0.04174092411994934,0.10906802117824554,0.9669118523597717,,,,,,,,
wine,1.0,Baseline-Full,13,32,0.9642857313156128,49.10714362561703,0.03571426868438721,1.0,0.9642857313156128,53,0.9722222222222222,0.9722222222222222,0.07160107791423798,0.07924302667379379,0.048137212793032326,0.04174092411994934,0.10906802117824554,0.9669118523597717,,,,,,,,
wine,0.0,Baseline-Full,14,299,1.0,298.12499994039536,0.0,1.0,1.0,300,0.9444444444444444,0.9444444444444444,0.11656413972377777,0.11656413972377777,0.0463292830520206,0.0463292830520206,0.057748276740312576,0.9765423536300659,,,,,,,,
wine,0.2,Baseline-Full,14,299,1.0,298.12499994039536,0.0,1.0,1.0,300,0.9444444444444444,0.9444444444444444,0.11656413972377777,0.11656413972377777,0.0463292830520206,0.0463292830520206,0.057748276740312576,0.9765423536300659,,,,,,,,
wine,0.4,Baseline-Full,14,299,1.0,298.12499994039536,0.0,1.0,1.0,300,0.9444444444444444,0.9444444444444444,0.11656413972377777,0.11656413972377777,0.0463292830520206,0.0463292830520206,0.057748276740312576,0.9765423536300659,,,,,,,,
wine,0.6,Baseline-Full,14,299,1.0,298.12499994039536,0.0,1.0,1.0,300,0.9444444444444444,0.9444444444444444,0.11656413972377777,0.11656413972377777,0.0463292830520206,0.0463292830520206,0.057748276740312576,0.9765423536300659,,,,,,,,
wine,0.8,Baseline-Full,14,299,1.0,298.12499994039536,0.0,1.0,1.0,300,0.9444444444444444,0.9444444444444444,0.11656413972377777,0.11656413972377777,0.0463292830520206,0.0463292830520206,0.057748276740312576,0.9765423536300659,,,,,,,,
wine,1.0,Baseline-Full,14,299,1.0,298.12499994039536,0.0,1.0,1.0,300,0.9444444444444444,0.9444444444444444,0.11656413972377777,0.11656413972377777,0.0463292830520206,0.0463292830520206,0.057748276740312576,0.9765423536300659,,,,,,,,
wine,0.0,Baseline-Full,15,64,0.9642857313156128,81.30357202887535,0.03571426868438721,1.0,0.9642857313156128,85,1.0,1.0,0.020950105041265488,0.016020212322473526,0.019289412432246737,0.01486341655254364,0.06915581971406937,0.9807105660438538,,,,,,,,
wine,0.2,Baseline-Full,15,64,0.9642857313156128,81.30357202887535,0.03571426868438721,1.0,0.9642857313156128,85,1.0,1.0,0.020950105041265488,0.016020212322473526,0.019289412432246737,0.01486341655254364,0.06915581971406937,0.9807105660438538,,,,,,,,
wine,0.4,Baseline-Full,15,64,0.9642857313156128,81.30357202887535,0.03571426868438721,1.0,0.9642857313156128,85,1.0,1.0,0.020950105041265488,0.016020212322473526,0.019289412432246737,0.01486341655254364,0.06915581971406937,0.9807105660438538,,,,,,,,
wine,0.6,Baseline-Full,15,64,0.9642857313156128,81.30357202887535,0.03571426868438721,1.0,0.9642857313156128,85,1.0,1.0,0.020950105041265488,0.016020212322473526,0.019289412432246737,0.01486341655254364,0.06915581971406937,0.9807105660438538,,,,,,,,
wine,0.8,Baseline-Full,15,64,0.9642857313156128,81.30357202887535,0.03571426868438721,1.0,0.9642857313156128,85,1.0,1.0,0.020950105041265488,0.016020212322473526,0.019289412432246737,0.01486341655254364,0.06915581971406937,0.9807105660438538,,,,,,,,
wine,1.0,Baseline-Full,15,64,0.9642857313156128,81.30357202887535,0.03571426868438721,1.0,0.9642857313156128,85,1.0,1.0,0.020950105041265488,0.016020212322473526,0.019289412432246737,0.01486341655254364,0.06915581971406937,0.9807105660438538,,,,,,,,
wine,0.0,Baseline-Full,16,39,0.9642857313156128,56.14285781979561,0.03571426868438721,1.0,0.9642857313156128,60,1.0,1.0,0.014937710016965866,0.00645090639591217,0.01450774073600769,0.006358444690704346,0.06757073104381561,0.9854922890663147,,,,,,,,
wine,0.2,Baseline-Full,16,39,0.9642857313156128,56.14285781979561,0.03571426868438721,1.0,0.9642857313156128,60,1.0,1.0,0.014937710016965866,0.00645090639591217,0.01450774073600769,0.006358444690704346,0.06757073104381561,0.9854922890663147,,,,,,,,
wine,0.4,Baseline-Full,16,39,0.9642857313156128,56.14285781979561,0.03571426868438721,1.0,0.9642857313156128,60,1.0,1.0,0.014937710016965866,0.00645090639591217,0.01450774073600769,0.006358444690704346,0.06757073104381561,0.9854922890663147,,,,,,,,
wine,0.6,Baseline-Full,16,39,0.9642857313156128,56.14285781979561,0.03571426868438721,1.0,0.9642857313156128,60,1.0,1.0,0.014937710016965866,0.00645090639591217,0.01450774073600769,0.006358444690704346,0.06757073104381561,0.9854922890663147,,,,,,,,
wine,0.8,Baseline-Full,16,39,0.9642857313156128,56.14285781979561,0.03571426868438721,1.0,0.9642857313156128,60,1.0,1.0,0.014937710016965866,0.00645090639591217,0.01450774073600769,0.006358444690704346,0.06757073104381561,0.9854922890663147,,,,,,,,
wine,1.0,Baseline-Full,16,39,0.9642857313156128,56.14285781979561,0.03571426868438721,1.0,0.9642857313156128,60,1.0,1.0,0.014937710016965866,0.00645090639591217,0.01450774073600769,0.006358444690704346,0.06757073104381561,0.9854922890663147,,,,,,,,
wine,0.0,Baseline-Full,17,104,0.9642857313156128,116.55357323586941,0.03571426868438721,1.0,0.9642857313156128,125,0.9166666666666666,0.9166666666666666,0.2557547986507416,0.27475351095199585,0.08168899681833053,0.07873149050606619,0.09172012656927109,0.9651493430137634,,,,,,,,
wine,0.2,Baseline-Full,17,104,0.9642857313156128,116.55357323586941,0.03571426868438721,1.0,0.9642857313156128,125,0.9166666666666666,0.9166666666666666,0.2557547986507416,0.27475351095199585,0.08168899681833053,0.07873149050606619,0.09172012656927109,0.9651493430137634,,,,,,,,
wine,0.4,Baseline-Full,17,104,0.9642857313156128,116.55357323586941,0.03571426868438721,1.0,0.9642857313156128,125,0.9166666666666666,0.9166666666666666,0.2557547986507416,0.27475351095199585,0.08168899681833053,0.07873149050606619,0.09172012656927109,0.9651493430137634,,,,,,,,
wine,0.6,Baseline-Full,17,104,0.9642857313156128,116.55357323586941,0.03571426868438721,1.0,0.9642857313156128,125,0.9166666666666666,0.9166666666666666,0.2557547986507416,0.27475351095199585,0.08168899681833053,0.07873149050606619,0.09172012656927109,0.9651493430137634,,,,,,,,
wine,0.8,Baseline-Full,17,104,0.9642857313156128,116.55357323586941,0.03571426868438721,1.0,0.9642857313156128,125,0.9166666666666666,0.9166666666666666,0.2557547986507416,0.27475351095199585,0.08168899681833053,0.07873149050606619,0.09172012656927109,0.9651493430137634,,,,,,,,
wine,1.0,Baseline-Full,17,104,0.9642857313156128,116.55357323586941,0.03571426868438721,1.0,0.9642857313156128,125,0.9166666666666666,0.9166666666666666,0.2557547986507416,0.27475351095199585,0.08168899681833053,0.07873149050606619,0.09172012656927109,0.9651493430137634,,,,,,,,
wine,0.0,Baseline-Full,18,299,0.9642857313156128,286.26786157488823,0.03571426868438721,1.0,0.9642857313156128,300,0.9444444444444444,0.9444444444444444,0.06318343430757523,0.06318343430757523,0.03407246288326051,0.03407246288326051,0.0460650734603405,0.9774652123451233,,,,,,,,
wine,0.2,Baseline-Full,18,299,0.9642857313156128,286.26786157488823,0.03571426868438721,1.0,0.9642857313156128,300,0.9444444444444444,0.9444444444444444,0.06318343430757523,0.06318343430757523,0.03407246288326051,0.03407246288326051,0.0460650734603405,0.9774652123451233,,,,,,,,
wine,0.4,Baseline-Full,18,299,0.9642857313156128,286.26786157488823,0.03571426868438721,1.0,0.9642857313156128,300,0.9444444444444444,0.9444444444444444,0.06318343430757523,0.06318343430757523,0.03407246288326051,0.03407246288326051,0.0460650734603405,0.9774652123451233,,,,,,,,
wine,0.6,Baseline-Full,18,299,0.9642857313156128,286.26786157488823,0.03571426868438721,1.0,0.9642857313156128,300,0.9444444444444444,0.9444444444444444,0.06318343430757523,0.06318343430757523,0.03407246288326051,0.03407246288326051,0.0460650734603405,0.9774652123451233,,,,,,,,
wine,0.8,Baseline-Full,18,299,0.9642857313156128,286.26786157488823,0.03571426868438721,1.0,0.9642857313156128,300,0.9444444444444444,0.9444444444444444,0.06318343430757523,0.06318343430757523,0.03407246288326051,0.03407246288326051,0.0460650734603405,0.9774652123451233,,,,,,,,
wine,1.0,Baseline-Full,18,299,0.9642857313156128,286.26786157488823,0.03571426868438721,1.0,0.9642857313156128,300,0.9444444444444444,0.9444444444444444,0.06318343430757523,0.06318343430757523,0.03407246288326051,0.03407246288326051,0.0460650734603405,0.9774652123451233,,,,,,,,
wine,0.0,Baseline-Full,19,29,0.9642857313156128,44.9821433275938,0.03571426868438721,1.0,0.9642857313156128,50,1.0,1.0,0.0510697215795517,0.03905239701271057,0.04440710279676649,0.031995119320021734,0.14059323072433472,0.9555929899215698,,,,,,,,
wine,0.2,Baseline-Full,19,29,0.9642857313156128,44.9821433275938,0.03571426868438721,1.0,0.9642857313156128,50,1.0,1.0,0.0510697215795517,0.03905239701271057,0.04440710279676649,0.031995119320021734,0.14059323072433472,0.9555929899215698,,,,,,,,
wine,0.4,Baseline-Full,19,29,0.9642857313156128,44.9821433275938,0.03571426868438721,1.0,0.9642857313156128,50,1.0,1.0,0.0510697215795517,0.03905239701271057,0.04440710279676649,0.031995119320021734,0.14059323072433472,0.9555929899215698,,,,,,,,
wine,0.6,Baseline-Full,19,29,0.9642857313156128,44.9821433275938,0.03571426868438721,1.0,0.9642857313156128,50,1.0,1.0,0.0510697215795517,0.03905239701271057,0.04440710279676649,0.031995119320021734,0.14059323072433472,0.9555929899215698,,,,,,,,
wine,0.8,Baseline-Full,19,29,0.9642857313156128,44.9821433275938,0.03571426868438721,1.0,0.9642857313156128,50,1.0,1.0,0.0510697215795517,0.03905239701271057,0.04440710279676649,0.031995119320021734,0.14059323072433472,0.9555929899215698,,,,,,,,
wine,1.0,Baseline-Full,19,29,0.9642857313156128,44.9821433275938,0.03571426868438721,1.0,0.9642857313156128,50,1.0,1.0,0.0510697215795517,0.03905239701271057,0.04440710279676649,0.031995119320021734,0.14059323072433472,0.9555929899215698,,,,,,,,
wine,0.0,Baseline-Half,0,299,1.0,294.7321422845125,0.0,1.0,1.0,300,0.9722222222222222,0.9722222222222222,0.025074029341340065,0.025074029341340065,0.016229462292459276,0.016229462292459276,0.026685619726777077,0.9870383739471436,,,,,,,,
wine,0.2,Baseline-Half,0,299,1.0,294.7321422845125,0.0,1.0,1.0,300,0.9722222222222222,0.9722222222222222,0.025074029341340065,0.025074029341340065,0.016229462292459276,0.016229462292459276,0.026685619726777077,0.9870383739471436,,,,,,,,
wine,0.4,Baseline-Half,0,299,1.0,294.7321422845125,0.0,1.0,1.0,300,0.9722222222222222,0.9722222222222222,0.025074029341340065,0.025074029341340065,0.016229462292459276,0.016229462292459276,0.026685619726777077,0.9870383739471436,,,,,,,,
wine,0.6,Baseline-Half,0,299,1.0,294.7321422845125,0.0,1.0,1.0,300,0.9722222222222222,0.9722222222222222,0.025074029341340065,0.025074029341340065,0.016229462292459276,0.016229462292459276,0.026685619726777077,0.9870383739471436,,,,,,,,
wine,0.8,Baseline-Half,0,299,1.0,294.7321422845125,0.0,1.0,1.0,300,0.9722222222222222,0.9722222222222222,0.025074029341340065,0.025074029341340065,0.016229462292459276,0.016229462292459276,0.026685619726777077,0.9870383739471436,,,,,,,,
wine,1.0,Baseline-Half,0,299,1.0,294.7321422845125,0.0,1.0,1.0,300,0.9722222222222222,0.9722222222222222,0.025074029341340065,0.025074029341340065,0.016229462292459276,0.016229462292459276,0.026685619726777077,0.9870383739471436,,,,,,,,
wine,0.0,Baseline-Half,1,43,0.8928571343421936,51.57142798602581,0.1071428656578064,1.0,0.8928571343421936,64,0.9722222222222222,0.9444444444444444,0.1650269329547882,0.12824411690235138,0.13100717216730115,0.0917749082048734,0.34644004702568054,0.8763825297355652,,,,,,,,
wine,0.2,Baseline-Half,1,43,0.8928571343421936,51.57142798602581,0.1071428656578064,1.0,0.8928571343421936,64,0.9722222222222222,0.9444444444444444,0.1650269329547882,0.12824411690235138,0.13100717216730115,0.0917749082048734,0.34644004702568054,0.8763825297355652,,,,,,,,
wine,0.4,Baseline-Half,1,43,0.8928571343421936,51.57142798602581,0.1071428656578064,1.0,0.8928571343421936,64,0.9722222222222222,0.9444444444444444,0.1650269329547882,0.12824411690235138,0.13100717216730115,0.0917749082048734,0.34644004702568054,0.8763825297355652,,,,,,,,
wine,0.6,Baseline-Half,1,43,0.8928571343421936,51.57142798602581,0.1071428656578064,1.0,0.8928571343421936,64,0.9722222222222222,0.9444444444444444,0.1650269329547882,0.12824411690235138,0.13100717216730115,0.0917749082048734,0.34644004702568054,0.8763825297355652,,,,,,,,
wine,0.8,Baseline-Half,1,43,0.8928571343421936,51.57142798602581,0.1071428656578064,1.0,0.8928571343421936,64,0.9722222222222222,0.9444444444444444,0.1650269329547882,0.12824411690235138,0.13100717216730115,0.0917749082048734,0.34644004702568054,0.8763825297355652,,,,,,,,
wine,1.0,Baseline-Half,1,43,0.8928571343421936,51.57142798602581,0.1071428656578064,1.0,0.8928571343421936,64,0.9722222222222222,0.9444444444444444,0.1650269329547882,0.12824411690235138,0.13100717216730115,0.0917749082048734,0.34644004702568054,0.8763825297355652,,,,,,,,
wine,0.0,Baseline-Half,2,299,1.0,296.9107142984867,0.0,1.0,1.0,300,1.0,1.0,0.02752283215522766,0.02752283215522766,0.022688110669453938,0.022688110669453938,0.054141540080308914,0.9773118495941162,,,,,,,,
wine,0.2,Baseline-Half,2,299,1.0,296.9107142984867,0.0,1.0,1.0,300,1.0,1.0,0.02752283215522766,0.02752283215522766,0.022688110669453938,0.022688110669453938,0.054141540080308914,0.9773118495941162,,,,,,,,
wine,0.4,Baseline-Half,2,299,1.0,296.9107142984867,0.0,1.0,1.0,300,1.0,1.0,0.02752283215522766,0.02752283215522766,0.022688110669453938,0.022688110669453938,0.054141540080308914,0.9773118495941162,,,,,,,,
wine,0.6,Baseline-Half,2,299,1.0,296.9107142984867,0.0,1.0,1.0,300,1.0,1.0,0.02752283215522766,0.02752283215522766,0.022688110669453938,0.022688110669453938,0.054141540080308914,0.9773118495941162,,,,,,,,
wine,0.8,Baseline-Half,2,299,1.0,296.9107142984867,0.0,1.0,1.0,300,1.0,1.0,0.02752283215522766,0.02752283215522766,0.022688110669453938,0.022688110669453938,0.054141540080308914,0.9773118495941162,,,,,,,,
wine,1.0,Baseline-Half,2,299,1.0,296.9107142984867,0.0,1.0,1.0,300,1.0,1.0,0.02752283215522766,0.02752283215522766,0.022688110669453938,0.022688110669453938,0.054141540080308914,0.9773118495941162,,,,,,,,
wine,0.0,Baseline-Half,3,299,1.0,293.96428593993187,0.0,1.0,1.0,300,1.0,1.0,0.007744356989860535,0.007744356989860535,0.006868567731645372,0.006868567731645372,0.018701592460274696,0.9931313395500183,,,,,,,,
wine,0.2,Baseline-Half,3,299,1.0,293.96428593993187,0.0,1.0,1.0,300,1.0,1.0,0.007744356989860535,0.007744356989860535,0.006868567731645372,0.006868567731645372,0.018701592460274696,0.9931313395500183,,,,,,,,
wine,0.4,Baseline-Half,3,299,1.0,293.96428593993187,0.0,1.0,1.0,300,1.0,1.0,0.007744356989860535,0.007744356989860535,0.006868567731645372,0.006868567731645372,0.018701592460274696,0.9931313395500183,,,,,,,,
wine,0.6,Baseline-Half,3,299,1.0,293.96428593993187,0.0,1.0,1.0,300,1.0,1.0,0.007744356989860535,0.007744356989860535,0.006868567731645372,0.006868567731645372,0.018701592460274696,0.9931313395500183,,,,,,,,
wine,0.8,Baseline-Half,3,299,1.0,293.96428593993187,0.0,1.0,1.0,300,1.0,1.0,0.007744356989860535,0.007744356989860535,0.006868567731645372,0.006868567731645372,0.018701592460274696,0.9931313395500183,,,,,,,,
wine,1.0,Baseline-Half,3,299,1.0,293.96428593993187,0.0,1.0,1.0,300,1.0,1.0,0.007744356989860535,0.007744356989860535,0.006868567731645372,0.006868567731645372,0.018701592460274696,0.9931313395500183,,,,,,,,
wine,0.0,Baseline-Half,4,37,0.8928571343421936,49.99999962747097,0.1071428656578064,1.0,0.8928571343421936,58,0.9722222222222222,0.9722222222222222,0.17360523343086243,0.1679331660270691,0.08584001329210071,0.0376054031981362,0.2770100235939026,0.919048547744751,,,,,,,,
wine,0.2,Baseline-Half,4,37,0.8928571343421936,49.99999962747097,0.1071428656578064,1.0,0.8928571343421936,58,0.9722222222222222,0.9722222222222222,0.17360523343086243,0.1679331660270691,0.08584001329210071,0.0376054031981362,0.2770100235939026,0.919048547744751,,,,,,,,
wine,0.4,Baseline-Half,4,37,0.8928571343421936,49.99999962747097,0.1071428656578064,1.0,0.8928571343421936,58,0.9722222222222222,0.9722222222222222,0.17360523343086243,0.1679331660270691,0.08584001329210071,0.0376054031981362,0.2770100235939026,0.919048547744751,,,,,,,,
wine,0.6,Baseline-Half,4,37,0.8928571343421936,49.99999962747097,0.1071428656578064,1.0,0.8928571343421936,58,0.9722222222222222,0.9722222222222222,0.17360523343086243,0.1679331660270691,0.08584001329210071,0.0376054031981362,0.2770100235939026,0.919048547744751,,,,,,,,
wine,0.8,Baseline-Half,4,37,0.8928571343421936,49.99999962747097,0.1071428656578064,1.0,0.8928571343421936,58,0.9722222222222222,0.9722222222222222,0.17360523343086243,0.1679331660270691,0.08584001329210071,0.0376054031981362,0.2770100235939026,0.919048547744751,,,,,,,,
wine,1.0,Baseline-Half,4,37,0.8928571343421936,49.99999962747097,0.1071428656578064,1.0,0.8928571343421936,58,0.9722222222222222,0.9722222222222222,0.17360523343086243,0.1679331660270691,0.08584001329210071,0.0376054031981362,0.2770100235939026,0.919048547744751,,,,,,,,
wine,0.0,Baseline-Half,5,299,1.0,296.17857164144516,0.0,1.0,1.0,300,0.9444444444444444,0.9444444444444444,0.20764870941638947,0.20764870941638947,0.07492440773381126,0.07492440773381126,0.07167068123817444,0.9700491428375244,,,,,,,,
wine,0.2,Baseline-Half,5,299,1.0,296.17857164144516,0.0,1.0,1.0,300,0.9444444444444444,0.9444444444444444,0.20764870941638947,0.20764870941638947,0.07492440773381126,0.07492440773381126,0.07167068123817444,0.9700491428375244,,,,,,,,
wine,0.4,Baseline-Half,5,299,1.0,296.17857164144516,0.0,1.0,1.0,300,0.9444444444444444,0.9444444444444444,0.20764870941638947,0.20764870941638947,0.07492440773381126,0.07492440773381126,0.07167068123817444,0.9700491428375244,,,,,,,,
wine,0.6,Baseline-Half,5,299,1.0,296.17857164144516,0.0,1.0,1.0,300,0.9444444444444444,0.9444444444444444,0.20764870941638947,0.20764870941638947,0.07492440773381126,0.07492440773381126,0.07167068123817444,0.9700491428375244,,,,,,,,
wine,0.8,Baseline-Half,5,299,1.0,296.17857164144516,0.0,1.0,1.0,300,0.9444444444444444,0.9444444444444444,0.20764870941638947,0.20764870941638947,0.07492440773381126,0.07492440773381126,0.07167068123817444,0.9700491428375244,,,,,,,,
wine,1.0,Baseline-Half,5,299,1.0,296.17857164144516,0.0,1.0,1.0,300,0.9444444444444444,0.9444444444444444,0.20764870941638947,0.20764870941638947,0.07492440773381126,0.07492440773381126,0.07167068123817444,0.9700491428375244,,,,,,,,
wine,0.0,Baseline-Half,6,299,1.0,290.66071420907974,0.0,1.0,1.0,300,0.9444444444444444,0.9444444444444444,0.16828589141368866,0.16828589141368866,0.0488290339708328,0.0488290339708328,0.05942697077989578,0.9781748652458191,,,,,,,,
wine,0.2,Baseline-Half,6,299,1.0,290.66071420907974,0.0,1.0,1.0,300,0.9444444444444444,0.9444444444444444,0.16828589141368866,0.16828589141368866,0.0488290339708328,0.0488290339708328,0.05942697077989578,0.9781748652458191,,,,,,,,
wine,0.4,Baseline-Half,6,299,1.0,290.66071420907974,0.0,1.0,1.0,300,0.9444444444444444,0.9444444444444444,0.16828589141368866,0.16828589141368866,0.0488290339708328,0.0488290339708328,0.05942697077989578,0.9781748652458191,,,,,,,,
wine,0.6,Baseline-Half,6,299,1.0,290.66071420907974,0.0,1.0,1.0,300,0.9444444444444444,0.9444444444444444,0.16828589141368866,0.16828589141368866,0.0488290339708328,0.0488290339708328,0.05942697077989578,0.9781748652458191,,,,,,,,
wine,0.8,Baseline-Half,6,299,1.0,290.66071420907974,0.0,1.0,1.0,300,0.9444444444444444,0.9444444444444444,0.16828589141368866,0.16828589141368866,0.0488290339708328,0.0488290339708328,0.05942697077989578,0.9781748652458191,,,,,,,,
wine,1.0,Baseline-Half,6,299,1.0,290.66071420907974,0.0,1.0,1.0,300,0.9444444444444444,0.9444444444444444,0.16828589141368866,0.16828589141368866,0.0488290339708328,0.0488290339708328,0.05942697077989578,0.9781748652458191,,,,,,,,
wine,0.0,Baseline-Half,7,299,1.0,297.267857208848,0.0,1.0,1.0,300,0.9444444444444444,0.9444444444444444,0.10103780776262283,0.10103780776262283,0.04609780013561249,0.04609780013561249,0.06686817109584808,0.9794751405715942,,,,,,,,
wine,0.2,Baseline-Half,7,299,1.0,297.267857208848,0.0,1.0,1.0,300,0.9444444444444444,0.9444444444444444,0.10103780776262283,0.10103780776262283,0.04609780013561249,0.04609780013561249,0.06686817109584808,0.9794751405715942,,,,,,,,
wine,0.4,Baseline-Half,7,299,1.0,297.267857208848,0.0,1.0,1.0,300,0.9444444444444444,0.9444444444444444,0.10103780776262283,0.10103780776262283,0.04609780013561249,0.04609780013561249,0.06686817109584808,0.9794751405715942,,,,,,,,
wine,0.6,Baseline-Half,7,299,1.0,297.267857208848,0.0,1.0,1.0,300,0.9444444444444444,0.9444444444444444,0.10103780776262283,0.10103780776262283,0.04609780013561249,0.04609780013561249,0.06686817109584808,0.9794751405715942,,,,,,,,
wine,0.8,Baseline-Half,7,299,1.0,297.267857208848,0.0,1.0,1.0,300,0.9444444444444444,0.9444444444444444,0.10103780776262283,0.10103780776262283,0.04609780013561249,0.04609780013561249,0.06686817109584808,0.9794751405715942,,,,,,,,
wine,1.0,Baseline-Half,7,299,1.0,297.267857208848,0.0,1.0,1.0,300,0.9444444444444444,0.9444444444444444,0.10103780776262283,0.10103780776262283,0.04609780013561249,0.04609780013561249,0.06686817109584808,0.9794751405715942,,,,,,,,
wine,0.0,Baseline-Half,8,299,1.0,292.46428604424,0.0,1.0,1.0,300,0.9444444444444444,0.9444444444444444,0.18109813332557678,0.18109813332557678,0.060148523913489425,0.060148523913489425,0.04586781561374664,0.9825264811515808,,,,,,,,
wine,0.2,Baseline-Half,8,299,1.0,292.46428604424,0.0,1.0,1.0,300,0.9444444444444444,0.9444444444444444,0.18109813332557678,0.18109813332557678,0.060148523913489425,0.060148523913489425,0.04586781561374664,0.9825264811515808,,,,,,,,
wine,0.4,Baseline-Half,8,299,1.0,292.46428604424,0.0,1.0,1.0,300,0.9444444444444444,0.9444444444444444,0.18109813332557678,0.18109813332557678,0.060148523913489425,0.060148523913489425,0.04586781561374664,0.9825264811515808,,,,,,,,
wine,0.6,Baseline-Half,8,299,1.0,292.46428604424,0.0,1.0,1.0,300,0.9444444444444444,0.9444444444444444,0.18109813332557678,0.18109813332557678,0.060148523913489425,0.060148523913489425,0.04586781561374664,0.9825264811515808,,,,,,,,
wine,0.8,Baseline-Half,8,299,1.0,292.46428604424,0.0,1.0,1.0,300,0.9444444444444444,0.9444444444444444,0.18109813332557678,0.18109813332557678,0.060148523913489425,0.060148523913489425,0.04586781561374664,0.9825264811515808,,,,,,,,
wine,1.0,Baseline-Half,8,299,1.0,292.46428604424,0.0,1.0,1.0,300,0.9444444444444444,0.9444444444444444,0.18109813332557678,0.18109813332557678,0.060148523913489425,0.060148523913489425,0.04586781561374664,0.9825264811515808,,,,,,,,
wine,0.0,Baseline-Half,9,299,0.9642857313156128,283.37500317394733,0.03571426868438721,1.0,0.9642857313156128,300,1.0,1.0,0.009433034807443619,0.009433034807443619,0.00902476410071055,0.00902476410071055,0.0344674289226532,0.9909752607345581,,,,,,,,
wine,0.2,Baseline-Half,9,299,0.9642857313156128,283.37500317394733,0.03571426868438721,1.0,0.9642857313156128,300,1.0,1.0,0.009433034807443619,0.009433034807443619,0.00902476410071055,0.00902476410071055,0.0344674289226532,0.9909752607345581,,,,,,,,
wine,0.4,Baseline-Half,9,299,0.9642857313156128,283.37500317394733,0.03571426868438721,1.0,0.9642857313156128,300,1.0,1.0,0.009433034807443619,0.009433034807443619,0.00902476410071055,0.00902476410071055,0.0344674289226532,0.9909752607345581,,,,,,,,
wine,0.6,Baseline-Half,9,299,0.9642857313156128,283.37500317394733,0.03571426868438721,1.0,0.9642857313156128,300,1.0,1.0,0.009433034807443619,0.009433034807443619,0.00902476410071055,0.00902476410071055,0.0344674289226532,0.9909752607345581,,,,,,,,
wine,0.8,Baseline-Half,9,299,0.9642857313156128,283.37500317394733,0.03571426868438721,1.0,0.9642857313156128,300,1.0,1.0,0.009433034807443619,0.009433034807443619,0.00902476410071055,0.00902476410071055,0.0344674289226532,0.9909752607345581,,,,,,,,
wine,1.0,Baseline-Half,9,299,0.9642857313156128,283.37500317394733,0.03571426868438721,1.0,0.9642857313156128,300,1.0,1.0,0.009433034807443619,0.009433034807443619,0.00902476410071055,0.00902476410071055,0.0344674289226532,0.9909752607345581,,,,,,,,
wine,0.0,Baseline-Half,10,67,0.9285714030265808,77.07142790406942,0.07142859697341919,1.0,0.9285714030265808,88,1.0,1.0,0.03741070255637169,0.025632847100496292,0.03345026903682285,0.022386294272210863,0.12459833174943924,0.9665496349334717,,,,,,,,
wine,0.2,Baseline-Half,10,67,0.9285714030265808,77.07142790406942,0.07142859697341919,1.0,0.9285714030265808,88,1.0,1.0,0.03741070255637169,0.025632847100496292,0.03345026903682285,0.022386294272210863,0.12459833174943924,0.9665496349334717,,,,,,,,
wine,0.4,Baseline-Half,10,67,0.9285714030265808,77.07142790406942,0.07142859697341919,1.0,0.9285714030265808,88,1.0,1.0,0.03741070255637169,0.025632847100496292,0.03345026903682285,0.022386294272210863,0.12459833174943924,0.9665496349334717,,,,,,,,
wine,0.6,Baseline-Half,10,67,0.9285714030265808,77.07142790406942,0.07142859697341919,1.0,0.9285714030265808,88,1.0,1.0,0.03741070255637169,0.025632847100496292,0.03345026903682285,0.022386294272210863,0.12459833174943924,0.9665496349334717,,,,,,,,
wine,0.8,Baseline-Half,10,67,0.9285714030265808,77.07142790406942,0.07142859697341919,1.0,0.9285714030265808,88,1.0,1.0,0.03741070255637169,0.025632847100496292,0.03345026903682285,0.022386294272210863,0.12459833174943924,0.9665496349334717,,,,,,,,
wine,1.0,Baseline-Half,10,67,0.9285714030265808,77.07142790406942,0.07142859697341919,1.0,0.9285714030265808,88,1.0,1.0,0.03741070255637169,0.025632847100496292,0.03345026903682285,0.022386294272210863,0.12459833174943924,0.9665496349334717,,,,,,,,
wine,0.0,Baseline-Half,11,299,1.0,294.87499998509884,0.0,1.0,1.0,300,0.9444444444444444,0.9444444444444444,0.0777367576956749,0.0777367576956749,0.047034555011325405,0.047034555011325405,0.06487953662872314,0.9769255518913269,,,,,,,,
wine,0.2,Baseline-Half,11,299,1.0,294.87499998509884,0.0,1.0,1.0,300,0.9444444444444444,0.9444444444444444,0.0777367576956749,0.0777367576956749,0.047034555011325405,0.047034555011325405,0.06487953662872314,0.9769255518913269,,,,,,,,
wine,0.4,Baseline-Half,11,299,1.0,294.87499998509884,0.0,1.0,1.0,300,0.9444444444444444,0.9444444444444444,0.0777367576956749,0.0777367576956749,0.047034555011325405,0.047034555011325405,0.06487953662872314,0.9769255518913269,,,,,,,,
wine,0.6,Baseline-Half,11,299,1.0,294.87499998509884,0.0,1.0,1.0,300,0.9444444444444444,0.9444444444444444,0.0777367576956749,0.0777367576956749,0.047034555011325405,0.047034555011325405,0.06487953662872314,0.9769255518913269,,,,,,,,
wine,0.8,Baseline-Half,11,299,1.0,294.87499998509884,0.0,1.0,1.0,300,0.9444444444444444,0.9444444444444444,0.0777367576956749,0.0777367576956749,0.047034555011325405,0.047034555011325405,0.06487953662872314,0.9769255518913269,,,,,,,,
wine,1.0,Baseline-Half,11,299,1.0,294.87499998509884,0.0,1.0,1.0,300,0.9444444444444444,0.9444444444444444,0.0777367576956749,0.0777367576956749,0.047034555011325405,0.047034555011325405,0.06487953662872314,0.9769255518913269,,,,,,,,
wine,0.0,Baseline-Half,12,69,0.9642857313156128,80.12500106543303,0.03571426868438721,1.0,0.9642857313156128,90,0.9444444444444444,0.9444444444444444,0.16156791150569916,0.14844569563865662,0.0632277379433314,0.04579713775051965,0.2567483186721802,0.9102475643157959,,,,,,,,
wine,0.2,Baseline-Half,12,69,0.9642857313156128,80.12500106543303,0.03571426868438721,1.0,0.9642857313156128,90,0.9444444444444444,0.9444444444444444,0.16156791150569916,0.14844569563865662,0.0632277379433314,0.04579713775051965,0.2567483186721802,0.9102475643157959,,,,,,,,
wine,0.4,Baseline-Half,12,69,0.9642857313156128,80.12500106543303,0.03571426868438721,1.0,0.9642857313156128,90,0.9444444444444444,0.9444444444444444,0.16156791150569916,0.14844569563865662,0.0632277379433314,0.04579713775051965,0.2567483186721802,0.9102475643157959,,,,,,,,
wine,0.6,Baseline-Half,12,69,0.9642857313156128,80.12500106543303,0.03571426868438721,1.0,0.9642857313156128,90,0.9444444444444444,0.9444444444444444,0.16156791150569916,0.14844569563865662,0.0632277379433314,0.04579713775051965,0.2567483186721802,0.9102475643157959,,,,,,,,
wine,0.8,Baseline-Half,12,69,0.9642857313156128,80.12500106543303,0.03571426868438721,1.0,0.9642857313156128,90,0.9444444444444444,0.9444444444444444,0.16156791150569916,0.14844569563865662,0.0632277379433314,0.04579713775051965,0.2567483186721802,0.9102475643157959,,,,,,,,
wine,1.0,Baseline-Half,12,69,0.9642857313156128,80.12500106543303,0.03571426868438721,1.0,0.9642857313156128,90,0.9444444444444444,0.9444444444444444,0.16156791150569916,0.14844569563865662,0.0632277379433314,0.04579713775051965,0.2567483186721802,0.9102475643157959,,,,,,,,
wine,0.0,Baseline-Half,13,96,0.9642857313156128,108.4285730868578,0.03571426868438721,1.0,0.9642857313156128,117,0.9444444444444444,0.9444444444444444,0.09376627951860428,0.09167219698429108,0.04371228317419687,0.03547882537047068,0.07533170282840729,0.9733154773712158,,,,,,,,
wine,0.2,Baseline-Half,13,96,0.9642857313156128,108.4285730868578,0.03571426868438721,1.0,0.9642857313156128,117,0.9444444444444444,0.9444444444444444,0.09376627951860428,0.09167219698429108,0.04371228317419687,0.03547882537047068,0.07533170282840729,0.9733154773712158,,,,,,,,
wine,0.4,Baseline-Half,13,96,0.9642857313156128,108.4285730868578,0.03571426868438721,1.0,0.9642857313156128,117,0.9444444444444444,0.9444444444444444,0.09376627951860428,0.09167219698429108,0.04371228317419687,0.03547882537047068,0.07533170282840729,0.9733154773712158,,,,,,,,
wine,0.6,Baseline-Half,13,96,0.9642857313156128,108.4285730868578,0.03571426868438721,1.0,0.9642857313156128,117,0.9444444444444444,0.9444444444444444,0.09376627951860428,0.09167219698429108,0.04371228317419687,0.03547882537047068,0.07533170282840729,0.9733154773712158,,,,,,,,
wine,0.8,Baseline-Half,13,96,0.9642857313156128,108.4285730868578,0.03571426868438721,1.0,0.9642857313156128,117,0.9444444444444444,0.9444444444444444,0.09376627951860428,0.09167219698429108,0.04371228317419687,0.03547882537047068,0.07533170282840729,0.9733154773712158,,,,,,,,
wine,1.0,Baseline-Half,13,96,0.9642857313156128,108.4285730868578,0.03571426868438721,1.0,0.9642857313156128,117,0.9444444444444444,0.9444444444444444,0.09376627951860428,0.09167219698429108,0.04371228317419687,0.03547882537047068,0.07533170282840729,0.9733154773712158,,,,,,,,
wine,0.0,Baseline-Half,14,299,1.0,296.125,0.0,1.0,1.0,300,0.9444444444444444,0.9444444444444444,0.16115841269493103,0.16115841269493103,0.03763164248731401,0.03763164248731401,0.09420223534107208,0.9647538661956787,,,,,,,,
wine,0.2,Baseline-Half,14,299,1.0,296.125,0.0,1.0,1.0,300,0.9444444444444444,0.9444444444444444,0.16115841269493103,0.16115841269493103,0.03763164248731401,0.03763164248731401,0.09420223534107208,0.9647538661956787,,,,,,,,
wine,0.4,Baseline-Half,14,299,1.0,296.125,0.0,1.0,1.0,300,0.9444444444444444,0.9444444444444444,0.16115841269493103,0.16115841269493103,0.03763164248731401,0.03763164248731401,0.09420223534107208,0.9647538661956787,,,,,,,,
wine,0.6,Baseline-Half,14,299,1.0,296.125,0.0,1.0,1.0,300,0.9444444444444444,0.9444444444444444,0.16115841269493103,0.16115841269493103,0.03763164248731401,0.03763164248731401,0.09420223534107208,0.9647538661956787,,,,,,,,
wine,0.8,Baseline-Half,14,299,1.0,296.125,0.0,1.0,1.0,300,0.9444444444444444,0.9444444444444444,0.16115841269493103,0.16115841269493103,0.03763164248731401,0.03763164248731401,0.09420223534107208,0.9647538661956787,,,,,,,,
wine,1.0,Baseline-Half,14,299,1.0,296.125,0.0,1.0,1.0,300,0.9444444444444444,0.9444444444444444,0.16115841269493103,0.16115841269493103,0.03763164248731401,0.03763164248731401,0.09420223534107208,0.9647538661956787,,,,,,,,
wine,0.0,Baseline-Half,15,117,0.9285714030265808,120.71428413689137,0.07142859697341919,1.0,0.9285714030265808,138,0.9722222222222222,0.9722222222222222,0.07672101259231567,0.0816146582365036,0.030275576644473605,0.029162108898162842,0.0630696713924408,0.986271321773529,,,,,,,,
wine,0.2,Baseline-Half,15,117,0.9285714030265808,120.71428413689137,0.07142859697341919,1.0,0.9285714030265808,138,0.9722222222222222,0.9722222222222222,0.07672101259231567,0.0816146582365036,0.030275576644473605,0.029162108898162842,0.0630696713924408,0.986271321773529,,,,,,,,
wine,0.4,Baseline-Half,15,117,0.9285714030265808,120.71428413689137,0.07142859697341919,1.0,0.9285714030265808,138,0.9722222222222222,0.9722222222222222,0.07672101259231567,0.0816146582365036,0.030275576644473605,0.029162108898162842,0.0630696713924408,0.986271321773529,,,,,,,,
wine,0.6,Baseline-Half,15,117,0.9285714030265808,120.71428413689137,0.07142859697341919,1.0,0.9285714030265808,138,0.9722222222222222,0.9722222222222222,0.07672101259231567,0.0816146582365036,0.030275576644473605,0.029162108898162842,0.0630696713924408,0.986271321773529,,,,,,,,
wine,0.8,Baseline-Half,15,117,0.9285714030265808,120.71428413689137,0.07142859697341919,1.0,0.9285714030265808,138,0.9722222222222222,0.9722222222222222,0.07672101259231567,0.0816146582365036,0.030275576644473605,0.029162108898162842,0.0630696713924408,0.986271321773529,,,,,,,,
wine,1.0,Baseline-Half,15,117,0.9285714030265808,120.71428413689137,0.07142859697341919,1.0,0.9285714030265808,138,0.9722222222222222,0.9722222222222222,0.07672101259231567,0.0816146582365036,0.030275576644473605,0.029162108898162842,0.0630696713924408,0.986271321773529,,,,,,,,
wine,0.0,Baseline-Half,16,164,0.9642857313156128,175.35714499652386,0.03571426868438721,1.0,0.9642857313156128,185,1.0,1.0,0.019933871924877167,0.018476687371730804,0.01774863402048747,0.01655303438504537,0.052918169647455215,0.9822514057159424,,,,,,,,
wine,0.2,Baseline-Half,16,164,0.9642857313156128,175.35714499652386,0.03571426868438721,1.0,0.9642857313156128,185,1.0,1.0,0.019933871924877167,0.018476687371730804,0.01774863402048747,0.01655303438504537,0.052918169647455215,0.9822514057159424,,,,,,,,
wine,0.4,Baseline-Half,16,164,0.9642857313156128,175.35714499652386,0.03571426868438721,1.0,0.9642857313156128,185,1.0,1.0,0.019933871924877167,0.018476687371730804,0.01774863402048747,0.01655303438504537,0.052918169647455215,0.9822514057159424,,,,,,,,
wine,0.6,Baseline-Half,16,164,0.9642857313156128,175.35714499652386,0.03571426868438721,1.0,0.9642857313156128,185,1.0,1.0,0.019933871924877167,0.018476687371730804,0.01774863402048747,0.01655303438504537,0.052918169647455215,0.9822514057159424,,,,,,,,
wine,0.8,Baseline-Half,16,164,0.9642857313156128,175.35714499652386,0.03571426868438721,1.0,0.9642857313156128,185,1.0,1.0,0.019933871924877167,0.018476687371730804,0.01774863402048747,0.01655303438504537,0.052918169647455215,0.9822514057159424,,,,,,,,
wine,1.0,Baseline-Half,16,164,0.9642857313156128,175.35714499652386,0.03571426868438721,1.0,0.9642857313156128,185,1.0,1.0,0.019933871924877167,0.018476687371730804,0.01774863402048747,0.01655303438504537,0.052918169647455215,0.9822514057159424,,,,,,,,
wine,0.0,Baseline-Half,17,66,0.9285714030265808,71.55356992781162,0.07142859697341919,1.0,0.9285714030265808,87,0.9166666666666666,0.9166666666666666,0.24330803751945496,0.26242145895957947,0.09125650591320461,0.04832448561986287,0.184083491563797,0.9350001811981201,,,,,,,,
wine,0.2,Baseline-Half,17,66,0.9285714030265808,71.55356992781162,0.07142859697341919,1.0,0.9285714030265808,87,0.9166666666666666,0.9166666666666666,0.24330803751945496,0.26242145895957947,0.09125650591320461,0.04832448561986287,0.184083491563797,0.9350001811981201,,,,,,,,
wine,0.4,Baseline-Half,17,66,0.9285714030265808,71.55356992781162,0.07142859697341919,1.0,0.9285714030265808,87,0.9166666666666666,0.9166666666666666,0.24330803751945496,0.26242145895957947,0.09125650591320461,0.04832448561986287,0.184083491563797,0.9350001811981201,,,,,,,,
wine,0.6,Baseline-Half,17,66,0.9285714030265808,71.55356992781162,0.07142859697341919,1.0,0.9285714030265808,87,0.9166666666666666,0.9166666666666666,0.24330803751945496,0.26242145895957947,0.09125650591320461,0.04832448561986287,0.184083491563797,0.9350001811981201,,,,,,,,
wine,0.8,Baseline-Half,17,66,0.9285714030265808,71.55356992781162,0.07142859697341919,1.0,0.9285714030265808,87,0.9166666666666666,0.9166666666666666,0.24330803751945496,0.26242145895957947,0.09125650591320461,0.04832448561986287,0.184083491563797,0.9350001811981201,,,,,,,,
wine,1.0,Baseline-Half,17,66,0.9285714030265808,71.55356992781162,0.07142859697341919,1.0,0.9285714030265808,87,0.9166666666666666,0.9166666666666666,0.24330803751945496,0.26242145895957947,0.09125650591320461,0.04832448561986287,0.184083491563797,0.9350001811981201,,,,,,,,
wine,0.0,Baseline-Half,18,80,0.9285714030265808,88.71428388357162,0.07142859697341919,1.0,0.9285714030265808,101,0.9444444444444444,0.9444444444444444,0.133169487118721,0.1387452334165573,0.054159846570756696,0.05048549506399366,0.1043890193104744,0.9677848815917969,,,,,,,,
wine,0.2,Baseline-Half,18,80,0.9285714030265808,88.71428388357162,0.07142859697341919,1.0,0.9285714030265808,101,0.9444444444444444,0.9444444444444444,0.133169487118721,0.1387452334165573,0.054159846570756696,0.05048549506399366,0.1043890193104744,0.9677848815917969,,,,,,,,
wine,0.4,Baseline-Half,18,80,0.9285714030265808,88.71428388357162,0.07142859697341919,1.0,0.9285714030265808,101,0.9444444444444444,0.9444444444444444,0.133169487118721,0.1387452334165573,0.054159846570756696,0.05048549506399366,0.1043890193104744,0.9677848815917969,,,,,,,,
wine,0.6,Baseline-Half,18,80,0.9285714030265808,88.71428388357162,0.07142859697341919,1.0,0.9285714030265808,101,0.9444444444444444,0.9444444444444444,0.133169487118721,0.1387452334165573,0.054159846570756696,0.05048549506399366,0.1043890193104744,0.9677848815917969,,,,,,,,
wine,0.8,Baseline-Half,18,80,0.9285714030265808,88.71428388357162,0.07142859697341919,1.0,0.9285714030265808,101,0.9444444444444444,0.9444444444444444,0.133169487118721,0.1387452334165573,0.054159846570756696,0.05048549506399366,0.1043890193104744,0.9677848815917969,,,,,,,,
wine,1.0,Baseline-Half,18,80,0.9285714030265808,88.71428388357162,0.07142859697341919,1.0,0.9285714030265808,101,0.9444444444444444,0.9444444444444444,0.133169487118721,0.1387452334165573,0.054159846570756696,0.05048549506399366,0.1043890193104744,0.9677848815917969,,,,,,,,
wine,0.0,Baseline-Half,19,254,0.9642857313156128,262.03571735322475,0.03571426868438721,1.0,0.9642857313156128,275,0.9722222222222222,0.9722222222222222,0.04832995682954788,0.048475123941898346,0.03240403367413414,0.03228988746802012,0.05069015547633171,0.9781859517097473,,,,,,,,
wine,0.2,Baseline-Half,19,254,0.9642857313156128,262.03571735322475,0.03571426868438721,1.0,0.9642857313156128,275,0.9722222222222222,0.9722222222222222,0.04832995682954788,0.048475123941898346,0.03240403367413414,0.03228988746802012,0.05069015547633171,0.9781859517097473,,,,,,,,
wine,0.4,Baseline-Half,19,254,0.9642857313156128,262.03571735322475,0.03571426868438721,1.0,0.9642857313156128,275,0.9722222222222222,0.9722222222222222,0.04832995682954788,0.048475123941898346,0.03240403367413414,0.03228988746802012,0.05069015547633171,0.9781859517097473,,,,,,,,
wine,0.6,Baseline-Half,19,254,0.9642857313156128,262.03571735322475,0.03571426868438721,1.0,0.9642857313156128,275,0.9722222222222222,0.9722222222222222,0.04832995682954788,0.048475123941898346,0.03240403367413414,0.03228988746802012,0.05069015547633171,0.9781859517097473,,,,,,,,
wine,0.8,Baseline-Half,19,254,0.9642857313156128,262.03571735322475,0.03571426868438721,1.0,0.9642857313156128,275,0.9722222222222222,0.9722222222222222,0.04832995682954788,0.048475123941898346,0.03240403367413414,0.03228988746802012,0.05069015547633171,0.9781859517097473,,,,,,,,
wine,1.0,Baseline-Half,19,254,0.9642857313156128,262.03571735322475,0.03571426868438721,1.0,0.9642857313156128,275,0.9722222222222222,0.9722222222222222,0.04832995682954788,0.048475123941898346,0.03240403367413414,0.03228988746802012,0.05069015547633171,0.9781859517097473,,,,,,,,
wine,0.0,Baseline-LS,0,140,1.0,155.91071374714375,0.0,1.0,1.0,161,0.9722222222222222,0.9722222222222222,0.10420980304479599,0.10496262460947037,0.08366514907942878,0.08458816011746724,0.2910248041152954,0.9189383387565613,,,,,,,,
wine,0.2,Baseline-LS,0,140,1.0,155.91071374714375,0.0,1.0,1.0,161,0.9722222222222222,0.9722222222222222,0.10420980304479599,0.10496262460947037,0.08366514907942878,0.08458816011746724,0.2910248041152954,0.9189383387565613,,,,,,,,
wine,0.4,Baseline-LS,0,140,1.0,155.91071374714375,0.0,1.0,1.0,161,0.9722222222222222,0.9722222222222222,0.10420980304479599,0.10496262460947037,0.08366514907942878,0.08458816011746724,0.2910248041152954,0.9189383387565613,,,,,,,,
wine,0.6,Baseline-LS,0,140,1.0,155.91071374714375,0.0,1.0,1.0,161,0.9722222222222222,0.9722222222222222,0.10420980304479599,0.10496262460947037,0.08366514907942878,0.08458816011746724,0.2910248041152954,0.9189383387565613,,,,,,,,
wine,0.8,Baseline-LS,0,140,1.0,155.91071374714375,0.0,1.0,1.0,161,0.9722222222222222,0.9722222222222222,0.10420980304479599,0.10496262460947037,0.08366514907942878,0.08458816011746724,0.2910248041152954,0.9189383387565613,,,,,,,,
wine,1.0,Baseline-LS,0,140,1.0,155.91071374714375,0.0,1.0,1.0,161,0.9722222222222222,0.9722222222222222,0.10420980304479599,0.10496262460947037,0.08366514907942878,0.08458816011746724,0.2910248041152954,0.9189383387565613,,,,,,,,
wine,0.0,Baseline-LS,1,299,0.9642857313156128,280.2500010281801,0.03571426868438721,1.0,0.9642857313156128,300,0.9722222222222222,0.9722222222222222,0.19663266837596893,0.19663266837596893,0.1407637157373958,0.1407637157373958,0.436453640460968,0.8562306761741638,,,,,,,,
wine,0.2,Baseline-LS,1,299,0.9642857313156128,280.2500010281801,0.03571426868438721,1.0,0.9642857313156128,300,0.9722222222222222,0.9722222222222222,0.19663266837596893,0.19663266837596893,0.1407637157373958,0.1407637157373958,0.436453640460968,0.8562306761741638,,,,,,,,
wine,0.4,Baseline-LS,1,299,0.9642857313156128,280.2500010281801,0.03571426868438721,1.0,0.9642857313156128,300,0.9722222222222222,0.9722222222222222,0.19663266837596893,0.19663266837596893,0.1407637157373958,0.1407637157373958,0.436453640460968,0.8562306761741638,,,,,,,,
wine,0.6,Baseline-LS,1,299,0.9642857313156128,280.2500010281801,0.03571426868438721,1.0,0.9642857313156128,300,0.9722222222222222,0.9722222222222222,0.19663266837596893,0.19663266837596893,0.1407637157373958,0.1407637157373958,0.436453640460968,0.8562306761741638,,,,,,,,
wine,0.8,Baseline-LS,1,299,0.9642857313156128,280.2500010281801,0.03571426868438721,1.0,0.9642857313156128,300,0.9722222222222222,0.9722222222222222,0.19663266837596893,0.19663266837596893,0.1407637157373958,0.1407637157373958,0.436453640460968,0.8562306761741638,,,,,,,,
wine,1.0,Baseline-LS,1,299,0.9642857313156128,280.2500010281801,0.03571426868438721,1.0,0.9642857313156128,300,0.9722222222222222,0.9722222222222222,0.19663266837596893,0.19663266837596893,0.1407637157373958,0.1407637157373958,0.436453640460968,0.8562306761741638,,,,,,,,
wine,0.0,Baseline-LS,2,57,1.0,74.91071429848671,0.0,1.0,1.0,78,0.9722222222222222,0.9722222222222222,0.14738024771213531,0.1365286111831665,0.1220910499493281,0.11675032642152575,0.3641217350959778,0.885080099105835,,,,,,,,
wine,0.2,Baseline-LS,2,57,1.0,74.91071429848671,0.0,1.0,1.0,78,0.9722222222222222,0.9722222222222222,0.14738024771213531,0.1365286111831665,0.1220910499493281,0.11675032642152575,0.3641217350959778,0.885080099105835,,,,,,,,
wine,0.4,Baseline-LS,2,57,1.0,74.91071429848671,0.0,1.0,1.0,78,0.9722222222222222,0.9722222222222222,0.14738024771213531,0.1365286111831665,0.1220910499493281,0.11675032642152575,0.3641217350959778,0.885080099105835,,,,,,,,
wine,0.6,Baseline-LS,2,57,1.0,74.91071429848671,0.0,1.0,1.0,78,0.9722222222222222,0.9722222222222222,0.14738024771213531,0.1365286111831665,0.1220910499493281,0.11675032642152575,0.3641217350959778,0.885080099105835,,,,,,,,
wine,0.8,Baseline-LS,2,57,1.0,74.91071429848671,0.0,1.0,1.0,78,0.9722222222222222,0.9722222222222222,0.14738024771213531,0.1365286111831665,0.1220910499493281,0.11675032642152575,0.3641217350959778,0.885080099105835,,,,,,,,
wine,1.0,Baseline-LS,2,57,1.0,74.91071429848671,0.0,1.0,1.0,78,0.9722222222222222,0.9722222222222222,0.14738024771213531,0.1365286111831665,0.1220910499493281,0.11675032642152575,0.3641217350959778,0.885080099105835,,,,,,,,
wine,0.0,Baseline-LS,3,52,1.0,67.1428574025631,0.0,1.0,1.0,73,1.0,1.0,0.09857490658760071,0.0996621623635292,0.08797620650794771,0.08895588831769095,0.31116893887519836,0.9120237827301025,,,,,,,,
wine,0.2,Baseline-LS,3,52,1.0,67.1428574025631,0.0,1.0,1.0,73,1.0,1.0,0.09857490658760071,0.0996621623635292,0.08797620650794771,0.08895588831769095,0.31116893887519836,0.9120237827301025,,,,,,,,
wine,0.4,Baseline-LS,3,52,1.0,67.1428574025631,0.0,1.0,1.0,73,1.0,1.0,0.09857490658760071,0.0996621623635292,0.08797620650794771,0.08895588831769095,0.31116893887519836,0.9120237827301025,,,,,,,,
wine,0.6,Baseline-LS,3,52,1.0,67.1428574025631,0.0,1.0,1.0,73,1.0,1.0,0.09857490658760071,0.0996621623635292,0.08797620650794771,0.08895588831769095,0.31116893887519836,0.9120237827301025,,,,,,,,
wine,0.8,Baseline-LS,3,52,1.0,67.1428574025631,0.0,1.0,1.0,73,1.0,1.0,0.09857490658760071,0.0996621623635292,0.08797620650794771,0.08895588831769095,0.31116893887519836,0.9120237827301025,,,,,,,,
wine,1.0,Baseline-LS,3,52,1.0,67.1428574025631,0.0,1.0,1.0,73,1.0,1.0,0.09857490658760071,0.0996621623635292,0.08797620650794771,0.08895588831769095,0.31116893887519836,0.9120237827301025,,,,,,,,
wine,0.0,Baseline-LS,4,39,0.8928571343421936,51.78571389615536,0.1071428656578064,1.0,0.8928571343421936,60,0.9722222222222222,0.9722222222222222,0.18153232336044312,0.17603105306625366,0.08810941543844013,0.09188759823640189,0.3502286374568939,0.8940608501434326,,,,,,,,
wine,0.2,Baseline-LS,4,39,0.8928571343421936,51.78571389615536,0.1071428656578064,1.0,0.8928571343421936,60,0.9722222222222222,0.9722222222222222,0.18153232336044312,0.17603105306625366,0.08810941543844013,0.09188759823640189,0.3502286374568939,0.8940608501434326,,,,,,,,
wine,0.4,Baseline-LS,4,39,0.8928571343421936,51.78571389615536,0.1071428656578064,1.0,0.8928571343421936,60,0.9722222222222222,0.9722222222222222,0.18153232336044312,0.17603105306625366,0.08810941543844013,0.09188759823640189,0.3502286374568939,0.8940608501434326,,,,,,,,
wine,0.6,Baseline-LS,4,39,0.8928571343421936,51.78571389615536,0.1071428656578064,1.0,0.8928571343421936,60,0.9722222222222222,0.9722222222222222,0.18153232336044312,0.17603105306625366,0.08810941543844013,0.09188759823640189,0.3502286374568939,0.8940608501434326,,,,,,,,
wine,0.8,Baseline-LS,4,39,0.8928571343421936,51.78571389615536,0.1071428656578064,1.0,0.8928571343421936,60,0.9722222222222222,0.9722222222222222,0.18153232336044312,0.17603105306625366,0.08810941543844013,0.09188759823640189,0.3502286374568939,0.8940608501434326,,,,,,,,
wine,1.0,Baseline-LS,4,39,0.8928571343421936,51.78571389615536,0.1071428656578064,1.0,0.8928571343421936,60,0.9722222222222222,0.9722222222222222,0.18153232336044312,0.17603105306625366,0.08810941543844013,0.09188759823640189,0.3502286374568939,0.8940608501434326,,,,,,,,
wine,0.0,Baseline-LS,5,156,1.0,173.21428591012955,0.0,1.0,1.0,177,0.9444444444444444,0.9444444444444444,0.19276589155197144,0.19225828349590302,0.11168338855107625,0.11222143471240996,0.4046581983566284,0.8679755330085754,,,,,,,,
wine,0.2,Baseline-LS,5,156,1.0,173.21428591012955,0.0,1.0,1.0,177,0.9444444444444444,0.9444444444444444,0.19276589155197144,0.19225828349590302,0.11168338855107625,0.11222143471240996,0.4046581983566284,0.8679755330085754,,,,,,,,
wine,0.4,Baseline-LS,5,156,1.0,173.21428591012955,0.0,1.0,1.0,177,0.9444444444444444,0.9444444444444444,0.19276589155197144,0.19225828349590302,0.11168338855107625,0.11222143471240996,0.4046581983566284,0.8679755330085754,,,,,,,,
wine,0.6,Baseline-LS,5,156,1.0,173.21428591012955,0.0,1.0,1.0,177,0.9444444444444444,0.9444444444444444,0.19276589155197144,0.19225828349590302,0.11168338855107625,0.11222143471240996,0.4046581983566284,0.8679755330085754,,,,,,,,
wine,0.8,Baseline-LS,5,156,1.0,173.21428591012955,0.0,1.0,1.0,177,0.9444444444444444,0.9444444444444444,0.19276589155197144,0.19225828349590302,0.11168338855107625,0.11222143471240996,0.4046581983566284,0.8679755330085754,,,,,,,,
wine,1.0,Baseline-LS,5,156,1.0,173.21428591012955,0.0,1.0,1.0,177,0.9444444444444444,0.9444444444444444,0.19276589155197144,0.19225828349590302,0.11168338855107625,0.11222143471240996,0.4046581983566284,0.8679755330085754,,,,,,,,
wine,0.0,Baseline-LS,6,56,1.0,68.05357140302658,0.0,1.0,1.0,77,0.9444444444444444,0.9444444444444444,0.2037145495414734,0.20533522963523865,0.12611214899354511,0.10708297044038771,0.4229746460914612,0.8614106178283691,,,,,,,,
wine,0.2,Baseline-LS,6,56,1.0,68.05357140302658,0.0,1.0,1.0,77,0.9444444444444444,0.9444444444444444,0.2037145495414734,0.20533522963523865,0.12611214899354511,0.10708297044038771,0.4229746460914612,0.8614106178283691,,,,,,,,
wine,0.4,Baseline-LS,6,56,1.0,68.05357140302658,0.0,1.0,1.0,77,0.9444444444444444,0.9444444444444444,0.2037145495414734,0.20533522963523865,0.12611214899354511,0.10708297044038771,0.4229746460914612,0.8614106178283691,,,,,,,,
wine,0.6,Baseline-LS,6,56,1.0,68.05357140302658,0.0,1.0,1.0,77,0.9444444444444444,0.9444444444444444,0.2037145495414734,0.20533522963523865,0.12611214899354511,0.10708297044038771,0.4229746460914612,0.8614106178283691,,,,,,,,
wine,0.8,Baseline-LS,6,56,1.0,68.05357140302658,0.0,1.0,1.0,77,0.9444444444444444,0.9444444444444444,0.2037145495414734,0.20533522963523865,0.12611214899354511,0.10708297044038771,0.4229746460914612,0.8614106178283691,,,,,,,,
wine,1.0,Baseline-LS,6,56,1.0,68.05357140302658,0.0,1.0,1.0,77,0.9444444444444444,0.9444444444444444,0.2037145495414734,0.20533522963523865,0.12611214899354511,0.10708297044038771,0.4229746460914612,0.8614106178283691,,,,,,,,
wine,0.0,Baseline-LS,7,56,1.0,74.30357153713703,0.0,1.0,1.0,77,0.9444444444444444,0.9444444444444444,0.18100355565547943,0.1673649102449417,0.10989437335067324,0.1341403606865141,0.39609435200691223,0.8632289171218872,,,,,,,,
wine,0.2,Baseline-LS,7,56,1.0,74.30357153713703,0.0,1.0,1.0,77,0.9444444444444444,0.9444444444444444,0.18100355565547943,0.1673649102449417,0.10989437335067324,0.1341403606865141,0.39609435200691223,0.8632289171218872,,,,,,,,
wine,0.4,Baseline-LS,7,56,1.0,74.30357153713703,0.0,1.0,1.0,77,0.9444444444444444,0.9444444444444444,0.18100355565547943,0.1673649102449417,0.10989437335067324,0.1341403606865141,0.39609435200691223,0.8632289171218872,,,,,,,,
wine,0.6,Baseline-LS,7,56,1.0,74.30357153713703,0.0,1.0,1.0,77,0.9444444444444444,0.9444444444444444,0.18100355565547943,0.1673649102449417,0.10989437335067324,0.1341403606865141,0.39609435200691223,0.8632289171218872,,,,,,,,
wine,0.8,Baseline-LS,7,56,1.0,74.30357153713703,0.0,1.0,1.0,77,0.9444444444444444,0.9444444444444444,0.18100355565547943,0.1673649102449417,0.10989437335067324,0.1341403606865141,0.39609435200691223,0.8632289171218872,,,,,,,,
wine,1.0,Baseline-LS,7,56,1.0,74.30357153713703,0.0,1.0,1.0,77,0.9444444444444444,0.9444444444444444,0.18100355565547943,0.1673649102449417,0.10989437335067324,0.1341403606865141,0.39609435200691223,0.8632289171218872,,,,,,,,
wine,0.0,Baseline-LS,8,129,1.0,142.78571452200413,0.0,1.0,1.0,150,0.8888888888888888,0.8888888888888888,0.21544823050498962,0.22255881130695343,0.1294880145125919,0.13592361244890425,0.3832170069217682,0.875522255897522,,,,,,,,
wine,0.2,Baseline-LS,8,129,1.0,142.78571452200413,0.0,1.0,1.0,150,0.8888888888888888,0.8888888888888888,0.21544823050498962,0.22255881130695343,0.1294880145125919,0.13592361244890425,0.3832170069217682,0.875522255897522,,,,,,,,
wine,0.4,Baseline-LS,8,129,1.0,142.78571452200413,0.0,1.0,1.0,150,0.8888888888888888,0.8888888888888888,0.21544823050498962,0.22255881130695343,0.1294880145125919,0.13592361244890425,0.3832170069217682,0.875522255897522,,,,,,,,
wine,0.6,Baseline-LS,8,129,1.0,142.78571452200413,0.0,1.0,1.0,150,0.8888888888888888,0.8888888888888888,0.21544823050498962,0.22255881130695343,0.1294880145125919,0.13592361244890425,0.3832170069217682,0.875522255897522,,,,,,,,
wine,0.8,Baseline-LS,8,129,1.0,142.78571452200413,0.0,1.0,1.0,150,0.8888888888888888,0.8888888888888888,0.21544823050498962,0.22255881130695343,0.1294880145125919,0.13592361244890425,0.3832170069217682,0.875522255897522,,,,,,,,
wine,1.0,Baseline-LS,8,129,1.0,142.78571452200413,0.0,1.0,1.0,150,0.8888888888888888,0.8888888888888888,0.21544823050498962,0.22255881130695343,0.1294880145125919,0.13592361244890425,0.3832170069217682,0.875522255897522,,,,,,,,
wine,0.0,Baseline-LS,9,296,0.9642857313156128,283.5178604274988,0.03571426868438721,1.0,0.9642857313156128,300,1.0,1.0,0.13959115743637085,0.13987594842910767,0.12224827541245353,0.12249343262778388,0.40723586082458496,0.8777517676353455,,,,,,,,
wine,0.2,Baseline-LS,9,296,0.9642857313156128,283.5178604274988,0.03571426868438721,1.0,0.9642857313156128,300,1.0,1.0,0.13959115743637085,0.13987594842910767,0.12224827541245353,0.12249343262778388,0.40723586082458496,0.8777517676353455,,,,,,,,
wine,0.4,Baseline-LS,9,296,0.9642857313156128,283.5178604274988,0.03571426868438721,1.0,0.9642857313156128,300,1.0,1.0,0.13959115743637085,0.13987594842910767,0.12224827541245353,0.12249343262778388,0.40723586082458496,0.8777517676353455,,,,,,,,
wine,0.6,Baseline-LS,9,296,0.9642857313156128,283.5178604274988,0.03571426868438721,1.0,0.9642857313156128,300,1.0,1.0,0.13959115743637085,0.13987594842910767,0.12224827541245353,0.12249343262778388,0.40723586082458496,0.8777517676353455,,,,,,,,
wine,0.8,Baseline-LS,9,296,0.9642857313156128,283.5178604274988,0.03571426868438721,1.0,0.9642857313156128,300,1.0,1.0,0.13959115743637085,0.13987594842910767,0.12224827541245353,0.12249343262778388,0.40723586082458496,0.8777517676353455,,,,,,,,
wine,1.0,Baseline-LS,9,296,0.9642857313156128,283.5178604274988,0.03571426868438721,1.0,0.9642857313156128,300,1.0,1.0,0.13959115743637085,0.13987594842910767,0.12224827541245353,0.12249343262778388,0.40723586082458496,0.8777517676353455,,,,,,,,
wine,0.0,Baseline-LS,10,48,0.8928571343421936,58.48214306682348,0.1071428656578064,1.0,0.8928571343421936,69,1.0,1.0,0.12201658636331558,0.12405116111040115,0.10844768583774567,0.10968216011921565,0.3680121600627899,0.8915522694587708,,,,,,,,
wine,0.2,Baseline-LS,10,48,0.8928571343421936,58.48214306682348,0.1071428656578064,1.0,0.8928571343421936,69,1.0,1.0,0.12201658636331558,0.12405116111040115,0.10844768583774567,0.10968216011921565,0.3680121600627899,0.8915522694587708,,,,,,,,
wine,0.4,Baseline-LS,10,48,0.8928571343421936,58.48214306682348,0.1071428656578064,1.0,0.8928571343421936,69,1.0,1.0,0.12201658636331558,0.12405116111040115,0.10844768583774567,0.10968216011921565,0.3680121600627899,0.8915522694587708,,,,,,,,
wine,0.6,Baseline-LS,10,48,0.8928571343421936,58.48214306682348,0.1071428656578064,1.0,0.8928571343421936,69,1.0,1.0,0.12201658636331558,0.12405116111040115,0.10844768583774567,0.10968216011921565,0.3680121600627899,0.8915522694587708,,,,,,,,
wine,0.8,Baseline-LS,10,48,0.8928571343421936,58.48214306682348,0.1071428656578064,1.0,0.8928571343421936,69,1.0,1.0,0.12201658636331558,0.12405116111040115,0.10844768583774567,0.10968216011921565,0.3680121600627899,0.8915522694587708,,,,,,,,
wine,1.0,Baseline-LS,10,48,0.8928571343421936,58.48214306682348,0.1071428656578064,1.0,0.8928571343421936,69,1.0,1.0,0.12201658636331558,0.12405116111040115,0.10844768583774567,0.10968216011921565,0.3680121600627899,0.8915522694587708,,,,,,,,
wine,0.0,Baseline-LS,11,50,1.0,65.87499998509884,0.0,1.0,1.0,71,0.9444444444444444,0.9444444444444444,0.17881709337234497,0.18562743067741394,0.09743617640601263,0.08952156040403579,0.4112195074558258,0.8690842986106873,,,,,,,,
wine,0.2,Baseline-LS,11,50,1.0,65.87499998509884,0.0,1.0,1.0,71,0.9444444444444444,0.9444444444444444,0.17881709337234497,0.18562743067741394,0.09743617640601263,0.08952156040403579,0.4112195074558258,0.8690842986106873,,,,,,,,
wine,0.4,Baseline-LS,11,50,1.0,65.87499998509884,0.0,1.0,1.0,71,0.9444444444444444,0.9444444444444444,0.17881709337234497,0.18562743067741394,0.09743617640601263,0.08952156040403579,0.4112195074558258,0.8690842986106873,,,,,,,,
wine,0.6,Baseline-LS,11,50,1.0,65.87499998509884,0.0,1.0,1.0,71,0.9444444444444444,0.9444444444444444,0.17881709337234497,0.18562743067741394,0.09743617640601263,0.08952156040403579,0.4112195074558258,0.8690842986106873,,,,,,,,
wine,0.8,Baseline-LS,11,50,1.0,65.87499998509884,0.0,1.0,1.0,71,0.9444444444444444,0.9444444444444444,0.17881709337234497,0.18562743067741394,0.09743617640601263,0.08952156040403579,0.4112195074558258,0.8690842986106873,,,,,,,,
wine,1.0,Baseline-LS,11,50,1.0,65.87499998509884,0.0,1.0,1.0,71,0.9444444444444444,0.9444444444444444,0.17881709337234497,0.18562743067741394,0.09743617640601263,0.08952156040403579,0.4112195074558258,0.8690842986106873,,,,,,,,
wine,0.0,Baseline-LS,12,60,0.9642857313156128,71.87500100582838,0.03571426868438721,1.0,0.9642857313156128,81,0.9444444444444444,0.9444444444444444,0.24762238562107086,0.24671292304992676,0.12696169399552876,0.11803532309002344,0.48926883935928345,0.8245717883110046,,,,,,,,
wine,0.2,Baseline-LS,12,60,0.9642857313156128,71.87500100582838,0.03571426868438721,1.0,0.9642857313156128,81,0.9444444444444444,0.9444444444444444,0.24762238562107086,0.24671292304992676,0.12696169399552876,0.11803532309002344,0.48926883935928345,0.8245717883110046,,,,,,,,
wine,0.4,Baseline-LS,12,60,0.9642857313156128,71.87500100582838,0.03571426868438721,1.0,0.9642857313156128,81,0.9444444444444444,0.9444444444444444,0.24762238562107086,0.24671292304992676,0.12696169399552876,0.11803532309002344,0.48926883935928345,0.8245717883110046,,,,,,,,
wine,0.6,Baseline-LS,12,60,0.9642857313156128,71.87500100582838,0.03571426868438721,1.0,0.9642857313156128,81,0.9444444444444444,0.9444444444444444,0.24762238562107086,0.24671292304992676,0.12696169399552876,0.11803532309002344,0.48926883935928345,0.8245717883110046,,,,,,,,
wine,0.8,Baseline-LS,12,60,0.9642857313156128,71.87500100582838,0.03571426868438721,1.0,0.9642857313156128,81,0.9444444444444444,0.9444444444444444,0.24762238562107086,0.24671292304992676,0.12696169399552876,0.11803532309002344,0.48926883935928345,0.8245717883110046,,,,,,,,
wine,1.0,Baseline-LS,12,60,0.9642857313156128,71.87500100582838,0.03571426868438721,1.0,0.9642857313156128,81,0.9444444444444444,0.9444444444444444,0.24762238562107086,0.24671292304992676,0.12696169399552876,0.11803532309002344,0.48926883935928345,0.8245717883110046,,,,,,,,
wine,0.0,Baseline-LS,13,299,1.0,287.4464322477579,0.0,1.0,1.0,300,0.9722222222222222,0.9722222222222222,0.13587039709091187,0.13587039709091187,0.10981990231408015,0.10981990231408015,0.35614004731178284,0.8986061811447144,,,,,,,,
wine,0.2,Baseline-LS,13,299,1.0,287.4464322477579,0.0,1.0,1.0,300,0.9722222222222222,0.9722222222222222,0.13587039709091187,0.13587039709091187,0.10981990231408015,0.10981990231408015,0.35614004731178284,0.8986061811447144,,,,,,,,
wine,0.4,Baseline-LS,13,299,1.0,287.4464322477579,0.0,1.0,1.0,300,0.9722222222222222,0.9722222222222222,0.13587039709091187,0.13587039709091187,0.10981990231408015,0.10981990231408015,0.35614004731178284,0.8986061811447144,,,,,,,,
wine,0.6,Baseline-LS,13,299,1.0,287.4464322477579,0.0,1.0,1.0,300,0.9722222222222222,0.9722222222222222,0.13587039709091187,0.13587039709091187,0.10981990231408015,0.10981990231408015,0.35614004731178284,0.8986061811447144,,,,,,,,
wine,0.8,Baseline-LS,13,299,1.0,287.4464322477579,0.0,1.0,1.0,300,0.9722222222222222,0.9722222222222222,0.13587039709091187,0.13587039709091187,0.10981990231408015,0.10981990231408015,0.35614004731178284,0.8986061811447144,,,,,,,,
wine,1.0,Baseline-LS,13,299,1.0,287.4464322477579,0.0,1.0,1.0,300,0.9722222222222222,0.9722222222222222,0.13587039709091187,0.13587039709091187,0.10981990231408015,0.10981990231408015,0.35614004731178284,0.8986061811447144,,,,,,,,
wine,0.0,Baseline-LS,14,57,1.0,74.23214292526245,0.0,1.0,1.0,78,0.9722222222222222,0.9444444444444444,0.22451479732990265,0.22318178415298462,0.16835482832458284,0.13682882570558125,0.467889666557312,0.839744508266449,,,,,,,,
wine,0.2,Baseline-LS,14,57,1.0,74.23214292526245,0.0,1.0,1.0,78,0.9722222222222222,0.9444444444444444,0.22451479732990265,0.22318178415298462,0.16835482832458284,0.13682882570558125,0.467889666557312,0.839744508266449,,,,,,,,
wine,0.4,Baseline-LS,14,57,1.0,74.23214292526245,0.0,1.0,1.0,78,0.9722222222222222,0.9444444444444444,0.22451479732990265,0.22318178415298462,0.16835482832458284,0.13682882570558125,0.467889666557312,0.839744508266449,,,,,,,,
wine,0.6,Baseline-LS,14,57,1.0,74.23214292526245,0.0,1.0,1.0,78,0.9722222222222222,0.9444444444444444,0.22451479732990265,0.22318178415298462,0.16835482832458284,0.13682882570558125,0.467889666557312,0.839744508266449,,,,,,,,
wine,0.8,Baseline-LS,14,57,1.0,74.23214292526245,0.0,1.0,1.0,78,0.9722222222222222,0.9444444444444444,0.22451479732990265,0.22318178415298462,0.16835482832458284,0.13682882570558125,0.467889666557312,0.839744508266449,,,,,,,,
wine,1.0,Baseline-LS,14,57,1.0,74.23214292526245,0.0,1.0,1.0,78,0.9722222222222222,0.9444444444444444,0.22451479732990265,0.22318178415298462,0.16835482832458284,0.13682882570558125,0.467889666557312,0.839744508266449,,,,,,,,
wine,0.0,Baseline-LS,15,47,0.8928571343421936,57.66071356832981,0.1071428656578064,1.0,0.8928571343421936,68,0.9722222222222222,0.9722222222222222,0.15735140442848206,0.16520348191261292,0.12751593523555332,0.1322653508848614,0.4036402106285095,0.8760431408882141,,,,,,,,
wine,0.2,Baseline-LS,15,47,0.8928571343421936,57.66071356832981,0.1071428656578064,1.0,0.8928571343421936,68,0.9722222222222222,0.9722222222222222,0.15735140442848206,0.16520348191261292,0.12751593523555332,0.1322653508848614,0.4036402106285095,0.8760431408882141,,,,,,,,
wine,0.4,Baseline-LS,15,47,0.8928571343421936,57.66071356832981,0.1071428656578064,1.0,0.8928571343421936,68,0.9722222222222222,0.9722222222222222,0.15735140442848206,0.16520348191261292,0.12751593523555332,0.1322653508848614,0.4036402106285095,0.8760431408882141,,,,,,,,
wine,0.6,Baseline-LS,15,47,0.8928571343421936,57.66071356832981,0.1071428656578064,1.0,0.8928571343421936,68,0.9722222222222222,0.9722222222222222,0.15735140442848206,0.16520348191261292,0.12751593523555332,0.1322653508848614,0.4036402106285095,0.8760431408882141,,,,,,,,
wine,0.8,Baseline-LS,15,47,0.8928571343421936,57.66071356832981,0.1071428656578064,1.0,0.8928571343421936,68,0.9722222222222222,0.9722222222222222,0.15735140442848206,0.16520348191261292,0.12751593523555332,0.1322653508848614,0.4036402106285095,0.8760431408882141,,,,,,,,
wine,1.0,Baseline-LS,15,47,0.8928571343421936,57.66071356832981,0.1071428656578064,1.0,0.8928571343421936,68,0.9722222222222222,0.9722222222222222,0.15735140442848206,0.16520348191261292,0.12751593523555332,0.1322653508848614,0.4036402106285095,0.8760431408882141,,,,,,,,
wine,0.0,Baseline-LS,16,53,1.0,68.62500010430813,0.0,1.0,1.0,74,1.0,1.0,0.10615954548120499,0.10401133447885513,0.09486151072714064,0.09372634357876247,0.32413893938064575,0.9051384329795837,,,,,,,,
wine,0.2,Baseline-LS,16,53,1.0,68.62500010430813,0.0,1.0,1.0,74,1.0,1.0,0.10615954548120499,0.10401133447885513,0.09486151072714064,0.09372634357876247,0.32413893938064575,0.9051384329795837,,,,,,,,
wine,0.4,Baseline-LS,16,53,1.0,68.62500010430813,0.0,1.0,1.0,74,1.0,1.0,0.10615954548120499,0.10401133447885513,0.09486151072714064,0.09372634357876247,0.32413893938064575,0.9051384329795837,,,,,,,,
wine,0.6,Baseline-LS,16,53,1.0,68.62500010430813,0.0,1.0,1.0,74,1.0,1.0,0.10615954548120499,0.10401133447885513,0.09486151072714064,0.09372634357876247,0.32413893938064575,0.9051384329795837,,,,,,,,
wine,0.8,Baseline-LS,16,53,1.0,68.62500010430813,0.0,1.0,1.0,74,1.0,1.0,0.10615954548120499,0.10401133447885513,0.09486151072714064,0.09372634357876247,0.32413893938064575,0.9051384329795837,,,,,,,,
wine,1.0,Baseline-LS,16,53,1.0,68.62500010430813,0.0,1.0,1.0,74,1.0,1.0,0.10615954548120499,0.10401133447885513,0.09486151072714064,0.09372634357876247,0.32413893938064575,0.9051384329795837,,,,,,,,
wine,0.0,Baseline-LS,17,50,0.9285714030265808,57.08928455412388,0.07142859697341919,1.0,0.9285714030265808,71,0.9166666666666666,0.9166666666666666,0.2577640414237976,0.28053581714630127,0.14058910641405317,0.1195638014210595,0.42124664783477783,0.8567721247673035,,,,,,,,
wine,0.2,Baseline-LS,17,50,0.9285714030265808,57.08928455412388,0.07142859697341919,1.0,0.9285714030265808,71,0.9166666666666666,0.9166666666666666,0.2577640414237976,0.28053581714630127,0.14058910641405317,0.1195638014210595,0.42124664783477783,0.8567721247673035,,,,,,,,
wine,0.4,Baseline-LS,17,50,0.9285714030265808,57.08928455412388,0.07142859697341919,1.0,0.9285714030265808,71,0.9166666666666666,0.9166666666666666,0.2577640414237976,0.28053581714630127,0.14058910641405317,0.1195638014210595,0.42124664783477783,0.8567721247673035,,,,,,,,
wine,0.6,Baseline-LS,17,50,0.9285714030265808,57.08928455412388,0.07142859697341919,1.0,0.9285714030265808,71,0.9166666666666666,0.9166666666666666,0.2577640414237976,0.28053581714630127,0.14058910641405317,0.1195638014210595,0.42124664783477783,0.8567721247673035,,,,,,,,
wine,0.8,Baseline-LS,17,50,0.9285714030265808,57.08928455412388,0.07142859697341919,1.0,0.9285714030265808,71,0.9166666666666666,0.9166666666666666,0.2577640414237976,0.28053581714630127,0.14058910641405317,0.1195638014210595,0.42124664783477783,0.8567721247673035,,,,,,,,
wine,1.0,Baseline-LS,17,50,0.9285714030265808,57.08928455412388,0.07142859697341919,1.0,0.9285714030265808,71,0.9166666666666666,0.9166666666666666,0.2577640414237976,0.28053581714630127,0.14058910641405317,0.1195638014210595,0.42124664783477783,0.8567721247673035,,,,,,,,
wine,0.0,Baseline-LS,18,49,0.9285714030265808,60.07142746448517,0.07142859697341919,1.0,0.9285714030265808,70,0.9444444444444444,0.9444444444444444,0.1654832512140274,0.1769716739654541,0.11101205978128645,0.11529236369662814,0.3430764079093933,0.895564079284668,,,,,,,,
wine,0.2,Baseline-LS,18,49,0.9285714030265808,60.07142746448517,0.07142859697341919,1.0,0.9285714030265808,70,0.9444444444444444,0.9444444444444444,0.1654832512140274,0.1769716739654541,0.11101205978128645,0.11529236369662814,0.3430764079093933,0.895564079284668,,,,,,,,
wine,0.4,Baseline-LS,18,49,0.9285714030265808,60.07142746448517,0.07142859697341919,1.0,0.9285714030265808,70,0.9444444444444444,0.9444444444444444,0.1654832512140274,0.1769716739654541,0.11101205978128645,0.11529236369662814,0.3430764079093933,0.895564079284668,,,,,,,,
wine,0.6,Baseline-LS,18,49,0.9285714030265808,60.07142746448517,0.07142859697341919,1.0,0.9285714030265808,70,0.9444444444444444,0.9444444444444444,0.1654832512140274,0.1769716739654541,0.11101205978128645,0.11529236369662814,0.3430764079093933,0.895564079284668,,,,,,,,
wine,0.8,Baseline-LS,18,49,0.9285714030265808,60.07142746448517,0.07142859697341919,1.0,0.9285714030265808,70,0.9444444444444444,0.9444444444444444,0.1654832512140274,0.1769716739654541,0.11101205978128645,0.11529236369662814,0.3430764079093933,0.895564079284668,,,,,,,,
wine,1.0,Baseline-LS,18,49,0.9285714030265808,60.07142746448517,0.07142859697341919,1.0,0.9285714030265808,70,0.9444444444444444,0.9444444444444444,0.1654832512140274,0.1769716739654541,0.11101205978128645,0.11529236369662814,0.3430764079093933,0.895564079284668,,,,,,,,
wine,0.0,Baseline-LS,19,49,1.0,63.21428595483303,0.03571426868438721,1.0,0.9642857313156128,70,0.9444444444444444,0.9444444444444444,0.12866002321243286,0.14101706445217133,0.1042099611626731,0.11266846623685625,0.3268658220767975,0.9018720984458923,,,,,,,,
wine,0.2,Baseline-LS,19,49,1.0,63.21428595483303,0.03571426868438721,1.0,0.9642857313156128,70,0.9444444444444444,0.9444444444444444,0.12866002321243286,0.14101706445217133,0.1042099611626731,0.11266846623685625,0.3268658220767975,0.9018720984458923,,,,,,,,
wine,0.4,Baseline-LS,19,49,1.0,63.21428595483303,0.03571426868438721,1.0,0.9642857313156128,70,0.9444444444444444,0.9444444444444444,0.12866002321243286,0.14101706445217133,0.1042099611626731,0.11266846623685625,0.3268658220767975,0.9018720984458923,,,,,,,,
wine,0.6,Baseline-LS,19,49,1.0,63.21428595483303,0.03571426868438721,1.0,0.9642857313156128,70,0.9444444444444444,0.9444444444444444,0.12866002321243286,0.14101706445217133,0.1042099611626731,0.11266846623685625,0.3268658220767975,0.9018720984458923,,,,,,,,
wine,0.8,Baseline-LS,19,49,1.0,63.21428595483303,0.03571426868438721,1.0,0.9642857313156128,70,0.9444444444444444,0.9444444444444444,0.12866002321243286,0.14101706445217133,0.1042099611626731,0.11266846623685625,0.3268658220767975,0.9018720984458923,,,,,,,,
wine,1.0,Baseline-LS,19,49,1.0,63.21428595483303,0.03571426868438721,1.0,0.9642857313156128,70,0.9444444444444444,0.9444444444444444,0.12866002321243286,0.14101706445217133,0.1042099611626731,0.11266846623685625,0.3268658220767975,0.9018720984458923,,,,,,,,
wine,0.0,Distill-S,0,117,1.0,133.0178566724062,0.0,1.0,1.0,138,1.0,1.0,0.017479274421930313,0.014830359257757664,0.016292502482732136,0.014006445805231728,0.0632181465625763,0.9837075471878052,0.9722222222222222,0.025181884872156505,0.9781852095593708,0.0622086511365412,0.08260883114236588,0.9726440849894786,,0.9473684210526315
wine,0.2,Distill-S,0,94,1.0,109.8035708218813,0.0,1.0,1.0,115,1.0,1.0,0.022939838469028473,0.019150706008076668,0.02023863957987891,0.017178131474388972,0.0731796845793724,0.9797613620758057,0.9722222222222222,0.029236046771913632,0.9789458815201103,0.06514401056262613,0.08422248842937216,0.9759122287107598,1.0,0.9782608695652174
wine,0.4,Distill-S,0,112,1.0,127.8035708218813,0.0,1.0,1.0,133,1.0,1.0,0.020756058394908905,0.016917578876018524,0.018118618263138663,0.015163651771015592,0.06368044018745422,0.9818814396858215,1.0,0.020408541262551746,0.9795914587374482,0.06753803470382999,0.06225752980046304,0.9842530483353638,1.0,0.9714285714285714
wine,0.6,Distill-S,0,191,1.0,206.91071374714375,0.0,1.0,1.0,212,0.9722222222222222,0.9722222222222222,0.04019014909863472,0.040354207158088684,0.02553610503673553,0.025611261526743572,0.05700717866420746,0.9822726845741272,0.9722222222222222,0.04078969873672261,0.9694402084096683,0.08365125543673178,0.08000565805344949,0.9731087377526618,1.0,0.9130434782608695
wine,0.8,Distill-S,0,235,1.0,250.73214228451252,0.0,1.0,1.0,256,0.9722222222222222,0.9722222222222222,0.03854677826166153,0.03870564326643944,0.0241941942109002,0.0242764585547977,0.050864748656749725,0.9843331575393677,1.0,0.033380074540319826,0.9666199254596799,0.08979355358016235,0.0609355748776635,0.984951880484962,1.0,1.0
wine,1.0,Distill-S,0,277,1.0,291.7321422845125,0.0,1.0,1.0,297,1.0,1.0,0.022264644503593445,0.022265419363975525,0.01699326435724894,0.016999756296475727,0.04025036469101906,0.9830067753791809,1.0,0.027139312218881523,0.9728606877811183,0.07398251175063486,0.035097506508779915,0.9939319639368568,1.0,
wine,0.0,Distill-S,1,43,0.8928571343421936,51.642856523394585,0.1071428656578064,1.0,0.8928571343421936,64,0.9722222222222222,0.9722222222222222,0.16517673432826996,0.11906642466783524,0.13338043044010797,0.0924896564748552,0.35816970467567444,0.8738213181495667,0.9166666666666666,0.09090012179436373,0.9134007777050692,0.20175959128278115,0.08172573850889835,0.9766317177246494,,1.0
wine,0.2,Distill-S,1,39,0.8928571343421936,47.24999962747097,0.1071428656578064,1.0,0.8928571343421936,60,0.9722222222222222,0.9166666666666666,0.19954358041286469,0.1591894030570984,0.16174381143516964,0.07334449721707238,0.4248310327529907,0.8443021178245544,0.8888888888888888,0.12161706495993665,0.9008585356292438,0.21787045371675473,0.10294839105159852,0.9640112729467926,1.0,0.9782608695652174
wine,0.4,Distill-S,1,43,0.8928571343421936,51.67857079207897,0.1071428656578064,1.0,0.8928571343421936,64,0.9722222222222222,0.9722222222222222,0.1745487004518509,0.14533966779708862,0.122952025797632,0.0961400700940026,0.36437979340553284,0.8711658120155334,0.8888888888888888,0.08989902593346066,0.894706756833449,0.2332235420085924,0.06859993703775688,0.9800353379953584,1.0,1.0
wine,0.6,Distill-S,1,43,0.8928571343421936,51.642856523394585,0.1071428656578064,1.0,0.8928571343421936,64,0.9722222222222222,0.9444444444444444,0.1676904708147049,0.1329648196697235,0.13352066112889183,0.07732825063996844,0.3526342511177063,0.8743122220039368,0.9166666666666666,0.0879325764249926,0.9291431777735818,0.19138446006875093,0.04279785738061551,0.9909062927734797,1.0,1.0
wine,0.8,Distill-S,1,43,0.8928571343421936,51.57142798602581,0.1071428656578064,1.0,0.8928571343421936,64,0.9722222222222222,0.9444444444444444,0.1660606414079666,0.13060452044010162,0.1319031823012564,0.09390744898054335,0.3490818738937378,0.8754043579101562,0.9722222222222222,0.04071364466589391,0.9315085775563284,0.17893913184036772,0.029191293745989676,0.9951750922868955,1.0,1.0
wine,1.0,Distill-S,1,43,0.8928571343421936,51.6071422547102,0.1071428656578064,1.0,0.8928571343421936,64,0.9722222222222222,0.9444444444444444,0.16611191630363464,0.13068322837352753,0.13198919511503643,0.09411072151528464,0.3495470881462097,0.8752980828285217,0.9722222222222222,0.04050646250210188,0.9341917512898124,0.18111640349136363,0.034125092371289356,0.9942900636443764,1.0,
wine,0.0,Distill-S,2,205,1.0,222.76785710453987,0.0,1.0,1.0,226,0.9722222222222222,0.9722222222222222,0.07025784999132156,0.0688791424036026,0.03416375484731462,0.0444658531083001,0.09223978221416473,0.9717271327972412,0.9722222222222222,0.0297797700098084,0.9715246035765451,0.08219790020901989,0.1015339350309637,0.9654012443040635,,0.9824561403508771
wine,0.2,Distill-S,2,205,1.0,223.01785710453987,0.0,1.0,1.0,226,0.9722222222222222,0.9722222222222222,0.04847674444317818,0.046730633825063705,0.03775583373175727,0.03686557379033831,0.08885108679533005,0.9666573405265808,1.0,0.0272997742622531,0.972700225737747,0.07460977259793665,0.07461835056730848,0.9806347424189701,1.0,0.9782608695652174
wine,0.4,Distill-S,2,206,1.0,222.8392857015133,0.0,1.0,1.0,226,0.9722222222222222,0.9722222222222222,0.07265327125787735,0.070502869784832,0.034366033143467374,0.033689738975630865,0.0831187292933464,0.9755957126617432,0.9722222222222222,0.0324235227210365,0.9720813303533345,0.08351383883862344,0.09003459490989066,0.965266221575373,1.0,0.9714285714285714
wine,0.6,Distill-S,2,207,1.0,224.6250001490116,0.0,1.0,1.0,228,0.9722222222222222,0.9722222222222222,0.05174606665968895,0.05143442377448082,0.03914190497663286,0.0389202915959888,0.09484566748142242,0.9688107967376709,1.0,0.02100306320868189,0.9789969367913183,0.07952221017960776,0.06336609576293248,0.9821437439763047,1.0,0.8695652173913043
wine,0.8,Distill-S,2,143,1.0,160.9107142984867,0.0,1.0,1.0,164,0.9722222222222222,0.9722222222222222,0.056486207991838455,0.053740259259939194,0.04095018572277492,0.03941977024078369,0.0931447371840477,0.9697772264480591,1.0,0.02343704168454397,0.9765629583154561,0.08438505269610329,0.0539438140757726,0.9870190220601109,1.0,0.9166666666666666
wine,1.0,Distill-S,2,224,1.0,241.9464285671711,0.0,1.0,1.0,245,1.0,1.0,0.0426471009850502,0.04185136780142784,0.03469713363382551,0.034226020177205406,0.08228491991758347,0.9653027653694153,1.0,0.031037479552829293,0.9689625204471708,0.08900725922919278,0.03390951447079124,0.9940705502869934,1.0,
wine,0.0,Distill-S,3,299,1.0,294.8214288055897,0.0,1.0,1.0,300,1.0,1.0,0.025677548721432686,0.025677548721432686,0.02314980493651496,0.02314980493651496,0.08017607033252716,0.9768500924110413,0.9722222222222222,0.018785396605583565,0.9534368256166387,0.11598179778995796,0.16742360399356726,0.9377365004653686,,0.9473684210526315
wine,0.2,Distill-S,3,299,1.0,294.67857161164284,0.0,1.0,1.0,300,1.0,1.0,0.03106917254626751,0.03106917254626751,0.027325969603326585,0.027325969603326585,0.08524191379547119,0.9726740717887878,0.9444444444444444,0.033268810061102265,0.9478875919539457,0.1260283445685259,0.16360517290330928,0.9409339063115839,1.0,0.8913043478260869
wine,0.4,Distill-S,3,299,1.0,294.3571431338787,0.0,1.0,1.0,300,1.0,1.0,0.010614744387567043,0.010614744387567043,0.010352025429407755,0.010352025429407755,0.04947499930858612,0.9896479845046997,0.9722222222222222,0.03903851219679744,0.9734395071304738,0.0948650495281305,0.13444452891943734,0.9512144023679502,1.0,0.9428571428571428
wine,0.6,Distill-S,3,299,1.0,294.0357145369053,0.0,1.0,1.0,300,1.0,1.0,0.007907143794000149,0.007907143794000149,0.007721030049853854,0.007721030049853854,0.038022685796022415,0.992279052734375,1.0,0.018323242176171164,0.981676757823829,0.07655154792330143,0.0920365206409949,0.9708400406801094,1.0,0.9565217391304348
wine,0.8,Distill-S,3,299,1.0,293.9285716712475,0.0,1.0,1.0,300,1.0,1.0,0.014310050755739212,0.014310050755739212,0.012853900591532389,0.012853900591532389,0.04387373849749565,0.9871461391448975,1.0,0.033476822397170786,0.9665231776028291,0.09672813028719157,0.05366816198616163,0.9884523947198204,1.0,0.8333333333333334
wine,1.0,Distill-S,3,299,1.0,293.96428593993187,0.0,1.0,1.0,300,1.0,1.0,0.008178004063665867,0.008178004063665867,0.00751885109477573,0.00751885109477573,0.02695024199783802,0.9924811124801636,1.0,0.01037340110257124,0.9896265988974287,0.045320498882794234,0.03784091155991426,0.9932161435140716,1.0,
wine,0.0,Distill-S,4,54,0.9285714030265808,67.55356977880001,0.07142859697341919,1.0,0.9285714030265808,75,0.9722222222222222,0.9722222222222222,0.12746721506118774,0.13258838653564453,0.0346531867980957,0.02665665580166708,0.13365261256694794,0.9659189581871033,1.0,0.02083980411201783,0.9791601958879822,0.07028057267800894,0.12345324097119983,0.9543134794654411,,0.9649122807017544
wine,0.2,Distill-S,4,41,0.9285714030265808,54.857141837477684,0.1071428656578064,1.0,0.8928571343421936,62,0.9722222222222222,0.9722222222222222,0.15663492679595947,0.1462300568819046,0.05069836974143979,0.02947718732886844,0.22203806042671204,0.9383668899536133,1.0,0.018360294311513148,0.9816397056884869,0.06543859830090806,0.11073268255936349,0.9618321249516525,1.0,0.9782608695652174
wine,0.4,Distill-S,4,38,0.8928571343421936,51.785713478922844,0.1071428656578064,1.0,0.8928571343421936,59,0.9722222222222222,0.9722222222222222,0.16696305572986603,0.15619216859340668,0.07097705536418489,0.039053600695398094,0.265378475189209,0.9219534397125244,0.9444444444444444,0.0505102404140913,0.98039930491999,0.07542477614022808,0.10312657373131251,0.9683028174120871,1.0,0.9714285714285714
wine,0.6,Distill-S,4,38,0.8928571343421936,51.35714219510555,0.1071428656578064,1.0,0.8928571343421936,59,0.9722222222222222,0.9722222222222222,0.16780754923820496,0.16041909158229828,0.07251658042271934,0.03586939639515345,0.26162615418434143,0.9243546724319458,1.0,0.027805021047996807,0.9721949789520031,0.07859818832433983,0.06282770707467415,0.9802209571533448,1.0,1.0
wine,0.8,Distill-S,4,37,0.8928571343421936,49.99999962747097,0.1071428656578064,1.0,0.8928571343421936,58,0.9722222222222222,0.9722222222222222,0.1741088628768921,0.16866473853588104,0.08610981702804567,0.04117849469184875,0.2783749997615814,0.9185594916343689,0.9722222222222222,0.030516091403181747,0.9865320249484066,0.054989215164388344,0.03891780089778865,0.9922607137891554,1.0,1.0
wine,1.0,Distill-S,4,37,0.8928571343421936,49.99999962747097,0.1071428656578064,1.0,0.8928571343421936,58,0.9722222222222222,0.9722222222222222,0.17422552406787872,0.16836979985237122,0.08617785904142593,0.03786358733971912,0.2783815562725067,0.9185162782669067,0.9722222222222222,0.043293171796253346,0.977737670605141,0.0718254829323208,0.030854228777415938,0.9947063810181807,1.0,
wine,0.0,Distill-S,5,299,1.0,296.1071431040764,0.0,1.0,1.0,300,0.9444444444444444,0.9444444444444444,0.11611434817314148,0.11611434817314148,0.060023925370640226,0.060023925370640226,0.11632287502288818,0.9601102471351624,0.9444444444444444,0.05042896447509232,0.9383269483116494,0.15373268313623753,0.07303223573434575,0.9767352122002935,,1.0
wine,0.2,Distill-S,5,148,0.9642857313156128,161.26785916090012,0.03571426868438721,1.0,0.9642857313156128,169,0.9444444444444444,0.9444444444444444,0.14188018441200256,0.14217300713062286,0.057070084744029546,0.05683166450924341,0.13092726469039917,0.9565773010253906,0.9166666666666666,0.07256467624587751,0.9433914610602846,0.1574382292271901,0.08467070124570168,0.978056237936155,1.0,1.0
wine,0.4,Distill-S,5,130,1.0,147.14285737276077,0.0,1.0,1.0,151,0.9444444444444444,0.9444444444444444,0.1469019651412964,0.1474776715040207,0.022974166605207652,0.02348511252138349,0.11178550124168396,0.9604394435882568,0.9166666666666666,0.04710175719982493,0.9575604255896395,0.11052712635027745,0.051253817742113406,0.9888875248426898,1.0,1.0
wine,0.6,Distill-S,5,237,1.0,253.17857164144516,0.0,1.0,1.0,257,0.9166666666666666,0.9166666666666666,0.1773550659418106,0.17716620862483978,0.05068515406714545,0.05108898215823703,0.09508085995912552,0.9673517942428589,0.8888888888888888,0.08188359520884803,0.9510202080088234,0.13886246635660876,0.04685292351697423,0.9910297004541977,1.0,1.0
wine,0.8,Distill-S,5,206,1.0,222.14285737276077,0.0,1.0,1.0,226,0.9166666666666666,0.9166666666666666,0.17446425557136536,0.17487028241157532,0.04849204752180311,0.04935455984539455,0.09846749901771545,0.9651587009429932,0.8888888888888888,0.087248794374663,0.9510014012047616,0.1317958963532068,0.03947984855164768,0.9929312322110418,1.0,1.0
wine,1.0,Distill-S,5,299,1.0,296.17857164144516,0.0,1.0,1.0,300,0.9166666666666666,0.9166666666666666,0.18024545907974243,0.18024545907974243,0.049495309591293314,0.049495309591293314,0.10157226771116257,0.9619070887565613,0.9166666666666666,0.07172884842999602,0.947925080384782,0.1366439513784985,0.035471823088668725,0.993995020148624,1.0,
wine,0.0,Distill-S,6,203,0.9642857313156128,207.96428883075714,0.03571426868438721,1.0,0.9642857313156128,224,0.9722222222222222,0.9722222222222222,0.07365858554840088,0.07302960753440857,0.04816645963324441,0.04750166585048039,0.13992030918598175,0.94779372215271,0.9722222222222222,0.04313514993333909,0.957884409763643,0.10975446292654187,0.11501698233110443,0.9570170288029408,,0.9824561403508771
wine,0.2,Distill-S,6,299,1.0,287.69642996788025,0.0,1.0,1.0,300,0.9444444444444444,0.9444444444444444,0.14719612896442413,0.14719612896442413,0.04639657504028744,0.04639657504028744,0.12539637088775635,0.9561687111854553,0.9722222222222222,0.04438943380776113,0.9527585136042931,0.13037746300687394,0.0915847425695819,0.9705650855967016,1.0,0.9782608695652174
wine,0.4,Distill-S,6,299,1.0,290.7321427464485,0.0,1.0,1.0,300,0.9444444444444444,0.9444444444444444,0.17517375946044922,0.17517375946044922,0.04149269726541305,0.04149269726541305,0.10924755036830902,0.9580903649330139,0.9722222222222222,0.05143945111563041,0.9512599129949835,0.11808633730883396,0.04607782920036011,0.9908137244979279,1.0,1.0
wine,0.6,Distill-S,6,296,1.0,290.66071420907974,0.0,1.0,1.0,300,0.9444444444444444,0.9444444444444444,0.15120242536067963,0.15082328021526337,0.06379182057248219,0.06378345025910269,0.12022770941257477,0.9520021080970764,1.0,0.03854208668178944,0.9614579133182105,0.11438641461959567,0.046955373357795704,0.9889198084130958,1.0,1.0
wine,0.8,Distill-S,6,299,1.0,290.69642847776413,0.0,1.0,1.0,300,0.9444444444444444,0.9444444444444444,0.1519242823123932,0.1519242823123932,0.0577493558327357,0.0577493558327357,0.10398635268211365,0.9596449732780457,0.9722222222222222,0.06410897123796047,0.9547321522498559,0.12135262413354234,0.03918594277041017,0.9926015020791431,1.0,1.0
wine,1.0,Distill-S,6,299,1.0,290.69642847776413,0.0,1.0,1.0,300,0.9722222222222222,0.9722222222222222,0.1531262844800949,0.1531262844800949,0.06215635604328576,0.06215635604328576,0.10742823034524918,0.9563950300216675,0.9722222222222222,0.060588995727565514,0.96142701583181,0.12439152487290744,0.03371461573182157,0.9943421437641475,1.0,
wine,0.0,Distill-S,7,93,0.9642857313156128,107.23214443773031,0.018170409035264345,0.9824561403508771,0.9642857313156128,114,0.9444444444444444,0.9444444444444444,0.1575632095336914,0.15922275185585022,0.05857893659008874,0.07653372486432392,0.17747990787029266,0.9350156784057617,0.9444444444444444,0.09482380830136443,0.9369004404506561,0.15856077285756165,0.12080236916373767,0.9615630563855991,,0.9649122807017544
wine,0.2,Distill-S,7,149,1.0,167.16071440279484,0.0,1.0,1.0,170,0.9444444444444444,0.9444444444444444,0.1512424200773239,0.15653741359710693,0.06477889418601987,0.04448869824409482,0.12598614394664764,0.9529027938842773,0.9444444444444444,0.0697328369104635,0.9494250287096835,0.1384177851771201,0.07471208836562432,0.975168968719243,1.0,0.9565217391304348
wine,0.4,Distill-S,7,135,1.0,153.3035714775324,0.0,1.0,1.0,156,0.9722222222222222,0.9722222222222222,0.09436818212270737,0.09397750347852707,0.06188552247153388,0.0606042742729187,0.12542253732681274,0.9563612341880798,0.9444444444444444,0.061444928985290255,0.9514521131024166,0.1332502724748682,0.060213887797089694,0.9821388739981328,1.0,0.9714285714285714
wine,0.6,Distill-S,7,299,1.0,297.2321429401636,0.0,1.0,1.0,300,0.9722222222222222,0.9722222222222222,0.15678848326206207,0.15678848326206207,0.0742935256825553,0.0742935256825553,0.12719325721263885,0.9438262581825256,0.8888888888888888,0.07135704993674848,0.9340447858277459,0.1630328592623382,0.06315897112768835,0.9818988933287972,1.0,1.0
wine,0.8,Distill-S,7,299,1.0,297.267857208848,0.0,1.0,1.0,300,0.9444444444444444,0.9444444444444444,0.15215931832790375,0.15215931832790375,0.06629175113307104,0.06629175113307104,0.1252976804971695,0.9556674957275391,0.9166666666666666,0.07805046421539766,0.9352666005198158,0.16993437317066176,0.050251810856561184,0.9899575421306569,1.0,1.0
wine,1.0,Distill-S,7,272,1.0,288.30357153713703,0.0,1.0,1.0,291,0.9444444444444444,0.9444444444444444,0.09798116981983185,0.09781996160745621,0.04811747206581964,0.04812971088621352,0.10920793563127518,0.9640332460403442,0.9444444444444444,0.048958749057585974,0.930927377355061,0.1703523835117135,0.036241963192157216,0.9940798951215158,1.0,
wine,0.0,Distill-S,8,158,1.0,171.92857159674168,0.0,1.0,1.0,179,0.9722222222222222,0.9722222222222222,0.06784892082214355,0.0682554543018341,0.03094575305779775,0.03155676358275943,0.11892583966255188,0.9544747471809387,0.9722222222222222,0.04532457000371254,0.9484488295819798,0.13944839283031923,0.13484093293251806,0.9528123944796117,,0.9649122807017544
wine,0.2,Distill-S,8,169,1.0,182.83928591012955,0.0,1.0,1.0,190,0.9722222222222222,0.9722222222222222,0.07243043929338455,0.07346490770578384,0.05548766752084096,0.05610355900393592,0.12000122666358948,0.9499165415763855,0.9444444444444444,0.05982457050061513,0.9551459682784542,0.12210036816348417,0.12462583185664476,0.9512385034262291,1.0,0.9347826086956522
wine,0.4,Distill-S,8,163,1.0,176.94642859697342,0.0,1.0,1.0,184,0.9444444444444444,0.9444444444444444,0.10235293954610825,0.10303911566734314,0.054699583186043635,0.053674461113082036,0.12228047847747803,0.9568993449211121,0.9166666666666666,0.07890404952546438,0.9388595884485862,0.15504547326953438,0.13134385595282272,0.9572886869394166,1.0,0.9428571428571428
wine,0.6,Distill-S,8,120,0.9642857313156128,130.85714423656464,0.03571426868438721,1.0,0.9642857313156128,141,0.9444444444444444,0.9444444444444444,0.17411978542804718,0.1787565052509308,0.08355382581551869,0.08592660559548274,0.1300506293773651,0.9550489783287048,0.8888888888888888,0.09584938628406703,0.9480886875339247,0.1483220904033707,0.12532693808711215,0.9608611544949315,1.0,0.9130434782608695
wine,0.8,Distill-S,8,120,1.0,133.83928579092026,0.0,1.0,1.0,141,0.9166666666666666,0.9166666666666666,0.19302624464035034,0.19683080911636353,0.07237358556853402,0.08018030391799078,0.10423155874013901,0.9695751667022705,0.9166666666666666,0.05763577404892695,0.9700210346541583,0.10499999503938856,0.06450445807875302,0.9842575045296541,1.0,1.0
wine,1.0,Distill-S,8,193,1.0,206.46428604424,0.0,1.0,1.0,214,0.9166666666666666,0.9166666666666666,0.14837507903575897,0.14868946373462677,0.06638600760036045,0.06666364769140878,0.07392124831676483,0.9738211035728455,0.9166666666666666,0.06940950947666799,0.9751043583540064,0.07686038891477942,0.03415733502528773,0.9940010251618704,1.0,
wine,0.0,Distill-S,9,299,0.9642857313156128,285.66071708500385,0.03571426868438721,1.0,0.9642857313156128,300,1.0,1.0,0.01518198847770691,0.01518198847770691,0.014474597242143419,0.014474597242143419,0.06259237229824066,0.9855254292488098,1.0,0.01839137999610837,0.9816086200038918,0.07045637264195975,0.08649013858874473,0.9777058862187664,,0.9824561403508771
wine,0.2,Distill-S,9,299,1.0,292.42857088148594,0.0,1.0,1.0,300,1.0,1.0,0.014987438917160034,0.014987438917160034,0.014238867494795058,0.014238867494795058,0.05971822515130043,0.9857611060142517,1.0,0.015377919957127607,0.9846220800428722,0.06312005171763871,0.08363196214562295,0.9775158980371917,1.0,0.9782608695652174
wine,0.4,Distill-S,9,269,1.0,282.74999959766865,-0.01754385964912286,0.9824561403508771,1.0,290,1.0,1.0,0.011594237759709358,0.01144986879080534,0.011201745933956569,0.011062406831317477,0.049543753266334534,0.9887981414794922,1.0,0.017314434967694203,0.9826855650323059,0.06536190457536138,0.0635599594047493,0.9792252878240902,1.0,1.0
wine,0.6,Distill-S,9,269,1.0,282.6071424037218,0.0,1.0,1.0,290,1.0,1.0,0.01374730747193098,0.013666597194969654,0.01325861116250356,0.013179803888003029,0.05763678252696991,0.9867413640022278,1.0,0.012575039927687324,0.9874249600723126,0.055562232571651826,0.06500761401667178,0.9820392388251236,1.0,0.9565217391304348
wine,0.8,Distill-S,9,299,1.0,292.2857134491205,0.0,1.0,1.0,300,1.0,1.0,0.009756824001669884,0.009756824001669884,0.009454114569558036,0.009454114569558036,0.042242225259542465,0.990545928478241,1.0,0.010745483096800188,0.9892545169031999,0.04804866135495128,0.04321447439405397,0.9895769373499181,1.0,0.9166666666666666
wine,1.0,Distill-S,9,299,0.9642857313156128,283.37500317394733,0.03571426868438721,1.0,0.9642857313156128,300,1.0,1.0,0.015453060157597065,0.015453060157597065,0.01460191938612196,0.01460191938612196,0.055173926055431366,0.9853980541229248,1.0,0.02125058142429534,0.9787494185757046,0.06632303984034842,0.02840021679873596,0.9953333530924438,1.0,
wine,0.0,Distill-S,10,299,0.9285714030265808,273.2499943897128,0.07142859697341919,1.0,0.9285714030265808,300,0.9722222222222222,0.9722222222222222,0.0353483147919178,0.0353483147919178,0.028624811106257968,0.028624811106257968,0.07920984923839569,0.9723907113075256,0.9722222222222222,0.01416979501096142,0.9769885348446965,0.08172461554784372,0.09565009350130078,0.9744436410089669,,0.9473684210526315
wine,0.2,Distill-S,10,186,0.9642857313156128,194.26785948127508,0.03571426868438721,1.0,0.9642857313156128,207,1.0,1.0,0.02738996408879757,0.027835339307785034,0.024491094880633883,0.024802449676725596,0.07848507165908813,0.9755089282989502,0.9722222222222222,0.0493631066421404,0.9588703000752926,0.10491305987452343,0.07187519624085197,0.976706711775265,1.0,0.9565217391304348
wine,0.4,Distill-S,10,65,0.9285714030265808,75.1785708591342,0.07142859697341919,1.0,0.9285714030265808,86,1.0,1.0,0.046961575746536255,0.0388447605073452,0.041857327024141945,0.03368355168236627,0.14468710124492645,0.9581425786018372,0.9722222222222222,0.03831070378336268,0.9809952716726367,0.06142156217929892,0.06483161302913612,0.9820172399244028,1.0,0.9714285714285714
wine,0.6,Distill-S,10,65,0.9285714030265808,75.28571366518736,0.07142859697341919,1.0,0.9285714030265808,86,1.0,1.0,0.04445262253284454,0.03644322603940964,0.039775936139954456,0.031787158714400396,0.14230847358703613,0.9602240324020386,0.9722222222222222,0.04190282682369285,0.9739843999620947,0.07755205346166914,0.07515570039215025,0.9771415759385943,1.0,1.0
wine,0.8,Distill-S,10,66,0.9285714030265808,76.035713724792,0.07142859697341919,1.0,0.9285714030265808,87,1.0,1.0,0.04204908013343811,0.031142916530370712,0.037831212083498635,0.02777044806215498,0.13728418946266174,0.96216881275177,1.0,0.04238188600593235,0.9576181139940676,0.10637450188235674,0.04239163718886386,0.9876495187698912,1.0,1.0
wine,1.0,Distill-S,10,81,0.9285714030265808,90.10714190453291,0.07142859697341919,1.0,0.9285714030265808,102,1.0,1.0,0.030742980539798737,0.024670980870723724,0.02707410520977444,0.021340876817703247,0.0987216979265213,0.9729260206222534,1.0,0.03280996899108751,0.9671900310089124,0.10214288181121586,0.037256971803953286,0.9932264071142174,1.0,
wine,0.0,Distill-S,11,299,0.9642857313156128,287.6428603976965,0.03571426868438721,1.0,0.9642857313156128,300,1.0,1.0,0.04246695339679718,0.04246695339679718,0.03828283647696177,0.03828283647696177,0.1230907142162323,0.9617171883583069,0.9444444444444444,0.05810094905607133,0.9562506234719046,0.12380578595612225,0.14311429064954068,0.9468391712319859,,0.9824561403508771
wine,0.2,Distill-S,11,299,1.0,294.66071413457394,0.0,1.0,1.0,300,1.0,1.0,0.03410105034708977,0.03410105034708977,0.031221972571478948,0.031221972571478948,0.10434755682945251,0.9687780737876892,1.0,0.04142502649665129,0.9585749735033487,0.11372024033817696,0.09173332552394141,0.9714369193532688,1.0,1.0
wine,0.4,Distill-S,11,170,0.9642857313156128,180.4285737723112,0.03571426868438721,1.0,0.9642857313156128,191,0.9722222222222222,1.0,0.0700007975101471,0.06823655962944031,0.05700711243682438,0.05606362885899014,0.14162032306194305,0.943928062915802,0.9722222222222222,0.04513289455033803,0.9580612431580096,0.12799371274754706,0.11078612479043659,0.9615070720230555,1.0,0.9714285714285714
wine,0.6,Distill-S,11,214,1.0,229.94642858207226,0.0,1.0,1.0,235,0.9444444444444444,0.9444444444444444,0.07239744067192078,0.07385389506816864,0.05186952153841654,0.05250199966960482,0.10475602000951767,0.9609756469726562,0.9166666666666666,0.060187077885792445,0.9529019546471633,0.12217056808156365,0.05069362757205665,0.9866355387132606,1.0,1.0
wine,0.8,Distill-S,11,202,1.0,217.87499998509884,0.0,1.0,1.0,223,0.9444444444444444,0.9444444444444444,0.06707912683486938,0.06761372089385986,0.04990101522869534,0.04990729358461168,0.10945431888103485,0.9592114686965942,1.0,0.03865730575671271,0.9613426942432874,0.1251946193843029,0.058022659419861296,0.9832271220695797,1.0,0.9166666666666666
wine,1.0,Distill-S,11,299,1.0,294.87499998509884,0.0,1.0,1.0,300,0.9444444444444444,0.9444444444444444,0.09150100499391556,0.09150100499391556,0.04695469637711843,0.04695469637711843,0.09430763870477676,0.9691896438598633,0.9444444444444444,0.050591207770419575,0.9568998338584687,0.12197760719674917,0.03691212243195851,0.9936442528997436,1.0,
wine,0.0,Distill-S,12,72,0.9642857313156128,82.98214399069548,0.03571426868438721,1.0,0.9642857313156128,93,0.9444444444444444,0.9444444444444444,0.1864282637834549,0.18317972123622894,0.1258415381113688,0.10745418734020656,0.2759058475494385,0.9038118720054626,0.9166666666666666,0.0834216800711121,0.9312174703294702,0.17215014707423607,0.09044639177204798,0.9708266181793478,,1.0
wine,0.2,Distill-S,12,63,0.9642857313156128,74.26785814017057,0.03571426868438721,1.0,0.9642857313156128,84,0.9444444444444444,0.9444444444444444,0.1849675476551056,0.17885391414165497,0.06671354340182412,0.08220247427622476,0.3016242980957031,0.8949718475341797,0.8888888888888888,0.0626679379109743,0.9255086768513535,0.17584067034082165,0.07543516679902974,0.9762494321941326,1.0,1.0
wine,0.4,Distill-S,12,68,0.9642857313156128,79.089286737144,0.03571426868438721,1.0,0.9642857313156128,89,0.9722222222222222,0.9722222222222222,0.16784915328025818,0.15510042011737823,0.10197187380658256,0.08029168181949191,0.2814387083053589,0.8999180197715759,0.9444444444444444,0.05901936557777941,0.9349173151685384,0.18514111687675172,0.07712281597500102,0.9762342456030059,1.0,0.9714285714285714
wine,0.6,Distill-S,12,63,0.9642857313156128,74.26785814017057,0.03571426868438721,1.0,0.9642857313156128,84,0.9444444444444444,0.9444444444444444,0.17829090356826782,0.1670510619878769,0.09868974818123712,0.04527858561939662,0.2926684617996216,0.8977118730545044,0.8888888888888888,0.07468216791989929,0.9357040500418614,0.17006642375721046,0.050569119989967694,0.9878901200670792,1.0,1.0
wine,0.8,Distill-S,12,72,0.9642857313156128,82.98214393109083,0.03571426868438721,1.0,0.9642857313156128,93,0.9444444444444444,0.9444444444444444,0.17138749361038208,0.17102807760238647,0.09716034763389163,0.06259869204627143,0.2578696012496948,0.9095132350921631,0.9444444444444444,0.06814373650531717,0.9475310431592896,0.16478118596114813,0.049041366842892134,0.9883292293218174,1.0,1.0
wine,1.0,Distill-S,12,98,0.9642857313156128,108.12500154227018,0.03571426868438721,1.0,0.9642857313156128,119,0.9444444444444444,0.9444444444444444,0.15048980712890625,0.14804436266422272,0.058745288186603115,0.07728435595830281,0.20616498589515686,0.929942786693573,0.9444444444444444,0.06078223090418456,0.9475249417560634,0.16270248042144653,0.03322725141236224,0.9944631436153702,1.0,
wine,0.0,Distill-S,13,114,0.9642857313156128,126.14285923540592,0.03571426868438721,1.0,0.9642857313156128,135,0.9444444444444444,0.9444444444444444,0.08727840334177017,0.08629825711250305,0.05274730755223168,0.05221222837766011,0.09152618795633316,0.9696730375289917,0.9722222222222222,0.03843337671775228,0.9775115835699675,0.07978014560551523,0.1461699015591741,0.9463242159244315,,0.9824561403508771
wine,0.2,Distill-S,13,70,0.9642857313156128,83.71428705751896,0.03571426868438721,1.0,0.9642857313156128,91,0.9444444444444444,0.9444444444444444,0.10349313914775848,0.09401793032884598,0.05495926241079965,0.05365106463432312,0.11995010823011398,0.964522123336792,0.9722222222222222,0.04065959889490457,0.9614710062773284,0.08944612298305676,0.12489945881508042,0.9567945309980807,1.0,0.9565217391304348
wine,0.4,Distill-S,13,73,0.9642857313156128,86.85714431107044,0.03571426868438721,1.0,0.9642857313156128,94,0.9444444444444444,0.9444444444444444,0.1542927473783493,0.16185683012008667,0.05362726747989652,0.045652439196904475,0.11891774088144302,0.9613165259361267,0.9444444444444444,0.06330351088395814,0.9674240324208073,0.08743756742313753,0.14307877891770804,0.9419089138274149,1.0,0.8857142857142857
wine,0.6,Distill-S,13,188,0.9642857313156128,197.42857475578785,0.03571426868438721,1.0,0.9642857313156128,209,0.9444444444444444,0.9444444444444444,0.12742242217063904,0.12515388429164886,0.04896840453147888,0.048879620101716786,0.05992919206619263,0.9767679572105408,0.9722222222222222,0.028614951123160558,0.981153011086508,0.05842728122991528,0.08292585142432206,0.9753984663029617,1.0,0.9565217391304348
wine,0.8,Distill-S,13,299,0.9642857313156128,284.964290574193,0.03571426868438721,1.0,0.9642857313156128,300,0.9722222222222222,0.9722222222222222,0.061110012233257294,0.061110012233257294,0.03888772262467278,0.03888772262467278,0.05873806029558182,0.9749466776847839,0.9722222222222222,0.02640755530723979,0.9765080189671299,0.06462270962363563,0.057498612825051594,0.9843236914137502,1.0,1.0
wine,1.0,Distill-S,13,97,0.9642857313156128,109.39285881817341,0.03571426868438721,1.0,0.9642857313156128,118,0.9444444444444444,0.9444444444444444,0.09043361991643906,0.08702244609594345,0.04392338626914554,0.0408646199438307,0.08010145276784897,0.9716705679893494,1.0,0.032942435485215756,0.9670575645147843,0.0836794963323571,0.03132028226911166,0.9945509239352497,1.0,
wine,0.0,Distill-S,14,299,1.0,296.4642857313156,0.0,1.0,1.0,300,0.9444444444444444,0.9444444444444444,0.1038636863231659,0.1038636863231659,0.06287023921807607,0.06287023921807607,0.14144904911518097,0.9555689692497253,0.9444444444444444,0.058794716234253815,0.9575488200449084,0.1570481840705589,0.1489856546226597,0.9423513363369818,,0.9122807017543859
wine,0.2,Distill-S,14,299,1.0,296.3571428656578,0.0,1.0,1.0,300,0.9722222222222222,0.9722222222222222,0.08204807341098785,0.08204807341098785,0.05778938200738695,0.05778938200738695,0.17216694355010986,0.9422777891159058,0.9722222222222222,0.07146935242115529,0.9292754140621946,0.20681526906729805,0.13315683663795436,0.9452383360221018,1.0,0.8913043478260869
wine,0.4,Distill-S,14,299,1.0,296.23214292526245,0.0,1.0,1.0,300,0.9444444444444444,0.9444444444444444,0.10072728246450424,0.10072728246450424,0.06821251412232716,0.06821251412232716,0.15972617268562317,0.9410274028778076,0.8888888888888888,0.07485022392923503,0.920077097246542,0.2052450830946394,0.10839039887120981,0.9571564481479647,1.0,0.9142857142857143
wine,0.6,Distill-S,14,299,1.0,296.125,0.0,1.0,1.0,300,0.9444444444444444,0.9444444444444444,0.13997016847133636,0.13997016847133636,0.04121449920866225,0.04121449920866225,0.12348870187997818,0.9536744356155396,0.9444444444444444,0.08064983012495296,0.9563258858885061,0.13958558870417911,0.05308207624312344,0.9881635716089765,1.0,1.0
wine,0.8,Distill-S,14,299,1.0,296.125,0.0,1.0,1.0,300,0.9444444444444444,0.9444444444444444,0.15625537931919098,0.15625537931919098,0.04531056847837235,0.04531056847837235,0.1147460788488388,0.9566532969474792,0.9444444444444444,0.0724109924889999,0.9651058168003686,0.11574806763908624,0.029702333207290196,0.9945432428799501,1.0,1.0
wine,1.0,Distill-S,14,299,1.0,296.125,0.0,1.0,1.0,300,0.9444444444444444,0.9444444444444444,0.13703931868076324,0.13703931868076324,0.06657162639829847,0.06657162639829847,0.12456818670034409,0.953027069568634,0.9444444444444444,0.06498415757929152,0.9462474244331429,0.15944895918117535,0.03239701492669555,0.9942133880407269,1.0,
wine,0.0,Distill-S,15,139,0.9642857313156128,148.94643045961857,0.03571426868438721,1.0,0.9642857313156128,160,0.9722222222222222,0.9722222222222222,0.0734374150633812,0.07363605499267578,0.05695316029919517,0.05674113664362165,0.14891961216926575,0.9473364353179932,1.0,0.05065906445103738,0.9493409355489626,0.13837588256877129,0.14058785648392758,0.9442243614235253,,0.9473684210526315
wine,0.2,Distill-S,15,117,0.9642857313156128,128.3392871171236,0.03571426868438721,1.0,0.9642857313156128,138,1.0,1.0,0.07758179306983948,0.0763602927327156,0.06408097677760655,0.06296203368239932,0.16385531425476074,0.9359190464019775,0.9722222222222222,0.03299927969890541,0.939222942523317,0.14075985159437612,0.14510085133815634,0.9367585031566033,1.0,0.9130434782608695
wine,0.4,Distill-S,15,59,0.8928571343421936,68.30357067286968,0.1071428656578064,1.0,0.8928571343421936,80,0.9722222222222222,0.9722222222222222,0.08404334634542465,0.07956653088331223,0.06297517153951857,0.03418061633904775,0.1963711380958557,0.9407667517662048,1.0,0.04036420207011892,0.9596357979298811,0.11217832407508814,0.1193451884547534,0.9543758103968377,1.0,0.9714285714285714
wine,0.6,Distill-S,15,282,0.9642857313156128,284.1428607851267,0.0,1.0,1.0,300,1.0,1.0,0.030171552672982216,0.029558109119534492,0.027716350224283006,0.02727494802739885,0.10067567229270935,0.9722834825515747,1.0,0.03375576900907918,0.9662442309909208,0.11674434026726901,0.09153041470630932,0.9672380948532262,1.0,0.9565217391304348
wine,0.8,Distill-S,15,60,0.9285714030265808,71.57142706215382,0.07142859697341919,1.0,0.9285714030265808,81,0.9722222222222222,0.9722222222222222,0.07593511790037155,0.06188790500164032,0.061023746927579246,0.04850626985232035,0.18813017010688782,0.9404003620147705,0.9722222222222222,0.035200228356352885,0.9714066719407042,0.08064271789147393,0.055275783336476245,0.9809599133174722,1.0,0.9166666666666666
wine,1.0,Distill-S,15,166,0.9285714030265808,166.5357113033533,0.07142859697341919,1.0,0.9285714030265808,187,0.9722222222222222,0.9722222222222222,0.08045033365488052,0.0817195475101471,0.030103815926445853,0.029804286029603742,0.05975788086652756,0.9873379468917847,0.9722222222222222,0.033385270364490675,0.9775724150206785,0.08623633154866533,0.03717852557686819,0.9933536075417047,1.0,
wine,0.0,Distill-S,16,184,1.0,199.9464285224676,0.0,1.0,1.0,205,1.0,1.0,0.01712898164987564,0.016786037012934685,0.016300357050365873,0.015996005800035264,0.06670781970024109,0.9836995601654053,1.0,0.033775375801947366,0.9662246241980524,0.09890638510361544,0.09770128944030648,0.9725527984597553,,0.9824561403508771
wine,0.2,Distill-S,16,80,0.9642857313156128,93.07142978906631,0.03571426868438721,1.0,0.9642857313156128,101,1.0,1.0,0.039498306810855865,0.03328995406627655,0.03480164872275458,0.029736818538771734,0.11145897954702377,0.9651983976364136,1.0,0.028369625896278526,0.9716303741037213,0.09048230852346223,0.09539388968997814,0.9712335075901476,1.0,0.9782608695652174
wine,0.4,Distill-S,16,152,0.9642857313156128,163.57143054902554,0.03571426868438721,1.0,0.9642857313156128,173,1.0,1.0,0.025320762768387794,0.023968251422047615,0.023341106043921575,0.02224892212284936,0.08212250471115112,0.9766589403152466,1.0,0.027536285593381216,0.9724637144066186,0.08940703786118491,0.09430451646189615,0.9711885803203183,1.0,0.9714285714285714
wine,0.6,Distill-S,16,78,0.9642857313156128,91.82142949104309,0.03571426868438721,1.0,0.9642857313156128,99,0.9722222222222222,0.9722222222222222,0.053436338901519775,0.05020676553249359,0.04075290593836042,0.0371935764948527,0.10798821598291397,0.9664223194122314,0.9444444444444444,0.0515024329104605,0.973627847940387,0.09171822507446895,0.07348122805160427,0.9796441026551223,1.0,0.9565217391304348
wine,0.8,Distill-S,16,87,0.9285714030265808,99.30357040464878,0.07142859697341919,1.0,0.9285714030265808,108,1.0,1.0,0.040551409125328064,0.036976613104343414,0.03409843974643283,0.03107045425309075,0.09912868589162827,0.9659016728401184,1.0,0.04354609270517489,0.9564539072948252,0.1159543195566031,0.05862706449564286,0.9874586329803627,1.0,1.0
wine,1.0,Distill-S,16,152,0.9642857313156128,163.67857341468334,0.03571426868438721,1.0,0.9642857313156128,173,1.0,1.0,0.025632187724113464,0.024884924292564392,0.02260147366258833,0.02200190391805437,0.06855208426713943,0.9773985743522644,0.9722222222222222,0.022066022928872338,0.9600240559496451,0.11112415829508977,0.03721159855976066,0.9933837357060059,1.0,
wine,0.0,Distill-S,17,299,0.9642857313156128,275.9285718649626,0.03571426868438721,1.0,0.9642857313156128,300,0.9166666666666666,0.9166666666666666,0.27576836943626404,0.27576836943626404,0.095464128586981,0.095464128586981,0.18418806791305542,0.9347137808799744,0.9444444444444444,0.07331223300283059,0.9241092099776714,0.22322690392328226,0.09384316699396852,0.9761007339802488,,0.9824561403508771
wine,0.2,Distill-S,17,299,0.9642857313156128,270.71428011357784,0.03571426868438721,1.0,0.9642857313156128,300,0.9166666666666666,0.9166666666666666,0.27870631217956543,0.27870631217956543,0.08249778880013357,0.08249778880013357,0.17256709933280945,0.9387521743774414,0.9722222222222222,0.06894291989358405,0.9318505244161511,0.20548111358522703,0.0923050991322148,0.9729618463099591,1.0,0.9782608695652174
wine,0.4,Distill-S,17,299,0.9642857313156128,270.1428510993719,0.03571426868438721,1.0,0.9642857313156128,300,0.9166666666666666,0.9166666666666666,0.22662633657455444,0.22662633657455444,0.08245142632060577,0.08245142632060577,0.1678159385919571,0.9350993037223816,0.9444444444444444,0.042508284274594466,0.9371441837944654,0.19166166488745862,0.0860432529360112,0.9746079403678802,1.0,1.0
wine,0.6,Distill-S,17,299,0.9285714030265808,269.30356450378895,0.07142859697341919,1.0,0.9285714030265808,300,0.9166666666666666,0.9166666666666666,0.25570571422576904,0.25570571422576904,0.0850675321287579,0.0850675321287579,0.13216404616832733,0.953027606010437,0.9444444444444444,0.06554921380918548,0.9419226050069989,0.15916955866611793,0.06263857176823745,0.983744685445146,1.0,1.0
wine,0.8,Distill-S,17,80,0.9285714030265808,84.58928383886814,0.07142859697341919,1.0,0.9285714030265808,101,0.9166666666666666,0.9166666666666666,0.23172354698181152,0.24278566241264343,0.057985274328125835,0.05697308315171133,0.18644560873508453,0.9314255118370056,0.9444444444444444,0.08453624709809593,0.9372507345302279,0.17014401559670222,0.05494558884197719,0.984440036410719,1.0,1.0
wine,1.0,Distill-S,17,66,0.9285714030265808,71.55356992781162,0.07142859697341919,1.0,0.9285714030265808,87,0.9166666666666666,0.9166666666666666,0.24249151349067688,0.25795450806617737,0.09093819393051994,0.05057849652237358,0.18985997140407562,0.93312007188797,0.8888888888888888,0.11289030759339916,0.9514353046269224,0.14501995081181587,0.03271031929779167,0.9945733312875,1.0,
wine,0.0,Distill-S,18,299,0.9285714030265808,273.3928502202034,0.07142859697341919,1.0,0.9285714030265808,300,0.9722222222222222,0.9722222222222222,0.08109162747859955,0.08109162747859955,0.03621043927139706,0.03621043927139706,0.10037273913621902,0.9653637409210205,0.9722222222222222,0.04169100948195057,0.9544041674154475,0.11692451579161241,0.1323938405184289,0.953659692854043,,0.9473684210526315
wine,0.2,Distill-S,18,299,0.9285714030265808,272.8214218020439,0.07142859697341919,1.0,0.9285714030265808,300,0.9444444444444444,0.9444444444444444,0.10873396694660187,0.10873396694660187,0.05119091437922583,0.05119091437922583,0.09211833029985428,0.9655429124832153,0.9444444444444444,0.06180221713494116,0.9740186022063807,0.08589652755483178,0.06997542834275328,0.9795782763677616,1.0,0.9782608695652174
wine,0.4,Distill-S,18,288,0.9285714030265808,273.39285027980804,0.07142859697341919,1.0,0.9285714030265808,300,0.9444444444444444,0.9444444444444444,0.17011027038097382,0.16966824233531952,0.04004370172818503,0.04010012911425697,0.05983252823352814,0.9844880700111389,0.9444444444444444,0.042228809134433914,0.9734722267184127,0.08772385683017377,0.053881564522369196,0.9876263454941748,1.0,0.9714285714285714
wine,0.6,Distill-S,18,299,0.9285714030265808,273.35713601112366,0.07142859697341919,1.0,0.9285714030265808,300,0.9444444444444444,0.9444444444444444,0.17720861732959747,0.17720861732959747,0.04311334921254052,0.04311334921254052,0.0606408528983593,0.9837738871574402,0.9722222222222222,0.03786821608779966,0.9755111066697003,0.08410979874553229,0.05887410430362649,0.9856939352807526,1.0,0.9565217391304348
wine,0.8,Distill-S,18,87,0.9285714030265808,95.1785694360733,0.07142859697341919,1.0,0.9285714030265808,108,0.9444444444444444,0.9444444444444444,0.13849206268787384,0.14429451525211334,0.04687016540103488,0.03700161973635355,0.09972506761550903,0.969989538192749,0.9722222222222222,0.052485036592034476,0.9667278328254372,0.1001389249796863,0.03665523526348931,0.9929436826421172,1.0,1.0
wine,1.0,Distill-S,18,83,0.9285714030265808,91.49999809265137,0.07142859697341919,1.0,0.9285714030265808,104,0.9444444444444444,0.9444444444444444,0.12919005751609802,0.13175983726978302,0.05401560167471567,0.051182587941487626,0.10625932365655899,0.9670475721359253,0.9444444444444444,0.04888105777348829,0.9622347606253678,0.10636032693511464,0.031638460996666146,0.9946270765895976,1.0,
wine,0.0,Distill-S,19,299,1.0,293.3392857462168,0.0,1.0,1.0,300,1.0,1.0,0.029338859021663666,0.029338859021663666,0.026453852653503414,0.026453852653503414,0.08668655157089233,0.9735461473464966,0.9722222222222222,0.04041623050640886,0.9648195960913696,0.11051903662694679,0.12877531711871323,0.9597056714615332,,0.9649122807017544
wine,0.2,Distill-S,19,298,1.0,293.55357144773006,0.0,1.0,1.0,300,1.0,1.0,0.02716122940182686,0.027164656668901443,0.024605317248238452,0.02460936042997572,0.08174262940883636,0.9753946661949158,0.9722222222222222,0.03792004577393352,0.966330560995361,0.10572091425874647,0.1210163341779342,0.9617166401266041,1.0,0.9565217391304348
wine,0.4,Distill-S,19,183,1.0,197.55357144773006,0.0,1.0,1.0,204,0.9722222222222222,0.9722222222222222,0.044057223945856094,0.043410785496234894,0.03384896119435628,0.03349425229761335,0.08151107281446457,0.9708446860313416,1.0,0.030560455697155344,0.9694395443028446,0.1030330388563915,0.09220034437156405,0.9753402877262236,1.0,1.0
wine,0.6,Distill-S,19,154,1.0,168.5357142686844,0.0,1.0,1.0,175,1.0,1.0,0.03791685402393341,0.037220343947410583,0.031508619586626686,0.031115329927868314,0.08474941551685333,0.96849125623703,1.0,0.05473803455100527,0.9452619654489945,0.12951568890287274,0.07713204876977697,0.9775151472382664,1.0,0.9565217391304348
wine,0.8,Distill-S,19,239,0.9642857313156128,246.7142888456583,0.03571426868438721,1.0,0.9642857313156128,260,0.9722222222222222,0.9722222222222222,0.04918096959590912,0.04885055869817734,0.017557091183132593,0.01784018675486247,0.06609132885932922,0.9749694466590881,1.0,0.026045349115521532,0.9739546508844784,0.08428599139106663,0.042152303054738265,0.9920468853198059,1.0,1.0
wine,1.0,Distill-S,19,147,0.9642857313156128,158.75000129640102,0.03571426868438721,1.0,0.9642857313156128,168,0.9444444444444444,0.9444444444444444,0.06797973811626434,0.0718807503581047,0.04427136811945173,0.03419401910569932,0.07245904952287674,0.9702693223953247,0.9722222222222222,0.03721530684837911,0.9640310023207306,0.08910463643518679,0.03585219806593723,0.9940066833096948,1.0,
