dataset,beta,group,seed,e_star,best_val_acc,auc_val,final_gen_gap,train_acc_final,val_acc_final,n_epochs,test_acc_best,test_acc_final,test_loss_best,test_loss_final,ece_best,ece_final,entropy_mean_best,conf_mean_best,teacher_test_acc,teacher_ece,teacher_conf_mean,teacher_entropy_mean,teacher_soft_entropy,teacher_soft_conf,agreement_overlap,agreement_nonoverlap
breastcancer,0.2,Baseline-Full,0,9,0.9670329689979553,27.87912094593048,0.027472525507539203,0.9945054945054945,0.9670329689979553,30,0.9912280701754386,0.9824561403508771,0.04333789274096489,0.03814776986837387,0.035668548261910155,0.0204987787363822,0.09389223158359528,0.966920018196106,,,,,,,,
breastcancer,0.3,Baseline-Full,0,9,0.9670329689979553,27.87912094593048,0.027472525507539203,0.9945054945054945,0.9670329689979553,30,0.9912280701754386,0.9824561403508771,0.04333789274096489,0.03814776986837387,0.035668548261910155,0.0204987787363822,0.09389223158359528,0.966920018196106,,,,,,,,
breastcancer,0.4,Baseline-Full,0,9,0.9670329689979553,27.87912094593048,0.027472525507539203,0.9945054945054945,0.9670329689979553,30,0.9912280701754386,0.9824561403508771,0.04333789274096489,0.03814776986837387,0.035668548261910155,0.0204987787363822,0.09389223158359528,0.966920018196106,,,,,,,,
breastcancer,0.5,Baseline-Full,0,9,0.9670329689979553,27.87912094593048,0.027472525507539203,0.9945054945054945,0.9670329689979553,30,0.9912280701754386,0.9824561403508771,0.04333789274096489,0.03814776986837387,0.035668548261910155,0.0204987787363822,0.09389223158359528,0.966920018196106,,,,,,,,
breastcancer,0.6,Baseline-Full,0,9,0.9670329689979553,27.87912094593048,0.027472525507539203,0.9945054945054945,0.9670329689979553,30,0.9912280701754386,0.9824561403508771,0.04333789274096489,0.03814776986837387,0.035668548261910155,0.0204987787363822,0.09389223158359528,0.966920018196106,,,,,,,,
breastcancer,0.7,Baseline-Full,0,9,0.9670329689979553,27.87912094593048,0.027472525507539203,0.9945054945054945,0.9670329689979553,30,0.9912280701754386,0.9824561403508771,0.04333789274096489,0.03814776986837387,0.035668548261910155,0.0204987787363822,0.09389223158359528,0.966920018196106,,,,,,,,
breastcancer,0.8,Baseline-Full,0,9,0.9670329689979553,27.87912094593048,0.027472525507539203,0.9945054945054945,0.9670329689979553,30,0.9912280701754386,0.9824561403508771,0.04333789274096489,0.03814776986837387,0.035668548261910155,0.0204987787363822,0.09389223158359528,0.966920018196106,,,,,,,,
breastcancer,0.2,Baseline-Full,1,12,0.9780219793319702,31.18131873011589,0.019230767920777048,0.9972527472527473,0.9780219793319702,33,0.9824561403508771,0.9824561403508771,0.07888923585414886,0.09297677874565125,0.012997908027548579,0.014800100995783168,0.05330554395914078,0.9834185838699341,,,,,,,,
breastcancer,0.3,Baseline-Full,1,12,0.9780219793319702,31.18131873011589,0.019230767920777048,0.9972527472527473,0.9780219793319702,33,0.9824561403508771,0.9824561403508771,0.07888923585414886,0.09297677874565125,0.012997908027548579,0.014800100995783168,0.05330554395914078,0.9834185838699341,,,,,,,,
breastcancer,0.4,Baseline-Full,1,12,0.9780219793319702,31.18131873011589,0.019230767920777048,0.9972527472527473,0.9780219793319702,33,0.9824561403508771,0.9824561403508771,0.07888923585414886,0.09297677874565125,0.012997908027548579,0.014800100995783168,0.05330554395914078,0.9834185838699341,,,,,,,,
breastcancer,0.5,Baseline-Full,1,12,0.9780219793319702,31.18131873011589,0.019230767920777048,0.9972527472527473,0.9780219793319702,33,0.9824561403508771,0.9824561403508771,0.07888923585414886,0.09297677874565125,0.012997908027548579,0.014800100995783168,0.05330554395914078,0.9834185838699341,,,,,,,,
breastcancer,0.6,Baseline-Full,1,12,0.9780219793319702,31.18131873011589,0.019230767920777048,0.9972527472527473,0.9780219793319702,33,0.9824561403508771,0.9824561403508771,0.07888923585414886,0.09297677874565125,0.012997908027548579,0.014800100995783168,0.05330554395914078,0.9834185838699341,,,,,,,,
breastcancer,0.7,Baseline-Full,1,12,0.9780219793319702,31.18131873011589,0.019230767920777048,0.9972527472527473,0.9780219793319702,33,0.9824561403508771,0.9824561403508771,0.07888923585414886,0.09297677874565125,0.012997908027548579,0.014800100995783168,0.05330554395914078,0.9834185838699341,,,,,,,,
breastcancer,0.8,Baseline-Full,1,12,0.9780219793319702,31.18131873011589,0.019230767920777048,0.9972527472527473,0.9780219793319702,33,0.9824561403508771,0.9824561403508771,0.07888923585414886,0.09297677874565125,0.012997908027548579,0.014800100995783168,0.05330554395914078,0.9834185838699341,,,,,,,,
breastcancer,0.2,Baseline-Full,2,7,0.9340659379959106,25.291208893060684,0.06593406200408936,1.0,0.9340659379959106,28,0.9649122807017544,0.9912280701754386,0.07129746675491333,0.027244091033935547,0.034623274154830394,0.012154731834143923,0.110102079808712,0.9562639594078064,,,,,,,,
breastcancer,0.3,Baseline-Full,2,7,0.9340659379959106,25.291208893060684,0.06593406200408936,1.0,0.9340659379959106,28,0.9649122807017544,0.9912280701754386,0.07129746675491333,0.027244091033935547,0.034623274154830394,0.012154731834143923,0.110102079808712,0.9562639594078064,,,,,,,,
breastcancer,0.4,Baseline-Full,2,7,0.9340659379959106,25.291208893060684,0.06593406200408936,1.0,0.9340659379959106,28,0.9649122807017544,0.9912280701754386,0.07129746675491333,0.027244091033935547,0.034623274154830394,0.012154731834143923,0.110102079808712,0.9562639594078064,,,,,,,,
breastcancer,0.5,Baseline-Full,2,7,0.9340659379959106,25.291208893060684,0.06593406200408936,1.0,0.9340659379959106,28,0.9649122807017544,0.9912280701754386,0.07129746675491333,0.027244091033935547,0.034623274154830394,0.012154731834143923,0.110102079808712,0.9562639594078064,,,,,,,,
breastcancer,0.6,Baseline-Full,2,7,0.9340659379959106,25.291208893060684,0.06593406200408936,1.0,0.9340659379959106,28,0.9649122807017544,0.9912280701754386,0.07129746675491333,0.027244091033935547,0.034623274154830394,0.012154731834143923,0.110102079808712,0.9562639594078064,,,,,,,,
breastcancer,0.7,Baseline-Full,2,7,0.9340659379959106,25.291208893060684,0.06593406200408936,1.0,0.9340659379959106,28,0.9649122807017544,0.9912280701754386,0.07129746675491333,0.027244091033935547,0.034623274154830394,0.012154731834143923,0.110102079808712,0.9562639594078064,,,,,,,,
breastcancer,0.8,Baseline-Full,2,7,0.9340659379959106,25.291208893060684,0.06593406200408936,1.0,0.9340659379959106,28,0.9649122807017544,0.9912280701754386,0.07129746675491333,0.027244091033935547,0.034623274154830394,0.012154731834143923,0.110102079808712,0.9562639594078064,,,,,,,,
breastcancer,0.2,Baseline-Full,3,8,0.9670329689979553,27.09340664744377,0.021978020668029785,1.0,0.9780219793319702,29,0.9736842105263158,0.9736842105263158,0.0938580334186554,0.07215354591608047,0.02860494193277857,0.016499317006060898,0.11680569499731064,0.9543375372886658,,,,,,,,
breastcancer,0.3,Baseline-Full,3,8,0.9670329689979553,27.09340664744377,0.021978020668029785,1.0,0.9780219793319702,29,0.9736842105263158,0.9736842105263158,0.0938580334186554,0.07215354591608047,0.02860494193277857,0.016499317006060898,0.11680569499731064,0.9543375372886658,,,,,,,,
breastcancer,0.4,Baseline-Full,3,8,0.9670329689979553,27.09340664744377,0.021978020668029785,1.0,0.9780219793319702,29,0.9736842105263158,0.9736842105263158,0.0938580334186554,0.07215354591608047,0.02860494193277857,0.016499317006060898,0.11680569499731064,0.9543375372886658,,,,,,,,
breastcancer,0.5,Baseline-Full,3,8,0.9670329689979553,27.09340664744377,0.021978020668029785,1.0,0.9780219793319702,29,0.9736842105263158,0.9736842105263158,0.0938580334186554,0.07215354591608047,0.02860494193277857,0.016499317006060898,0.11680569499731064,0.9543375372886658,,,,,,,,
breastcancer,0.6,Baseline-Full,3,8,0.9670329689979553,27.09340664744377,0.021978020668029785,1.0,0.9780219793319702,29,0.9736842105263158,0.9736842105263158,0.0938580334186554,0.07215354591608047,0.02860494193277857,0.016499317006060898,0.11680569499731064,0.9543375372886658,,,,,,,,
breastcancer,0.7,Baseline-Full,3,8,0.9670329689979553,27.09340664744377,0.021978020668029785,1.0,0.9780219793319702,29,0.9736842105263158,0.9736842105263158,0.0938580334186554,0.07215354591608047,0.02860494193277857,0.016499317006060898,0.11680569499731064,0.9543375372886658,,,,,,,,
breastcancer,0.8,Baseline-Full,3,8,0.9670329689979553,27.09340664744377,0.021978020668029785,1.0,0.9780219793319702,29,0.9736842105263158,0.9736842105263158,0.0938580334186554,0.07215354591608047,0.02860494193277857,0.016499317006060898,0.11680569499731064,0.9543375372886658,,,,,,,,
breastcancer,0.2,Baseline-Full,4,7,0.9560439586639404,25.483516573905945,0.04395604133605957,1.0,0.9560439586639404,28,0.9736842105263158,0.9736842105263158,0.0870155468583107,0.09114061295986176,0.02018566769466066,0.025021405596482162,0.08408870548009872,0.9670124650001526,,,,,,,,
breastcancer,0.3,Baseline-Full,4,7,0.9560439586639404,25.483516573905945,0.04395604133605957,1.0,0.9560439586639404,28,0.9736842105263158,0.9736842105263158,0.0870155468583107,0.09114061295986176,0.02018566769466066,0.025021405596482162,0.08408870548009872,0.9670124650001526,,,,,,,,
breastcancer,0.4,Baseline-Full,4,7,0.9560439586639404,25.483516573905945,0.04395604133605957,1.0,0.9560439586639404,28,0.9736842105263158,0.9736842105263158,0.0870155468583107,0.09114061295986176,0.02018566769466066,0.025021405596482162,0.08408870548009872,0.9670124650001526,,,,,,,,
breastcancer,0.5,Baseline-Full,4,7,0.9560439586639404,25.483516573905945,0.04395604133605957,1.0,0.9560439586639404,28,0.9736842105263158,0.9736842105263158,0.0870155468583107,0.09114061295986176,0.02018566769466066,0.025021405596482162,0.08408870548009872,0.9670124650001526,,,,,,,,
breastcancer,0.6,Baseline-Full,4,7,0.9560439586639404,25.483516573905945,0.04395604133605957,1.0,0.9560439586639404,28,0.9736842105263158,0.9736842105263158,0.0870155468583107,0.09114061295986176,0.02018566769466066,0.025021405596482162,0.08408870548009872,0.9670124650001526,,,,,,,,
breastcancer,0.7,Baseline-Full,4,7,0.9560439586639404,25.483516573905945,0.04395604133605957,1.0,0.9560439586639404,28,0.9736842105263158,0.9736842105263158,0.0870155468583107,0.09114061295986176,0.02018566769466066,0.025021405596482162,0.08408870548009872,0.9670124650001526,,,,,,,,
breastcancer,0.8,Baseline-Full,4,7,0.9560439586639404,25.483516573905945,0.04395604133605957,1.0,0.9560439586639404,28,0.9736842105263158,0.9736842105263158,0.0870155468583107,0.09114061295986176,0.02018566769466066,0.025021405596482162,0.08408870548009872,0.9670124650001526,,,,,,,,
breastcancer,0.2,Baseline-Full,5,299,1.0,298.35714289546013,0.0,1.0,1.0,300,0.956140350877193,0.956140350877193,0.46537020802497864,0.46537020802497864,0.04322038930759098,0.04322038930759098,0.0031968513503670692,0.9993607401847839,,,,,,,,
breastcancer,0.3,Baseline-Full,5,299,1.0,298.35714289546013,0.0,1.0,1.0,300,0.956140350877193,0.956140350877193,0.46537020802497864,0.46537020802497864,0.04322038930759098,0.04322038930759098,0.0031968513503670692,0.9993607401847839,,,,,,,,
breastcancer,0.4,Baseline-Full,5,299,1.0,298.35714289546013,0.0,1.0,1.0,300,0.956140350877193,0.956140350877193,0.46537020802497864,0.46537020802497864,0.04322038930759098,0.04322038930759098,0.0031968513503670692,0.9993607401847839,,,,,,,,
breastcancer,0.5,Baseline-Full,5,299,1.0,298.35714289546013,0.0,1.0,1.0,300,0.956140350877193,0.956140350877193,0.46537020802497864,0.46537020802497864,0.04322038930759098,0.04322038930759098,0.0031968513503670692,0.9993607401847839,,,,,,,,
breastcancer,0.6,Baseline-Full,5,299,1.0,298.35714289546013,0.0,1.0,1.0,300,0.956140350877193,0.956140350877193,0.46537020802497864,0.46537020802497864,0.04322038930759098,0.04322038930759098,0.0031968513503670692,0.9993607401847839,,,,,,,,
breastcancer,0.7,Baseline-Full,5,299,1.0,298.35714289546013,0.0,1.0,1.0,300,0.956140350877193,0.956140350877193,0.46537020802497864,0.46537020802497864,0.04322038930759098,0.04322038930759098,0.0031968513503670692,0.9993607401847839,,,,,,,,
breastcancer,0.8,Baseline-Full,5,299,1.0,298.35714289546013,0.0,1.0,1.0,300,0.956140350877193,0.956140350877193,0.46537020802497864,0.46537020802497864,0.04322038930759098,0.04322038930759098,0.0031968513503670692,0.9993607401847839,,,,,,,,
breastcancer,0.2,Baseline-Full,6,22,0.9670329689979553,40.25274735689163,0.03296703100204468,1.0,0.9670329689979553,43,1.0,1.0,0.01538691483438015,0.007711524609476328,0.013737488211246958,0.007194712496640389,0.04399358853697777,0.9862625002861023,,,,,,,,
breastcancer,0.3,Baseline-Full,6,22,0.9670329689979553,40.25274735689163,0.03296703100204468,1.0,0.9670329689979553,43,1.0,1.0,0.01538691483438015,0.007711524609476328,0.013737488211246958,0.007194712496640389,0.04399358853697777,0.9862625002861023,,,,,,,,
breastcancer,0.4,Baseline-Full,6,22,0.9670329689979553,40.25274735689163,0.03296703100204468,1.0,0.9670329689979553,43,1.0,1.0,0.01538691483438015,0.007711524609476328,0.013737488211246958,0.007194712496640389,0.04399358853697777,0.9862625002861023,,,,,,,,
breastcancer,0.5,Baseline-Full,6,22,0.9670329689979553,40.25274735689163,0.03296703100204468,1.0,0.9670329689979553,43,1.0,1.0,0.01538691483438015,0.007711524609476328,0.013737488211246958,0.007194712496640389,0.04399358853697777,0.9862625002861023,,,,,,,,
breastcancer,0.6,Baseline-Full,6,22,0.9670329689979553,40.25274735689163,0.03296703100204468,1.0,0.9670329689979553,43,1.0,1.0,0.01538691483438015,0.007711524609476328,0.013737488211246958,0.007194712496640389,0.04399358853697777,0.9862625002861023,,,,,,,,
breastcancer,0.7,Baseline-Full,6,22,0.9670329689979553,40.25274735689163,0.03296703100204468,1.0,0.9670329689979553,43,1.0,1.0,0.01538691483438015,0.007711524609476328,0.013737488211246958,0.007194712496640389,0.04399358853697777,0.9862625002861023,,,,,,,,
breastcancer,0.8,Baseline-Full,6,22,0.9670329689979553,40.25274735689163,0.03296703100204468,1.0,0.9670329689979553,43,1.0,1.0,0.01538691483438015,0.007711524609476328,0.013737488211246958,0.007194712496640389,0.04399358853697777,0.9862625002861023,,,,,,,,
breastcancer,0.2,Baseline-Full,7,14,0.9780219793319702,32.98351654410362,0.019230767920777048,0.9972527472527473,0.9780219793319702,35,0.9824561403508771,0.9912280701754386,0.0487896129488945,0.04566406086087227,0.015488603658843497,0.017028142485702197,0.053155623376369476,0.9821039438247681,,,,,,,,
breastcancer,0.3,Baseline-Full,7,14,0.9780219793319702,32.98351654410362,0.019230767920777048,0.9972527472527473,0.9780219793319702,35,0.9824561403508771,0.9912280701754386,0.0487896129488945,0.04566406086087227,0.015488603658843497,0.017028142485702197,0.053155623376369476,0.9821039438247681,,,,,,,,
breastcancer,0.4,Baseline-Full,7,14,0.9780219793319702,32.98351654410362,0.019230767920777048,0.9972527472527473,0.9780219793319702,35,0.9824561403508771,0.9912280701754386,0.0487896129488945,0.04566406086087227,0.015488603658843497,0.017028142485702197,0.053155623376369476,0.9821039438247681,,,,,,,,
breastcancer,0.5,Baseline-Full,7,14,0.9780219793319702,32.98351654410362,0.019230767920777048,0.9972527472527473,0.9780219793319702,35,0.9824561403508771,0.9912280701754386,0.0487896129488945,0.04566406086087227,0.015488603658843497,0.017028142485702197,0.053155623376369476,0.9821039438247681,,,,,,,,
breastcancer,0.6,Baseline-Full,7,14,0.9780219793319702,32.98351654410362,0.019230767920777048,0.9972527472527473,0.9780219793319702,35,0.9824561403508771,0.9912280701754386,0.0487896129488945,0.04566406086087227,0.015488603658843497,0.017028142485702197,0.053155623376369476,0.9821039438247681,,,,,,,,
breastcancer,0.7,Baseline-Full,7,14,0.9780219793319702,32.98351654410362,0.019230767920777048,0.9972527472527473,0.9780219793319702,35,0.9824561403508771,0.9912280701754386,0.0487896129488945,0.04566406086087227,0.015488603658843497,0.017028142485702197,0.053155623376369476,0.9821039438247681,,,,,,,,
breastcancer,0.8,Baseline-Full,7,14,0.9780219793319702,32.98351654410362,0.019230767920777048,0.9972527472527473,0.9780219793319702,35,0.9824561403508771,0.9912280701754386,0.0487896129488945,0.04566406086087227,0.015488603658843497,0.017028142485702197,0.053155623376369476,0.9821039438247681,,,,,,,,
breastcancer,0.2,Baseline-Full,8,24,0.9890109896659851,42.86263743042946,0.010989010334014893,1.0,0.9890109896659851,45,0.9649122807017544,0.9649122807017544,0.12102003395557404,0.18889763951301575,0.024679367479525108,0.030412825053198294,0.06228668987751007,0.9749558568000793,,,,,,,,
breastcancer,0.3,Baseline-Full,8,24,0.9890109896659851,42.86263743042946,0.010989010334014893,1.0,0.9890109896659851,45,0.9649122807017544,0.9649122807017544,0.12102003395557404,0.18889763951301575,0.024679367479525108,0.030412825053198294,0.06228668987751007,0.9749558568000793,,,,,,,,
breastcancer,0.4,Baseline-Full,8,24,0.9890109896659851,42.86263743042946,0.010989010334014893,1.0,0.9890109896659851,45,0.9649122807017544,0.9649122807017544,0.12102003395557404,0.18889763951301575,0.024679367479525108,0.030412825053198294,0.06228668987751007,0.9749558568000793,,,,,,,,
breastcancer,0.5,Baseline-Full,8,24,0.9890109896659851,42.86263743042946,0.010989010334014893,1.0,0.9890109896659851,45,0.9649122807017544,0.9649122807017544,0.12102003395557404,0.18889763951301575,0.024679367479525108,0.030412825053198294,0.06228668987751007,0.9749558568000793,,,,,,,,
breastcancer,0.6,Baseline-Full,8,24,0.9890109896659851,42.86263743042946,0.010989010334014893,1.0,0.9890109896659851,45,0.9649122807017544,0.9649122807017544,0.12102003395557404,0.18889763951301575,0.024679367479525108,0.030412825053198294,0.06228668987751007,0.9749558568000793,,,,,,,,
breastcancer,0.7,Baseline-Full,8,24,0.9890109896659851,42.86263743042946,0.010989010334014893,1.0,0.9890109896659851,45,0.9649122807017544,0.9649122807017544,0.12102003395557404,0.18889763951301575,0.024679367479525108,0.030412825053198294,0.06228668987751007,0.9749558568000793,,,,,,,,
breastcancer,0.8,Baseline-Full,8,24,0.9890109896659851,42.86263743042946,0.010989010334014893,1.0,0.9890109896659851,45,0.9649122807017544,0.9649122807017544,0.12102003395557404,0.18889763951301575,0.024679367479525108,0.030412825053198294,0.06228668987751007,0.9749558568000793,,,,,,,,
breastcancer,0.2,Baseline-Full,9,13,0.9780219793319702,31.549450635910034,0.03296703100204468,1.0,0.9670329689979553,34,0.956140350877193,0.9649122807017544,0.12076887488365173,0.17023122310638428,0.030122096078437643,0.024303465558771473,0.06957066059112549,0.9720595479011536,,,,,,,,
breastcancer,0.3,Baseline-Full,9,13,0.9780219793319702,31.549450635910034,0.03296703100204468,1.0,0.9670329689979553,34,0.956140350877193,0.9649122807017544,0.12076887488365173,0.17023122310638428,0.030122096078437643,0.024303465558771473,0.06957066059112549,0.9720595479011536,,,,,,,,
breastcancer,0.4,Baseline-Full,9,13,0.9780219793319702,31.549450635910034,0.03296703100204468,1.0,0.9670329689979553,34,0.956140350877193,0.9649122807017544,0.12076887488365173,0.17023122310638428,0.030122096078437643,0.024303465558771473,0.06957066059112549,0.9720595479011536,,,,,,,,
breastcancer,0.5,Baseline-Full,9,13,0.9780219793319702,31.549450635910034,0.03296703100204468,1.0,0.9670329689979553,34,0.956140350877193,0.9649122807017544,0.12076887488365173,0.17023122310638428,0.030122096078437643,0.024303465558771473,0.06957066059112549,0.9720595479011536,,,,,,,,
breastcancer,0.6,Baseline-Full,9,13,0.9780219793319702,31.549450635910034,0.03296703100204468,1.0,0.9670329689979553,34,0.956140350877193,0.9649122807017544,0.12076887488365173,0.17023122310638428,0.030122096078437643,0.024303465558771473,0.06957066059112549,0.9720595479011536,,,,,,,,
breastcancer,0.7,Baseline-Full,9,13,0.9780219793319702,31.549450635910034,0.03296703100204468,1.0,0.9670329689979553,34,0.956140350877193,0.9649122807017544,0.12076887488365173,0.17023122310638428,0.030122096078437643,0.024303465558771473,0.06957066059112549,0.9720595479011536,,,,,,,,
breastcancer,0.8,Baseline-Full,9,13,0.9780219793319702,31.549450635910034,0.03296703100204468,1.0,0.9670329689979553,34,0.956140350877193,0.9649122807017544,0.12076887488365173,0.17023122310638428,0.030122096078437643,0.024303465558771473,0.06957066059112549,0.9720595479011536,,,,,,,,
breastcancer,0.2,Baseline-Full,10,7,0.9670329689979553,26.087912142276764,0.021978020668029785,1.0,0.9780219793319702,28,0.9649122807017544,0.9649122807017544,0.1089043915271759,0.1565304696559906,0.03550369279426442,0.037048543231529056,0.09696165472269058,0.9627618193626404,,,,,,,,
breastcancer,0.3,Baseline-Full,10,7,0.9670329689979553,26.087912142276764,0.021978020668029785,1.0,0.9780219793319702,28,0.9649122807017544,0.9649122807017544,0.1089043915271759,0.1565304696559906,0.03550369279426442,0.037048543231529056,0.09696165472269058,0.9627618193626404,,,,,,,,
breastcancer,0.4,Baseline-Full,10,7,0.9670329689979553,26.087912142276764,0.021978020668029785,1.0,0.9780219793319702,28,0.9649122807017544,0.9649122807017544,0.1089043915271759,0.1565304696559906,0.03550369279426442,0.037048543231529056,0.09696165472269058,0.9627618193626404,,,,,,,,
breastcancer,0.5,Baseline-Full,10,7,0.9670329689979553,26.087912142276764,0.021978020668029785,1.0,0.9780219793319702,28,0.9649122807017544,0.9649122807017544,0.1089043915271759,0.1565304696559906,0.03550369279426442,0.037048543231529056,0.09696165472269058,0.9627618193626404,,,,,,,,
breastcancer,0.6,Baseline-Full,10,7,0.9670329689979553,26.087912142276764,0.021978020668029785,1.0,0.9780219793319702,28,0.9649122807017544,0.9649122807017544,0.1089043915271759,0.1565304696559906,0.03550369279426442,0.037048543231529056,0.09696165472269058,0.9627618193626404,,,,,,,,
breastcancer,0.7,Baseline-Full,10,7,0.9670329689979553,26.087912142276764,0.021978020668029785,1.0,0.9780219793319702,28,0.9649122807017544,0.9649122807017544,0.1089043915271759,0.1565304696559906,0.03550369279426442,0.037048543231529056,0.09696165472269058,0.9627618193626404,,,,,,,,
breastcancer,0.8,Baseline-Full,10,7,0.9670329689979553,26.087912142276764,0.021978020668029785,1.0,0.9780219793319702,28,0.9649122807017544,0.9649122807017544,0.1089043915271759,0.1565304696559906,0.03550369279426442,0.037048543231529056,0.09696165472269058,0.9627618193626404,,,,,,,,
breastcancer,0.2,Baseline-Full,11,12,0.9780219793319702,31.20329675078392,0.01648351517352431,0.9945054945054945,0.9780219793319702,33,0.9736842105263158,0.9649122807017544,0.09137015789747238,0.08625651150941849,0.03564554139187457,0.02360293582866063,0.09890767931938171,0.9612365365028381,,,,,,,,
breastcancer,0.3,Baseline-Full,11,12,0.9780219793319702,31.20329675078392,0.01648351517352431,0.9945054945054945,0.9780219793319702,33,0.9736842105263158,0.9649122807017544,0.09137015789747238,0.08625651150941849,0.03564554139187457,0.02360293582866063,0.09890767931938171,0.9612365365028381,,,,,,,,
breastcancer,0.4,Baseline-Full,11,12,0.9780219793319702,31.20329675078392,0.01648351517352431,0.9945054945054945,0.9780219793319702,33,0.9736842105263158,0.9649122807017544,0.09137015789747238,0.08625651150941849,0.03564554139187457,0.02360293582866063,0.09890767931938171,0.9612365365028381,,,,,,,,
breastcancer,0.5,Baseline-Full,11,12,0.9780219793319702,31.20329675078392,0.01648351517352431,0.9945054945054945,0.9780219793319702,33,0.9736842105263158,0.9649122807017544,0.09137015789747238,0.08625651150941849,0.03564554139187457,0.02360293582866063,0.09890767931938171,0.9612365365028381,,,,,,,,
breastcancer,0.6,Baseline-Full,11,12,0.9780219793319702,31.20329675078392,0.01648351517352431,0.9945054945054945,0.9780219793319702,33,0.9736842105263158,0.9649122807017544,0.09137015789747238,0.08625651150941849,0.03564554139187457,0.02360293582866063,0.09890767931938171,0.9612365365028381,,,,,,,,
breastcancer,0.7,Baseline-Full,11,12,0.9780219793319702,31.20329675078392,0.01648351517352431,0.9945054945054945,0.9780219793319702,33,0.9736842105263158,0.9649122807017544,0.09137015789747238,0.08625651150941849,0.03564554139187457,0.02360293582866063,0.09890767931938171,0.9612365365028381,,,,,,,,
breastcancer,0.8,Baseline-Full,11,12,0.9780219793319702,31.20329675078392,0.01648351517352431,0.9945054945054945,0.9780219793319702,33,0.9736842105263158,0.9649122807017544,0.09137015789747238,0.08625651150941849,0.03564554139187457,0.02360293582866063,0.09890767931938171,0.9612365365028381,,,,,,,,
breastcancer,0.2,Baseline-Full,12,25,1.0,44.14285719394684,0.021978020668029785,1.0,0.9780219793319702,46,0.9912280701754386,0.9824561403508771,0.04167637974023819,0.0385274775326252,0.03432678130635044,0.01789971035823488,0.08234155923128128,0.9670183658599854,,,,,,,,
breastcancer,0.3,Baseline-Full,12,25,1.0,44.14285719394684,0.021978020668029785,1.0,0.9780219793319702,46,0.9912280701754386,0.9824561403508771,0.04167637974023819,0.0385274775326252,0.03432678130635044,0.01789971035823488,0.08234155923128128,0.9670183658599854,,,,,,,,
breastcancer,0.4,Baseline-Full,12,25,1.0,44.14285719394684,0.021978020668029785,1.0,0.9780219793319702,46,0.9912280701754386,0.9824561403508771,0.04167637974023819,0.0385274775326252,0.03432678130635044,0.01789971035823488,0.08234155923128128,0.9670183658599854,,,,,,,,
breastcancer,0.5,Baseline-Full,12,25,1.0,44.14285719394684,0.021978020668029785,1.0,0.9780219793319702,46,0.9912280701754386,0.9824561403508771,0.04167637974023819,0.0385274775326252,0.03432678130635044,0.01789971035823488,0.08234155923128128,0.9670183658599854,,,,,,,,
breastcancer,0.6,Baseline-Full,12,25,1.0,44.14285719394684,0.021978020668029785,1.0,0.9780219793319702,46,0.9912280701754386,0.9824561403508771,0.04167637974023819,0.0385274775326252,0.03432678130635044,0.01789971035823488,0.08234155923128128,0.9670183658599854,,,,,,,,
breastcancer,0.7,Baseline-Full,12,25,1.0,44.14285719394684,0.021978020668029785,1.0,0.9780219793319702,46,0.9912280701754386,0.9824561403508771,0.04167637974023819,0.0385274775326252,0.03432678130635044,0.01789971035823488,0.08234155923128128,0.9670183658599854,,,,,,,,
breastcancer,0.8,Baseline-Full,12,25,1.0,44.14285719394684,0.021978020668029785,1.0,0.9780219793319702,46,0.9912280701754386,0.9824561403508771,0.04167637974023819,0.0385274775326252,0.03432678130635044,0.01789971035823488,0.08234155923128128,0.9670183658599854,,,,,,,,
breastcancer,0.2,Baseline-Full,13,96,1.0,115.62087914347649,0.0,1.0,1.0,117,0.9649122807017544,0.956140350877193,0.11738910526037216,0.16819311678409576,0.03135193387667335,0.03822070412468489,0.0355122908949852,0.9829046726226807,,,,,,,,
breastcancer,0.3,Baseline-Full,13,96,1.0,115.62087914347649,0.0,1.0,1.0,117,0.9649122807017544,0.956140350877193,0.11738910526037216,0.16819311678409576,0.03135193387667335,0.03822070412468489,0.0355122908949852,0.9829046726226807,,,,,,,,
breastcancer,0.4,Baseline-Full,13,96,1.0,115.62087914347649,0.0,1.0,1.0,117,0.9649122807017544,0.956140350877193,0.11738910526037216,0.16819311678409576,0.03135193387667335,0.03822070412468489,0.0355122908949852,0.9829046726226807,,,,,,,,
breastcancer,0.5,Baseline-Full,13,96,1.0,115.62087914347649,0.0,1.0,1.0,117,0.9649122807017544,0.956140350877193,0.11738910526037216,0.16819311678409576,0.03135193387667335,0.03822070412468489,0.0355122908949852,0.9829046726226807,,,,,,,,
breastcancer,0.6,Baseline-Full,13,96,1.0,115.62087914347649,0.0,1.0,1.0,117,0.9649122807017544,0.956140350877193,0.11738910526037216,0.16819311678409576,0.03135193387667335,0.03822070412468489,0.0355122908949852,0.9829046726226807,,,,,,,,
breastcancer,0.7,Baseline-Full,13,96,1.0,115.62087914347649,0.0,1.0,1.0,117,0.9649122807017544,0.956140350877193,0.11738910526037216,0.16819311678409576,0.03135193387667335,0.03822070412468489,0.0355122908949852,0.9829046726226807,,,,,,,,
breastcancer,0.8,Baseline-Full,13,96,1.0,115.62087914347649,0.0,1.0,1.0,117,0.9649122807017544,0.956140350877193,0.11738910526037216,0.16819311678409576,0.03135193387667335,0.03822070412468489,0.0355122908949852,0.9829046726226807,,,,,,,,
breastcancer,0.2,Baseline-Full,14,19,0.9780219793319702,37.87362644076347,0.019230767920777048,0.9972527472527473,0.9780219793319702,40,0.9736842105263158,0.9736842105263158,0.0846409797668457,0.10045834630727768,0.03514046156615541,0.025401357495993905,0.06628257036209106,0.9755247235298157,,,,,,,,
breastcancer,0.3,Baseline-Full,14,19,0.9780219793319702,37.87362644076347,0.019230767920777048,0.9972527472527473,0.9780219793319702,40,0.9736842105263158,0.9736842105263158,0.0846409797668457,0.10045834630727768,0.03514046156615541,0.025401357495993905,0.06628257036209106,0.9755247235298157,,,,,,,,
breastcancer,0.4,Baseline-Full,14,19,0.9780219793319702,37.87362644076347,0.019230767920777048,0.9972527472527473,0.9780219793319702,40,0.9736842105263158,0.9736842105263158,0.0846409797668457,0.10045834630727768,0.03514046156615541,0.025401357495993905,0.06628257036209106,0.9755247235298157,,,,,,,,
breastcancer,0.5,Baseline-Full,14,19,0.9780219793319702,37.87362644076347,0.019230767920777048,0.9972527472527473,0.9780219793319702,40,0.9736842105263158,0.9736842105263158,0.0846409797668457,0.10045834630727768,0.03514046156615541,0.025401357495993905,0.06628257036209106,0.9755247235298157,,,,,,,,
breastcancer,0.6,Baseline-Full,14,19,0.9780219793319702,37.87362644076347,0.019230767920777048,0.9972527472527473,0.9780219793319702,40,0.9736842105263158,0.9736842105263158,0.0846409797668457,0.10045834630727768,0.03514046156615541,0.025401357495993905,0.06628257036209106,0.9755247235298157,,,,,,,,
breastcancer,0.7,Baseline-Full,14,19,0.9780219793319702,37.87362644076347,0.019230767920777048,0.9972527472527473,0.9780219793319702,40,0.9736842105263158,0.9736842105263158,0.0846409797668457,0.10045834630727768,0.03514046156615541,0.025401357495993905,0.06628257036209106,0.9755247235298157,,,,,,,,
breastcancer,0.8,Baseline-Full,14,19,0.9780219793319702,37.87362644076347,0.019230767920777048,0.9972527472527473,0.9780219793319702,40,0.9736842105263158,0.9736842105263158,0.0846409797668457,0.10045834630727768,0.03514046156615541,0.025401357495993905,0.06628257036209106,0.9755247235298157,,,,,,,,
breastcancer,0.2,Baseline-Full,15,18,0.9780219793319702,36.87912094593048,0.027472525507539203,0.9945054945054945,0.9670329689979553,39,0.9649122807017544,0.9824561403508771,0.06510463356971741,0.07119036465883255,0.025667676277327956,0.0229059682603468,0.07412657141685486,0.9731584787368774,,,,,,,,
breastcancer,0.3,Baseline-Full,15,18,0.9780219793319702,36.87912094593048,0.027472525507539203,0.9945054945054945,0.9670329689979553,39,0.9649122807017544,0.9824561403508771,0.06510463356971741,0.07119036465883255,0.025667676277327956,0.0229059682603468,0.07412657141685486,0.9731584787368774,,,,,,,,
breastcancer,0.4,Baseline-Full,15,18,0.9780219793319702,36.87912094593048,0.027472525507539203,0.9945054945054945,0.9670329689979553,39,0.9649122807017544,0.9824561403508771,0.06510463356971741,0.07119036465883255,0.025667676277327956,0.0229059682603468,0.07412657141685486,0.9731584787368774,,,,,,,,
breastcancer,0.5,Baseline-Full,15,18,0.9780219793319702,36.87912094593048,0.027472525507539203,0.9945054945054945,0.9670329689979553,39,0.9649122807017544,0.9824561403508771,0.06510463356971741,0.07119036465883255,0.025667676277327956,0.0229059682603468,0.07412657141685486,0.9731584787368774,,,,,,,,
breastcancer,0.6,Baseline-Full,15,18,0.9780219793319702,36.87912094593048,0.027472525507539203,0.9945054945054945,0.9670329689979553,39,0.9649122807017544,0.9824561403508771,0.06510463356971741,0.07119036465883255,0.025667676277327956,0.0229059682603468,0.07412657141685486,0.9731584787368774,,,,,,,,
breastcancer,0.7,Baseline-Full,15,18,0.9780219793319702,36.87912094593048,0.027472525507539203,0.9945054945054945,0.9670329689979553,39,0.9649122807017544,0.9824561403508771,0.06510463356971741,0.07119036465883255,0.025667676277327956,0.0229059682603468,0.07412657141685486,0.9731584787368774,,,,,,,,
breastcancer,0.8,Baseline-Full,15,18,0.9780219793319702,36.87912094593048,0.027472525507539203,0.9945054945054945,0.9670329689979553,39,0.9649122807017544,0.9824561403508771,0.06510463356971741,0.07119036465883255,0.025667676277327956,0.0229059682603468,0.07412657141685486,0.9731584787368774,,,,,,,,
breastcancer,0.2,Baseline-Full,16,34,0.9890109896659851,53.39010992646217,0.010989010334014893,1.0,0.9890109896659851,55,0.956140350877193,0.956140350877193,0.19130243360996246,0.26584115624427795,0.03795138837998373,0.040801408520916,0.0410710945725441,0.9856675863265991,,,,,,,,
breastcancer,0.3,Baseline-Full,16,34,0.9890109896659851,53.39010992646217,0.010989010334014893,1.0,0.9890109896659851,55,0.956140350877193,0.956140350877193,0.19130243360996246,0.26584115624427795,0.03795138837998373,0.040801408520916,0.0410710945725441,0.9856675863265991,,,,,,,,
breastcancer,0.4,Baseline-Full,16,34,0.9890109896659851,53.39010992646217,0.010989010334014893,1.0,0.9890109896659851,55,0.956140350877193,0.956140350877193,0.19130243360996246,0.26584115624427795,0.03795138837998373,0.040801408520916,0.0410710945725441,0.9856675863265991,,,,,,,,
breastcancer,0.5,Baseline-Full,16,34,0.9890109896659851,53.39010992646217,0.010989010334014893,1.0,0.9890109896659851,55,0.956140350877193,0.956140350877193,0.19130243360996246,0.26584115624427795,0.03795138837998373,0.040801408520916,0.0410710945725441,0.9856675863265991,,,,,,,,
breastcancer,0.6,Baseline-Full,16,34,0.9890109896659851,53.39010992646217,0.010989010334014893,1.0,0.9890109896659851,55,0.956140350877193,0.956140350877193,0.19130243360996246,0.26584115624427795,0.03795138837998373,0.040801408520916,0.0410710945725441,0.9856675863265991,,,,,,,,
breastcancer,0.7,Baseline-Full,16,34,0.9890109896659851,53.39010992646217,0.010989010334014893,1.0,0.9890109896659851,55,0.956140350877193,0.956140350877193,0.19130243360996246,0.26584115624427795,0.03795138837998373,0.040801408520916,0.0410710945725441,0.9856675863265991,,,,,,,,
breastcancer,0.8,Baseline-Full,16,34,0.9890109896659851,53.39010992646217,0.010989010334014893,1.0,0.9890109896659851,55,0.956140350877193,0.956140350877193,0.19130243360996246,0.26584115624427795,0.03795138837998373,0.040801408520916,0.0410710945725441,0.9856675863265991,,,,,,,,
breastcancer,0.2,Baseline-Full,17,15,0.9780219793319702,34.14285719394684,0.019230767920777048,0.9972527472527473,0.9780219793319702,36,0.9736842105263158,0.9824561403508771,0.07639148086309433,0.07580117881298065,0.01333701976558618,0.026833908076871905,0.08175480365753174,0.9682741761207581,,,,,,,,
breastcancer,0.3,Baseline-Full,17,15,0.9780219793319702,34.14285719394684,0.019230767920777048,0.9972527472527473,0.9780219793319702,36,0.9736842105263158,0.9824561403508771,0.07639148086309433,0.07580117881298065,0.01333701976558618,0.026833908076871905,0.08175480365753174,0.9682741761207581,,,,,,,,
breastcancer,0.4,Baseline-Full,17,15,0.9780219793319702,34.14285719394684,0.019230767920777048,0.9972527472527473,0.9780219793319702,36,0.9736842105263158,0.9824561403508771,0.07639148086309433,0.07580117881298065,0.01333701976558618,0.026833908076871905,0.08175480365753174,0.9682741761207581,,,,,,,,
breastcancer,0.5,Baseline-Full,17,15,0.9780219793319702,34.14285719394684,0.019230767920777048,0.9972527472527473,0.9780219793319702,36,0.9736842105263158,0.9824561403508771,0.07639148086309433,0.07580117881298065,0.01333701976558618,0.026833908076871905,0.08175480365753174,0.9682741761207581,,,,,,,,
breastcancer,0.6,Baseline-Full,17,15,0.9780219793319702,34.14285719394684,0.019230767920777048,0.9972527472527473,0.9780219793319702,36,0.9736842105263158,0.9824561403508771,0.07639148086309433,0.07580117881298065,0.01333701976558618,0.026833908076871905,0.08175480365753174,0.9682741761207581,,,,,,,,
breastcancer,0.7,Baseline-Full,17,15,0.9780219793319702,34.14285719394684,0.019230767920777048,0.9972527472527473,0.9780219793319702,36,0.9736842105263158,0.9824561403508771,0.07639148086309433,0.07580117881298065,0.01333701976558618,0.026833908076871905,0.08175480365753174,0.9682741761207581,,,,,,,,
breastcancer,0.8,Baseline-Full,17,15,0.9780219793319702,34.14285719394684,0.019230767920777048,0.9972527472527473,0.9780219793319702,36,0.9736842105263158,0.9824561403508771,0.07639148086309433,0.07580117881298065,0.01333701976558618,0.026833908076871905,0.08175480365753174,0.9682741761207581,,,,,,,,
breastcancer,0.2,Baseline-Full,18,22,0.9780219793319702,40.48901107907295,0.03021977825479194,0.9972527472527473,0.9670329689979553,43,0.9649122807017544,0.9736842105263158,0.08977840840816498,0.10519132018089294,0.029029501634731666,0.024900380979504547,0.06183489412069321,0.9807155728340149,,,,,,,,
breastcancer,0.3,Baseline-Full,18,22,0.9780219793319702,40.48901107907295,0.03021977825479194,0.9972527472527473,0.9670329689979553,43,0.9649122807017544,0.9736842105263158,0.08977840840816498,0.10519132018089294,0.029029501634731666,0.024900380979504547,0.06183489412069321,0.9807155728340149,,,,,,,,
breastcancer,0.4,Baseline-Full,18,22,0.9780219793319702,40.48901107907295,0.03021977825479194,0.9972527472527473,0.9670329689979553,43,0.9649122807017544,0.9736842105263158,0.08977840840816498,0.10519132018089294,0.029029501634731666,0.024900380979504547,0.06183489412069321,0.9807155728340149,,,,,,,,
breastcancer,0.5,Baseline-Full,18,22,0.9780219793319702,40.48901107907295,0.03021977825479194,0.9972527472527473,0.9670329689979553,43,0.9649122807017544,0.9736842105263158,0.08977840840816498,0.10519132018089294,0.029029501634731666,0.024900380979504547,0.06183489412069321,0.9807155728340149,,,,,,,,
breastcancer,0.6,Baseline-Full,18,22,0.9780219793319702,40.48901107907295,0.03021977825479194,0.9972527472527473,0.9670329689979553,43,0.9649122807017544,0.9736842105263158,0.08977840840816498,0.10519132018089294,0.029029501634731666,0.024900380979504547,0.06183489412069321,0.9807155728340149,,,,,,,,
breastcancer,0.7,Baseline-Full,18,22,0.9780219793319702,40.48901107907295,0.03021977825479194,0.9972527472527473,0.9670329689979553,43,0.9649122807017544,0.9736842105263158,0.08977840840816498,0.10519132018089294,0.029029501634731666,0.024900380979504547,0.06183489412069321,0.9807155728340149,,,,,,,,
breastcancer,0.8,Baseline-Full,18,22,0.9780219793319702,40.48901107907295,0.03021977825479194,0.9972527472527473,0.9670329689979553,43,0.9649122807017544,0.9736842105263158,0.08977840840816498,0.10519132018089294,0.029029501634731666,0.024900380979504547,0.06183489412069321,0.9807155728340149,,,,,,,,
breastcancer,0.2,Baseline-Full,19,17,0.9890109896659851,36.46153849363327,0.008241757586762155,0.9972527472527473,0.9890109896659851,38,0.9649122807017544,0.9649122807017544,0.07925975322723389,0.10851729661226273,0.03155507957726194,0.03770280825464349,0.06259781867265701,0.9794679880142212,,,,,,,,
breastcancer,0.3,Baseline-Full,19,17,0.9890109896659851,36.46153849363327,0.008241757586762155,0.9972527472527473,0.9890109896659851,38,0.9649122807017544,0.9649122807017544,0.07925975322723389,0.10851729661226273,0.03155507957726194,0.03770280825464349,0.06259781867265701,0.9794679880142212,,,,,,,,
breastcancer,0.4,Baseline-Full,19,17,0.9890109896659851,36.46153849363327,0.008241757586762155,0.9972527472527473,0.9890109896659851,38,0.9649122807017544,0.9649122807017544,0.07925975322723389,0.10851729661226273,0.03155507957726194,0.03770280825464349,0.06259781867265701,0.9794679880142212,,,,,,,,
breastcancer,0.5,Baseline-Full,19,17,0.9890109896659851,36.46153849363327,0.008241757586762155,0.9972527472527473,0.9890109896659851,38,0.9649122807017544,0.9649122807017544,0.07925975322723389,0.10851729661226273,0.03155507957726194,0.03770280825464349,0.06259781867265701,0.9794679880142212,,,,,,,,
breastcancer,0.6,Baseline-Full,19,17,0.9890109896659851,36.46153849363327,0.008241757586762155,0.9972527472527473,0.9890109896659851,38,0.9649122807017544,0.9649122807017544,0.07925975322723389,0.10851729661226273,0.03155507957726194,0.03770280825464349,0.06259781867265701,0.9794679880142212,,,,,,,,
breastcancer,0.7,Baseline-Full,19,17,0.9890109896659851,36.46153849363327,0.008241757586762155,0.9972527472527473,0.9890109896659851,38,0.9649122807017544,0.9649122807017544,0.07925975322723389,0.10851729661226273,0.03155507957726194,0.03770280825464349,0.06259781867265701,0.9794679880142212,,,,,,,,
breastcancer,0.8,Baseline-Full,19,17,0.9890109896659851,36.46153849363327,0.008241757586762155,0.9972527472527473,0.9890109896659851,38,0.9649122807017544,0.9649122807017544,0.07925975322723389,0.10851729661226273,0.03155507957726194,0.03770280825464349,0.06259781867265701,0.9794679880142212,,,,,,,,
breastcancer,0.2,Baseline-Student,0,9,0.9670329689979553,27.978022038936615,0.0261177159335515,0.9931506849315068,0.9670329689979553,30,0.9912280701754386,0.9912280701754386,0.049853984266519547,0.04172302037477493,0.04192374515951725,0.02217233285569308,0.11317414790391922,0.960457444190979,,,,,,,,
breastcancer,0.3,Baseline-Student,0,12,0.9670329689979553,30.769230842590332,0.03611290408115764,0.9921568627450981,0.9560439586639404,33,0.9824561403508771,0.9824561403508771,0.04796673357486725,0.04347885027527809,0.03944910984290273,0.019165363750959695,0.1044149249792099,0.9634491801261902,,,,,,,,
breastcancer,0.4,Baseline-Student,0,14,0.9560439586639404,32.64285722374916,0.03482362124473537,0.9908675799086758,0.9560439586639404,35,0.9824561403508771,0.9824561403508771,0.05527253448963165,0.047024451196193695,0.03734203388816432,0.025512171941891048,0.11515862494707108,0.9595001339912415,,,,,,,,
breastcancer,0.5,Baseline-Student,0,15,0.9670329689979553,33.527472615242004,0.04395604068106351,0.989010989010989,0.9450549483299255,36,0.9824561403508771,0.9736842105263158,0.06725490838289261,0.062154561281204224,0.03375639308962906,0.025874632492400046,0.12813113629817963,0.9538792967796326,,,,,,,,
breastcancer,0.6,Baseline-Student,0,17,0.9670329689979553,35.63736271858215,0.03296703100204468,1.0,0.9670329689979553,38,0.9824561403508771,0.9736842105263158,0.06078549847006798,0.0450313538312912,0.023081776865741657,0.023076032337389495,0.11015608161687851,0.9605368971824646,,,,,,,,
breastcancer,0.7,Baseline-Student,0,20,0.9450549483299255,38.10439571738243,0.04395604133605957,1.0,0.9560439586639404,41,0.9736842105263158,0.9736842105263158,0.0627896636724472,0.03440500795841217,0.038293282713806415,0.027085672345077784,0.12323087453842163,0.954373836517334,,,,,,,,
breastcancer,0.8,Baseline-Student,0,29,0.9560439586639404,46.71978035569191,0.04395604133605957,1.0,0.9560439586639404,50,0.9824561403508771,0.9824561403508771,0.06488718092441559,0.04405035451054573,0.042496919631958015,0.034006244257876746,0.1252560168504715,0.9527167081832886,,,,,,,,
breastcancer,0.2,Baseline-Student,1,14,0.9670329689979553,32.82417589426041,0.021978020668029785,1.0,0.9780219793319702,35,0.9824561403508771,0.9912280701754386,0.07070590555667877,0.08545097708702087,0.016332541641436164,0.01726772544676801,0.06263861805200577,0.9796220064163208,,,,,,,,
breastcancer,0.3,Baseline-Student,1,11,0.9560439586639404,29.587912172079086,0.04395604133605957,1.0,0.9560439586639404,32,0.9824561403508771,0.9912280701754386,0.07473404705524445,0.08651293069124222,0.01948346798880061,0.013272812491969006,0.08453385531902313,0.9735531806945801,,,,,,,,
breastcancer,0.4,Baseline-Student,1,12,0.9560439586639404,30.587912172079086,0.03296703100204468,1.0,0.9670329689979553,33,0.9824561403508771,0.9912280701754386,0.07363475859165192,0.08612903952598572,0.022570979699753867,0.013590970583129296,0.09587165713310242,0.9697795510292053,,,,,,,,
breastcancer,0.5,Baseline-Student,1,17,0.9560439586639404,35.34615394473076,0.04395604133605957,1.0,0.9560439586639404,38,0.9824561403508771,0.9912280701754386,0.07090434432029724,0.08829938620328903,0.01400333852098699,0.011268850481300993,0.06530293822288513,0.9793729186058044,,,,,,,,
breastcancer,0.6,Baseline-Student,1,23,0.9560439586639404,41.01648363471031,0.03296703100204468,1.0,0.9670329689979553,44,0.9912280701754386,0.9912280701754386,0.07383384555578232,0.09441927075386047,0.013097960697977204,0.011036770908456069,0.0552067756652832,0.9829955101013184,,,,,,,,
breastcancer,0.7,Baseline-Student,1,49,0.9670329689979553,66.36263751983643,0.03296703100204468,1.0,0.9670329689979553,70,0.9912280701754386,0.9912280701754386,0.08431835472583771,0.09303853660821915,0.012680394084830052,0.010968799653806153,0.022498195990920067,0.9926208257675171,,,,,,,,
breastcancer,0.8,Baseline-Student,1,122,0.9670329689979553,136.5384618639946,0.03296703100204468,1.0,0.9670329689979553,143,0.9824561403508771,0.9824561403508771,0.11599556356668472,0.12011611461639404,0.025722381838580992,0.026022561809472843,0.029383115470409393,0.9891756176948547,,,,,,,,
breastcancer,0.2,Baseline-Student,2,8,0.9450549483299255,26.219780325889587,0.05494505167007446,1.0,0.9450549483299255,29,0.9736842105263158,1.0,0.0800379291176796,0.030622029677033424,0.03303990134021692,0.024587198307639675,0.12884196639060974,0.9492999315261841,,,,,,,,
breastcancer,0.3,Baseline-Student,2,9,0.9450549483299255,27.137362748384476,0.06593406200408936,1.0,0.9340659379959106,30,0.9736842105263158,0.9824561403508771,0.07863372564315796,0.04084260016679764,0.03364895885450798,0.015528582690054908,0.1305544376373291,0.9492846131324768,,,,,,,,
breastcancer,0.4,Baseline-Student,2,11,0.9340659379959106,28.928571552038193,0.05494505167007446,1.0,0.9450549483299255,32,0.9736842105263158,0.9649122807017544,0.07754801958799362,0.0523250512778759,0.03041083352607593,0.0240522983827089,0.12137502431869507,0.952252984046936,,,,,,,,
breastcancer,0.5,Baseline-Student,2,12,0.9560439586639404,29.82417595386505,0.05494505167007446,1.0,0.9450549483299255,33,0.9649122807017544,0.956140350877193,0.09235145151615143,0.09285920858383179,0.03487212040968109,0.03369988527214318,0.1295614391565323,0.9504470825195312,,,,,,,,
breastcancer,0.6,Baseline-Student,2,17,0.9340659379959106,34.25274741649628,0.05494505167007446,1.0,0.9450549483299255,38,0.9649122807017544,0.956140350877193,0.09482406824827194,0.10993104428052902,0.02033583009452147,0.03678737136355615,0.10590816289186478,0.9600661396980286,,,,,,,,
breastcancer,0.7,Baseline-Student,2,18,0.9340659379959106,34.68681336939335,0.06593406200408936,1.0,0.9340659379959106,39,0.9649122807017544,0.956140350877193,0.11514337360858917,0.1171329915523529,0.03197871331582987,0.033401990668815516,0.13134075701236725,0.9488245844841003,,,,,,,,
breastcancer,0.8,Baseline-Student,2,22,0.9340659379959106,38.08791230618954,0.06593406200408936,1.0,0.9340659379959106,43,0.956140350877193,0.956140350877193,0.12383631616830826,0.11836554855108261,0.028071504413035898,0.04409719611469069,0.14963795244693756,0.9426605701446533,,,,,,,,
breastcancer,0.2,Baseline-Student,3,11,0.9670329689979553,29.917582482099533,0.018553363133783196,0.9965753424657534,0.9780219793319702,32,0.9736842105263158,0.9736842105263158,0.09252854436635971,0.06974023580551147,0.031373749699508895,0.016285917215179926,0.11801336705684662,0.9534101486206055,,,,,,,,
breastcancer,0.3,Baseline-Student,3,12,0.9670329689979553,30.648351728916168,0.03296703100204468,1.0,0.9670329689979553,33,0.9736842105263158,0.9736842105263158,0.09306468814611435,0.07456520944833755,0.025386455811952282,0.02028303345044454,0.12154228985309601,0.9523254036903381,,,,,,,,
breastcancer,0.4,Baseline-Student,3,13,0.9670329689979553,31.64285722374916,0.021978020668029785,1.0,0.9780219793319702,34,0.9736842105263158,0.9736842105263158,0.0954568088054657,0.07735265046358109,0.028208714305308795,0.018197054925717843,0.12937381863594055,0.9495558738708496,,,,,,,,
breastcancer,0.5,Baseline-Student,3,17,0.9670329689979553,35.291208893060684,0.03296703100204468,1.0,0.9670329689979553,38,0.9736842105263158,0.9736842105263158,0.09058251231908798,0.08117035031318665,0.03648155666234197,0.023426940566615057,0.11580023914575577,0.9549856185913086,,,,,,,,
breastcancer,0.6,Baseline-Student,3,18,0.9780219793319702,36.30769240856171,0.03296703100204468,1.0,0.9670329689979553,39,0.9736842105263158,0.9649122807017544,0.10384824872016907,0.09357483685016632,0.046954119937461736,0.028478934576636833,0.133992001414299,0.9472312927246094,,,,,,,,
breastcancer,0.7,Baseline-Student,3,21,0.9780219793319702,39.0824176967144,0.03296703100204468,1.0,0.9670329689979553,42,0.9649122807017544,0.9649122807017544,0.11045589298009872,0.10565010458230972,0.037291406016600775,0.023122947989848618,0.14378593862056732,0.9439980387687683,,,,,,,,
breastcancer,0.8,Baseline-Student,3,28,0.9780219793319702,45.428571581840515,0.03296703100204468,1.0,0.9670329689979553,49,0.9649122807017544,0.956140350877193,0.1220543310046196,0.1206284910440445,0.0376737227565364,0.024395406769033026,0.15256135165691376,0.9393410682678223,,,,,,,,
breastcancer,0.2,Baseline-Student,4,7,0.9340659379959106,25.34615394473076,0.04395604133605957,1.0,0.9560439586639404,28,0.9649122807017544,0.9736842105263158,0.0967014953494072,0.09500249475240707,0.02225127607061151,0.030926745711711418,0.11849285662174225,0.9532503485679626,,,,,,,,
breastcancer,0.3,Baseline-Student,4,10,0.9560439586639404,28.285714387893677,0.04395604133605957,1.0,0.9560439586639404,31,0.9736842105263158,0.9736842105263158,0.0835038498044014,0.09762820601463318,0.014863681374934684,0.028030072387896086,0.09177673608064651,0.9643615484237671,,,,,,,,
breastcancer,0.4,Baseline-Student,4,12,0.9560439586639404,30.016483634710312,0.05494505167007446,1.0,0.9450549483299255,33,0.9649122807017544,0.9649122807017544,0.08459977060556412,0.11159374564886093,0.01182249920410023,0.035590681590532,0.08775366097688675,0.9643933773040771,,,,,,,,
breastcancer,0.5,Baseline-Student,4,15,0.9560439586639404,32.582417726516724,0.06593406200408936,1.0,0.9340659379959106,36,0.956140350877193,0.956140350877193,0.09987501800060272,0.11654259264469147,0.023972660825963613,0.03566957618060865,0.09321825951337814,0.9601494073867798,,,,,,,,
breastcancer,0.6,Baseline-Student,4,17,0.9560439586639404,34.049450725317,0.07692307233810425,1.0,0.9230769276618958,38,0.9649122807017544,0.9649122807017544,0.0887783020734787,0.10620681196451187,0.028806222635403007,0.03085595369338986,0.10346687585115433,0.9602765440940857,,,,,,,,
breastcancer,0.7,Baseline-Student,4,20,0.9450549483299255,36.483516693115234,0.07692307233810425,1.0,0.9230769276618958,41,0.9649122807017544,0.956140350877193,0.09086951613426208,0.10169259458780289,0.030017533846068797,0.03112539073877167,0.1118503287434578,0.957324743270874,,,,,,,,
breastcancer,0.8,Baseline-Student,4,16,0.8901098966598511,31.280220061540604,0.1318681240081787,1.0,0.8681318759918213,37,0.9385964912280702,0.9473684210526315,0.15029792487621307,0.11473114788532257,0.056364081930695906,0.03649339968698067,0.2285575568675995,0.910264253616333,,,,,,,,
breastcancer,0.2,Baseline-Student,5,146,1.0,165.17032971978188,0.0,1.0,1.0,167,0.9736842105263158,0.9649122807017544,0.22477909922599792,0.2381536215543747,0.03082349164444105,0.03065508551764908,0.014606306329369545,0.993514358997345,,,,,,,,
breastcancer,0.3,Baseline-Student,5,299,1.0,297.84615391492844,0.0,1.0,1.0,300,0.9473684210526315,0.9473684210526315,0.3356125056743622,0.3356125056743622,0.049529377305716785,0.049529377305716785,0.016106044873595238,0.9939553737640381,,,,,,,,
breastcancer,0.4,Baseline-Student,5,73,0.9890109896659851,91.04395616054535,0.021978020668029785,1.0,0.9780219793319702,94,0.9210526315789473,0.9210526315789473,0.3624280095100403,0.4165458083152771,0.06958032856907762,0.08150105988770204,0.03288979455828667,0.9845773577690125,,,,,,,,
breastcancer,0.5,Baseline-Student,5,54,0.9890109896659851,72.31318691372871,0.010989010334014893,1.0,0.9890109896659851,75,0.9210526315789473,0.9122807017543859,0.28714215755462646,0.3330885171890259,0.06805935240628425,0.07096419574921592,0.04634852707386017,0.9804440140724182,,,,,,,,
breastcancer,0.6,Baseline-Student,5,33,0.9780219793319702,50.72527486085892,0.021978020668029785,1.0,0.9780219793319702,54,0.9298245614035088,0.9210526315789473,0.20309221744537354,0.2745400071144104,0.0657333140833336,0.06914629225145305,0.07338444888591766,0.9711939692497253,,,,,,,,
breastcancer,0.7,Baseline-Student,5,36,0.9780219793319702,53.18681335449219,0.021978020668029785,1.0,0.9780219793319702,57,0.9298245614035088,0.9210526315789473,0.17654451727867126,0.24515917897224426,0.05059909506847986,0.06945726798291793,0.08635617792606354,0.965289831161499,,,,,,,,
breastcancer,0.8,Baseline-Student,5,48,0.9560439586639404,63.07692337036133,0.04395604133605957,1.0,0.9560439586639404,69,0.9298245614035088,0.9298245614035088,0.22819902002811432,0.25708264112472534,0.05028365212574344,0.0637852000562768,0.07354402542114258,0.9748416543006897,,,,,,,,
breastcancer,0.2,Baseline-Student,6,24,0.9780219793319702,42.64835172891617,0.03296703100204468,1.0,0.9670329689979553,45,0.9912280701754386,0.9824561403508771,0.04045964777469635,0.0350802056491375,0.025241119819774963,0.019776975376564157,0.06266637146472931,0.9774966239929199,,,,,,,,
breastcancer,0.3,Baseline-Student,6,19,0.9890109896659851,37.82417589426041,0.03296703100204468,1.0,0.9670329689979553,40,0.9736842105263158,0.9824561403508771,0.05930173024535179,0.08543328195810318,0.02490190246648956,0.027180688945870647,0.07379533350467682,0.9771143198013306,,,,,,,,
breastcancer,0.4,Baseline-Student,6,22,0.9780219793319702,40.45604404807091,0.028400820956382522,0.9954337899543378,0.9670329689979553,43,0.9736842105263158,0.9736842105263158,0.07837124168872833,0.11064249277114868,0.023375807624114155,0.021006147066752114,0.07538250833749771,0.9773038625717163,,,,,,,,
breastcancer,0.5,Baseline-Student,6,26,0.9670329689979553,44.28021988272667,0.03296703100204468,1.0,0.9670329689979553,47,0.9736842105263158,0.9649122807017544,0.10960220545530319,0.17393404245376587,0.016012916439457903,0.029430437506290867,0.08356214314699173,0.9732849597930908,,,,,,,,
breastcancer,0.6,Baseline-Student,6,31,0.9780219793319702,49.16483527421951,0.03296703100204468,1.0,0.9670329689979553,52,0.9736842105263158,0.9649122807017544,0.08780243247747421,0.12693388760089874,0.02417380506532235,0.021747374220898286,0.09114862233400345,0.9694746136665344,,,,,,,,
breastcancer,0.7,Baseline-Student,6,31,0.9890109896659851,48.90659353137016,0.03296703100204468,1.0,0.9670329689979553,52,0.9824561403508771,0.9736842105263158,0.08709533512592316,0.11166217923164368,0.025397170008274524,0.02478559079923128,0.12419719249010086,0.9570589661598206,,,,,,,,
breastcancer,0.8,Baseline-Student,6,75,0.9780219793319702,90.82967057824135,0.04395604133605957,1.0,0.9560439586639404,96,0.9649122807017544,0.9649122807017544,0.17377962172031403,0.23443514108657837,0.026415833255700932,0.04004051183399401,0.056567296385765076,0.9815675020217896,,,,,,,,
breastcancer,0.2,Baseline-Student,7,18,0.9780219793319702,36.75824183225632,0.018553363133783196,0.9965753424657534,0.9780219793319702,39,0.9824561403508771,0.9912280701754386,0.04522143676877022,0.03976457938551903,0.012340560294034138,0.014536255807207292,0.04931167513132095,0.9841896295547485,,,,,,,,
breastcancer,0.3,Baseline-Student,7,17,0.9780219793319702,35.79120886325836,0.014134883413127852,0.9921568627450981,0.9780219793319702,38,0.9824561403508771,0.9912280701754386,0.04848138242959976,0.04083140939474106,0.015927277113261976,0.01587822771908939,0.06245379522442818,0.9802358150482178,,,,,,,,
breastcancer,0.4,Baseline-Student,7,20,0.9780219793319702,38.68131875991821,0.028400820956382522,0.9954337899543378,0.9670329689979553,41,0.9824561403508771,0.9824561403508771,0.0509718619287014,0.0428607203066349,0.017043563357570686,0.020634137224732785,0.0698217898607254,0.9771198630332947,,,,,,,,
breastcancer,0.5,Baseline-Student,7,17,0.9670329689979553,35.51098909974098,0.03296703100204468,1.0,0.9670329689979553,38,0.9824561403508771,0.9736842105263158,0.06227925792336464,0.058417659252882004,0.023378833344108174,0.02063404834061342,0.09250666946172714,0.9702997207641602,,,,,,,,
breastcancer,0.6,Baseline-Student,7,19,0.9890109896659851,37.697802275419235,0.015128705599536607,0.9931506849315068,0.9780219793319702,40,0.9824561403508771,0.9736842105263158,0.06284505873918533,0.05443941429257393,0.024479881190417108,0.02090813402543988,0.10199204087257385,0.9662078022956848,,,,,,,,
breastcancer,0.7,Baseline-Student,7,24,0.9780219793319702,42.62637370824814,0.0018981012431058542,0.990909090909091,0.9890109896659851,45,0.9824561403508771,0.9736842105263158,0.06379731744527817,0.053358178585767746,0.02828234590982136,0.015481044325912206,0.10911554098129272,0.9640035629272461,,,,,,,,
breastcancer,0.8,Baseline-Student,7,110,1.0,127.81868144869804,0.010989010334014893,1.0,0.9890109896659851,131,0.9736842105263158,0.9736842105263158,0.08420870453119278,0.09494791179895401,0.025187508056038303,0.028594398707674232,0.04080279543995857,0.9842536449432373,,,,,,,,
breastcancer,0.2,Baseline-Student,8,16,0.9560439586639404,34.64285722374916,0.018553363133783196,0.9965753424657534,0.9780219793319702,37,0.9736842105263158,0.9649122807017544,0.10693791508674622,0.14236237108707428,0.018676224507783595,0.034300131233114914,0.08494896441698074,0.9666536450386047,,,,,,,,
breastcancer,0.3,Baseline-Student,8,26,0.9670329689979553,44.25824186205864,0.021978020668029785,1.0,0.9780219793319702,47,0.956140350877193,0.956140350877193,0.1300656795501709,0.16491547226905823,0.0351509812631105,0.027656317802897637,0.06351575255393982,0.9707319140434265,,,,,,,,
breastcancer,0.4,Baseline-Student,8,30,0.9670329689979553,48.24175834655762,0.021978020668029785,1.0,0.9780219793319702,51,0.9736842105263158,0.956140350877193,0.13525517284870148,0.16659432649612427,0.025664418935775753,0.030055909303196657,0.06282266229391098,0.9716697335243225,,,,,,,,
breastcancer,0.5,Baseline-Student,8,21,0.9780219793319702,39.461538553237915,0.021978020668029785,1.0,0.9780219793319702,42,0.9824561403508771,0.9736842105263158,0.10692282021045685,0.14125128090381622,0.029475310915394824,0.020115791705616733,0.0682043731212616,0.9735493063926697,,,,,,,,
breastcancer,0.6,Baseline-Student,8,21,0.9780219793319702,39.071428686380386,0.03296703100204468,1.0,0.9670329689979553,42,0.9824561403508771,0.9824561403508771,0.10283045470714569,0.13067898154258728,0.032205313966985345,0.021519361357939838,0.08545853197574615,0.9681979417800903,,,,,,,,
breastcancer,0.7,Baseline-Student,8,21,0.9670329689979553,38.41208806633949,0.05494505167007446,1.0,0.9450549483299255,42,0.9736842105263158,0.956140350877193,0.12068993598222733,0.1419551968574524,0.039474121311254634,0.042009394942668456,0.13396446406841278,0.9477980732917786,,,,,,,,
breastcancer,0.8,Baseline-Student,8,29,0.9780219793319702,46.18131884932518,0.05494505167007446,1.0,0.9450549483299255,50,0.9649122807017544,0.9473684210526315,0.12276706844568253,0.15286871790885925,0.03127747774124142,0.0318557708932642,0.13441845774650574,0.9467947483062744,,,,,,,,
breastcancer,0.2,Baseline-Student,9,18,0.9780219793319702,36.21978032588959,0.03296703100204468,1.0,0.9670329689979553,39,0.9649122807017544,0.9649122807017544,0.12284129112958908,0.17115908861160278,0.03239388162629643,0.031157086815750343,0.05835561454296112,0.9758594036102295,,,,,,,,
breastcancer,0.3,Baseline-Student,9,29,0.9890109896659851,46.76373639702797,0.03296703100204468,1.0,0.9670329689979553,50,0.956140350877193,0.956140350877193,0.14329096674919128,0.17500647902488708,0.03647670829505251,0.027330036748919543,0.04978584870696068,0.9778653383255005,,,,,,,,
breastcancer,0.4,Baseline-Student,9,34,0.9670329689979553,51.340659499168396,0.03296703100204468,1.0,0.9670329689979553,55,0.956140350877193,0.9473684210526315,0.1421976238489151,0.16862359642982483,0.03595159555736338,0.03565279433601785,0.049320682883262634,0.97810959815979,,,,,,,,
breastcancer,0.5,Baseline-Student,9,28,0.9780219793319702,45.214285880327225,0.03296703100204468,1.0,0.9670329689979553,49,0.956140350877193,0.9385964912280702,0.13743872940540314,0.18285107612609863,0.02336492402511728,0.04458763568024883,0.06157418712973595,0.9753330945968628,,,,,,,,
breastcancer,0.6,Baseline-Student,9,32,0.9670329689979553,48.64285734295845,0.03296703100204468,1.0,0.9670329689979553,53,0.956140350877193,0.9473684210526315,0.12815174460411072,0.1624704897403717,0.02100372837300886,0.04173187571659423,0.06339964270591736,0.9771441221237183,,,,,,,,
breastcancer,0.7,Baseline-Student,9,15,0.901098906993866,31.159340888261795,0.08791208267211914,1.0,0.9120879173278809,36,0.9385964912280702,0.956140350877193,0.16363094747066498,0.14702251553535461,0.04873272096901607,0.027166509314587278,0.1832006871700287,0.9259842038154602,,,,,,,,
breastcancer,0.8,Baseline-Student,9,29,0.901098906993866,43.247253090143204,0.08791208267211914,1.0,0.9120879173278809,50,0.9298245614035088,0.9473684210526315,0.1561020016670227,0.1459641307592392,0.031901365309430815,0.020502687023397043,0.12205564230680466,0.9508339166641235,,,,,,,,
breastcancer,0.2,Baseline-Student,10,9,0.9670329689979553,27.445055037736893,0.05494505167007446,1.0,0.9450549483299255,30,0.9736842105263158,0.9649122807017544,0.10765495151281357,0.1450071483850479,0.03204166732336346,0.037405031814909825,0.09742897748947144,0.9645110964775085,,,,,,,,
breastcancer,0.3,Baseline-Student,10,9,0.9670329689979553,27.483516573905945,0.04395604133605957,1.0,0.9560439586639404,30,0.9649122807017544,0.9736842105263158,0.10691879689693451,0.12501530349254608,0.031045169161077163,0.036346558938946644,0.11943437159061432,0.9564930200576782,,,,,,,,
breastcancer,0.4,Baseline-Student,10,11,0.9780219793319702,29.5989011824131,0.03296703100204468,1.0,0.9670329689979553,32,0.9649122807017544,0.9736842105263158,0.10668964684009552,0.11907434463500977,0.0271603156600082,0.035398359884295544,0.11012567579746246,0.9592470526695251,,,,,,,,
breastcancer,0.5,Baseline-Student,10,13,0.9670329689979553,31.10989022254944,0.04395604133605957,1.0,0.9560439586639404,34,0.9649122807017544,0.9736842105263158,0.11737982928752899,0.14226827025413513,0.023859836030424703,0.03821782061928197,0.10444216430187225,0.9610787630081177,,,,,,,,
breastcancer,0.6,Baseline-Student,10,15,0.9780219793319702,33.01648363471031,0.03296703100204468,1.0,0.9670329689979553,36,0.9649122807017544,0.9736842105263158,0.11594396084547043,0.13520541787147522,0.025691564668688875,0.03778471863060667,0.11488952487707138,0.9575153589248657,,,,,,,,
breastcancer,0.7,Baseline-Student,10,21,0.9670329689979553,38.406593561172485,0.03296703100204468,1.0,0.9670329689979553,42,0.956140350877193,0.956140350877193,0.12347807735204697,0.15085838735103607,0.03080572632321142,0.042178882841478305,0.10224475711584091,0.9613016247749329,,,,,,,,
breastcancer,0.8,Baseline-Student,10,28,0.9340659379959106,43.67582443356514,0.06593406200408936,1.0,0.9340659379959106,49,0.9298245614035088,0.9385964912280702,0.1506979912519455,0.1662880927324295,0.04669557537948878,0.04286635654014457,0.10088571906089783,0.9615834355354309,,,,,,,,
breastcancer,0.2,Baseline-Student,11,13,0.9780219793319702,31.895604461431503,0.04053138380181298,0.9965753424657534,0.9560439586639404,34,0.9649122807017544,0.956140350877193,0.09787154942750931,0.12504838407039642,0.027076252719812233,0.03257597956741069,0.102155402302742,0.9601951837539673,,,,,,,,
breastcancer,0.3,Baseline-Student,11,15,0.9670329689979553,33.49450558423996,0.040034472708608604,0.996078431372549,0.9560439586639404,36,0.956140350877193,0.9473684210526315,0.10842607915401459,0.12980517745018005,0.030842710482446745,0.044263778548491665,0.11085934191942215,0.9571752548217773,,,,,,,,
breastcancer,0.4,Baseline-Student,11,16,0.9780219793319702,34.69230777025223,0.039389831290397415,0.9954337899543378,0.9560439586639404,37,0.9649122807017544,0.956140350877193,0.09950856864452362,0.11960366368293762,0.039788298962409055,0.030731143658621264,0.11489718407392502,0.9558545351028442,,,,,,,,
breastcancer,0.5,Baseline-Student,11,23,0.9780219793319702,41.34065943956375,0.027472525507539203,0.9945054945054945,0.9670329689979553,44,0.9736842105263158,0.9649122807017544,0.09163884073495865,0.09760747104883194,0.029713445065314276,0.02863003339683797,0.10063827037811279,0.9618896842002869,,,,,,,,
breastcancer,0.6,Baseline-Student,11,26,0.9780219793319702,44.247252851724625,0.03296703100204468,1.0,0.9670329689979553,47,0.956140350877193,0.9649122807017544,0.10978169739246368,0.1175071969628334,0.030579869684420103,0.04011734431250053,0.08664072304964066,0.9687608480453491,,,,,,,,
breastcancer,0.7,Baseline-Student,11,47,0.9780219793319702,64.58241772651672,0.021978020668029785,1.0,0.9780219793319702,68,0.956140350877193,0.9385964912280702,0.15566112101078033,0.17206904292106628,0.04336501631820415,0.05271728153814349,0.06755927205085754,0.9747793078422546,,,,,,,,
breastcancer,0.8,Baseline-Student,11,57,0.9890109896659851,74.50000014901161,0.010989010334014893,1.0,0.9890109896659851,78,0.956140350877193,0.956140350877193,0.13647349178791046,0.14306767284870148,0.025859305210280868,0.03173122907939714,0.08501026034355164,0.9678659439086914,,,,,,,,
breastcancer,0.2,Baseline-Student,12,14,0.9890109896659851,33.104395657777786,0.021978020668029785,1.0,0.9780219793319702,35,0.9736842105263158,0.9824561403508771,0.05892747640609741,0.055425290018320084,0.03426679498270938,0.026020133181622152,0.09781978279352188,0.9642192125320435,,,,,,,,
breastcancer,0.3,Baseline-Student,12,13,0.9780219793319702,31.829670399427414,0.021978020668029785,1.0,0.9780219793319702,34,0.9736842105263158,0.9736842105263158,0.06665081530809402,0.05290403962135315,0.024783688156228313,0.023632706780182686,0.10609257221221924,0.9607614874839783,,,,,,,,
breastcancer,0.4,Baseline-Student,12,24,0.9780219793319702,42.44505503773689,0.021978020668029785,1.0,0.9780219793319702,45,0.9736842105263158,0.9912280701754386,0.052835285663604736,0.04131115972995758,0.02126489292111313,0.017112250390805692,0.08461175858974457,0.9680643081665039,,,,,,,,
breastcancer,0.5,Baseline-Student,12,25,0.9780219793319702,43.40659350156784,0.010989010334014893,1.0,0.9890109896659851,46,0.9736842105263158,0.9824561403508771,0.06109938770532608,0.05104749649763107,0.025251681867398717,0.01977786474060594,0.09120691567659378,0.9667789936065674,,,,,,,,
breastcancer,0.6,Baseline-Student,12,18,0.9780219793319702,36.2307693362236,0.021978020668029785,1.0,0.9780219793319702,39,0.9649122807017544,0.9736842105263158,0.0684715285897255,0.06524299085140228,0.03509130812527841,0.029706661115612897,0.11161644756793976,0.9553079605102539,,,,,,,,
breastcancer,0.7,Baseline-Student,12,25,0.9780219793319702,42.362637519836426,0.03296703100204468,1.0,0.9670329689979553,46,0.9736842105263158,0.9736842105263158,0.07378508150577545,0.06283456087112427,0.04053546200718796,0.02743564938244067,0.1075405478477478,0.9533113241195679,,,,,,,,
breastcancer,0.8,Baseline-Student,12,28,0.9670329689979553,44.37912109494209,0.03296703100204468,1.0,0.9670329689979553,49,0.9736842105263158,0.9736842105263158,0.08059392124414444,0.07151705026626587,0.030123633250855566,0.017464771082526753,0.12730896472930908,0.9476275444030762,,,,,,,,
breastcancer,0.2,Baseline-Student,13,18,0.9890109896659851,37.26923081278801,0.0075643527997683035,0.9965753424657534,0.9890109896659851,39,0.9824561403508771,0.9824561403508771,0.04968029260635376,0.053464971482753754,0.021191722991173726,0.019603256593670758,0.07830427587032318,0.9703658223152161,,,,,,,,
breastcancer,0.3,Baseline-Student,13,19,0.9890109896659851,38.09890115261078,0.010989010334014893,1.0,0.9890109896659851,40,1.0,0.9736842105263158,0.026193274185061455,0.043005675077438354,0.023209677453626665,0.018767015452970538,0.06451219320297241,0.9767903089523315,,,,,,,,
breastcancer,0.4,Baseline-Student,13,22,0.9890109896659851,40.93956050276756,0.010989010334014893,1.0,0.9890109896659851,43,0.9912280701754386,0.9736842105263158,0.03356431424617767,0.05207847058773041,0.01576324931362219,0.023299900586144964,0.06353489309549332,0.9772255420684814,,,,,,,,
breastcancer,0.5,Baseline-Student,13,56,0.9890109896659851,74.45604404807091,0.010989010334014893,1.0,0.9890109896659851,77,1.0,1.0,0.005083315074443817,0.004323287401348352,0.004814336174412777,0.0040824742693650095,0.016762711107730865,0.9951856732368469,,,,,,,,
breastcancer,0.6,Baseline-Student,13,45,0.9780219793319702,63.10439571738243,0.021978020668029785,1.0,0.9780219793319702,66,1.0,0.9912280701754386,0.01567273773252964,0.021864697337150574,0.013165845159898723,0.014699526000441165,0.03137131407856941,0.9868341684341431,,,,,,,,
breastcancer,0.7,Baseline-Student,13,287,1.0,297.521978110075,0.0,1.0,1.0,300,0.9912280701754386,0.9912280701754386,0.01628466695547104,0.01654849760234356,0.005976440613729912,0.006106550756253694,0.01977725327014923,0.991942286491394,,,,,,,,
breastcancer,0.8,Baseline-Student,13,123,0.9780219793319702,138.07692337036133,0.010989010334014893,1.0,0.9890109896659851,144,0.9912280701754386,0.9912280701754386,0.026127150282263756,0.026164518669247627,0.013624044363958792,0.013545955482282135,0.03663897141814232,0.9822902083396912,,,,,,,,
breastcancer,0.2,Baseline-Student,14,22,0.9670329689979553,40.71428579092026,0.018553363133783196,0.9965753424657534,0.9780219793319702,43,0.9736842105263158,0.9649122807017544,0.07536611706018448,0.09418699145317078,0.02750215143488164,0.02273558681471306,0.06788215041160583,0.9712133407592773,,,,,,,,
breastcancer,0.3,Baseline-Student,14,21,0.9670329689979553,39.75824183225632,0.01805645204057882,0.996078431372549,0.9780219793319702,42,0.9649122807017544,0.9649122807017544,0.08044800907373428,0.0911831259727478,0.03248871000189527,0.025329693367606685,0.07559746503829956,0.9678484797477722,,,,,,,,
breastcancer,0.4,Baseline-Student,14,26,0.9780219793319702,44.68681326508522,0.021978020668029785,1.0,0.9780219793319702,47,0.9649122807017544,0.9649122807017544,0.10881390422582626,0.14472636580467224,0.036525437183547435,0.03212947803631163,0.06977684795856476,0.970565915107727,,,,,,,,
breastcancer,0.5,Baseline-Student,14,24,0.9670329689979553,42.587912172079086,0.021978020668029785,1.0,0.9780219793319702,45,0.956140350877193,0.956140350877193,0.1271161139011383,0.17807148396968842,0.025569496447579894,0.04319467983747787,0.08383136242628098,0.966594934463501,,,,,,,,
breastcancer,0.6,Baseline-Student,14,24,0.9670329689979553,42.587912172079086,0.021978020668029785,1.0,0.9780219793319702,45,0.9649122807017544,0.9385964912280702,0.10728336125612259,0.1416466236114502,0.031205134956460254,0.04545640474871582,0.09548573940992355,0.9618324637413025,,,,,,,,
breastcancer,0.7,Baseline-Student,14,33,0.9780219793319702,51.203296810388565,0.021978020668029785,1.0,0.9780219793319702,54,0.956140350877193,0.956140350877193,0.10760023444890976,0.13755664229393005,0.03116437113075926,0.046360221871158576,0.09909071773290634,0.9616851210594177,,,,,,,,
breastcancer,0.8,Baseline-Student,14,40,0.9670329689979553,57.324175983667374,0.03296703100204468,1.0,0.9670329689979553,61,0.956140350877193,0.9473684210526315,0.09867981821298599,0.09758671373128891,0.019291449011417865,0.027743669978359288,0.09280785918235779,0.9595515727996826,,,,,,,,
breastcancer,0.2,Baseline-Student,15,14,0.9780219793319702,32.631868213415146,0.04053138380181298,0.9965753424657534,0.9560439586639404,35,0.9736842105263158,0.9649122807017544,0.06527136266231537,0.07597612589597702,0.023734553341279947,0.022349451717577448,0.10028683394193649,0.9614374041557312,,,,,,,,
breastcancer,0.3,Baseline-Student,15,14,0.9670329689979553,32.50000008940697,0.040034472708608604,0.996078431372549,0.9560439586639404,35,0.9649122807017544,0.9649122807017544,0.07742562890052795,0.08275075256824493,0.029833267655288962,0.026494186698344684,0.10434268414974213,0.9606757760047913,,,,,,,,
breastcancer,0.4,Baseline-Student,15,17,0.9670329689979553,35.25824186205864,0.039389831290397415,0.9954337899543378,0.9560439586639404,38,0.956140350877193,0.9649122807017544,0.08476637303829193,0.09948868304491043,0.033019145852641055,0.02513644465228968,0.1064852774143219,0.9581006169319153,,,,,,,,
breastcancer,0.5,Baseline-Student,15,16,0.9560439586639404,34.06043967604637,0.038461535841554095,0.9945054945054945,0.9560439586639404,37,0.956140350877193,0.956140350877193,0.09954454004764557,0.10907494276762009,0.04368849752242105,0.020973877948627102,0.12276878207921982,0.9529220461845398,,,,,,,,
breastcancer,0.6,Baseline-Student,15,22,0.9560439586639404,39.67032980918884,0.03710672626756639,0.9931506849315068,0.9560439586639404,43,0.9473684210526315,0.956140350877193,0.10145503282546997,0.11037635803222656,0.03502950072288513,0.034221184358262144,0.11730481684207916,0.955365002155304,,,,,,,,
breastcancer,0.7,Baseline-Student,15,23,0.9670329689979553,40.538461685180664,0.03486513224515053,0.990909090909091,0.9560439586639404,44,0.9473684210526315,0.9473684210526315,0.1064339429140091,0.12055765837430954,0.04030015071233113,0.01957651188499045,0.14133934676647186,0.946758508682251,,,,,,,,
breastcancer,0.8,Baseline-Student,15,30,0.9450549483299255,46.15384638309479,0.05494505167007446,1.0,0.9450549483299255,51,0.9473684210526315,0.9385964912280702,0.09744664281606674,0.09647037833929062,0.03622448130657798,0.04132312536239625,0.13198836147785187,0.9480704665184021,,,,,,,,
breastcancer,0.2,Baseline-Student,16,79,0.9890109896659851,97.99450555443764,0.010989010334014893,1.0,0.9890109896659851,100,0.9649122807017544,0.9649122807017544,0.32949909567832947,0.3669627904891968,0.0475552453283678,0.04869668264138076,0.03275960311293602,0.9861019849777222,,,,,,,,
breastcancer,0.3,Baseline-Student,16,38,0.9890109896659851,57.41758245229721,0.010989010334014893,1.0,0.9890109896659851,59,0.956140350877193,0.9473684210526315,0.2426326423883438,0.32090961933135986,0.04323596494239673,0.04534926644542761,0.04952146112918854,0.9805177450180054,,,,,,,,
breastcancer,0.4,Baseline-Student,16,47,1.0,66.28021982312202,0.010989010334014893,1.0,0.9890109896659851,68,0.956140350877193,0.9473684210526315,0.2385798841714859,0.3084690570831299,0.03893299479233592,0.04943817853927614,0.04490835964679718,0.9821619987487793,,,,,,,,
breastcancer,0.5,Baseline-Student,16,75,1.0,94.17582422494888,0.0,1.0,1.0,96,0.9473684210526315,0.9473684210526315,0.23854513466358185,0.26539748907089233,0.048170891247297586,0.044900352494758475,0.029702790081501007,0.9899383187294006,,,,,,,,
breastcancer,0.6,Baseline-Student,16,54,1.0,72.56593415141106,0.021978020668029785,1.0,0.9780219793319702,75,0.9298245614035088,0.9210526315789473,0.20822827517986298,0.256112277507782,0.04516030874168664,0.059873813599870915,0.06453884392976761,0.9714990854263306,,,,,,,,
breastcancer,0.7,Baseline-Student,16,67,0.9890109896659851,85.02747264504433,0.0,1.0,1.0,88,0.9736842105263158,0.9473684210526315,0.154966801404953,0.17850741744041443,0.034983225558933496,0.031265243626477465,0.07219211012125015,0.9669222235679626,,,,,,,,
breastcancer,0.8,Baseline-Student,16,51,0.9890109896659851,69.14835175871849,0.021978020668029785,1.0,0.9780219793319702,72,0.9473684210526315,0.9210526315789473,0.16511639952659607,0.21547085046768188,0.048607499453059436,0.051223103937349836,0.11285346001386642,0.952153742313385,,,,,,,,
breastcancer,0.2,Baseline-Student,17,11,0.9780219793319702,30.104395657777786,0.011704048065290018,0.9897260273972602,0.9780219793319702,32,0.9736842105263158,0.9824561403508771,0.08412879705429077,0.07301238179206848,0.03930550499966266,0.028159689484981064,0.11580556631088257,0.9543612003326416,,,,,,,,
breastcancer,0.3,Baseline-Student,17,11,0.9780219793319702,30.087912142276764,0.010213314785676886,0.9882352941176471,0.9780219793319702,32,0.9824561403508771,0.9824561403508771,0.09166999161243439,0.07118993252515793,0.038652257961139344,0.02331422138632389,0.13642817735671997,0.9458596110343933,,,,,,,,
breastcancer,0.4,Baseline-Student,17,15,0.9780219793319702,34.24725279211998,0.010989010334014893,1.0,0.9890109896659851,36,0.9649122807017544,0.956140350877193,0.0868317261338234,0.09221957623958588,0.033369952126553186,0.03653082408403096,0.11220564693212509,0.9563025236129761,,,,,,,,
breastcancer,0.5,Baseline-Student,17,31,0.9890109896659851,49.9670330286026,0.010989010334014893,1.0,0.9890109896659851,52,0.956140350877193,0.9649122807017544,0.08716718852519989,0.0921710729598999,0.035949131375864925,0.024294300560365613,0.07128004729747772,0.9731167554855347,,,,,,,,
breastcancer,0.6,Baseline-Student,17,23,0.9780219793319702,41.6703297495842,0.021978020668029785,1.0,0.9780219793319702,44,0.956140350877193,0.956140350877193,0.08807995170354843,0.10309699177742004,0.031850491699419496,0.0349324319446296,0.08294983208179474,0.9673967957496643,,,,,,,,
breastcancer,0.7,Baseline-Student,17,51,0.9670329689979553,67.8241760134697,0.03296703100204468,1.0,0.9670329689979553,72,0.956140350877193,0.956140350877193,0.0998639464378357,0.10378031432628632,0.025163552217316205,0.029842466638799265,0.06957182288169861,0.9692569971084595,,,,,,,,
breastcancer,0.8,Baseline-Student,17,39,0.9670329689979553,56.36813202500343,0.03296703100204468,1.0,0.9670329689979553,60,0.956140350877193,0.956140350877193,0.08471433073282242,0.08707504719495773,0.029162978393989694,0.02702661721329937,0.0911097452044487,0.9673983454704285,,,,,,,,
breastcancer,0.2,Baseline-Student,18,26,0.9670329689979553,44.137362748384476,0.03296703100204468,1.0,0.9670329689979553,47,0.9736842105263158,0.9649122807017544,0.10762029141187668,0.14140228927135468,0.03127900497955188,0.0314241360154068,0.04968593269586563,0.9825119972229004,,,,,,,,
breastcancer,0.3,Baseline-Student,18,18,0.9670329689979553,36.47252756357193,0.03296703100204468,1.0,0.9670329689979553,39,0.9736842105263158,0.9649122807017544,0.08673475682735443,0.1100018098950386,0.02574286805955988,0.03504212854201333,0.07704577594995499,0.9715795516967773,,,,,,,,
breastcancer,0.4,Baseline-Student,18,22,0.9670329689979553,40.291208893060684,0.03296703100204468,1.0,0.9670329689979553,43,0.9649122807017544,0.9649122807017544,0.08053194731473923,0.09599745273590088,0.014322152786087582,0.026044244306129324,0.07758772373199463,0.9715097546577454,,,,,,,,
breastcancer,0.5,Baseline-Student,18,24,0.9670329689979553,42.17032977938652,0.027472525507539203,0.9945054945054945,0.9670329689979553,45,0.9649122807017544,0.9736842105263158,0.08406835794448853,0.09424102306365967,0.025708023393363293,0.03249469504021762,0.08916626125574112,0.9660430550575256,,,,,,,,
breastcancer,0.6,Baseline-Student,18,35,0.9670329689979553,52.69780233502388,0.03296703100204468,1.0,0.9670329689979553,56,0.956140350877193,0.956140350877193,0.0944930762052536,0.10684341192245483,0.02409347891807557,0.03837069555332785,0.08466076105833054,0.9675716757774353,,,,,,,,
breastcancer,0.7,Baseline-Student,18,40,0.9780219793319702,57.82967045903206,0.021978020668029785,1.0,0.9780219793319702,61,0.9649122807017544,0.9649122807017544,0.08514173328876495,0.09078025072813034,0.017452110323989606,0.03770062745663159,0.10356024652719498,0.9584765434265137,,,,,,,,
breastcancer,0.8,Baseline-Student,18,58,0.9560439586639404,74.46703317761421,0.04395604133605957,1.0,0.9560439586639404,79,0.9736842105263158,0.9649122807017544,0.08770370483398438,0.09877421706914902,0.037814585786116746,0.024991915414207866,0.0999612957239151,0.9604427814483643,,,,,,,,
breastcancer,0.2,Baseline-Student,19,26,0.9890109896659851,45.346153885126114,0.0075643527997683035,0.9965753424657534,0.9890109896659851,47,0.9649122807017544,0.9649122807017544,0.08366875350475311,0.09663274884223938,0.029944006811108505,0.026252294841565584,0.06031818315386772,0.9803146719932556,,,,,,,,
breastcancer,0.3,Baseline-Student,19,26,0.9890109896659851,45.04945060610771,0.007067441706563926,0.996078431372549,0.9890109896659851,47,0.9649122807017544,0.9649122807017544,0.08923175930976868,0.11314073204994202,0.017362405856450405,0.029780422909218007,0.07524871826171875,0.9757549166679382,,,,,,,,
breastcancer,0.4,Baseline-Student,19,27,0.9890109896659851,46.0384615957737,0.010989010334014893,1.0,0.9890109896659851,48,0.9649122807017544,0.9649122807017544,0.08924947679042816,0.10899979621171951,0.013373049727657392,0.02858470406448627,0.06944220513105392,0.9782854318618774,,,,,,,,
breastcancer,0.5,Baseline-Student,19,30,0.9890109896659851,48.912087976932526,0.010989010334014893,1.0,0.9890109896659851,51,0.9649122807017544,0.9649122807017544,0.08708526194095612,0.09896575659513474,0.027332658830441888,0.028219721819225108,0.07755479961633682,0.9747783541679382,,,,,,,,
breastcancer,0.6,Baseline-Student,19,27,0.9890109896659851,45.63736271858215,0.010989010334014893,1.0,0.9890109896659851,48,0.9649122807017544,0.9649122807017544,0.08321405947208405,0.09692363440990448,0.03891703120449133,0.03361993923521878,0.10710639506578445,0.9606360793113708,,,,,,,,
breastcancer,0.7,Baseline-Student,19,37,0.9890109896659851,54.74725288152695,0.03296703100204468,1.0,0.9670329689979553,58,0.9649122807017544,0.956140350877193,0.09835508465766907,0.11076152324676514,0.02802123050940664,0.036503817951470105,0.10383274406194687,0.963135302066803,,,,,,,,
breastcancer,0.8,Baseline-Student,19,32,0.9670329689979553,49.07692325115204,0.04395604133605957,1.0,0.9560439586639404,53,0.9649122807017544,0.956140350877193,0.10020953416824341,0.12292522192001343,0.031165578909087603,0.06136202080207959,0.1388574242591858,0.9471855163574219,,,,,,,,
breastcancer,0.2,Distill-S,0,69,0.9780219793319702,86.53296718001366,0.011704048065290018,0.9897260273972602,0.9780219793319702,90,0.9912280701754386,0.9912280701754386,0.03807781636714935,0.03816629946231842,0.023813518515804356,0.019701037490577028,0.06441880762577057,0.9729135632514954,0.9736842105263158,0.024259923716754044,0.9723616660630784,0.06966018416015908,0.07531532064541949,0.9699839883845457,,0.9726027397260274
breastcancer,0.3,Distill-S,0,15,0.9670329689979553,33.70329678058624,0.03219133545370667,0.9882352941176471,0.9560439586639404,36,0.9912280701754386,0.9824561403508771,0.04005329683423042,0.039592843502759933,0.022202620903650917,0.013009530410431978,0.08513026684522629,0.9708485007286072,0.9736842105263158,0.019516907801763746,0.9830044385493508,0.03905650715016281,0.05345623833003886,0.9763567546485638,,0.9882352941176471
breastcancer,0.4,Distill-S,0,17,0.9670329689979553,35.57692316174507,0.030257411199073214,0.9863013698630136,0.9560439586639404,38,0.9912280701754386,0.9824561403508771,0.041240569204092026,0.03720991685986519,0.027680975826163044,0.027844972254937154,0.09193363040685654,0.967644214630127,1.0,0.012601225801379977,0.98739877419862,0.036009473581268,0.05309703668841311,0.9752388410997893,,0.9771689497716894
breastcancer,0.5,Distill-S,0,16,0.9670329689979553,34.57692316174507,0.027472524852543034,0.9835164835164835,0.9560439586639404,37,0.9736842105263158,0.9824561403508771,0.05451379716396332,0.041860487312078476,0.043793319610127224,0.02326320085609168,0.110130175948143,0.9611555337905884,1.0,0.0119394742918354,0.9880605257081645,0.03250354888007227,0.05357206879375914,0.9751770870202391,,0.978021978021978
breastcancer,0.6,Distill-S,0,20,0.9670329689979553,38.10439571738243,0.05908474693559618,0.9931506849315068,0.9340659379959106,41,0.9736842105263158,0.9824561403508771,0.05502379313111305,0.039632558822631836,0.038371475642187555,0.025332398059075337,0.10512391477823257,0.9633945226669312,0.9824561403508771,0.017454545043004026,0.9909841928361305,0.027195588014084233,0.04052400408160599,0.9829578345570398,,0.9794520547945206
breastcancer,0.7,Distill-S,0,24,0.9450549483299255,42.0054946243763,0.02387612191113564,0.990909090909091,0.9670329689979553,45,0.9736842105263158,0.9824561403508771,0.06187709420919418,0.04786365479230881,0.037584917587146424,0.033094758004472966,0.1257307380437851,0.9552944898605347,0.9824561403508771,0.016606698505565048,0.992249228778452,0.023378360347535147,0.034968719055013475,0.9876359989499969,,0.9545454545454546
breastcancer,0.8,Distill-S,0,37,0.9670329689979553,54.84615397453308,0.04395604133605957,1.0,0.9560439586639404,58,0.9736842105263158,0.9736842105263158,0.05888834223151207,0.04847335070371628,0.03427234030606453,0.029838844872357554,0.10656001418828964,0.9629907608032227,0.9736842105263158,0.021896095507567895,0.994044566999251,0.014626106702442524,0.03838371158022682,0.9827382850543612,,0.9452054794520548
breastcancer,0.2,Distill-S,1,34,0.9780219793319702,52.60439568758011,-0.001994582071696227,0.976027397260274,0.9780219793319702,55,0.9824561403508771,0.9824561403508771,0.09566173702478409,0.09649169445037842,0.019274289147895647,0.012040400191357263,0.06815965473651886,0.9787746071815491,0.956140350877193,0.03286376057254896,0.979837233139529,0.05705045071060944,0.07462058170538112,0.9708881880187079,,0.928082191780822
breastcancer,0.3,Distill-S,1,39,0.9890109896659851,57.69230777025223,-0.0007756955483380068,0.9882352941176471,0.9890109896659851,60,0.9736842105263158,0.9736842105263158,0.10120594501495361,0.10661336779594421,0.019411725956096984,0.019272716421830025,0.05373670160770416,0.98222416639328,0.956140350877193,0.03265075534655193,0.9832098817765476,0.04584480387951126,0.06396960864968396,0.9762715666568943,,0.9686274509803922
breastcancer,0.4,Distill-S,1,70,0.9890109896659851,88.07142868638039,0.0018565902426906922,0.9908675799086758,0.9890109896659851,91,0.9736842105263158,0.9736842105263158,0.10247797518968582,0.10513171553611755,0.022062993886178002,0.019672246355759416,0.043028514832258224,0.983582079410553,0.9649122807017544,0.025908559538559067,0.9814461993351231,0.04329031259176398,0.05754109658486351,0.9777524960133015,,0.9680365296803652
breastcancer,0.5,Distill-S,1,20,0.9780219793319702,38.741758316755295,0.01648351517352431,0.9945054945054945,0.9780219793319702,41,0.9824561403508771,0.9912280701754386,0.07800498604774475,0.0846867486834526,0.009183221741726526,0.02026707195399104,0.0593617781996727,0.9823328256607056,0.956140350877193,0.03925538070991666,0.983692316496985,0.03917295713753982,0.051519162315319514,0.9781865183518719,,0.9835164835164835
breastcancer,0.6,Distill-S,1,35,0.9670329689979553,52.96153858304024,0.0261177159335515,0.9931506849315068,0.9670329689979553,56,0.9824561403508771,0.9912280701754386,0.0819309651851654,0.0883750393986702,0.015400060436181803,0.0159859955310821,0.040418513119220734,0.9865491390228271,0.956140350877193,0.0377327612557178,0.988799114558286,0.028073558137474895,0.04607557084775135,0.9793119855828859,,0.9863013698630136
breastcancer,0.7,Distill-S,1,34,0.9670329689979553,51.89011001586914,0.03296703100204468,1.0,0.9670329689979553,55,0.9912280701754386,0.9912280701754386,0.07250060886144638,0.07667295634746552,0.011493292816898298,0.011543758082808128,0.0397493839263916,0.987204909324646,0.9649122807017544,0.02801220193993014,0.9901191812095512,0.02731328788526006,0.034255247310289484,0.9875978776533106,,0.9818181818181818
breastcancer,0.8,Distill-S,1,75,0.9670329689979553,91.26373648643494,0.03296703100204468,1.0,0.9670329689979553,96,0.9824561403508771,0.9912280701754386,0.06982045620679855,0.07007606327533722,0.01444127737430099,0.014163311113390956,0.03323858976364136,0.9886599779129028,0.9649122807017544,0.031538542932715095,0.9883410660341679,0.02930639787356749,0.04210096653520345,0.9850543153158667,,0.9726027397260274
breastcancer,0.2,Distill-S,2,9,0.9560439586639404,27.4505495429039,0.03710672626756639,0.9931506849315068,0.9560439586639404,30,0.9649122807017544,0.9473684210526315,0.08783420920372009,0.07794470340013504,0.03147135125963311,0.028949268554386343,0.12389875948429108,0.9506398439407349,0.9385964912280702,0.04667113546010232,0.969157379373359,0.06757972178604248,0.07094764964637844,0.9728476028691404,,0.9691780821917808
breastcancer,0.3,Distill-S,2,12,0.9560439586639404,30.13186824321747,0.054169356121736456,0.9882352941176471,0.9340659379959106,33,0.956140350877193,0.956140350877193,0.08771316707134247,0.06932280212640762,0.02703753218316195,0.02740174375082317,0.11082999408245087,0.9558655023574829,0.9473684210526315,0.0335034392340479,0.9735361084012988,0.06840509233089001,0.061902479385622565,0.977868711306689,,0.9803921568627451
breastcancer,0.4,Distill-S,2,13,0.9450549483299255,30.818681448698044,0.05037884162441231,0.9954337899543378,0.9450549483299255,34,0.9736842105263158,0.9649122807017544,0.08129937201738358,0.06643464416265488,0.028857044483485975,0.023324703961087944,0.10606486350297928,0.9583680033683777,0.956140350877193,0.032919445553528416,0.9766854494160533,0.06136646592890286,0.0616863274236905,0.9760846119358036,,0.9771689497716894
breastcancer,0.5,Distill-S,2,13,0.9450549483299255,30.736263871192932,0.05494505167007446,1.0,0.9450549483299255,34,0.956140350877193,0.9649122807017544,0.09092977643013,0.07697281241416931,0.030075915549930776,0.03718044726472152,0.12391474843025208,0.9529658555984497,0.9912280701754386,0.015096076946928865,0.97613199322851,0.057499834782319445,0.047625563279982255,0.9812257513643537,,0.9945054945054945
breastcancer,0.6,Distill-S,2,24,0.9450549483299255,41.09340676665306,0.04395604133605957,1.0,0.9560439586639404,45,0.9473684210526315,0.9473684210526315,0.09002795815467834,0.09033441543579102,0.036947746025888545,0.0333561290774429,0.08489874005317688,0.9674109816551208,0.9912280701754386,0.02106589928118766,0.9823099243505685,0.04678585044777432,0.04686601079669988,0.9819039110900163,,1.0
breastcancer,0.7,Distill-S,2,26,0.9450549483299255,42.26923097670078,0.05494505167007446,1.0,0.9450549483299255,47,0.956140350877193,0.956140350877193,0.1018076241016388,0.1016545370221138,0.025324178892269424,0.030873079571807585,0.09480114281177521,0.9639577269554138,1.0,0.018240845463029565,0.9817591545369705,0.042680489700113226,0.04302403824300048,0.9842282943938099,,1.0
breastcancer,0.8,Distill-S,2,28,0.9340659379959106,43.703296944499016,0.06593406200408936,1.0,0.9340659379959106,49,0.956140350877193,0.956140350877193,0.11281198263168335,0.10691362619400024,0.02532905967612012,0.02923133864737394,0.11520754545927048,0.9548498392105103,0.9912280701754386,0.013331340562780366,0.9824118824923187,0.04239378184499974,0.047363288976470505,0.981938360378606,,1.0
breastcancer,0.2,Distill-S,3,11,0.9560439586639404,29.175824284553528,0.03439710646459504,0.9794520547945206,0.9450549483299255,32,0.9473684210526315,0.956140350877193,0.11381539702415466,0.1104026809334755,0.05669176787660835,0.03462893868747507,0.13130301237106323,0.9489536881446838,0.9298245614035088,0.04385833420008243,0.9585740986386714,0.10320630835339709,0.07268441627547069,0.9712647750443951,,0.9794520547945206
breastcancer,0.3,Distill-S,3,12,0.9560439586639404,30.197802305221558,0.04710191441517253,0.9921568627450981,0.9450549483299255,33,0.9649122807017544,0.9649122807017544,0.10741078108549118,0.09145978093147278,0.023088247629634157,0.031500834644886455,0.1277964562177658,0.9501582980155945,0.9473684210526315,0.04249493042719882,0.9717202826241329,0.07232310207075489,0.06511088724954484,0.9753361646083323,,0.9764705882352941
breastcancer,0.4,Distill-S,3,13,0.9560439586639404,31.3021979033947,0.04124642153308811,0.9863013698630136,0.9450549483299255,34,0.9736842105263158,0.9736842105263158,0.10709550231695175,0.08829961717128754,0.0385902597193132,0.031016720491543158,0.13462390005588531,0.9459272623062134,0.956140350877193,0.03556714530705474,0.975272819029251,0.06873759480716266,0.06907758255819067,0.9726433948137357,,0.9634703196347032
breastcancer,0.5,Distill-S,3,18,0.9780219793319702,36.28021988272667,0.038461535841554095,0.9945054945054945,0.9560439586639404,39,0.9649122807017544,0.9736842105263158,0.09909761697053909,0.08364192396402359,0.03359067492317735,0.02172132855967472,0.1229083463549614,0.9500405192375183,0.956140350877193,0.035529455050078054,0.9757185527879535,0.06410037169992218,0.06846222456129834,0.9736417096673242,,0.9615384615384616
breastcancer,0.6,Distill-S,3,19,0.9780219793319702,37.247252851724625,0.015128705599536607,0.9931506849315068,0.9780219793319702,40,0.9736842105263158,0.9736842105263158,0.10261298716068268,0.08111169934272766,0.0333977122055857,0.026326177413003495,0.13608577847480774,0.9450314044952393,0.956140350877193,0.029342816075620535,0.9854831669528135,0.04485138169735851,0.0686606549976304,0.971900197555326,,0.9726027397260274
breastcancer,0.7,Distill-S,3,23,0.9780219793319702,41.054945170879364,0.021978020668029785,1.0,0.9780219793319702,44,0.9649122807017544,0.956140350877193,0.10726763308048248,0.09552280604839325,0.0245318114757538,0.041706200754433306,0.132387176156044,0.9470762014389038,0.9736842105263158,0.02541426205856084,0.9869851775814777,0.04051651924857865,0.05570218622418568,0.9773536073116057,,0.9727272727272728
breastcancer,0.8,Distill-S,3,32,0.9780219793319702,49.36813202500343,0.021978020668029785,1.0,0.9780219793319702,53,0.9649122807017544,0.9649122807017544,0.11505486071109772,0.10558345913887024,0.03870973513837448,0.040721941935388625,0.13876113295555115,0.9439504742622375,0.9736842105263158,0.0242890693834902,0.9896349171656236,0.03317043158739612,0.06413820061489452,0.9696076090320856,,0.9315068493150684
breastcancer,0.2,Distill-S,4,7,0.9340659379959106,25.181318789720535,0.051520394135827874,0.9965753424657534,0.9450549483299255,28,0.9298245614035088,0.956140350877193,0.13057070970535278,0.11285825073719025,0.04353052586839907,0.025429563041318964,0.11909814178943634,0.9529662132263184,0.9210526315789473,0.06047930834265126,0.9739465286440872,0.06800116542820268,0.06883561864781831,0.9752593330630506,,0.9828767123287672
breastcancer,0.3,Distill-S,4,11,0.9560439586639404,29.14835175871849,0.040034472708608604,0.996078431372549,0.9560439586639404,32,0.9649122807017544,0.956140350877193,0.11060560494661331,0.10284755378961563,0.030872292685927012,0.04178908624147118,0.09104327112436295,0.9626288414001465,0.9385964912280702,0.04627976112875001,0.9774167760558898,0.05691429003592707,0.05718939094641343,0.9801651629732154,,0.9686274509803922
breastcancer,0.4,Distill-S,4,13,0.9450549483299255,30.972527593374252,0.04581263157875026,0.9908675799086758,0.9450549483299255,34,0.956140350877193,0.956140350877193,0.10325676947832108,0.10008811205625534,0.02583662512009601,0.0405193384279285,0.08621039241552353,0.9639913439750671,0.9736842105263158,0.03351787378011711,0.981326438861024,0.05026213146679266,0.05249890056840072,0.979668443556031,,0.9817351598173516
breastcancer,0.5,Distill-S,4,16,0.9560439586639404,33.72527486085892,0.03296703034704862,0.989010989010989,0.9560439586639404,37,0.956140350877193,0.956140350877193,0.09344716370105743,0.08629491925239563,0.028344499437432547,0.031574201688431856,0.09057650715112686,0.9627521634101868,0.9736842105263158,0.021626906436747764,0.9872726783135253,0.039862150911073306,0.039547796184516745,0.9836929229608028,,0.989010989010989
breastcancer,0.6,Distill-S,4,18,0.9450549483299255,35.37362653017044,0.030257411199073214,0.9863013698630136,0.9560439586639404,39,0.9473684210526315,0.956140350877193,0.09613972157239914,0.09731000661849976,0.03341469952934663,0.03136847416559855,0.09759774804115295,0.9608728289604187,0.9736842105263158,0.02397912643047242,0.9878989693011898,0.03275329836610516,0.032830490319235385,0.9855179691968591,,0.9931506849315068
breastcancer,0.7,Distill-S,4,23,0.9450549483299255,39.12637385725975,0.04775224382227117,0.9818181818181818,0.9340659379959106,44,0.956140350877193,0.9649122807017544,0.09612859785556793,0.10029284656047821,0.02167036397415296,0.028356018296459257,0.09496515989303589,0.9619646072387695,0.9736842105263158,0.029060496211360348,0.9892762072259159,0.030815319375759865,0.03021526798249611,0.985461206907311,,0.990909090909091
breastcancer,0.8,Distill-S,4,16,0.8901098966598511,31.340659618377686,0.12087911367416382,1.0,0.8791208863258362,37,0.9385964912280702,0.956140350877193,0.1501278132200241,0.11299240589141846,0.05615890339801185,0.04260377612030298,0.22812721133232117,0.9105983376502991,0.9736842105263158,0.02747857091340846,0.9915284553873555,0.02482749834469362,0.01403394827338836,0.9959327262253956,,1.0
breastcancer,0.2,Distill-S,5,65,1.0,84.0384615957737,-0.006849315068493178,0.9931506849315068,1.0,86,0.956140350877193,0.956140350877193,0.1847180277109146,0.16575053334236145,0.053360407289705786,0.038543625881797404,0.07273374497890472,0.973541796207428,0.956140350877193,0.035214234325873985,0.9630082289215205,0.08642616653959061,0.06733257380374158,0.9728803745019542,,0.976027397260274
breastcancer,0.3,Distill-S,5,54,0.9890109896659851,72.45604404807091,0.0031458730791129597,0.9921568627450981,0.9890109896659851,75,0.9649122807017544,0.9649122807017544,0.12112780660390854,0.1225723996758461,0.034012800245954315,0.03360490265645483,0.05794219672679901,0.9763233661651611,0.956140350877193,0.03528317583154835,0.9809591462126094,0.04962898933608461,0.03440366172797174,0.9871632298663555,,0.984313725490196
breastcancer,0.4,Distill-S,5,248,0.9890109896659851,262.6098904311657,0.006422800288352737,0.9954337899543378,0.9890109896659851,269,0.9649122807017544,0.9649122807017544,0.12619662284851074,0.1258341372013092,0.037196806648321354,0.027243139973857983,0.06015598028898239,0.9713864326477051,0.9649122807017544,0.022455677330730645,0.9810976511581391,0.049719335421362774,0.03373838099007745,0.989277626106671,,0.9726027397260274
breastcancer,0.5,Distill-S,5,79,0.9780219793319702,96.39560455083847,0.01648351517352431,0.9945054945054945,0.9780219793319702,100,0.956140350877193,0.956140350877193,0.14470769464969635,0.13961711525917053,0.03544303408840246,0.03783231241661206,0.04887045919895172,0.9808465242385864,0.9736842105263158,0.025373929111512913,0.988751076816875,0.03534830438736012,0.027248059750649152,0.9909706510285323,,0.978021978021978
breastcancer,0.6,Distill-S,5,37,0.9670329689979553,54.11538478732109,0.0261177159335515,0.9931506849315068,0.9670329689979553,58,0.9473684210526315,0.9473684210526315,0.14478319883346558,0.1582568883895874,0.03616395331265632,0.05637640911236145,0.08144795894622803,0.9676672220230103,0.9736842105263158,0.03172563365013005,0.9872644736158036,0.034604331629872684,0.027319769286770462,0.9896167013632557,,0.9794520547945206
breastcancer,0.7,Distill-S,5,37,0.9670329689979553,53.66483536362648,0.02387612191113564,0.990909090909091,0.9670329689979553,58,0.9385964912280702,0.9385964912280702,0.12693454325199127,0.152721107006073,0.036368097652468775,0.05058294796107109,0.09341374784708023,0.9621429443359375,0.9649122807017544,0.03044394301494596,0.9881849619150144,0.031661193386581535,0.030059439059285355,0.9892646390359044,,0.9818181818181818
breastcancer,0.8,Distill-S,5,110,0.9560439586639404,122.0329675078392,0.04395604133605957,1.0,0.9560439586639404,131,0.9473684210526315,0.9473684210526315,0.2052709311246872,0.21332049369812012,0.05187871738484036,0.05237608468323428,0.0545528344810009,0.9816730618476868,0.9736842105263158,0.02277672761354515,0.9939915782972917,0.02196168622347132,0.031068481428294277,0.9888056892825183,,0.958904109589041
breastcancer,0.2,Distill-S,6,23,0.9450549483299255,40.4175825715065,0.03097244893034845,0.976027397260274,0.9450549483299255,44,1.0,0.9912280701754386,0.0343317985534668,0.03375560790300369,0.0304309652562727,0.029048374347519456,0.09082601964473724,0.9695690274238586,0.9736842105263158,0.016194234352049895,0.9789017733460607,0.059130098876895944,0.05780455323924656,0.9786450077196608,,0.952054794520548
breastcancer,0.3,Distill-S,6,19,0.9450549483299255,36.63186827301979,0.03141563990536855,0.9764705882352941,0.9450549483299255,40,1.0,1.0,0.031779028475284576,0.025714000687003136,0.02845730645614758,0.022724951568402738,0.08741002529859543,0.9715427160263062,0.9912280701754386,0.01059597038796455,0.9873574660382135,0.04218218634922067,0.04676684019435354,0.9823062932991993,,0.9568627450980393
breastcancer,0.4,Distill-S,6,21,0.9450549483299255,38.53296718001366,0.02569120115341117,0.9817351598173516,0.9560439586639404,42,1.0,0.9912280701754386,0.03069523721933365,0.0237677451223135,0.02704060286806341,0.0206099225763689,0.08140534907579422,0.9729593992233276,0.9912280701754386,0.01179145511879447,0.9949695078024624,0.022456371523779016,0.04885376557987266,0.980800559693443,,0.958904109589041
breastcancer,0.5,Distill-S,6,25,0.9450549483299255,42.27472543716431,0.03296702969205245,0.978021978021978,0.9450549483299255,46,0.9912280701754386,0.9824561403508771,0.04068129137158394,0.03354625776410103,0.03206177761680201,0.026531810823239778,0.08605895936489105,0.972093403339386,0.9912280701754386,0.012559471577719274,0.9945331459160707,0.02446009019060939,0.05821714279161794,0.9769351752142263,,0.9505494505494505
breastcancer,0.6,Distill-S,6,27,0.9670329689979553,44.296703457832336,0.03439710646459504,0.9794520547945206,0.9450549483299255,48,0.9824561403508771,0.9824561403508771,0.058467358350753784,0.061468251049518585,0.02530077047515334,0.01270328174557602,0.09261853247880936,0.9703539609909058,1.0,0.003260074704802482,0.9967399252951974,0.014708788097937674,0.04011269243515713,0.982638449223132,,0.9794520547945206
breastcancer,0.7,Distill-S,6,30,0.9670329689979553,47.42307707667351,0.0056943037293174514,0.9727272727272728,0.9670329689979553,51,0.9824561403508771,0.9824561403508771,0.062383778393268585,0.07655543088912964,0.02784671856645952,0.020731205480140524,0.1040036603808403,0.966404139995575,1.0,0.005153011276919032,0.994846988723081,0.017933909774031455,0.0398834788668102,0.9839998064164674,,0.9818181818181818
breastcancer,0.8,Distill-S,6,73,0.9670329689979553,88.12087941169739,0.0055697707280720765,0.9726027397260274,0.9670329689979553,94,0.9736842105263158,0.9736842105263158,0.10246258229017258,0.1314803659915924,0.024592371363388862,0.020694483267633505,0.06752891838550568,0.9794740080833435,0.9912280701754386,0.014464994936168134,0.9900093215973789,0.026720123562616948,0.028132333838070636,0.9882699703021535,,0.9863013698630136
breastcancer,0.2,Distill-S,7,46,0.9780219793319702,64.43406602740288,0.02269305839930491,0.9897260273972602,0.9670329689979553,67,0.9824561403508771,0.9824561403508771,0.059333838522434235,0.06459692120552063,0.019317120836492174,0.02122914738822401,0.05770207941532135,0.9797056317329407,0.9473684210526315,0.029835312725886298,0.9735040986833721,0.06625388327254453,0.08498560821441127,0.9676309055495791,,0.958904109589041
breastcancer,0.3,Distill-S,7,60,0.9780219793319702,78.42857152223587,0.010213314785676886,0.9882352941176471,0.9780219793319702,81,0.9824561403508771,0.9736842105263158,0.06384319067001343,0.07819066196680069,0.014753098550595733,0.02524974523929124,0.05483344942331314,0.981152355670929,0.9649122807017544,0.02635701365171757,0.9780599587798877,0.05612759528365382,0.06606428731230449,0.9768317387072983,,0.9647058823529412
breastcancer,0.4,Distill-S,7,70,0.9890109896659851,88.39010998606682,-0.0027096198029714635,0.9863013698630136,0.9890109896659851,91,0.9824561403508771,0.9824561403508771,0.05851802974939346,0.06333447992801666,0.018849810487345596,0.020916047326305403,0.03538946062326431,0.988547682762146,0.9824561403508771,0.016123463998457585,0.9903608950296392,0.03174418905375676,0.05126058411126119,0.9818814718183968,,0.9726027397260274
breastcancer,0.5,Distill-S,7,111,0.9890109896659851,128.76373639702797,-6.549960573920544e-10,0.989010989010989,0.9890109896659851,132,0.9824561403508771,0.9824561403508771,0.06726918369531631,0.07048240303993225,0.020352035238031703,0.020915915568669584,0.03554573282599449,0.9879239201545715,0.9824561403508771,0.012479706816849097,0.9878574326322895,0.03699479948190144,0.05925695444537054,0.9784463746849519,,0.978021978021978
breastcancer,0.6,Distill-S,7,95,0.9890109896659851,113.12087923288345,-0.0027096198029714635,0.9863013698630136,0.9890109896659851,116,0.9824561403508771,0.9824561403508771,0.06248614192008972,0.06598696857690811,0.016316992149018356,0.01631135009882738,0.028508372604846954,0.99104243516922,0.9824561403508771,0.012875234930464033,0.9909749215733173,0.024829927766700507,0.05491295416149386,0.9763867774822721,,0.9863013698630136
breastcancer,0.7,Distill-S,7,114,0.9890109896659851,131.7142858505249,-0.007192807847803295,0.9818181818181818,0.9890109896659851,135,0.9824561403508771,0.9824561403508771,0.06597809493541718,0.06927697360515594,0.019794861475626577,0.01730824248832564,0.02573043666779995,0.9911662340164185,0.9824561403508771,0.016469536247916118,0.9905429957418798,0.02267920667996813,0.056125274177278556,0.9746427653547339,,0.9636363636363636
breastcancer,0.8,Distill-S,7,131,1.0,148.59340673685074,-0.0273972602739726,0.9726027397260274,1.0,152,0.9824561403508771,0.9824561403508771,0.07409688085317612,0.0775180459022522,0.01578308668052943,0.016407452654420302,0.026434721425175667,0.9922124147415161,0.9824561403508771,0.011195799469659411,0.9893193294533161,0.023034162839682383,0.04975065425883916,0.97991685754748,,0.9726027397260274
breastcancer,0.2,Distill-S,8,62,1.0,79.73626387119293,-0.010273972602739767,0.9897260273972602,1.0,83,0.9649122807017544,0.9649122807017544,0.12082876265048981,0.13177023828029633,0.02954552570978801,0.027563534807740604,0.06835771352052689,0.9714548587799072,0.9385964912280702,0.05206598656612161,0.9682936959918523,0.06974121117966967,0.048265837166164914,0.9824050557082433,,0.9897260273972602
breastcancer,0.3,Distill-S,8,122,1.0,140.18681329488754,-0.007843137254901933,0.9921568627450981,1.0,143,0.956140350877193,0.956140350877193,0.12761414051055908,0.12873952090740204,0.032594347209261174,0.034448434386336976,0.04718227684497833,0.9816837906837463,0.9649122807017544,0.03662621331129707,0.9745049693004154,0.06131037727273137,0.033765790738292285,0.9882226949628765,,0.9921568627450981
breastcancer,0.4,Distill-S,8,120,1.0,138.56043964624405,-0.004566210045662156,0.9954337899543378,1.0,141,0.9736842105263158,0.9736842105263158,0.13820482790470123,0.13887017965316772,0.03005032162917288,0.03125074767229849,0.046415917575359344,0.9809045195579529,0.9736842105263158,0.02782388511519339,0.9740031785841117,0.05882546633727781,0.03082215968896203,0.9887834163176409,,0.9908675799086758
breastcancer,0.5,Distill-S,8,19,0.9560439586639404,36.69230782985687,0.05494505167007446,1.0,0.9450549483299255,40,0.9736842105263158,0.9649122807017544,0.10821875929832458,0.1276359111070633,0.026460050490864542,0.023915348868620994,0.08420247584581375,0.966567873954773,0.9736842105263158,0.02197722821238536,0.976465001654542,0.05852731667603001,0.03057758523585973,0.9889267945962494,,0.9945054945054945
breastcancer,0.6,Distill-S,8,203,0.9780219793319702,216.16483557224274,0.021978020668029785,1.0,0.9780219793319702,224,0.9736842105263158,0.9736842105263158,0.14279966056346893,0.14535336196422577,0.020810536648097788,0.028334339982584902,0.0448249988257885,0.9817899465560913,0.9736842105263158,0.030328191931336346,0.9781725634513874,0.05092906807326945,0.02775073216015569,0.9903052917934557,,1.0
breastcancer,0.7,Distill-S,8,21,0.9560439586639404,38.50549465417862,0.04395604133605957,1.0,0.9560439586639404,42,0.9736842105263158,0.9649122807017544,0.12144006788730621,0.12691916525363922,0.029544883652737303,0.028555248913012015,0.13948887586593628,0.9450404047966003,0.9824561403508771,0.03166483623649517,0.9814096986948606,0.04881859785780235,0.021438498169202104,0.9934876159817632,,1.0
breastcancer,0.8,Distill-S,8,36,0.9560439586639404,52.87912106513977,0.04395604133605957,1.0,0.9560439586639404,57,0.9649122807017544,0.9736842105263158,0.12249226123094559,0.12852516770362854,0.026525444106051822,0.02745927268998665,0.10736684501171112,0.9571594595909119,0.9824561403508771,0.03506928745906156,0.9785396994873308,0.05334776807302606,0.03503154669863713,0.9887409666090407,,1.0
breastcancer,0.2,Distill-S,9,30,0.9670329689979553,48.0824176967144,0.018553363133783196,0.9965753424657534,0.9780219793319702,51,0.956140350877193,0.9649122807017544,0.11680550128221512,0.10878019034862518,0.026125218784599977,0.03613371754947458,0.08879409730434418,0.9647421836853027,0.9736842105263158,0.034263065694652886,0.9619419708639395,0.08242623516534427,0.06831556520963318,0.9720414740670011,,0.9657534246575342
breastcancer,0.3,Distill-S,9,50,0.9780219793319702,66.80219799280167,0.01805645204057882,0.996078431372549,0.9780219793319702,71,0.9649122807017544,0.9649122807017544,0.11639995872974396,0.12128876894712448,0.02262500033043975,0.031280759656638395,0.06188683211803436,0.9709913730621338,0.956140350877193,0.039790622967930074,0.9766104133626043,0.05889670168358109,0.0556556948565431,0.9755332115577277,,0.9647058823529412
breastcancer,0.4,Distill-S,9,53,0.9780219793319702,69.3846156001091,0.01741181062236763,0.9954337899543378,0.9780219793319702,74,0.9736842105263158,0.9736842105263158,0.11694499105215073,0.12087057530879974,0.02223784149738777,0.014252379798052571,0.0640239492058754,0.9714105129241943,0.956140350877193,0.04129817094591533,0.9761531321193276,0.06275844610308845,0.06525781291803569,0.9722924663478908,,0.954337899543379
breastcancer,0.5,Distill-S,9,46,0.9780219793319702,62.57692328095436,0.01648351517352431,0.9945054945054945,0.9780219793319702,67,0.9736842105263158,0.9736842105263158,0.12445870786905289,0.1302466094493866,0.03636818444519711,0.02387488306614387,0.06380061060190201,0.9724269509315491,0.956140350877193,0.034883220612871114,0.9817315798904019,0.048817512825573874,0.05517473080346456,0.9759818972141358,,0.9615384615384616
breastcancer,0.6,Distill-S,9,51,0.9670329689979553,66.93406617641449,0.0261177159335515,0.9931506849315068,0.9670329689979553,72,0.9736842105263158,0.9736842105263158,0.12441232055425644,0.13286851346492767,0.030168905592801245,0.034400676426134605,0.061753422021865845,0.9742602705955505,0.9473684210526315,0.03533401894273309,0.9827024399953647,0.043096454857736534,0.04856532235518407,0.9814227772546907,,0.958904109589041
breastcancer,0.7,Distill-S,9,22,0.9120879173278809,37.67582443356514,0.06783216324719521,0.990909090909091,0.9230769276618958,43,0.956140350877193,0.956140350877193,0.13025932013988495,0.12889669835567474,0.025121323895036154,0.02666586532927396,0.11045295000076294,0.9565355777740479,0.9736842105263158,0.035171053897196325,0.9852496924233822,0.03404287741124746,0.04089035616215908,0.9853005501859178,,0.9818181818181818
breastcancer,0.8,Distill-S,9,29,0.9120879173278809,43.21978056430817,0.08791208267211914,1.0,0.9120879173278809,50,0.9385964912280702,0.9385964912280702,0.14148308336734772,0.14271268248558044,0.02742649327244678,0.03446922751895168,0.11442699283361435,0.95450359582901,0.9649122807017544,0.02211104374075009,0.9831088526371556,0.03766913141442975,0.025540057040847056,0.9905382733068021,,1.0
breastcancer,0.2,Distill-S,10,7,0.9670329689979553,25.203296810388565,0.05566008940134959,0.9897260273972602,0.9340659379959106,28,0.9473684210526315,0.9385964912280702,0.12671542167663574,0.15131114423274994,0.04177537089899969,0.03805024948036463,0.1427275538444519,0.9459306597709656,0.9122807017543859,0.07885145582153413,0.9623328700750661,0.09213845810725725,0.09076096003676255,0.9598747963659993,,0.9657534246575342
breastcancer,0.3,Distill-S,10,9,0.9670329689979553,27.17032977938652,0.051023483042623496,0.996078431372549,0.9450549483299255,30,0.9649122807017544,0.956140350877193,0.12938536703586578,0.1488582193851471,0.048898505014285734,0.03686800023965672,0.12056028842926025,0.954531729221344,0.9122807017543859,0.07626939527315715,0.9756453537174771,0.062202109797043485,0.053889776519962684,0.9788806056318317,,0.9803921568627451
breastcancer,0.4,Distill-S,10,12,0.9670329689979553,30.137362748384476,0.05037884162441231,0.9954337899543378,0.9450549483299255,33,0.956140350877193,0.956140350877193,0.12068512290716171,0.14063484966754913,0.03933128139428927,0.038058655303821264,0.10334865748882294,0.9621460437774658,0.9385964912280702,0.06507088037552741,0.9756272673780996,0.058011576390555014,0.046533230292245625,0.9826537765030595,,0.9817351598173516
breastcancer,0.5,Distill-S,10,13,0.9670329689979553,31.25824186205864,0.04395604133605957,1.0,0.9560439586639404,34,0.9649122807017544,0.9649122807017544,0.12063062936067581,0.13791222870349884,0.025081981169550058,0.03147278647673757,0.1069316416978836,0.9604940414428711,0.9473684210526315,0.05579545193840707,0.9833838476731787,0.0497796324405478,0.04860921157361794,0.9824645361823247,,0.9835164835164835
breastcancer,0.6,Distill-S,10,15,0.9780219793319702,33.16483527421951,0.021978020668029785,1.0,0.9780219793319702,36,0.9736842105263158,0.9736842105263158,0.11614327877759933,0.13008767366409302,0.03230646409486471,0.03783066649185983,0.11640741676092148,0.9572330117225647,0.9473684210526315,0.04256785936129333,0.9899362804139249,0.03217430822144183,0.038739721464183044,0.9851655985334113,,1.0
breastcancer,0.7,Distill-S,10,21,0.9670329689979553,38.46153861284256,0.03296703100204468,1.0,0.9670329689979553,42,0.956140350877193,0.956140350877193,0.12343431264162064,0.14298589527606964,0.033312543442374803,0.03140214033294146,0.10797794908285141,0.9595927596092224,0.9473684210526315,0.04959887464132539,0.9907725973360778,0.029133513806912845,0.0320149617434752,0.9895086317568738,,0.990909090909091
breastcancer,0.8,Distill-S,10,28,0.9450549483299255,44.093406826257706,0.04395604133605957,1.0,0.9560439586639404,49,0.9473684210526315,0.9473684210526315,0.14649255573749542,0.15749822556972504,0.03395026608517297,0.034870180644487075,0.11144085228443146,0.958483099937439,0.9473684210526315,0.04809664339705241,0.9896622159587644,0.03007205794960434,0.03013761490939593,0.9891316357438602,,0.9863013698630136
breastcancer,0.2,Distill-S,11,15,0.9670329689979553,33.80219787359238,0.0261177159335515,0.9931506849315068,0.9670329689979553,36,0.9736842105263158,0.9736842105263158,0.07897944003343582,0.07282724976539612,0.03684610964959127,0.027581372804809032,0.13290216028690338,0.9509594440460205,0.9473684210526315,0.03571382528909679,0.9667604087420392,0.08955165321012876,0.08917652527386556,0.9616788501015305,,0.9554794520547946
breastcancer,0.3,Distill-S,11,15,0.9780219793319702,33.79120886325836,0.03611290408115764,0.9921568627450981,0.9560439586639404,36,0.9736842105263158,0.9736842105263158,0.08956321328878403,0.0782257691025734,0.025500886272965814,0.031248429365325403,0.1242203414440155,0.9524142146110535,0.9649122807017544,0.029442037603947445,0.9732814658212242,0.06640653990821836,0.05942016618648764,0.9767329558439592,,0.984313725490196
breastcancer,0.4,Distill-S,11,18,0.9780219793319702,36.68131875991821,0.028400820956382522,0.9954337899543378,0.9670329689979553,39,0.9736842105263158,0.9736842105263158,0.09197945147752762,0.0861390233039856,0.036558413714693296,0.033553523452658364,0.12719711661338806,0.9513455033302307,0.9385964912280702,0.0563606852401048,0.972152900367072,0.06970589068863166,0.06541741879479954,0.9737082417802184,,0.9771689497716894
breastcancer,0.5,Distill-S,11,20,0.9890109896659851,38.90659347176552,0.01648351517352431,0.9945054945054945,0.9780219793319702,41,0.9649122807017544,0.9736842105263158,0.07977797091007233,0.07032086700201035,0.03720716373962272,0.022136931879478555,0.11479652673006058,0.9568074345588684,0.956140350877193,0.028960905203355432,0.9816431841060927,0.051147331054188415,0.04003453157068685,0.9847539043530245,,0.989010989010989
breastcancer,0.6,Distill-S,11,27,0.9890109896659851,45.6703297495842,0.021978020668029785,1.0,0.9780219793319702,48,0.9649122807017544,0.956140350877193,0.09250949323177338,0.08864329010248184,0.01714498850337242,0.023593785469992117,0.0969378873705864,0.962433397769928,0.9385964912280702,0.05198342606306675,0.9851876269846792,0.04178743235448343,0.041527872504378435,0.9852883583870581,,0.9863013698630136
breastcancer,0.7,Distill-S,11,35,0.9890109896659851,53.29670339822769,0.021978020668029785,1.0,0.9780219793319702,56,0.9473684210526315,0.956140350877193,0.10880714654922485,0.10394392162561417,0.02971075239934415,0.016673145064136405,0.10347495973110199,0.9591853618621826,0.9385964912280702,0.050918720725840805,0.9867923494825076,0.03369582617178378,0.045669410767733946,0.983214383886389,,0.990909090909091
breastcancer,0.8,Distill-S,11,49,0.9780219793319702,66.5659342110157,0.021978020668029785,1.0,0.9780219793319702,70,0.956140350877193,0.9649122807017544,0.11547674238681793,0.1146395280957222,0.027234891527577482,0.020536562852692196,0.11100838333368301,0.9590629935264587,0.9385964912280702,0.05097837895109243,0.9866880835988413,0.03420134359113089,0.04305355871855254,0.9833883570825159,,0.9863013698630136
breastcancer,0.2,Distill-S,12,32,0.9670329689979553,50.01648363471031,0.012419085796565255,0.9794520547945206,0.9670329689979553,53,0.9736842105263158,0.9649122807017544,0.06869332492351532,0.06980659812688828,0.023289776684945092,0.0323703362230669,0.1139931008219719,0.9549660682678223,0.9473684210526315,0.026862017639473917,0.9651806484892159,0.08744793978559659,0.08459867027597276,0.9668140191377195,,0.958904109589041
breastcancer,0.3,Distill-S,12,28,0.9890109896659851,46.63736271858215,-0.004697264175789084,0.984313725490196,0.9890109896659851,49,0.9736842105263158,0.9649122807017544,0.05781985819339752,0.0629078671336174,0.031251172747528345,0.02844217210485224,0.10404738783836365,0.9555484652519226,0.9385964912280702,0.04878566175235398,0.96236591893807,0.08328852534629899,0.0673701170025312,0.9735905330269948,,0.9686274509803922
breastcancer,0.4,Distill-S,12,75,0.9890109896659851,92.57142871618271,0.006422800288352737,0.9954337899543378,0.9890109896659851,96,0.9736842105263158,0.9736842105263158,0.05530049651861191,0.058151062577962875,0.03417347345435828,0.028635036004217046,0.07164772599935532,0.9729581475257874,0.9649122807017544,0.03211590033266921,0.9734238328651272,0.06591390477290224,0.06043699782665921,0.9746869889604916,,0.958904109589041
breastcancer,0.5,Distill-S,12,95,1.0,113.54395613074303,-0.005494505494505475,0.9945054945054945,1.0,116,0.9736842105263158,0.9736842105263158,0.05058322474360466,0.050893791019916534,0.027450874186398688,0.027237296104431152,0.05779058113694191,0.980063259601593,0.9649122807017544,0.023882804960805484,0.9733761586187104,0.059177368203218436,0.03662085827471175,0.9880069278558214,,0.978021978021978
breastcancer,0.6,Distill-S,12,222,0.9890109896659851,236.59890142083168,0.010989010334014893,1.0,0.9890109896659851,243,0.9736842105263158,0.9736842105263158,0.05178951472043991,0.04988899454474449,0.02365229840864215,0.027007504513389187,0.04390982538461685,0.9852409958839417,0.9649122807017544,0.037481848519621365,0.9710694969299101,0.06735430658828373,0.03267997609153518,0.9876279738720211,,0.9931506849315068
breastcancer,0.7,Distill-S,12,299,0.9890109896659851,294.0659343600273,0.0018981012431058542,0.990909090909091,0.9890109896659851,300,0.9736842105263158,0.9736842105263158,0.0670015886425972,0.0670015886425972,0.03683200844547204,0.03683200844547204,0.0495196171104908,0.9815097451210022,0.9736842105263158,0.028429815672238484,0.9708172437227964,0.06347093891754742,0.027835720491018467,0.9902409133941921,,0.9818181818181818
breastcancer,0.8,Distill-S,12,94,0.9780219793319702,108.96703326702118,0.021978020668029785,1.0,0.9780219793319702,115,0.9736842105263158,0.9736842105263158,0.0671343207359314,0.06862172484397888,0.03050541198044492,0.031650943714275695,0.06315770745277405,0.9751324653625488,0.9824561403508771,0.02679530879852214,0.9750782855678581,0.056251214617871075,0.014709272935259712,0.9953320134839776,,0.9726027397260274
breastcancer,0.2,Distill-S,13,68,0.9890109896659851,86.7417583167553,-0.0027096198029714635,0.9863013698630136,0.9890109896659851,89,0.956140350877193,0.956140350877193,0.1486143171787262,0.153319850564003,0.03288237358394423,0.05007143763073701,0.07600020617246628,0.9694623947143555,0.9473684210526315,0.03295026073811761,0.9689946369931409,0.08303303092607811,0.09356670586637117,0.9598886043344198,,0.9452054794520548
breastcancer,0.3,Distill-S,13,85,0.9890109896659851,103.39560449123383,-0.0007756955483380068,0.9882352941176471,0.9890109896659851,106,0.9736842105263158,0.9736842105263158,0.09119140356779099,0.09044340252876282,0.025086743266958946,0.024816585737362253,0.0755394771695137,0.9693806171417236,0.956140350877193,0.034293009628652275,0.9750957382158412,0.07121356477244423,0.07378823284895716,0.9697685642344529,,0.9529411764705882
breastcancer,0.4,Distill-S,13,114,0.9890109896659851,131.80769243836403,-0.0027096198029714635,0.9863013698630136,0.9890109896659851,135,0.956140350877193,0.956140350877193,0.07663463056087494,0.07688288390636444,0.0414534890860842,0.045907148666549144,0.07866077870130539,0.9673100113868713,0.956140350877193,0.028663386395526375,0.9759191095329433,0.06858251469053965,0.0801068878494248,0.9677562996179112,,0.9497716894977168
breastcancer,0.5,Distill-S,13,141,1.0,159.7362638115883,0.010989010334014893,1.0,0.9890109896659851,162,0.9736842105263158,0.9736842105263158,0.10911868512630463,0.11010327190160751,0.03273585857006538,0.01982659990327397,0.05780155956745148,0.9751698970794678,0.9385964912280702,0.038412209738717645,0.9770087009667877,0.06137702502978124,0.06690067572051914,0.9737541261071042,,0.9615384615384616
breastcancer,0.6,Distill-S,13,43,0.9890109896659851,61.609890192747116,0.0041396952655217145,0.9931506849315068,0.9890109896659851,64,1.0,0.9824561403508771,0.024126684293150902,0.02509436570107937,0.01995379935231125,0.019898181421714917,0.04838087409734726,0.9800462126731873,0.9736842105263158,0.028203446849019757,0.9799343395052692,0.05354077614109083,0.047436654199297705,0.983282808352772,,0.9863013698630136
breastcancer,0.7,Distill-S,13,50,1.0,68.48351657390594,0.0018981012431058542,0.990909090909091,0.9890109896659851,71,1.0,1.0,0.020107589662075043,0.018993480131030083,0.01755141218503316,0.016573919538866007,0.0493641272187233,0.9824485778808594,0.956140350877193,0.028277084801297352,0.980946827815654,0.046244847279669016,0.03602810953429485,0.9882638728510619,,0.9818181818181818
breastcancer,0.8,Distill-S,13,226,0.9780219793319702,239.47252786159515,0.021978020668029785,1.0,0.9780219793319702,247,0.9824561403508771,0.9824561403508771,0.04663464426994324,0.045234791934490204,0.02502471992844029,0.013834235438129356,0.04204645752906799,0.9828154444694519,0.9473684210526315,0.037860523361686785,0.9753018437439234,0.051402682999549205,0.03957017953063483,0.9857544616413328,,0.9863013698630136
breastcancer,0.2,Distill-S,14,44,0.9670329689979553,61.97252759337425,0.011704048065290018,0.9897260273972602,0.9780219793319702,65,0.9912280701754386,1.0,0.04281066358089447,0.03666529059410095,0.02430502782788193,0.029650059185530007,0.07270698249340057,0.9669229984283447,0.9824561403508771,0.029005732914933254,0.9746127458323915,0.055932478011474725,0.0676849892712602,0.9718822647932481,,0.9623287671232876
breastcancer,0.3,Distill-S,14,47,0.9670329689979553,64.86813199520111,0.014134883413127852,0.9921568627450981,0.9780219793319702,68,0.9824561403508771,0.9912280701754386,0.04958980903029442,0.04493110254406929,0.025359604442328737,0.02940391396221362,0.07108431309461594,0.9684670567512512,0.9824561403508771,0.01902291175228877,0.9804983162528734,0.051070381768040525,0.05880562959865305,0.9776980652473367,,0.9725490196078431
breastcancer,0.4,Distill-S,14,45,0.9780219793319702,63.01648363471031,0.012845600576705585,0.9908675799086758,0.9780219793319702,66,0.9649122807017544,0.9736842105263158,0.08076998591423035,0.08466801792383194,0.028151495414867705,0.01603888576490834,0.063613660633564,0.9749531745910645,0.9736842105263158,0.02552326703242019,0.9825947052478635,0.04665455955765862,0.05133579264753518,0.9804631210437784,,0.9771689497716894
breastcancer,0.5,Distill-S,14,39,0.9780219793319702,57.203296810388565,0.010989009679018835,0.989010989010989,0.9780219793319702,60,0.9649122807017544,0.9649122807017544,0.08314695954322815,0.07584209740161896,0.03237834363652946,0.02346863506133093,0.07364442944526672,0.9710432291030884,0.9824561403508771,0.02642799562312642,0.9823513734099637,0.049380861464043586,0.0548221570966178,0.9804395944230025,,0.9725274725274725
breastcancer,0.6,Distill-S,14,38,0.9780219793319702,56.12637373805046,0.015128705599536607,0.9931506849315068,0.9780219793319702,59,0.9649122807017544,0.9649122807017544,0.08579756319522858,0.08223718404769897,0.02992537617683408,0.015415507450438348,0.0791090801358223,0.9688709378242493,0.9736842105263158,0.01922721595866088,0.9887581687029744,0.03652062327320246,0.038878686970394045,0.9859262764900344,,0.9794520547945206
breastcancer,0.7,Distill-S,14,46,0.9780219793319702,63.730769366025925,0.012887111577120747,0.990909090909091,0.9780219793319702,67,0.9649122807017544,0.9736842105263158,0.07484237104654312,0.07098022848367691,0.04272304240025972,0.02560163380806906,0.08847489953041077,0.9644689559936523,0.9736842105263158,0.020223214138454966,0.988379010163576,0.03621512512442683,0.044044039719432146,0.9823400846338459,,0.9636363636363636
breastcancer,0.8,Distill-S,14,39,0.9670329689979553,56.37362653017044,0.03296703100204468,1.0,0.9670329689979553,60,0.9649122807017544,0.9649122807017544,0.09030807018280029,0.07973482459783554,0.03318341729933756,0.02515467478517901,0.10867124795913696,0.9550087451934814,0.9649122807017544,0.025014331648921032,0.9899266123506755,0.029423844419740285,0.054217038217310526,0.9781483829734188,,0.958904109589041
breastcancer,0.2,Distill-S,15,15,0.9780219793319702,33.829670399427414,0.0055697707280720765,0.9726027397260274,0.9670329689979553,36,0.9736842105263158,0.9824561403508771,0.07747725397348404,0.07905219495296478,0.04535719229463945,0.039056422417623915,0.13324357569217682,0.9499900937080383,0.9298245614035088,0.04583720485270286,0.9513356445024033,0.10880574236229362,0.08654894823097076,0.9634017990838419,,0.9417808219178082
breastcancer,0.3,Distill-S,15,21,0.9780219793319702,39.697802275419235,0.006291746158225808,0.984313725490196,0.9780219793319702,42,0.9824561403508771,0.9912280701754386,0.06945966184139252,0.06863045692443848,0.03915590518399288,0.032700991944262826,0.1171218603849411,0.9562436938285828,0.956140350877193,0.03153253701961604,0.9655486171811337,0.08716208891368436,0.08517966702511119,0.9621540939861981,,0.9568627450980393
breastcancer,0.4,Distill-S,15,17,0.9780219793319702,35.51098909974098,0.023834610910720477,0.9908675799086758,0.9670329689979553,38,0.9912280701754386,0.9912280701754386,0.06850948929786682,0.060948826372623444,0.03594144394523219,0.029609227389620022,0.11321334540843964,0.95784991979599,0.9736842105263158,0.02365717933767781,0.9723153257663032,0.06739260006005296,0.0668202629145408,0.9729063376686589,,0.9452054794520548
breastcancer,0.5,Distill-S,15,25,0.9780219793319702,43.19780230522156,0.010989009679018835,0.989010989010989,0.9780219793319702,46,0.9912280701754386,0.9912280701754386,0.06551936268806458,0.05909081920981407,0.0372994787860335,0.028902594980440646,0.10438115149736404,0.960040271282196,0.9824561403508771,0.01940702145919217,0.9754971597755607,0.06739924412163865,0.07661169119543351,0.9662475685743362,,0.945054945054945
breastcancer,0.6,Distill-S,15,37,0.9670329689979553,54.318681478500366,0.0055697707280720765,0.9726027397260274,0.9670329689979553,58,0.9736842105263158,0.9824561403508771,0.06174597144126892,0.055058471858501434,0.02592681060757553,0.01814173815543191,0.09435022622346878,0.9647616744041443,0.9736842105263158,0.018606443638848016,0.9858003583023908,0.04503860153588555,0.06068010338705518,0.9762900557849691,,0.952054794520548
breastcancer,0.7,Distill-S,15,55,0.9670329689979553,71.59340679645538,0.025774223154241382,0.9818181818181818,0.9560439586639404,76,0.9824561403508771,0.9736842105263158,0.0652754083275795,0.06202362850308418,0.026228304494891247,0.011892598449138179,0.09163428097963333,0.9638785123825073,0.9824561403508771,0.020319036556841506,0.9822500962560975,0.045939878538267254,0.040425715772355306,0.9848365408668583,,0.9545454545454546
breastcancer,0.8,Distill-S,15,106,0.9670329689979553,120.41208824515343,0.008279390531043429,0.9863013698630136,0.9780219793319702,127,0.9736842105263158,0.9736842105263158,0.06288206577301025,0.06136048585176468,0.02304365917256004,0.021834174269124082,0.09200970828533173,0.9634259939193726,0.9824561403508771,0.031599460788355294,0.9738173939844115,0.057449196950583634,0.05855795460197075,0.9756412241734985,,0.958904109589041
breastcancer,0.2,Distill-S,16,110,0.9890109896659851,126.99450567364693,0.02269305839930491,0.9897260273972602,0.9670329689979553,131,0.956140350877193,0.9649122807017544,0.13364166021347046,0.1365901678800583,0.025092021937955858,0.03836497141603839,0.0838998407125473,0.962888240814209,0.9298245614035088,0.04602888751254441,0.965103530021715,0.07945775796130596,0.06131772509700935,0.9744540921119773,,0.9623287671232876
breastcancer,0.3,Distill-S,16,57,0.9780219793319702,75.42307701706886,0.010213314785676886,0.9882352941176471,0.9780219793319702,78,0.956140350877193,0.956140350877193,0.13400974869728088,0.13628043234348297,0.024903543685611935,0.03775553170003385,0.08578779548406601,0.9634053707122803,0.9210526315789473,0.04469215962135335,0.9641045517406315,0.0793346729228447,0.05452148890016278,0.9769969608611824,,0.9529411764705882
breastcancer,0.4,Distill-S,16,148,1.0,167.35164839029312,-0.0091324200913242,0.9908675799086758,1.0,169,0.9649122807017544,0.9649122807017544,0.13788294792175293,0.13468940556049347,0.02943857040321618,0.019240500634176698,0.07229463011026382,0.9704807996749878,0.9649122807017544,0.03151408331717796,0.9652280018158997,0.08067355399619106,0.04927358667989517,0.9785710782254251,,0.9817351598173516
breastcancer,0.5,Distill-S,16,134,1.0,153.14835169911385,-0.01098901098901095,0.989010989010989,1.0,155,0.956140350877193,0.956140350877193,0.13332946598529816,0.13127049803733826,0.030725989425391488,0.02596801257970041,0.06964016705751419,0.9721040725708008,0.9649122807017544,0.030228780517727386,0.9624983700704368,0.08357609893895042,0.0503592496447183,0.9816238177269171,,0.9835164835164835
breastcancer,0.6,Distill-S,16,206,1.0,224.91758248209953,-0.006849315068493178,0.9931506849315068,1.0,227,0.956140350877193,0.956140350877193,0.13987025618553162,0.13713370263576508,0.04266714683750217,0.023857332112496327,0.06554701179265976,0.9713494777679443,0.9649122807017544,0.02175435011496578,0.9690094335405388,0.0676172823902406,0.03739749643566952,0.9883141019661192,,0.9931506849315068
breastcancer,0.7,Distill-S,16,129,0.9890109896659851,146.50549465417862,0.0018981012431058542,0.990909090909091,0.9890109896659851,150,0.956140350877193,0.956140350877193,0.14874812960624695,0.1509591042995453,0.02884372179968316,0.026561804507908075,0.06334098428487778,0.9764339923858643,0.956140350877193,0.03411204444038044,0.9761985885440327,0.05431536383263262,0.04244746262933225,0.9810059895739542,,0.9818181818181818
breastcancer,0.8,Distill-S,16,299,0.9890109896659851,294.7142859697342,-0.0027096198029714635,0.9863013698630136,0.9890109896659851,300,0.956140350877193,0.956140350877193,0.1811719685792923,0.1811719685792923,0.03466628308881797,0.03466628308881797,0.0664299800992012,0.9722617268562317,0.956140350877193,0.029380531631078014,0.9759830894515988,0.05527399840026386,0.019064413793768747,0.9910664150144738,,1.0
breastcancer,0.2,Distill-S,17,25,0.9780219793319702,43.868131935596466,0.011704048065290018,0.9897260273972602,0.9780219793319702,46,0.9736842105263158,0.9736842105263158,0.09064903855323792,0.09245764464139938,0.020350041096670553,0.018890054602372013,0.0899680107831955,0.9608461260795593,0.956140350877193,0.02996407000447642,0.9776511556577446,0.061821935815097415,0.07211249596449952,0.971343557802487,,0.9897260273972602
breastcancer,0.3,Distill-S,17,42,0.9780219793319702,60.40659350156784,0.010213314785676886,0.9882352941176471,0.9780219793319702,63,0.9736842105263158,0.9649122807017544,0.08453376591205597,0.09284285455942154,0.03802059407819781,0.03236795308297137,0.0826425552368164,0.9620913863182068,0.9649122807017544,0.026197898604860256,0.974734873290752,0.06555493815708814,0.05780712410195896,0.9784808651911707,,0.9882352941176471
breastcancer,0.4,Distill-S,17,19,0.9780219793319702,37.956044018268585,0.012845600576705585,0.9908675799086758,0.9780219793319702,40,0.9736842105263158,0.9736842105263158,0.09318049997091293,0.09155638515949249,0.025078748401842627,0.02313950082712007,0.11087970435619354,0.9514882564544678,0.9649122807017544,0.02315077071273829,0.9796433310255181,0.05574272520647482,0.06917115514874016,0.9703255926941475,,0.9680365296803652
breastcancer,0.5,Distill-S,17,28,0.9780219793319702,46.675824254751205,0.01648351517352431,0.9945054945054945,0.9780219793319702,49,0.9736842105263158,0.9736842105263158,0.08280865103006363,0.08213738352060318,0.037192566352978094,0.0282199267755475,0.09308288991451263,0.962573230266571,0.9824561403508771,0.01841553522442108,0.9772569665993379,0.059727228569339395,0.07408536326845304,0.966808023232666,,0.967032967032967
breastcancer,0.6,Distill-S,17,41,0.9780219793319702,59.25274735689163,0.021978020668029785,1.0,0.9780219793319702,62,0.9736842105263158,0.9736842105263158,0.08028308302164078,0.08305004984140396,0.028274842521600528,0.027383519892106946,0.06407126039266586,0.9765629172325134,0.9824561403508771,0.012884023910417212,0.9816792865852075,0.039597755283300604,0.04819463230950366,0.9806800754646069,,0.9863013698630136
breastcancer,0.7,Distill-S,17,100,0.9780219793319702,116.12637385725975,0.012887111577120747,0.990909090909091,0.9780219793319702,121,0.9736842105263158,0.9736842105263158,0.08026454597711563,0.08094088733196259,0.020468356839397496,0.01715003398426792,0.048528604209423065,0.982456624507904,0.9736842105263158,0.022979926137050962,0.9840731954956917,0.03493702702640769,0.021392411407920014,0.9947679779059403,,1.0
breastcancer,0.8,Distill-S,17,74,0.9780219793319702,90.67032986879349,0.021978020668029785,1.0,0.9780219793319702,95,0.9736842105263158,0.9736842105263158,0.07826176285743713,0.07888537645339966,0.019846567459273726,0.0231461802072692,0.06440999358892441,0.9765774011611938,0.9912280701754386,0.024090134530083258,0.9800481780285607,0.04501757083733316,0.027577016013076935,0.9923249962406934,,1.0
breastcancer,0.2,Distill-S,18,43,0.9890109896659851,61.549450635910034,0.018553363133783196,0.9965753424657534,0.9780219793319702,64,0.9736842105263158,0.9736842105263158,0.0835203006863594,0.08517410606145859,0.0277597491155591,0.013547217636777652,0.07806335389614105,0.9748088121414185,0.9649122807017544,0.019186351116420065,0.9667005757565348,0.08370052641548492,0.07090539098730624,0.971613418102017,,0.9657534246575342
breastcancer,0.3,Distill-S,18,32,0.9890109896659851,50.62637370824814,0.007067441706563926,0.996078431372549,0.9890109896659851,53,0.9649122807017544,0.9649122807017544,0.09530556201934814,0.09921188652515411,0.026428076781724666,0.0296683348061746,0.06500960886478424,0.9779986143112183,0.9736842105263158,0.02937900127358098,0.9799750133995997,0.05520822123057671,0.041098288576893446,0.9858771413636703,,0.984313725490196
breastcancer,0.4,Distill-S,18,32,0.9670329689979553,50.12087923288345,0.01741181062236763,0.9954337899543378,0.9780219793319702,53,0.9649122807017544,0.9649122807017544,0.08927013725042343,0.09384506940841675,0.020081183889455956,0.03498086437844393,0.06746010482311249,0.9776256084442139,0.9649122807017544,0.025831770207900083,0.9825163326298441,0.049972573519744684,0.0441386849249211,0.9825933554263699,,0.9817351598173516
breastcancer,0.5,Distill-S,18,38,0.9780219793319702,55.989011108875275,0.01648351517352431,0.9945054945054945,0.9780219793319702,59,0.9649122807017544,0.9649122807017544,0.09752197563648224,0.10121307522058487,0.0371504012952771,0.032482981681823724,0.07093436270952225,0.9744046926498413,0.9649122807017544,0.030302295339745777,0.9878120712715074,0.0391084552358748,0.03360619181169407,0.9898964029057874,,0.9835164835164835
breastcancer,0.6,Distill-S,18,37,0.9780219793319702,54.89011001586914,0.015128705599536607,0.9931506849315068,0.9780219793319702,58,0.9649122807017544,0.9649122807017544,0.09890515357255936,0.10296133160591125,0.03422862291336063,0.03183010325097205,0.0756695345044136,0.9713946580886841,0.9649122807017544,0.024589368014402722,0.989501648716157,0.03104197348917387,0.031043157831729357,0.9898982456202645,,0.9863013698630136
breastcancer,0.7,Distill-S,18,44,0.9780219793319702,61.857142984867096,0.012887111577120747,0.990909090909091,0.9780219793319702,65,0.9649122807017544,0.9649122807017544,0.09581950306892395,0.10290032625198364,0.028061873034427077,0.031373288024935844,0.08695541322231293,0.9687424898147583,0.9649122807017544,0.024266854343070673,0.9891791350448252,0.032697625964144106,0.026397334063450642,0.9908468129226737,,0.9818181818181818
breastcancer,0.8,Distill-S,18,58,0.9780219793319702,74.71978041529655,0.01926840086505832,0.9863013698630136,0.9670329689979553,79,0.9736842105263158,0.9736842105263158,0.08551985025405884,0.09211990982294083,0.025922817096375585,0.036880420488223695,0.0924268439412117,0.9657795429229736,0.9649122807017544,0.027203182115253043,0.9897527691728554,0.03093140234513366,0.019310330281142322,0.9937552430785628,,1.0
breastcancer,0.2,Distill-S,19,50,0.9780219793319702,68.62087920308113,0.008279390531043429,0.9863013698630136,0.9780219793319702,71,0.9736842105263158,0.9736842105263158,0.09353318065404892,0.09652424603700638,0.033111879700108544,0.04243182560853792,0.07948391139507294,0.9674205183982849,0.9649122807017544,0.03597308463513144,0.9642081637608286,0.08670253311529864,0.0722639680685737,0.9739775181917251,,0.9726027397260274
breastcancer,0.3,Distill-S,19,26,1.0,45.109890162944794,0.010213314785676886,0.9882352941176471,0.9780219793319702,47,0.9649122807017544,0.9649122807017544,0.08098793029785156,0.08515077829360962,0.027526726848200744,0.03235421630374172,0.07601088285446167,0.9744625687599182,0.9473684210526315,0.04000358461718491,0.9804321827337418,0.05222426403595865,0.04647084381321911,0.9842530584567775,,0.9882352941176471
breastcancer,0.4,Distill-S,19,15,0.9890109896659851,33.75274732708931,0.01926840086505832,0.9863013698630136,0.9670329689979553,36,0.9649122807017544,0.956140350877193,0.07827784866094589,0.07545121759176254,0.04367091258366903,0.039923861884234246,0.1049363911151886,0.9641532897949219,0.956140350877193,0.041866719530408915,0.9836323810016318,0.04879077452374106,0.056642287544966724,0.9777078865968155,,0.9863013698630136
breastcancer,0.5,Distill-S,19,19,0.9890109896659851,37.521978110075,0.027472524852543034,0.9835164835164835,0.9560439586639404,40,0.9649122807017544,0.9649122807017544,0.07771607488393784,0.0742582306265831,0.04110936376086452,0.03347406889262952,0.10444179177284241,0.9646618366241455,0.956140350877193,0.041677248857910854,0.9835467662823211,0.0491622818110866,0.05976433608670728,0.9765847493718163,,0.9835164835164835
breastcancer,0.6,Distill-S,19,24,0.9890109896659851,42.631868213415146,0.008279390531043429,0.9863013698630136,0.9780219793319702,45,0.9649122807017544,0.9649122807017544,0.07541891932487488,0.07073813676834106,0.023362348999893458,0.034260601850978116,0.10462968051433563,0.9626967310905457,0.9649122807017544,0.03198309693517039,0.9868200327767879,0.03606445756104987,0.03568752445340606,0.9855835323363951,,0.9863013698630136
breastcancer,0.7,Distill-S,19,28,0.9890109896659851,46.10439571738243,0.0037962024862115973,0.9818181818181818,0.9780219793319702,49,0.9649122807017544,0.9649122807017544,0.08621121942996979,0.08291628956794739,0.04064364914308514,0.02437869812312879,0.12112317979335785,0.9567092657089233,0.9649122807017544,0.030704899481542796,0.9838366247014582,0.03932028171084406,0.026620254417778273,0.9901988262816654,,1.0
breastcancer,0.8,Distill-S,19,42,0.9780219793319702,58.868132054805756,0.04395604133605957,1.0,0.9560439586639404,63,0.9649122807017544,0.9649122807017544,0.08829281479120255,0.0947607010602951,0.025663955692659345,0.023361237948400945,0.09669478982686996,0.9658204317092896,0.9736842105263158,0.028559442526738414,0.9853414101865352,0.03945529812590363,0.027301581969777222,0.9911075457538046,,1.0
digits,0.2,Baseline-Full,0,25,0.9860627055168152,43.60627177357674,0.017421603202819824,1.0,0.9825783967971802,46,0.9722222222222222,0.9694444444444444,0.11685504764318466,0.12288833409547806,0.015546586943997229,0.017115078204207906,0.07531110942363739,0.9746360778808594,,,,,,,,
digits,0.3,Baseline-Full,0,25,0.9860627055168152,43.60627177357674,0.017421603202819824,1.0,0.9825783967971802,46,0.9722222222222222,0.9694444444444444,0.11685504764318466,0.12288833409547806,0.015546586943997229,0.017115078204207906,0.07531110942363739,0.9746360778808594,,,,,,,,
digits,0.4,Baseline-Full,0,25,0.9860627055168152,43.60627177357674,0.017421603202819824,1.0,0.9825783967971802,46,0.9722222222222222,0.9694444444444444,0.11685504764318466,0.12288833409547806,0.015546586943997229,0.017115078204207906,0.07531110942363739,0.9746360778808594,,,,,,,,
digits,0.5,Baseline-Full,0,25,0.9860627055168152,43.60627177357674,0.017421603202819824,1.0,0.9825783967971802,46,0.9722222222222222,0.9694444444444444,0.11685504764318466,0.12288833409547806,0.015546586943997229,0.017115078204207906,0.07531110942363739,0.9746360778808594,,,,,,,,
digits,0.6,Baseline-Full,0,25,0.9860627055168152,43.60627177357674,0.017421603202819824,1.0,0.9825783967971802,46,0.9722222222222222,0.9694444444444444,0.11685504764318466,0.12288833409547806,0.015546586943997229,0.017115078204207906,0.07531110942363739,0.9746360778808594,,,,,,,,
digits,0.7,Baseline-Full,0,25,0.9860627055168152,43.60627177357674,0.017421603202819824,1.0,0.9825783967971802,46,0.9722222222222222,0.9694444444444444,0.11685504764318466,0.12288833409547806,0.015546586943997229,0.017115078204207906,0.07531110942363739,0.9746360778808594,,,,,,,,
digits,0.8,Baseline-Full,0,25,0.9860627055168152,43.60627177357674,0.017421603202819824,1.0,0.9825783967971802,46,0.9722222222222222,0.9694444444444444,0.11685504764318466,0.12288833409547806,0.015546586943997229,0.017115078204207906,0.07531110942363739,0.9746360778808594,,,,,,,,
digits,0.2,Baseline-Full,1,33,0.9860627055168152,51.702090084552765,0.013937294483184814,1.0,0.9860627055168152,54,0.9666666666666667,0.9694444444444444,0.14431022107601166,0.14966613054275513,0.019204679462644803,0.019727417495515584,0.06287728250026703,0.9787802696228027,,,,,,,,
digits,0.3,Baseline-Full,1,33,0.9860627055168152,51.702090084552765,0.013937294483184814,1.0,0.9860627055168152,54,0.9666666666666667,0.9694444444444444,0.14431022107601166,0.14966613054275513,0.019204679462644803,0.019727417495515584,0.06287728250026703,0.9787802696228027,,,,,,,,
digits,0.4,Baseline-Full,1,33,0.9860627055168152,51.702090084552765,0.013937294483184814,1.0,0.9860627055168152,54,0.9666666666666667,0.9694444444444444,0.14431022107601166,0.14966613054275513,0.019204679462644803,0.019727417495515584,0.06287728250026703,0.9787802696228027,,,,,,,,
digits,0.5,Baseline-Full,1,33,0.9860627055168152,51.702090084552765,0.013937294483184814,1.0,0.9860627055168152,54,0.9666666666666667,0.9694444444444444,0.14431022107601166,0.14966613054275513,0.019204679462644803,0.019727417495515584,0.06287728250026703,0.9787802696228027,,,,,,,,
digits,0.6,Baseline-Full,1,33,0.9860627055168152,51.702090084552765,0.013937294483184814,1.0,0.9860627055168152,54,0.9666666666666667,0.9694444444444444,0.14431022107601166,0.14966613054275513,0.019204679462644803,0.019727417495515584,0.06287728250026703,0.9787802696228027,,,,,,,,
digits,0.7,Baseline-Full,1,33,0.9860627055168152,51.702090084552765,0.013937294483184814,1.0,0.9860627055168152,54,0.9666666666666667,0.9694444444444444,0.14431022107601166,0.14966613054275513,0.019204679462644803,0.019727417495515584,0.06287728250026703,0.9787802696228027,,,,,,,,
digits,0.8,Baseline-Full,1,33,0.9860627055168152,51.702090084552765,0.013937294483184814,1.0,0.9860627055168152,54,0.9666666666666667,0.9694444444444444,0.14431022107601166,0.14966613054275513,0.019204679462644803,0.019727417495515584,0.06287728250026703,0.9787802696228027,,,,,,,,
digits,0.2,Baseline-Full,2,26,0.9651567935943604,43.621950924396515,0.03135889768600464,1.0,0.9686411023139954,47,0.9777777777777777,0.975,0.10574495792388916,0.11245905607938766,0.019788736187749387,0.0191309394107925,0.07365349680185318,0.9750313758850098,,,,,,,,
digits,0.3,Baseline-Full,2,26,0.9651567935943604,43.621950924396515,0.03135889768600464,1.0,0.9686411023139954,47,0.9777777777777777,0.975,0.10574495792388916,0.11245905607938766,0.019788736187749387,0.0191309394107925,0.07365349680185318,0.9750313758850098,,,,,,,,
digits,0.4,Baseline-Full,2,26,0.9651567935943604,43.621950924396515,0.03135889768600464,1.0,0.9686411023139954,47,0.9777777777777777,0.975,0.10574495792388916,0.11245905607938766,0.019788736187749387,0.0191309394107925,0.07365349680185318,0.9750313758850098,,,,,,,,
digits,0.5,Baseline-Full,2,26,0.9651567935943604,43.621950924396515,0.03135889768600464,1.0,0.9686411023139954,47,0.9777777777777777,0.975,0.10574495792388916,0.11245905607938766,0.019788736187749387,0.0191309394107925,0.07365349680185318,0.9750313758850098,,,,,,,,
digits,0.6,Baseline-Full,2,26,0.9651567935943604,43.621950924396515,0.03135889768600464,1.0,0.9686411023139954,47,0.9777777777777777,0.975,0.10574495792388916,0.11245905607938766,0.019788736187749387,0.0191309394107925,0.07365349680185318,0.9750313758850098,,,,,,,,
digits,0.7,Baseline-Full,2,26,0.9651567935943604,43.621950924396515,0.03135889768600464,1.0,0.9686411023139954,47,0.9777777777777777,0.975,0.10574495792388916,0.11245905607938766,0.019788736187749387,0.0191309394107925,0.07365349680185318,0.9750313758850098,,,,,,,,
digits,0.8,Baseline-Full,2,26,0.9651567935943604,43.621950924396515,0.03135889768600464,1.0,0.9686411023139954,47,0.9777777777777777,0.975,0.10574495792388916,0.11245905607938766,0.019788736187749387,0.0191309394107925,0.07365349680185318,0.9750313758850098,,,,,,,,
digits,0.2,Baseline-Full,3,39,0.9790940880775452,56.74041819572449,0.020905911922454834,1.0,0.9790940880775452,60,0.9722222222222222,0.9722222222222222,0.1172177866101265,0.12369851022958755,0.021167195753918795,0.02064921508232749,0.05550354719161987,0.981817901134491,,,,,,,,
digits,0.3,Baseline-Full,3,39,0.9790940880775452,56.74041819572449,0.020905911922454834,1.0,0.9790940880775452,60,0.9722222222222222,0.9722222222222222,0.1172177866101265,0.12369851022958755,0.021167195753918795,0.02064921508232749,0.05550354719161987,0.981817901134491,,,,,,,,
digits,0.4,Baseline-Full,3,39,0.9790940880775452,56.74041819572449,0.020905911922454834,1.0,0.9790940880775452,60,0.9722222222222222,0.9722222222222222,0.1172177866101265,0.12369851022958755,0.021167195753918795,0.02064921508232749,0.05550354719161987,0.981817901134491,,,,,,,,
digits,0.5,Baseline-Full,3,39,0.9790940880775452,56.74041819572449,0.020905911922454834,1.0,0.9790940880775452,60,0.9722222222222222,0.9722222222222222,0.1172177866101265,0.12369851022958755,0.021167195753918795,0.02064921508232749,0.05550354719161987,0.981817901134491,,,,,,,,
digits,0.6,Baseline-Full,3,39,0.9790940880775452,56.74041819572449,0.020905911922454834,1.0,0.9790940880775452,60,0.9722222222222222,0.9722222222222222,0.1172177866101265,0.12369851022958755,0.021167195753918795,0.02064921508232749,0.05550354719161987,0.981817901134491,,,,,,,,
digits,0.7,Baseline-Full,3,39,0.9790940880775452,56.74041819572449,0.020905911922454834,1.0,0.9790940880775452,60,0.9722222222222222,0.9722222222222222,0.1172177866101265,0.12369851022958755,0.021167195753918795,0.02064921508232749,0.05550354719161987,0.981817901134491,,,,,,,,
digits,0.8,Baseline-Full,3,39,0.9790940880775452,56.74041819572449,0.020905911922454834,1.0,0.9790940880775452,60,0.9722222222222222,0.9722222222222222,0.1172177866101265,0.12369851022958755,0.021167195753918795,0.02064921508232749,0.05550354719161987,0.981817901134491,,,,,,,,
digits,0.2,Baseline-Full,4,209,0.9790940880775452,223.07491436600685,0.020905911922454834,1.0,0.9790940880775452,230,0.9638888888888889,0.9638888888888889,0.16965289413928986,0.1736236810684204,0.0250865442885293,0.0231951765716076,0.03671491518616676,0.9855690598487854,,,,,,,,
digits,0.3,Baseline-Full,4,209,0.9790940880775452,223.07491436600685,0.020905911922454834,1.0,0.9790940880775452,230,0.9638888888888889,0.9638888888888889,0.16965289413928986,0.1736236810684204,0.0250865442885293,0.0231951765716076,0.03671491518616676,0.9855690598487854,,,,,,,,
digits,0.4,Baseline-Full,4,209,0.9790940880775452,223.07491436600685,0.020905911922454834,1.0,0.9790940880775452,230,0.9638888888888889,0.9638888888888889,0.16965289413928986,0.1736236810684204,0.0250865442885293,0.0231951765716076,0.03671491518616676,0.9855690598487854,,,,,,,,
digits,0.5,Baseline-Full,4,209,0.9790940880775452,223.07491436600685,0.020905911922454834,1.0,0.9790940880775452,230,0.9638888888888889,0.9638888888888889,0.16965289413928986,0.1736236810684204,0.0250865442885293,0.0231951765716076,0.03671491518616676,0.9855690598487854,,,,,,,,
digits,0.6,Baseline-Full,4,209,0.9790940880775452,223.07491436600685,0.020905911922454834,1.0,0.9790940880775452,230,0.9638888888888889,0.9638888888888889,0.16965289413928986,0.1736236810684204,0.0250865442885293,0.0231951765716076,0.03671491518616676,0.9855690598487854,,,,,,,,
digits,0.7,Baseline-Full,4,209,0.9790940880775452,223.07491436600685,0.020905911922454834,1.0,0.9790940880775452,230,0.9638888888888889,0.9638888888888889,0.16965289413928986,0.1736236810684204,0.0250865442885293,0.0231951765716076,0.03671491518616676,0.9855690598487854,,,,,,,,
digits,0.8,Baseline-Full,4,209,0.9790940880775452,223.07491436600685,0.020905911922454834,1.0,0.9790940880775452,230,0.9638888888888889,0.9638888888888889,0.16965289413928986,0.1736236810684204,0.0250865442885293,0.0231951765716076,0.03671491518616676,0.9855690598487854,,,,,,,,
digits,0.2,Baseline-Full,5,20,0.9721254110336304,38.38675943017006,0.024390220642089844,1.0,0.9756097793579102,41,0.9694444444444444,0.975,0.11900363862514496,0.11397206783294678,0.016358164366748577,0.019561604410409876,0.1081727147102356,0.9640123844146729,,,,,,,,
digits,0.3,Baseline-Full,5,20,0.9721254110336304,38.38675943017006,0.024390220642089844,1.0,0.9756097793579102,41,0.9694444444444444,0.975,0.11900363862514496,0.11397206783294678,0.016358164366748577,0.019561604410409876,0.1081727147102356,0.9640123844146729,,,,,,,,
digits,0.4,Baseline-Full,5,20,0.9721254110336304,38.38675943017006,0.024390220642089844,1.0,0.9756097793579102,41,0.9694444444444444,0.975,0.11900363862514496,0.11397206783294678,0.016358164366748577,0.019561604410409876,0.1081727147102356,0.9640123844146729,,,,,,,,
digits,0.5,Baseline-Full,5,20,0.9721254110336304,38.38675943017006,0.024390220642089844,1.0,0.9756097793579102,41,0.9694444444444444,0.975,0.11900363862514496,0.11397206783294678,0.016358164366748577,0.019561604410409876,0.1081727147102356,0.9640123844146729,,,,,,,,
digits,0.6,Baseline-Full,5,20,0.9721254110336304,38.38675943017006,0.024390220642089844,1.0,0.9756097793579102,41,0.9694444444444444,0.975,0.11900363862514496,0.11397206783294678,0.016358164366748577,0.019561604410409876,0.1081727147102356,0.9640123844146729,,,,,,,,
digits,0.7,Baseline-Full,5,20,0.9721254110336304,38.38675943017006,0.024390220642089844,1.0,0.9756097793579102,41,0.9694444444444444,0.975,0.11900363862514496,0.11397206783294678,0.016358164366748577,0.019561604410409876,0.1081727147102356,0.9640123844146729,,,,,,,,
digits,0.8,Baseline-Full,5,20,0.9721254110336304,38.38675943017006,0.024390220642089844,1.0,0.9756097793579102,41,0.9694444444444444,0.975,0.11900363862514496,0.11397206783294678,0.016358164366748577,0.019561604410409876,0.1081727147102356,0.9640123844146729,,,,,,,,
digits,0.2,Baseline-Full,6,24,0.9790940880775452,42.313589096069336,0.020905911922454834,1.0,0.9790940880775452,45,0.9555555555555556,0.9611111111111111,0.15608033537864685,0.16533641517162323,0.028891165388954976,0.026560986207591203,0.08741404116153717,0.9705615639686584,,,,,,,,
digits,0.3,Baseline-Full,6,24,0.9790940880775452,42.313589096069336,0.020905911922454834,1.0,0.9790940880775452,45,0.9555555555555556,0.9611111111111111,0.15608033537864685,0.16533641517162323,0.028891165388954976,0.026560986207591203,0.08741404116153717,0.9705615639686584,,,,,,,,
digits,0.4,Baseline-Full,6,24,0.9790940880775452,42.313589096069336,0.020905911922454834,1.0,0.9790940880775452,45,0.9555555555555556,0.9611111111111111,0.15608033537864685,0.16533641517162323,0.028891165388954976,0.026560986207591203,0.08741404116153717,0.9705615639686584,,,,,,,,
digits,0.5,Baseline-Full,6,24,0.9790940880775452,42.313589096069336,0.020905911922454834,1.0,0.9790940880775452,45,0.9555555555555556,0.9611111111111111,0.15608033537864685,0.16533641517162323,0.028891165388954976,0.026560986207591203,0.08741404116153717,0.9705615639686584,,,,,,,,
digits,0.6,Baseline-Full,6,24,0.9790940880775452,42.313589096069336,0.020905911922454834,1.0,0.9790940880775452,45,0.9555555555555556,0.9611111111111111,0.15608033537864685,0.16533641517162323,0.028891165388954976,0.026560986207591203,0.08741404116153717,0.9705615639686584,,,,,,,,
digits,0.7,Baseline-Full,6,24,0.9790940880775452,42.313589096069336,0.020905911922454834,1.0,0.9790940880775452,45,0.9555555555555556,0.9611111111111111,0.15608033537864685,0.16533641517162323,0.028891165388954976,0.026560986207591203,0.08741404116153717,0.9705615639686584,,,,,,,,
digits,0.8,Baseline-Full,6,24,0.9790940880775452,42.313589096069336,0.020905911922454834,1.0,0.9790940880775452,45,0.9555555555555556,0.9611111111111111,0.15608033537864685,0.16533641517162323,0.028891165388954976,0.026560986207591203,0.08741404116153717,0.9705615639686584,,,,,,,,
digits,0.2,Baseline-Full,7,69,0.9790940880775452,85.78745704889297,0.024390220642089844,1.0,0.9756097793579102,90,0.9666666666666667,0.9666666666666667,0.1932198405265808,0.20355425775051117,0.02576950713992114,0.024881509443124162,0.0393306165933609,0.98647141456604,,,,,,,,
digits,0.3,Baseline-Full,7,69,0.9790940880775452,85.78745704889297,0.024390220642089844,1.0,0.9756097793579102,90,0.9666666666666667,0.9666666666666667,0.1932198405265808,0.20355425775051117,0.02576950713992114,0.024881509443124162,0.0393306165933609,0.98647141456604,,,,,,,,
digits,0.4,Baseline-Full,7,69,0.9790940880775452,85.78745704889297,0.024390220642089844,1.0,0.9756097793579102,90,0.9666666666666667,0.9666666666666667,0.1932198405265808,0.20355425775051117,0.02576950713992114,0.024881509443124162,0.0393306165933609,0.98647141456604,,,,,,,,
digits,0.5,Baseline-Full,7,69,0.9790940880775452,85.78745704889297,0.024390220642089844,1.0,0.9756097793579102,90,0.9666666666666667,0.9666666666666667,0.1932198405265808,0.20355425775051117,0.02576950713992114,0.024881509443124162,0.0393306165933609,0.98647141456604,,,,,,,,
digits,0.6,Baseline-Full,7,69,0.9790940880775452,85.78745704889297,0.024390220642089844,1.0,0.9756097793579102,90,0.9666666666666667,0.9666666666666667,0.1932198405265808,0.20355425775051117,0.02576950713992114,0.024881509443124162,0.0393306165933609,0.98647141456604,,,,,,,,
digits,0.7,Baseline-Full,7,69,0.9790940880775452,85.78745704889297,0.024390220642089844,1.0,0.9756097793579102,90,0.9666666666666667,0.9666666666666667,0.1932198405265808,0.20355425775051117,0.02576950713992114,0.024881509443124162,0.0393306165933609,0.98647141456604,,,,,,,,
digits,0.8,Baseline-Full,7,69,0.9790940880775452,85.78745704889297,0.024390220642089844,1.0,0.9756097793579102,90,0.9666666666666667,0.9666666666666667,0.1932198405265808,0.20355425775051117,0.02576950713992114,0.024881509443124162,0.0393306165933609,0.98647141456604,,,,,,,,
digits,0.2,Baseline-Full,8,19,0.9616724848747253,36.63763079047203,0.03832751512527466,1.0,0.9616724848747253,40,0.9666666666666667,0.9666666666666667,0.12428785115480423,0.13793690502643585,0.022695374157693685,0.022488701260752107,0.08475113660097122,0.9730989336967468,,,,,,,,
digits,0.3,Baseline-Full,8,19,0.9616724848747253,36.63763079047203,0.03832751512527466,1.0,0.9616724848747253,40,0.9666666666666667,0.9666666666666667,0.12428785115480423,0.13793690502643585,0.022695374157693685,0.022488701260752107,0.08475113660097122,0.9730989336967468,,,,,,,,
digits,0.4,Baseline-Full,8,19,0.9616724848747253,36.63763079047203,0.03832751512527466,1.0,0.9616724848747253,40,0.9666666666666667,0.9666666666666667,0.12428785115480423,0.13793690502643585,0.022695374157693685,0.022488701260752107,0.08475113660097122,0.9730989336967468,,,,,,,,
digits,0.5,Baseline-Full,8,19,0.9616724848747253,36.63763079047203,0.03832751512527466,1.0,0.9616724848747253,40,0.9666666666666667,0.9666666666666667,0.12428785115480423,0.13793690502643585,0.022695374157693685,0.022488701260752107,0.08475113660097122,0.9730989336967468,,,,,,,,
digits,0.6,Baseline-Full,8,19,0.9616724848747253,36.63763079047203,0.03832751512527466,1.0,0.9616724848747253,40,0.9666666666666667,0.9666666666666667,0.12428785115480423,0.13793690502643585,0.022695374157693685,0.022488701260752107,0.08475113660097122,0.9730989336967468,,,,,,,,
digits,0.7,Baseline-Full,8,19,0.9616724848747253,36.63763079047203,0.03832751512527466,1.0,0.9616724848747253,40,0.9666666666666667,0.9666666666666667,0.12428785115480423,0.13793690502643585,0.022695374157693685,0.022488701260752107,0.08475113660097122,0.9730989336967468,,,,,,,,
digits,0.8,Baseline-Full,8,19,0.9616724848747253,36.63763079047203,0.03832751512527466,1.0,0.9616724848747253,40,0.9666666666666667,0.9666666666666667,0.12428785115480423,0.13793690502643585,0.022695374157693685,0.022488701260752107,0.08475113660097122,0.9730989336967468,,,,,,,,
digits,0.2,Baseline-Full,9,282,0.9860627055168152,293.4634124338627,0.013937294483184814,1.0,0.9860627055168152,300,0.975,0.9777777777777777,0.1392267644405365,0.1425771266222,0.017886292272143885,0.01775450540913473,0.020537791773676872,0.991097092628479,,,,,,,,
digits,0.3,Baseline-Full,9,282,0.9860627055168152,293.4634124338627,0.013937294483184814,1.0,0.9860627055168152,300,0.975,0.9777777777777777,0.1392267644405365,0.1425771266222,0.017886292272143885,0.01775450540913473,0.020537791773676872,0.991097092628479,,,,,,,,
digits,0.4,Baseline-Full,9,282,0.9860627055168152,293.4634124338627,0.013937294483184814,1.0,0.9860627055168152,300,0.975,0.9777777777777777,0.1392267644405365,0.1425771266222,0.017886292272143885,0.01775450540913473,0.020537791773676872,0.991097092628479,,,,,,,,
digits,0.5,Baseline-Full,9,282,0.9860627055168152,293.4634124338627,0.013937294483184814,1.0,0.9860627055168152,300,0.975,0.9777777777777777,0.1392267644405365,0.1425771266222,0.017886292272143885,0.01775450540913473,0.020537791773676872,0.991097092628479,,,,,,,,
digits,0.6,Baseline-Full,9,282,0.9860627055168152,293.4634124338627,0.013937294483184814,1.0,0.9860627055168152,300,0.975,0.9777777777777777,0.1392267644405365,0.1425771266222,0.017886292272143885,0.01775450540913473,0.020537791773676872,0.991097092628479,,,,,,,,
digits,0.7,Baseline-Full,9,282,0.9860627055168152,293.4634124338627,0.013937294483184814,1.0,0.9860627055168152,300,0.975,0.9777777777777777,0.1392267644405365,0.1425771266222,0.017886292272143885,0.01775450540913473,0.020537791773676872,0.991097092628479,,,,,,,,
digits,0.8,Baseline-Full,9,282,0.9860627055168152,293.4634124338627,0.013937294483184814,1.0,0.9860627055168152,300,0.975,0.9777777777777777,0.1392267644405365,0.1425771266222,0.017886292272143885,0.01775450540913473,0.020537791773676872,0.991097092628479,,,,,,,,
digits,0.2,Baseline-Full,10,21,0.9616724848747253,39.01045307517052,0.03484320640563965,1.0,0.9651567935943604,42,0.9555555555555556,0.9611111111111111,0.14508146047592163,0.15694233775138855,0.023702782061364874,0.025060008714596398,0.10187089443206787,0.9647258520126343,,,,,,,,
digits,0.3,Baseline-Full,10,21,0.9616724848747253,39.01045307517052,0.03484320640563965,1.0,0.9651567935943604,42,0.9555555555555556,0.9611111111111111,0.14508146047592163,0.15694233775138855,0.023702782061364874,0.025060008714596398,0.10187089443206787,0.9647258520126343,,,,,,,,
digits,0.4,Baseline-Full,10,21,0.9616724848747253,39.01045307517052,0.03484320640563965,1.0,0.9651567935943604,42,0.9555555555555556,0.9611111111111111,0.14508146047592163,0.15694233775138855,0.023702782061364874,0.025060008714596398,0.10187089443206787,0.9647258520126343,,,,,,,,
digits,0.5,Baseline-Full,10,21,0.9616724848747253,39.01045307517052,0.03484320640563965,1.0,0.9651567935943604,42,0.9555555555555556,0.9611111111111111,0.14508146047592163,0.15694233775138855,0.023702782061364874,0.025060008714596398,0.10187089443206787,0.9647258520126343,,,,,,,,
digits,0.6,Baseline-Full,10,21,0.9616724848747253,39.01045307517052,0.03484320640563965,1.0,0.9651567935943604,42,0.9555555555555556,0.9611111111111111,0.14508146047592163,0.15694233775138855,0.023702782061364874,0.025060008714596398,0.10187089443206787,0.9647258520126343,,,,,,,,
digits,0.7,Baseline-Full,10,21,0.9616724848747253,39.01045307517052,0.03484320640563965,1.0,0.9651567935943604,42,0.9555555555555556,0.9611111111111111,0.14508146047592163,0.15694233775138855,0.023702782061364874,0.025060008714596398,0.10187089443206787,0.9647258520126343,,,,,,,,
digits,0.8,Baseline-Full,10,21,0.9616724848747253,39.01045307517052,0.03484320640563965,1.0,0.9651567935943604,42,0.9555555555555556,0.9611111111111111,0.14508146047592163,0.15694233775138855,0.023702782061364874,0.025060008714596398,0.10187089443206787,0.9647258520126343,,,,,,,,
digits,0.2,Baseline-Full,11,21,0.9651567935943604,39.013937532901764,0.04181182384490967,1.0,0.9581881761550903,42,0.9861111111111112,0.9861111111111112,0.06271140277385712,0.056769587099552155,0.02112088716692395,0.010948536627822482,0.09673911333084106,0.9706131219863892,,,,,,,,
digits,0.3,Baseline-Full,11,21,0.9651567935943604,39.013937532901764,0.04181182384490967,1.0,0.9581881761550903,42,0.9861111111111112,0.9861111111111112,0.06271140277385712,0.056769587099552155,0.02112088716692395,0.010948536627822482,0.09673911333084106,0.9706131219863892,,,,,,,,
digits,0.4,Baseline-Full,11,21,0.9651567935943604,39.013937532901764,0.04181182384490967,1.0,0.9581881761550903,42,0.9861111111111112,0.9861111111111112,0.06271140277385712,0.056769587099552155,0.02112088716692395,0.010948536627822482,0.09673911333084106,0.9706131219863892,,,,,,,,
digits,0.5,Baseline-Full,11,21,0.9651567935943604,39.013937532901764,0.04181182384490967,1.0,0.9581881761550903,42,0.9861111111111112,0.9861111111111112,0.06271140277385712,0.056769587099552155,0.02112088716692395,0.010948536627822482,0.09673911333084106,0.9706131219863892,,,,,,,,
digits,0.6,Baseline-Full,11,21,0.9651567935943604,39.013937532901764,0.04181182384490967,1.0,0.9581881761550903,42,0.9861111111111112,0.9861111111111112,0.06271140277385712,0.056769587099552155,0.02112088716692395,0.010948536627822482,0.09673911333084106,0.9706131219863892,,,,,,,,
digits,0.7,Baseline-Full,11,21,0.9651567935943604,39.013937532901764,0.04181182384490967,1.0,0.9581881761550903,42,0.9861111111111112,0.9861111111111112,0.06271140277385712,0.056769587099552155,0.02112088716692395,0.010948536627822482,0.09673911333084106,0.9706131219863892,,,,,,,,
digits,0.8,Baseline-Full,11,21,0.9651567935943604,39.013937532901764,0.04181182384490967,1.0,0.9581881761550903,42,0.9861111111111112,0.9861111111111112,0.06271140277385712,0.056769587099552155,0.02112088716692395,0.010948536627822482,0.09673911333084106,0.9706131219863892,,,,,,,,
digits,0.2,Baseline-Full,12,20,0.9547038078308105,37.773519307374954,0.04181182384490967,1.0,0.9581881761550903,41,0.9777777777777777,0.9805555555555555,0.08446257561445236,0.088056281208992,0.014167205161518537,0.011251301566759759,0.0810931921005249,0.973512589931488,,,,,,,,
digits,0.3,Baseline-Full,12,20,0.9547038078308105,37.773519307374954,0.04181182384490967,1.0,0.9581881761550903,41,0.9777777777777777,0.9805555555555555,0.08446257561445236,0.088056281208992,0.014167205161518537,0.011251301566759759,0.0810931921005249,0.973512589931488,,,,,,,,
digits,0.4,Baseline-Full,12,20,0.9547038078308105,37.773519307374954,0.04181182384490967,1.0,0.9581881761550903,41,0.9777777777777777,0.9805555555555555,0.08446257561445236,0.088056281208992,0.014167205161518537,0.011251301566759759,0.0810931921005249,0.973512589931488,,,,,,,,
digits,0.5,Baseline-Full,12,20,0.9547038078308105,37.773519307374954,0.04181182384490967,1.0,0.9581881761550903,41,0.9777777777777777,0.9805555555555555,0.08446257561445236,0.088056281208992,0.014167205161518537,0.011251301566759759,0.0810931921005249,0.973512589931488,,,,,,,,
digits,0.6,Baseline-Full,12,20,0.9547038078308105,37.773519307374954,0.04181182384490967,1.0,0.9581881761550903,41,0.9777777777777777,0.9805555555555555,0.08446257561445236,0.088056281208992,0.014167205161518537,0.011251301566759759,0.0810931921005249,0.973512589931488,,,,,,,,
digits,0.7,Baseline-Full,12,20,0.9547038078308105,37.773519307374954,0.04181182384490967,1.0,0.9581881761550903,41,0.9777777777777777,0.9805555555555555,0.08446257561445236,0.088056281208992,0.014167205161518537,0.011251301566759759,0.0810931921005249,0.973512589931488,,,,,,,,
digits,0.8,Baseline-Full,12,20,0.9547038078308105,37.773519307374954,0.04181182384490967,1.0,0.9581881761550903,41,0.9777777777777777,0.9805555555555555,0.08446257561445236,0.088056281208992,0.014167205161518537,0.011251301566759759,0.0810931921005249,0.973512589931488,,,,,,,,
digits,0.2,Baseline-Full,13,165,0.9721254110336304,179.75087270140648,0.02787458896636963,1.0,0.9721254110336304,186,0.9694444444444444,0.9694444444444444,0.14391374588012695,0.14885647594928741,0.021951498256789333,0.02260954984360273,0.030740886926651,0.9886832237243652,,,,,,,,
digits,0.3,Baseline-Full,13,165,0.9721254110336304,179.75087270140648,0.02787458896636963,1.0,0.9721254110336304,186,0.9694444444444444,0.9694444444444444,0.14391374588012695,0.14885647594928741,0.021951498256789333,0.02260954984360273,0.030740886926651,0.9886832237243652,,,,,,,,
digits,0.4,Baseline-Full,13,165,0.9721254110336304,179.75087270140648,0.02787458896636963,1.0,0.9721254110336304,186,0.9694444444444444,0.9694444444444444,0.14391374588012695,0.14885647594928741,0.021951498256789333,0.02260954984360273,0.030740886926651,0.9886832237243652,,,,,,,,
digits,0.5,Baseline-Full,13,165,0.9721254110336304,179.75087270140648,0.02787458896636963,1.0,0.9721254110336304,186,0.9694444444444444,0.9694444444444444,0.14391374588012695,0.14885647594928741,0.021951498256789333,0.02260954984360273,0.030740886926651,0.9886832237243652,,,,,,,,
digits,0.6,Baseline-Full,13,165,0.9721254110336304,179.75087270140648,0.02787458896636963,1.0,0.9721254110336304,186,0.9694444444444444,0.9694444444444444,0.14391374588012695,0.14885647594928741,0.021951498256789333,0.02260954984360273,0.030740886926651,0.9886832237243652,,,,,,,,
digits,0.7,Baseline-Full,13,165,0.9721254110336304,179.75087270140648,0.02787458896636963,1.0,0.9721254110336304,186,0.9694444444444444,0.9694444444444444,0.14391374588012695,0.14885647594928741,0.021951498256789333,0.02260954984360273,0.030740886926651,0.9886832237243652,,,,,,,,
digits,0.8,Baseline-Full,13,165,0.9721254110336304,179.75087270140648,0.02787458896636963,1.0,0.9721254110336304,186,0.9694444444444444,0.9694444444444444,0.14391374588012695,0.14885647594928741,0.021951498256789333,0.02260954984360273,0.030740886926651,0.9886832237243652,,,,,,,,
digits,0.2,Baseline-Full,14,59,0.9686411023139954,76.02090522646904,0.02787458896636963,1.0,0.9721254110336304,80,0.9666666666666667,0.9666666666666667,0.13299216330051422,0.13547679781913757,0.017022181385093236,0.019201099210315292,0.04752253368496895,0.9818235635757446,,,,,,,,
digits,0.3,Baseline-Full,14,59,0.9686411023139954,76.02090522646904,0.02787458896636963,1.0,0.9721254110336304,80,0.9666666666666667,0.9666666666666667,0.13299216330051422,0.13547679781913757,0.017022181385093236,0.019201099210315292,0.04752253368496895,0.9818235635757446,,,,,,,,
digits,0.4,Baseline-Full,14,59,0.9686411023139954,76.02090522646904,0.02787458896636963,1.0,0.9721254110336304,80,0.9666666666666667,0.9666666666666667,0.13299216330051422,0.13547679781913757,0.017022181385093236,0.019201099210315292,0.04752253368496895,0.9818235635757446,,,,,,,,
digits,0.5,Baseline-Full,14,59,0.9686411023139954,76.02090522646904,0.02787458896636963,1.0,0.9721254110336304,80,0.9666666666666667,0.9666666666666667,0.13299216330051422,0.13547679781913757,0.017022181385093236,0.019201099210315292,0.04752253368496895,0.9818235635757446,,,,,,,,
digits,0.6,Baseline-Full,14,59,0.9686411023139954,76.02090522646904,0.02787458896636963,1.0,0.9721254110336304,80,0.9666666666666667,0.9666666666666667,0.13299216330051422,0.13547679781913757,0.017022181385093236,0.019201099210315292,0.04752253368496895,0.9818235635757446,,,,,,,,
digits,0.7,Baseline-Full,14,59,0.9686411023139954,76.02090522646904,0.02787458896636963,1.0,0.9721254110336304,80,0.9666666666666667,0.9666666666666667,0.13299216330051422,0.13547679781913757,0.017022181385093236,0.019201099210315292,0.04752253368496895,0.9818235635757446,,,,,,,,
digits,0.8,Baseline-Full,14,59,0.9686411023139954,76.02090522646904,0.02787458896636963,1.0,0.9721254110336304,80,0.9666666666666667,0.9666666666666667,0.13299216330051422,0.13547679781913757,0.017022181385093236,0.019201099210315292,0.04752253368496895,0.9818235635757446,,,,,,,,
digits,0.2,Baseline-Full,15,24,0.9756097793579102,42.31881594657898,0.024390220642089844,1.0,0.9756097793579102,45,0.9777777777777777,0.975,0.07949861139059067,0.08699140697717667,0.01540444542964303,0.012919099546141148,0.07325343787670135,0.9770764112472534,,,,,,,,
digits,0.3,Baseline-Full,15,24,0.9756097793579102,42.31881594657898,0.024390220642089844,1.0,0.9756097793579102,45,0.9777777777777777,0.975,0.07949861139059067,0.08699140697717667,0.01540444542964303,0.012919099546141148,0.07325343787670135,0.9770764112472534,,,,,,,,
digits,0.4,Baseline-Full,15,24,0.9756097793579102,42.31881594657898,0.024390220642089844,1.0,0.9756097793579102,45,0.9777777777777777,0.975,0.07949861139059067,0.08699140697717667,0.01540444542964303,0.012919099546141148,0.07325343787670135,0.9770764112472534,,,,,,,,
digits,0.5,Baseline-Full,15,24,0.9756097793579102,42.31881594657898,0.024390220642089844,1.0,0.9756097793579102,45,0.9777777777777777,0.975,0.07949861139059067,0.08699140697717667,0.01540444542964303,0.012919099546141148,0.07325343787670135,0.9770764112472534,,,,,,,,
digits,0.6,Baseline-Full,15,24,0.9756097793579102,42.31881594657898,0.024390220642089844,1.0,0.9756097793579102,45,0.9777777777777777,0.975,0.07949861139059067,0.08699140697717667,0.01540444542964303,0.012919099546141148,0.07325343787670135,0.9770764112472534,,,,,,,,
digits,0.7,Baseline-Full,15,24,0.9756097793579102,42.31881594657898,0.024390220642089844,1.0,0.9756097793579102,45,0.9777777777777777,0.975,0.07949861139059067,0.08699140697717667,0.01540444542964303,0.012919099546141148,0.07325343787670135,0.9770764112472534,,,,,,,,
digits,0.8,Baseline-Full,15,24,0.9756097793579102,42.31881594657898,0.024390220642089844,1.0,0.9756097793579102,45,0.9777777777777777,0.975,0.07949861139059067,0.08699140697717667,0.01540444542964303,0.012919099546141148,0.07325343787670135,0.9770764112472534,,,,,,,,
digits,0.2,Baseline-Full,16,74,0.9790940880775452,91.09930405020714,0.017421603202819824,1.0,0.9825783967971802,95,0.9861111111111112,0.9861111111111112,0.0655728131532669,0.06679987162351608,0.008266164859135937,0.006454752882321716,0.04434756562113762,0.9841495752334595,,,,,,,,
digits,0.3,Baseline-Full,16,74,0.9790940880775452,91.09930405020714,0.017421603202819824,1.0,0.9825783967971802,95,0.9861111111111112,0.9861111111111112,0.0655728131532669,0.06679987162351608,0.008266164859135937,0.006454752882321716,0.04434756562113762,0.9841495752334595,,,,,,,,
digits,0.4,Baseline-Full,16,74,0.9790940880775452,91.09930405020714,0.017421603202819824,1.0,0.9825783967971802,95,0.9861111111111112,0.9861111111111112,0.0655728131532669,0.06679987162351608,0.008266164859135937,0.006454752882321716,0.04434756562113762,0.9841495752334595,,,,,,,,
digits,0.5,Baseline-Full,16,74,0.9790940880775452,91.09930405020714,0.017421603202819824,1.0,0.9825783967971802,95,0.9861111111111112,0.9861111111111112,0.0655728131532669,0.06679987162351608,0.008266164859135937,0.006454752882321716,0.04434756562113762,0.9841495752334595,,,,,,,,
digits,0.6,Baseline-Full,16,74,0.9790940880775452,91.09930405020714,0.017421603202819824,1.0,0.9825783967971802,95,0.9861111111111112,0.9861111111111112,0.0655728131532669,0.06679987162351608,0.008266164859135937,0.006454752882321716,0.04434756562113762,0.9841495752334595,,,,,,,,
digits,0.7,Baseline-Full,16,74,0.9790940880775452,91.09930405020714,0.017421603202819824,1.0,0.9825783967971802,95,0.9861111111111112,0.9861111111111112,0.0655728131532669,0.06679987162351608,0.008266164859135937,0.006454752882321716,0.04434756562113762,0.9841495752334595,,,,,,,,
digits,0.8,Baseline-Full,16,74,0.9790940880775452,91.09930405020714,0.017421603202819824,1.0,0.9825783967971802,95,0.9861111111111112,0.9861111111111112,0.0655728131532669,0.06679987162351608,0.008266164859135937,0.006454752882321716,0.04434756562113762,0.9841495752334595,,,,,,,,
digits,0.2,Baseline-Full,17,33,0.9686411023139954,50.55749088525772,0.02787458896636963,1.0,0.9721254110336304,54,0.9833333333333333,0.9833333333333333,0.06807060539722443,0.07141783088445663,0.0167545841799842,0.015237001246876228,0.06456882506608963,0.9774997234344482,,,,,,,,
digits,0.3,Baseline-Full,17,33,0.9686411023139954,50.55749088525772,0.02787458896636963,1.0,0.9721254110336304,54,0.9833333333333333,0.9833333333333333,0.06807060539722443,0.07141783088445663,0.0167545841799842,0.015237001246876228,0.06456882506608963,0.9774997234344482,,,,,,,,
digits,0.4,Baseline-Full,17,33,0.9686411023139954,50.55749088525772,0.02787458896636963,1.0,0.9721254110336304,54,0.9833333333333333,0.9833333333333333,0.06807060539722443,0.07141783088445663,0.0167545841799842,0.015237001246876228,0.06456882506608963,0.9774997234344482,,,,,,,,
digits,0.5,Baseline-Full,17,33,0.9686411023139954,50.55749088525772,0.02787458896636963,1.0,0.9721254110336304,54,0.9833333333333333,0.9833333333333333,0.06807060539722443,0.07141783088445663,0.0167545841799842,0.015237001246876228,0.06456882506608963,0.9774997234344482,,,,,,,,
digits,0.6,Baseline-Full,17,33,0.9686411023139954,50.55749088525772,0.02787458896636963,1.0,0.9721254110336304,54,0.9833333333333333,0.9833333333333333,0.06807060539722443,0.07141783088445663,0.0167545841799842,0.015237001246876228,0.06456882506608963,0.9774997234344482,,,,,,,,
digits,0.7,Baseline-Full,17,33,0.9686411023139954,50.55749088525772,0.02787458896636963,1.0,0.9721254110336304,54,0.9833333333333333,0.9833333333333333,0.06807060539722443,0.07141783088445663,0.0167545841799842,0.015237001246876228,0.06456882506608963,0.9774997234344482,,,,,,,,
digits,0.8,Baseline-Full,17,33,0.9686411023139954,50.55749088525772,0.02787458896636963,1.0,0.9721254110336304,54,0.9833333333333333,0.9833333333333333,0.06807060539722443,0.07141783088445663,0.0167545841799842,0.015237001246876228,0.06456882506608963,0.9774997234344482,,,,,,,,
digits,0.2,Baseline-Full,18,30,0.9756097793579102,48.151568591594696,0.024390220642089844,1.0,0.9756097793579102,51,0.9722222222222222,0.975,0.10987455397844315,0.1119922325015068,0.015981708301438174,0.014695085585117385,0.0784701257944107,0.9730961322784424,,,,,,,,
digits,0.3,Baseline-Full,18,30,0.9756097793579102,48.151568591594696,0.024390220642089844,1.0,0.9756097793579102,51,0.9722222222222222,0.975,0.10987455397844315,0.1119922325015068,0.015981708301438174,0.014695085585117385,0.0784701257944107,0.9730961322784424,,,,,,,,
digits,0.4,Baseline-Full,18,30,0.9756097793579102,48.151568591594696,0.024390220642089844,1.0,0.9756097793579102,51,0.9722222222222222,0.975,0.10987455397844315,0.1119922325015068,0.015981708301438174,0.014695085585117385,0.0784701257944107,0.9730961322784424,,,,,,,,
digits,0.5,Baseline-Full,18,30,0.9756097793579102,48.151568591594696,0.024390220642089844,1.0,0.9756097793579102,51,0.9722222222222222,0.975,0.10987455397844315,0.1119922325015068,0.015981708301438174,0.014695085585117385,0.0784701257944107,0.9730961322784424,,,,,,,,
digits,0.6,Baseline-Full,18,30,0.9756097793579102,48.151568591594696,0.024390220642089844,1.0,0.9756097793579102,51,0.9722222222222222,0.975,0.10987455397844315,0.1119922325015068,0.015981708301438174,0.014695085585117385,0.0784701257944107,0.9730961322784424,,,,,,,,
digits,0.7,Baseline-Full,18,30,0.9756097793579102,48.151568591594696,0.024390220642089844,1.0,0.9756097793579102,51,0.9722222222222222,0.975,0.10987455397844315,0.1119922325015068,0.015981708301438174,0.014695085585117385,0.0784701257944107,0.9730961322784424,,,,,,,,
digits,0.8,Baseline-Full,18,30,0.9756097793579102,48.151568591594696,0.024390220642089844,1.0,0.9756097793579102,51,0.9722222222222222,0.975,0.10987455397844315,0.1119922325015068,0.015981708301438174,0.014695085585117385,0.0784701257944107,0.9730961322784424,,,,,,,,
digits,0.2,Baseline-Full,19,23,0.9686411023139954,36.21428522467613,0.03135889768600464,1.0,0.9686411023139954,39,0.9638888888888889,0.9694444444444444,0.16176900267601013,0.17090760171413422,0.017655598951710573,0.026913770453797455,0.11034504324197769,0.9632293581962585,,,,,,,,
digits,0.3,Baseline-Full,19,23,0.9686411023139954,36.21428522467613,0.03135889768600464,1.0,0.9686411023139954,39,0.9638888888888889,0.9694444444444444,0.16176900267601013,0.17090760171413422,0.017655598951710573,0.026913770453797455,0.11034504324197769,0.9632293581962585,,,,,,,,
digits,0.4,Baseline-Full,19,23,0.9686411023139954,36.21428522467613,0.03135889768600464,1.0,0.9686411023139954,39,0.9638888888888889,0.9694444444444444,0.16176900267601013,0.17090760171413422,0.017655598951710573,0.026913770453797455,0.11034504324197769,0.9632293581962585,,,,,,,,
digits,0.5,Baseline-Full,19,23,0.9686411023139954,36.21428522467613,0.03135889768600464,1.0,0.9686411023139954,39,0.9638888888888889,0.9694444444444444,0.16176900267601013,0.17090760171413422,0.017655598951710573,0.026913770453797455,0.11034504324197769,0.9632293581962585,,,,,,,,
digits,0.6,Baseline-Full,19,23,0.9686411023139954,36.21428522467613,0.03135889768600464,1.0,0.9686411023139954,39,0.9638888888888889,0.9694444444444444,0.16176900267601013,0.17090760171413422,0.017655598951710573,0.026913770453797455,0.11034504324197769,0.9632293581962585,,,,,,,,
digits,0.7,Baseline-Full,19,23,0.9686411023139954,36.21428522467613,0.03135889768600464,1.0,0.9686411023139954,39,0.9638888888888889,0.9694444444444444,0.16176900267601013,0.17090760171413422,0.017655598951710573,0.026913770453797455,0.11034504324197769,0.9632293581962585,,,,,,,,
digits,0.8,Baseline-Full,19,23,0.9686411023139954,36.21428522467613,0.03135889768600464,1.0,0.9686411023139954,39,0.9638888888888889,0.9694444444444444,0.16176900267601013,0.17090760171413422,0.017655598951710573,0.026913770453797455,0.11034504324197769,0.9632293581962585,,,,,,,,
digits,0.2,Baseline-Student,0,43,0.9790940880775452,60.82926893234253,0.020905911922454834,1.0,0.9790940880775452,64,0.9638888888888889,0.9666666666666667,0.1256239116191864,0.13193005323410034,0.017913298143280843,0.014766836166381792,0.06438867747783661,0.97577303647995,,,,,,,,
digits,0.3,Baseline-Student,0,55,0.9825783967971802,72.56968629360199,0.017421603202819824,1.0,0.9825783967971802,76,0.9611111111111111,0.9611111111111111,0.12854215502738953,0.13240036368370056,0.023462739338477423,0.021638655496968175,0.06691330671310425,0.9757232069969177,,,,,,,,
digits,0.4,Baseline-Student,0,63,0.9721254110336304,79.43553872406483,0.02787458896636963,1.0,0.9721254110336304,84,0.9583333333333334,0.9583333333333334,0.134088933467865,0.13595706224441528,0.024820528344975605,0.024767624504036377,0.07074516266584396,0.9752880334854126,,,,,,,,
digits,0.5,Baseline-Student,0,51,0.9721254110336304,67.4094065874815,0.02787458896636963,1.0,0.9721254110336304,72,0.9583333333333334,0.9583333333333334,0.1384447067975998,0.14117330312728882,0.020887064437071445,0.02281648019949597,0.09127943217754364,0.9699015021324158,,,,,,,,
digits,0.6,Baseline-Student,0,77,0.9686411023139954,91.74041782319546,0.03135889768600464,1.0,0.9686411023139954,98,0.9555555555555556,0.9555555555555556,0.13997069001197815,0.14268118143081665,0.024357142051061015,0.023444121165408012,0.09085386246442795,0.9684229493141174,,,,,,,,
digits,0.7,Baseline-Student,0,64,0.9547038078308105,77.01045172661543,0.04529619216918945,1.0,0.9547038078308105,85,0.9444444444444444,0.9444444444444444,0.17605581879615784,0.17945383489131927,0.01678234715428622,0.02161078953908549,0.12016899138689041,0.9584518671035767,,,,,,,,
digits,0.8,Baseline-Student,0,53,0.9303135871887207,63.73170702904463,0.06620210409164429,1.0,0.9337978959083557,74,0.9333333333333333,0.9388888888888889,0.2571733593940735,0.26246199011802673,0.03592388766507309,0.02716705823938053,0.1943560093641281,0.939075231552124,,,,,,,,
digits,0.2,Baseline-Student,1,26,0.9825783967971802,44.487805247306824,0.020905911922454834,1.0,0.9790940880775452,47,0.9583333333333334,0.9611111111111111,0.15253959596157074,0.15111789107322693,0.024621125559012098,0.02094331690006789,0.09998520463705063,0.9690332412719727,,,,,,,,
digits,0.3,Baseline-Student,1,29,0.9825783967971802,47.25261351466179,0.020905911922454834,1.0,0.9790940880775452,50,0.9555555555555556,0.9583333333333334,0.17609140276908875,0.1681409627199173,0.02965245627694657,0.01511420028077228,0.11507412791252136,0.9620164036750793,,,,,,,,
digits,0.4,Baseline-Student,1,38,0.9860627055168152,56.0958186686039,0.013937294483184814,1.0,0.9860627055168152,59,0.9472222222222222,0.9555555555555556,0.1840202957391739,0.19073240458965302,0.022844952841599778,0.023823978420760894,0.10189498960971832,0.96510249376297,,,,,,,,
digits,0.5,Baseline-Student,1,46,0.9756097793579102,63.109756484627724,0.024390220642089844,1.0,0.9756097793579102,67,0.9472222222222222,0.9472222222222222,0.264101505279541,0.28052350878715515,0.026798018978701744,0.02195419884390301,0.10781050473451614,0.9624871015548706,,,,,,,,
digits,0.6,Baseline-Student,1,63,0.9756097793579102,79.03310203552246,0.024390220642089844,1.0,0.9756097793579102,84,0.9333333333333333,0.9388888888888889,0.26862579584121704,0.27862516045570374,0.02759065710835989,0.02939777440494959,0.11060193181037903,0.9605809450149536,,,,,,,,
digits,0.7,Baseline-Student,1,156,0.9825783967971802,169.7055748924613,0.017421603202819824,1.0,0.9825783967971802,177,0.9388888888888889,0.9388888888888889,0.2880263924598694,0.29352474212646484,0.03173906827966368,0.033048196136951445,0.10198082029819489,0.9630448818206787,,,,,,,,
digits,0.8,Baseline-Student,1,74,0.9512194991111755,85.20557422190905,0.04181182384490967,1.0,0.9581881761550903,95,0.9083333333333333,0.9111111111111111,0.4092831015586853,0.42453816533088684,0.037089131027460115,0.05184365560611088,0.22741533815860748,0.9225633144378662,,,,,,,,
digits,0.2,Baseline-Student,2,125,0.9686411023139954,139.05226397514343,0.03135889768600464,1.0,0.9686411023139954,146,0.9694444444444444,0.9694444444444444,0.13205300271511078,0.13557814061641693,0.01670161278711422,0.02108696425954498,0.039065226912498474,0.9857321977615356,,,,,,,,
digits,0.3,Baseline-Student,2,46,0.9616724848747253,62.101045936346054,0.03832751512527466,1.0,0.9616724848747253,67,0.9527777777777777,0.9527777777777777,0.13132736086845398,0.1369101107120514,0.02023086887266904,0.024752538071738304,0.07959365844726562,0.9717909097671509,,,,,,,,
digits,0.4,Baseline-Student,2,48,0.9581881761550903,63.818815261125565,0.03135889768600464,1.0,0.9686411023139954,69,0.9472222222222222,0.95,0.148229718208313,0.1552402824163437,0.029525216337707286,0.033246832506524146,0.08846854418516159,0.9702710509300232,,,,,,,,
digits,0.5,Baseline-Student,2,49,0.9616724848747253,64.23170770704746,0.03832751512527466,1.0,0.9616724848747253,70,0.95,0.95,0.1505449265241623,0.15147002041339874,0.03006900019115872,0.02657035274638072,0.10797927528619766,0.9638882279396057,,,,,,,,
digits,0.6,Baseline-Student,2,48,0.9477351903915405,62.219512194395065,0.04878050088882446,1.0,0.9512194991111755,69,0.9388888888888889,0.9416666666666667,0.1724243313074112,0.1746700257062912,0.029338921109835266,0.028759476790825494,0.13529649376869202,0.9543446898460388,,,,,,,,
digits,0.7,Baseline-Student,2,52,0.9268292784690857,63.93379832804203,0.07665503025054932,1.0,0.9233449697494507,73,0.9305555555555556,0.925,0.20110385119915009,0.2038401961326599,0.022307433353530033,0.027962752928336457,0.1702357530593872,0.9433943033218384,,,,,,,,
digits,0.8,Baseline-Student,2,67,0.9303135871887207,76.02439075708389,0.0731707215309143,1.0,0.9268292784690857,88,0.9083333333333333,0.9083333333333333,0.2553010582923889,0.2578284740447998,0.02438592231935926,0.03366370913055206,0.22606132924556732,0.9215770363807678,,,,,,,,
digits,0.2,Baseline-Student,3,39,0.9686411023139954,56.14111426472664,0.02787458896636963,1.0,0.9721254110336304,60,0.9694444444444444,0.9722222222222222,0.1253434717655182,0.13066555559635162,0.016278542578220385,0.017645287844869857,0.06891413033008575,0.976850152015686,,,,,,,,
digits,0.3,Baseline-Student,3,38,0.9616724848747253,54.64459937810898,0.03484320640563965,1.0,0.9651567935943604,59,0.9666666666666667,0.9666666666666667,0.12843909859657288,0.13331338763237,0.01107499069637727,0.01681761344273888,0.08339402079582214,0.9723049402236938,,,,,,,,
digits,0.4,Baseline-Student,3,36,0.9512194991111755,52.027874141931534,0.04878050088882446,1.0,0.9512194991111755,57,0.9611111111111111,0.9611111111111111,0.15117305517196655,0.15703849494457245,0.01605129142602285,0.022277602056662252,0.09902943670749664,0.9658472537994385,,,,,,,,
digits,0.5,Baseline-Student,3,34,0.9442508816719055,49.61672501266003,0.05226480960845947,1.0,0.9477351903915405,55,0.9611111111111111,0.9611111111111111,0.16048400104045868,0.16611915826797485,0.017506611678335445,0.018337510360611774,0.11650055646896362,0.9630523920059204,,,,,,,,
digits,0.6,Baseline-Student,3,63,0.9407665729522705,76.05575001239777,0.05574911832809448,1.0,0.9442508816719055,84,0.9555555555555556,0.9555555555555556,0.15727002918720245,0.15977171063423157,0.022125612944364596,0.02007217398948139,0.10411132127046585,0.9634029865264893,,,,,,,,
digits,0.7,Baseline-Student,3,73,0.9372822046279907,83.79094006121159,0.06271779537200928,1.0,0.9372822046279907,94,0.9416666666666667,0.9416666666666667,0.20840555429458618,0.21297523379325867,0.021089646634128337,0.025094277494483508,0.1129085123538971,0.962756335735321,,,,,,,,
digits,0.8,Baseline-Student,3,55,0.891986072063446,62.87979081273079,0.10452961921691895,1.0,0.895470380783081,76,0.9333333333333333,0.9305555555555556,0.25809749960899353,0.2615114748477936,0.024330589175224276,0.022805455161465565,0.2149871587753296,0.9323018193244934,,,,,,,,
digits,0.2,Baseline-Student,4,63,0.9756097793579102,79.82404226064682,0.024390220642089844,1.0,0.9756097793579102,84,0.9555555555555556,0.9555555555555556,0.1609058678150177,0.1692492961883545,0.024231356961859633,0.026107295519775794,0.06406775116920471,0.9778780341148376,,,,,,,,
digits,0.3,Baseline-Student,4,58,0.9721254110336304,74.72996488213539,0.024390220642089844,1.0,0.9756097793579102,79,0.9583333333333334,0.9583333333333334,0.1693263202905655,0.17435356974601746,0.02237947111328438,0.025285833660099274,0.075152188539505,0.9752860069274902,,,,,,,,
digits,0.4,Baseline-Student,4,35,0.9651567935943604,52.231707125902176,0.02787458896636963,1.0,0.9721254110336304,56,0.9472222222222222,0.95,0.16150560975074768,0.17029732465744019,0.02104986409346262,0.027808962100081987,0.11062341183423996,0.9642932415008545,,,,,,,,
digits,0.5,Baseline-Student,4,59,0.9790940880775452,75.82578460872173,0.020905911922454834,1.0,0.9790940880775452,80,0.95,0.9527777777777777,0.16680623590946198,0.17395614087581635,0.021925805591874667,0.02384524883495432,0.0982414036989212,0.9674835205078125,,,,,,,,
digits,0.6,Baseline-Student,4,77,0.9790940880775452,93.07491292059422,0.017421603202819824,1.0,0.9825783967971802,98,0.9527777777777777,0.9527777777777777,0.15601162612438202,0.1618809998035431,0.021026330027315337,0.02251726198527551,0.09099695086479187,0.9710140824317932,,,,,,,,
digits,0.7,Baseline-Student,4,82,0.9686411023139954,96.3048773854971,0.03135889768600464,1.0,0.9686411023139954,103,0.9472222222222222,0.9472222222222222,0.1778806447982788,0.1804562211036682,0.018601572430796107,0.02034660081068679,0.12570226192474365,0.9587892889976501,,,,,,,,
digits,0.8,Baseline-Student,4,83,0.9303135871887207,91.97735164314508,0.0696864128112793,1.0,0.9303135871887207,104,0.9388888888888889,0.9388888888888889,0.22813530266284943,0.2307802438735962,0.02135421112179755,0.026284016172091175,0.1842161864042282,0.9376695156097412,,,,,,,,
digits,0.2,Baseline-Student,5,27,0.9756097793579102,45.006968915462494,0.024390220642089844,1.0,0.9756097793579102,48,0.9638888888888889,0.9638888888888889,0.12364999949932098,0.12055119127035141,0.01873643547296524,0.027507312513060066,0.10762252658605576,0.9632241725921631,,,,,,,,
digits,0.3,Baseline-Student,5,34,0.9790940880775452,51.67073214054108,0.020905911922454834,1.0,0.9790940880775452,55,0.9444444444444444,0.9527777777777777,0.167137011885643,0.1684628129005432,0.030578070796198276,0.032397209273444236,0.10270530730485916,0.9652077555656433,,,,,,,,
digits,0.4,Baseline-Student,5,29,0.9686411023139954,46.23170676827431,0.02787458896636963,1.0,0.9721254110336304,50,0.9305555555555556,0.9361111111111111,0.2055603414773941,0.21004058420658112,0.035676182640923385,0.042365237573782605,0.12120947241783142,0.9607419371604919,,,,,,,,
digits,0.5,Baseline-Student,5,57,0.9686411023139954,72.93379724025726,0.03135889768600464,1.0,0.9686411023139954,78,0.9305555555555556,0.9333333333333333,0.22039972245693207,0.2224089801311493,0.03266136844952901,0.04147371798753737,0.107950359582901,0.9604470133781433,,,,,,,,
digits,0.6,Baseline-Student,5,61,0.9512194991111755,74.99825757741928,0.04878050088882446,1.0,0.9512194991111755,82,0.9222222222222223,0.9222222222222223,0.28807350993156433,0.2997402250766754,0.04330073023835819,0.04788484457466337,0.11226306855678558,0.96012282371521,,,,,,,,
digits,0.7,Baseline-Student,5,37,0.9233449697494507,50.635888546705246,0.07665503025054932,1.0,0.9233449697494507,58,0.9166666666666666,0.9194444444444444,0.30281659960746765,0.31682515144348145,0.045983117984400836,0.05211222941676778,0.18631623685359955,0.9398942589759827,,,,,,,,
digits,0.8,Baseline-Student,5,54,0.9094076752662659,63.52090631425381,0.09059232473373413,1.0,0.9094076752662659,75,0.8944444444444445,0.8944444444444445,0.38704854249954224,0.4038380980491638,0.047407974468337194,0.05067153490251963,0.22591933608055115,0.925032913684845,,,,,,,,
digits,0.2,Baseline-Student,6,23,0.9686411023139954,40.6602783203125,0.03135889768600464,1.0,0.9686411023139954,44,0.9583333333333334,0.9638888888888889,0.15246304869651794,0.15541918575763702,0.023998874591456543,0.03500007846289208,0.11142401397228241,0.9627854824066162,,,,,,,,
digits,0.3,Baseline-Student,6,26,0.9581881761550903,42.99477370083332,0.03832751512527466,1.0,0.9616724848747253,47,0.9416666666666667,0.9416666666666667,0.20266401767730713,0.22099503874778748,0.028397613018751135,0.03380383816030294,0.10579701513051987,0.965531587600708,,,,,,,,
digits,0.4,Baseline-Student,6,27,0.9547038078308105,43.53135824203491,0.04529619216918945,1.0,0.9547038078308105,48,0.9416666666666667,0.9444444444444444,0.1994595229625702,0.21158167719841003,0.025286708275477052,0.02983075016074708,0.11397522687911987,0.9632701277732849,,,,,,,,
digits,0.5,Baseline-Student,6,35,0.9407665729522705,50.38850238919258,0.05923342704772949,1.0,0.9407665729522705,56,0.9472222222222222,0.9472222222222222,0.1939353048801422,0.20256465673446655,0.017044900523291655,0.02599346223804689,0.11860878020524979,0.9601733684539795,,,,,,,,
digits,0.6,Baseline-Student,6,35,0.9407665729522705,49.94076652824879,0.05923342704772949,1.0,0.9407665729522705,56,0.9361111111111111,0.9472222222222222,0.1833162158727646,0.18382440507411957,0.020685866640673733,0.0288634879721536,0.15861020982265472,0.9453064203262329,,,,,,,,
digits,0.7,Baseline-Student,6,54,0.9337978959083557,66.61149774491787,0.06620210409164429,1.0,0.9337978959083557,75,0.9416666666666667,0.9388888888888889,0.22420984506607056,0.2293904572725296,0.031343598994943815,0.02977022561762064,0.15535159409046173,0.9450969099998474,,,,,,,,
digits,0.8,Baseline-Student,6,77,0.9337978959083557,86.49825732409954,0.06620210409164429,1.0,0.9337978959083557,98,0.9194444444444444,0.9222222222222223,0.26469066739082336,0.2682267129421234,0.026082969622479586,0.032940066771374794,0.17579150199890137,0.9406880736351013,,,,,,,,
digits,0.2,Baseline-Student,7,47,0.9616724848747253,63.10452935099602,0.03832751512527466,1.0,0.9616724848747253,68,0.9666666666666667,0.9694444444444444,0.17053690552711487,0.17981134355068207,0.01867508416374526,0.02283519373999707,0.05875968560576439,0.980478048324585,,,,,,,,
digits,0.3,Baseline-Student,7,62,0.9686411023139954,78.12020812928677,0.02787458896636963,1.0,0.9721254110336304,83,0.9583333333333334,0.9555555555555556,0.1590343713760376,0.16643841564655304,0.024322731627358284,0.02872005022234391,0.06317181140184402,0.976731538772583,,,,,,,,
digits,0.4,Baseline-Student,7,50,0.9721254110336304,65.89024306833744,0.02787458896636963,1.0,0.9721254110336304,71,0.9638888888888889,0.9638888888888889,0.1558990180492401,0.15998758375644684,0.015390836199124685,0.018837559140390786,0.0779007077217102,0.9727751612663269,,,,,,,,
digits,0.5,Baseline-Student,7,39,0.9512194991111755,53.91289187967777,0.05226480960845947,1.0,0.9477351903915405,60,0.95,0.9527777777777777,0.13808582723140717,0.13973049819469452,0.020437100074357444,0.01922158743772241,0.11647836863994598,0.9612674117088318,,,,,,,,
digits,0.6,Baseline-Student,7,45,0.9407665729522705,58.609756246209145,0.05574911832809448,1.0,0.9442508816719055,66,0.95,0.95,0.17349454760551453,0.177114337682724,0.017819947666592114,0.021589878222180784,0.1327817738056183,0.9571406245231628,,,,,,,,
digits,0.7,Baseline-Student,7,44,0.9442508816719055,56.651568457484245,0.05923342704772949,1.0,0.9407665729522705,65,0.9388888888888889,0.9416666666666667,0.19943563640117645,0.19576594233512878,0.0212740966429313,0.028380859643220867,0.19449225068092346,0.9379401206970215,,,,,,,,
digits,0.8,Baseline-Student,7,99,0.9163762927055359,103.83797922730446,0.08362370729446411,1.0,0.9163762927055359,120,0.9416666666666667,0.9388888888888889,0.2244807332754135,0.22561591863632202,0.027144343944059457,0.022922021564510127,0.17372940480709076,0.9408950805664062,,,,,,,,
digits,0.2,Baseline-Student,8,40,0.9651567935943604,56.536585599184036,0.03484320640563965,1.0,0.9651567935943604,61,0.9638888888888889,0.9638888888888889,0.13379986584186554,0.14020362496376038,0.024539627962642214,0.017240062273210902,0.06273998320102692,0.9781085252761841,,,,,,,,
digits,0.3,Baseline-Student,8,52,0.9651567935943604,67.84146332740784,0.03135889768600464,1.0,0.9686411023139954,73,0.9666666666666667,0.9611111111111111,0.12593576312065125,0.13185298442840576,0.017970413135157723,0.019901113212108572,0.06548453867435455,0.9767550230026245,,,,,,,,
digits,0.4,Baseline-Student,8,35,0.9547038078308105,50.94425106048584,0.04181182384490967,1.0,0.9581881761550903,56,0.9638888888888889,0.9638888888888889,0.13054966926574707,0.13365036249160767,0.018257970859607106,0.023173195040888224,0.09012864530086517,0.972156286239624,,,,,,,,
digits,0.5,Baseline-Student,8,29,0.9337978959083557,44.05923308432102,0.06620210409164429,1.0,0.9337978959083557,50,0.9472222222222222,0.9472222222222222,0.1494474560022354,0.1498672217130661,0.024333657862411612,0.024751031688517992,0.13197556138038635,0.9582587480545044,,,,,,,,
digits,0.6,Baseline-Student,8,38,0.9303135871887207,51.92160277068615,0.06620210409164429,1.0,0.9337978959083557,59,0.9472222222222222,0.9444444444444444,0.15805526077747345,0.1542346030473709,0.019800696439213217,0.024408344262176137,0.14006078243255615,0.954160749912262,,,,,,,,
digits,0.7,Baseline-Student,8,39,0.9337978959083557,52.1898954808712,0.06620210409164429,1.0,0.9337978959083557,60,0.9333333333333333,0.9416666666666667,0.20323918759822845,0.2017028033733368,0.026613941457536462,0.028954195127719014,0.1657448261976242,0.9464225172996521,,,,,,,,
digits,0.8,Baseline-Student,8,38,0.888501763343811,47.92857168614864,0.10452961921691895,1.0,0.895470380783081,59,0.8972222222222223,0.9055555555555556,0.3364495038986206,0.33857083320617676,0.03137793139451083,0.040796999343567404,0.2705235183238983,0.9154596924781799,,,,,,,,
digits,0.2,Baseline-Student,9,50,0.9686411023139954,66.67247336357832,0.03135889768600464,1.0,0.9686411023139954,71,0.9722222222222222,0.975,0.11871666461229324,0.12479458004236221,0.019847301310963114,0.021300866206487013,0.05583479255437851,0.9810989499092102,,,,,,,,
digits,0.3,Baseline-Student,9,87,0.9721254110336304,102.26829130202532,0.02787458896636963,1.0,0.9721254110336304,108,0.9722222222222222,0.9722222222222222,0.14501692354679108,0.15093350410461426,0.01694083826409447,0.020645835995674107,0.04691978916525841,0.9829599857330322,,,,,,,,
digits,0.4,Baseline-Student,9,70,0.9686411023139954,85.40940684825182,0.03135889768600464,1.0,0.9686411023139954,91,0.9583333333333334,0.9583333333333334,0.18962594866752625,0.19780491292476654,0.025343413650989563,0.02755616423156526,0.05710211768746376,0.9816721677780151,,,,,,,,
digits,0.5,Baseline-Student,9,83,0.9686411023139954,97.25087025761604,0.03484320640563965,1.0,0.9651567935943604,104,0.9527777777777777,0.9527777777777777,0.18154042959213257,0.18825380504131317,0.029813422924942407,0.03660480876763665,0.06361197680234909,0.9778727889060974,,,,,,,,
digits,0.6,Baseline-Student,9,107,0.9651567935943604,119.67769986391068,0.03484320640563965,1.0,0.9651567935943604,128,0.9472222222222222,0.9472222222222222,0.1841968595981598,0.1887200027704239,0.02994124276770488,0.034600194543600124,0.07880960404872894,0.9708421230316162,,,,,,,,
digits,0.7,Baseline-Student,9,47,0.9547038078308105,60.020905040204525,0.04181182384490967,1.0,0.9581881761550903,68,0.9444444444444444,0.9416666666666667,0.19204279780387878,0.19943521916866302,0.015698394344912655,0.024344673587216308,0.15854699909687042,0.948578417301178,,,,,,,,
digits,0.8,Baseline-Student,9,56,0.9128919839859009,64.53658553957939,0.09059232473373413,1.0,0.9094076752662659,77,0.9222222222222223,0.9222222222222223,0.28165242075920105,0.2931201159954071,0.030860360918773574,0.03190212092465828,0.22373735904693604,0.9278620481491089,,,,,,,,
digits,0.2,Baseline-Student,10,30,0.9547038078308105,46.79965114593506,0.04529619216918945,1.0,0.9547038078308105,51,0.9583333333333334,0.9638888888888889,0.15329688787460327,0.16261188685894012,0.028687000688579375,0.023748880128065714,0.09359904378652573,0.9668436646461487,,,,,,,,
digits,0.3,Baseline-Student,10,25,0.9477351903915405,41.7508710026741,0.04878050088882446,1.0,0.9512194991111755,46,0.9527777777777777,0.9527777777777777,0.17033115029335022,0.1763748973608017,0.020052812248468402,0.02791389409038752,0.12977491319179535,0.9545033574104309,,,,,,,,
digits,0.4,Baseline-Student,10,39,0.9477351903915405,54.562717497348785,0.05226480960845947,1.0,0.9477351903915405,60,0.9388888888888889,0.9388888888888889,0.1921588033437729,0.1990429162979126,0.034938507527112944,0.037285225258933165,0.1063614934682846,0.9651378989219666,,,,,,,,
digits,0.5,Baseline-Student,10,29,0.9303135871887207,44.139372661709785,0.06271779537200928,1.0,0.9372822046279907,50,0.9472222222222222,0.9472222222222222,0.1912638396024704,0.1972506046295166,0.029100529518392353,0.03295893487003118,0.15041005611419678,0.9522500038146973,,,,,,,,
digits,0.6,Baseline-Student,10,44,0.9337978959083557,57.501741871237755,0.06620210409164429,1.0,0.9337978959083557,65,0.9388888888888889,0.9416666666666667,0.2093966156244278,0.21230541169643402,0.02223766868313156,0.03809749301936891,0.14453290402889252,0.9502214193344116,,,,,,,,
digits,0.7,Baseline-Student,10,49,0.9268292784690857,60.878049090504646,0.06620210409164429,1.0,0.9337978959083557,70,0.9333333333333333,0.9333333333333333,0.252379447221756,0.25788819789886475,0.033855184995465804,0.03352037486102845,0.16218528151512146,0.9465703368186951,,,,,,,,
digits,0.8,Baseline-Student,10,58,0.9128919839859009,66.4965152963996,0.08362370729446411,1.0,0.9163762927055359,79,0.925,0.9222222222222223,0.2415585219860077,0.24251064658164978,0.030900663799709748,0.029764142632484464,0.21859700977802277,0.9296107888221741,,,,,,,,
digits,0.2,Baseline-Student,11,18,0.9512194991111755,35.57491233944893,0.04878050088882446,1.0,0.9512194991111755,39,0.975,0.9805555555555555,0.08541294932365417,0.07568489015102386,0.0219998922612932,0.012037115958001839,0.1363099217414856,0.9597105383872986,,,,,,,,
digits,0.3,Baseline-Student,11,19,0.9581881761550903,36.56271779537201,0.04529619216918945,1.0,0.9547038078308105,40,0.975,0.9805555555555555,0.09252247214317322,0.08163797855377197,0.023921668446726267,0.025081574254565774,0.14865359663963318,0.9557761549949646,,,,,,,,
digits,0.4,Baseline-Student,11,25,0.9547038078308105,42.00348421931267,0.04181182384490967,1.0,0.9581881761550903,46,0.9694444444444444,0.9722222222222222,0.09547311812639236,0.09414681047201157,0.016628230528699023,0.014124376575152104,0.12992888689041138,0.9607626795768738,,,,,,,,
digits,0.5,Baseline-Student,11,26,0.9477351903915405,42.42857150733471,0.05574911832809448,1.0,0.9442508816719055,47,0.9638888888888889,0.9638888888888889,0.1136142909526825,0.11118990927934647,0.024305601831939482,0.017970538884401286,0.15121634304523468,0.9563825130462646,,,,,,,,
digits,0.6,Baseline-Student,11,29,0.9442508816719055,44.8205569088459,0.06271779537200928,1.0,0.9372822046279907,50,0.9638888888888889,0.9666666666666667,0.1299479752779007,0.12937863171100616,0.03051731768581602,0.017782507257329105,0.1834305375814438,0.945324182510376,,,,,,,,
digits,0.7,Baseline-Student,11,39,0.9303135871887207,53.09233441948891,0.0696864128112793,1.0,0.9303135871887207,60,0.9583333333333334,0.9527777777777777,0.15880514681339264,0.1578383594751358,0.029616414010524755,0.027542295969194868,0.2023979127407074,0.9389517903327942,,,,,,,,
digits,0.8,Baseline-Student,11,60,0.9337978959083557,71.4285708963871,0.06620210409164429,1.0,0.9337978959083557,81,0.95,0.9472222222222222,0.16379782557487488,0.15956678986549377,0.03441478862530656,0.028207038301560617,0.21485570073127747,0.9318625330924988,,,,,,,,
digits,0.2,Baseline-Student,12,22,0.9581881761550903,39.350173741579056,0.04529619216918945,1.0,0.9547038078308105,43,0.9694444444444444,0.9694444444444444,0.11707992851734161,0.12450707703828812,0.011465957678026615,0.019788467635711064,0.0925867110490799,0.9707199335098267,,,,,,,,
digits,0.3,Baseline-Student,12,17,0.9442508816719055,34.07839697599411,0.04878050088882446,1.0,0.9512194991111755,38,0.9583333333333334,0.9666666666666667,0.12270202487707138,0.12311425805091858,0.025697583291265702,0.016306749400165296,0.15169090032577515,0.9546964764595032,,,,,,,,
digits,0.4,Baseline-Student,12,23,0.9442508816719055,39.336237013339996,0.05574911832809448,1.0,0.9442508816719055,44,0.9638888888888889,0.9666666666666667,0.13569895923137665,0.1361900269985199,0.01794867068529129,0.019483251372973125,0.1315823197364807,0.9581210613250732,,,,,,,,
digits,0.5,Baseline-Student,12,19,0.9442508816719055,35.29616731405258,0.05226480960845947,1.0,0.9477351903915405,40,0.9583333333333334,0.9611111111111111,0.18448884785175323,0.183318093419075,0.034903003937668264,0.020502827896012182,0.1950095295906067,0.9407958984375,,,,,,,,
digits,0.6,Baseline-Student,12,26,0.9442508816719055,41.679442182183266,0.04878050088882446,1.0,0.9512194991111755,47,0.9527777777777777,0.9555555555555556,0.19124256074428558,0.19409368932247162,0.02435353067186139,0.022235826568471104,0.17091690003871918,0.9475616216659546,,,,,,,,
digits,0.7,Baseline-Student,12,35,0.9303135871887207,48.47560974955559,0.0696864128112793,1.0,0.9303135871887207,56,0.9444444444444444,0.9472222222222222,0.23620203137397766,0.24609887599945068,0.026168285972542206,0.025245178573661334,0.16810572147369385,0.9507339596748352,,,,,,,,
digits,0.8,Baseline-Student,12,56,0.888501763343811,63.80836229771376,0.11149823665618896,1.0,0.888501763343811,77,0.9138888888888889,0.9166666666666666,0.3089987635612488,0.3156299889087677,0.03926096368167133,0.05021781739261414,0.20381148159503937,0.9349212050437927,,,,,,,,
digits,0.2,Baseline-Student,13,22,0.9721254110336304,39.85714226961136,0.02787458896636963,1.0,0.9721254110336304,43,0.9527777777777777,0.9555555555555556,0.12967291474342346,0.12756949663162231,0.02086760832203762,0.02172200605273248,0.12442031502723694,0.9600306749343872,,,,,,,,
digits,0.3,Baseline-Student,13,23,0.9616724848747253,40.29094111919403,0.03484320640563965,1.0,0.9651567935943604,44,0.9527777777777777,0.9527777777777777,0.152803435921669,0.15254513919353485,0.020832071950038257,0.025842604786157648,0.13782349228858948,0.954345166683197,,,,,,,,
digits,0.4,Baseline-Student,13,25,0.9686411023139954,42.067944169044495,0.03484320640563965,1.0,0.9651567935943604,46,0.95,0.9527777777777777,0.15387441217899323,0.15048864483833313,0.027272774444686045,0.025715944916009877,0.14972755312919617,0.9493938684463501,,,,,,,,
digits,0.5,Baseline-Student,13,23,0.9512194991111755,39.32578346133232,0.04529619216918945,1.0,0.9547038078308105,44,0.9416666666666667,0.9416666666666667,0.17520670592784882,0.16489091515541077,0.026583933250771605,0.03143057972192764,0.18615472316741943,0.9385056495666504,,,,,,,,
digits,0.6,Baseline-Student,13,26,0.9512194991111755,41.37456434965134,0.04878050088882446,1.0,0.9512194991111755,47,0.9277777777777778,0.925,0.20936062932014465,0.2097516804933548,0.024824032104677627,0.028777419692940218,0.2021564245223999,0.933272659778595,,,,,,,,
digits,0.7,Baseline-Student,13,37,0.9547038078308105,51.149825900793076,0.04181182384490967,1.0,0.9581881761550903,58,0.9388888888888889,0.9416666666666667,0.17910444736480713,0.17219538986682892,0.03475419779618581,0.020122820552852385,0.193295419216156,0.9353156089782715,,,,,,,,
digits,0.8,Baseline-Student,13,86,0.9407665729522705,94.25435599684715,0.05923342704772949,1.0,0.9407665729522705,107,0.9194444444444444,0.925,0.23084063827991486,0.23075567185878754,0.02915596796406643,0.0333448082622555,0.1771567165851593,0.9374426007270813,,,,,,,,
digits,0.2,Baseline-Student,14,54,0.9686411023139954,70.3240416944027,0.03135889768600464,1.0,0.9686411023139954,75,0.9694444444444444,0.9722222222222222,0.1395806223154068,0.1419684886932373,0.01613066262669031,0.0192816517419285,0.05605337768793106,0.9788113236427307,,,,,,,,
digits,0.3,Baseline-Student,14,31,0.9581881761550903,47.391985476017,0.04529619216918945,1.0,0.9547038078308105,52,0.9583333333333334,0.9555555555555556,0.1636236608028412,0.16530168056488037,0.023529776102966717,0.023803181449572202,0.08730527758598328,0.9717509150505066,,,,,,,,
digits,0.4,Baseline-Student,14,64,0.9616724848747253,78.99651616811752,0.04181182384490967,1.0,0.9581881761550903,85,0.9694444444444444,0.9722222222222222,0.11657653748989105,0.1173606887459755,0.012940527747074767,0.01572551470663809,0.06593477725982666,0.9761629104614258,,,,,,,,
digits,0.5,Baseline-Student,14,63,0.9581881761550903,77.38501752912998,0.04529619216918945,1.0,0.9547038078308105,84,0.9611111111111111,0.9611111111111111,0.13336730003356934,0.1339729130268097,0.022643020583523632,0.025523661656512122,0.07370560616254807,0.9753043055534363,,,,,,,,
digits,0.6,Baseline-Student,14,54,0.9268292784690857,66.3188154399395,0.0731707215309143,1.0,0.9268292784690857,75,0.9583333333333334,0.9555555555555556,0.18307413160800934,0.18592111766338348,0.02947762898272941,0.028632653339041594,0.10661860555410385,0.9619004726409912,,,,,,,,
digits,0.7,Baseline-Student,14,41,0.9094076752662659,52.79790921509266,0.08362370729446411,1.0,0.9163762927055359,62,0.9444444444444444,0.9444444444444444,0.2196555882692337,0.22521968185901642,0.021182220098045164,0.01965178872148194,0.15632674098014832,0.9485400915145874,,,,,,,,
digits,0.8,Baseline-Student,14,42,0.9059233665466309,51.4756098985672,0.09407663345336914,1.0,0.9059233665466309,63,0.9083333333333333,0.9194444444444444,0.2897757589817047,0.28712230920791626,0.04069763372341791,0.04609709895319409,0.24645161628723145,0.9179219007492065,,,,,,,,
digits,0.2,Baseline-Student,15,30,0.9756097793579102,47.994774371385574,0.024390220642089844,1.0,0.9756097793579102,51,0.9805555555555555,0.9833333333333333,0.0796758309006691,0.08458210527896881,0.01857032949725784,0.021246087716685357,0.078293077647686,0.9747098088264465,,,,,,,,
digits,0.3,Baseline-Student,15,38,0.9790940880775452,55.84843257069588,0.020905911922454834,1.0,0.9790940880775452,59,0.9777777777777777,0.9777777777777777,0.07844346016645432,0.08203405141830444,0.014666937126053662,0.01537653158108392,0.0729844942688942,0.976195752620697,,,,,,,,
digits,0.4,Baseline-Student,15,45,0.9790940880775452,62.451219990849495,0.020905911922454834,1.0,0.9790940880775452,66,0.9722222222222222,0.9722222222222222,0.10091859847307205,0.10531584173440933,0.013426301131645873,0.020521402193440286,0.07793272286653519,0.9758684039115906,,,,,,,,
digits,0.5,Baseline-Student,15,54,0.9790940880775452,70.66027930378914,0.020905911922454834,1.0,0.9790940880775452,75,0.9722222222222222,0.9722222222222222,0.11013691872358322,0.1148480698466301,0.021375564651356767,0.023751267625225926,0.08544117212295532,0.9724849462509155,,,,,,,,
digits,0.6,Baseline-Student,15,75,0.9721254110336304,89.87456327676773,0.02787458896636963,1.0,0.9721254110336304,96,0.9611111111111111,0.9611111111111111,0.14096654951572418,0.1470726728439331,0.0203096922073099,0.024754112048281603,0.07824436575174332,0.9749100804328918,,,,,,,,
digits,0.7,Baseline-Student,15,76,0.9547038078308105,88.70209075510502,0.04529619216918945,1.0,0.9547038078308105,97,0.9583333333333334,0.9611111111111111,0.12971223890781403,0.12870241701602936,0.01993323042988777,0.02357277307245471,0.1139075830578804,0.9630745649337769,,,,,,,,
digits,0.8,Baseline-Student,15,96,0.9512194991111755,105.7770024612546,0.04529619216918945,1.0,0.9547038078308105,117,0.9416666666666667,0.9416666666666667,0.19842886924743652,0.19983714818954468,0.02521169326371617,0.029045684221718042,0.13835562765598297,0.9529268741607666,,,,,,,,
digits,0.2,Baseline-Student,16,110,0.9790940880775452,126.10104662179947,0.020905911922454834,1.0,0.9790940880775452,131,0.9777777777777777,0.9777777777777777,0.08653351664543152,0.08746998012065887,0.010898052321539975,0.012305685546663066,0.0444277748465538,0.9839057326316833,,,,,,,,
digits,0.3,Baseline-Student,16,58,0.9790940880775452,74.60975703597069,0.024390220642089844,1.0,0.9756097793579102,79,0.9805555555555555,0.9805555555555555,0.08970784395933151,0.09008792042732239,0.014529667546351733,0.011816814045111354,0.06408833712339401,0.9784073829650879,,,,,,,,
digits,0.4,Baseline-Student,16,42,0.9825783967971802,59.16898959875107,0.013937294483184814,1.0,0.9860627055168152,63,0.9722222222222222,0.9722222222222222,0.10028322786092758,0.10121627151966095,0.01956432817710769,0.0179360066023138,0.09014511108398438,0.9680204391479492,,,,,,,,
digits,0.5,Baseline-Student,16,48,0.9756097793579102,64.38850212097168,0.024390220642089844,1.0,0.9756097793579102,69,0.9583333333333334,0.9583333333333334,0.12646245956420898,0.1270519345998764,0.021508929547336367,0.02162734154197901,0.0972515195608139,0.9668601155281067,,,,,,,,
digits,0.6,Baseline-Student,16,63,0.9616724848747253,77.33797964453697,0.03832751512527466,1.0,0.9616724848747253,84,0.9583333333333334,0.9583333333333334,0.1466863453388214,0.1473975032567978,0.019078967968622806,0.034169974012507334,0.10244686156511307,0.9629718065261841,,,,,,,,
digits,0.7,Baseline-Student,16,69,0.9372822046279907,80.77700288593769,0.06620210409164429,1.0,0.9337978959083557,90,0.9416666666666667,0.9416666666666667,0.19817067682743073,0.20192453265190125,0.024750645624266734,0.028919986718230775,0.12033776193857193,0.9592698812484741,,,,,,,,
digits,0.8,Baseline-Student,16,85,0.8989546895027161,90.33797870576382,0.09756100177764893,1.0,0.9024389982223511,106,0.9,0.9,0.3115931451320648,0.31774139404296875,0.04397917009062242,0.05389798283576966,0.18615426123142242,0.9361276626586914,,,,,,,,
digits,0.2,Baseline-Student,17,31,0.9547038078308105,47.885016709566116,0.04181182384490967,1.0,0.9581881761550903,52,0.9777777777777777,0.9777777777777777,0.07841841876506805,0.07384838163852692,0.019567909091711008,0.018654361532794077,0.08990488201379776,0.9680687785148621,,,,,,,,
digits,0.3,Baseline-Student,17,47,0.9547038078308105,62.902438133955,0.04529619216918945,1.0,0.9547038078308105,68,0.9611111111111111,0.9638888888888889,0.14296980202198029,0.14791534841060638,0.020234913378953927,0.026326687716775453,0.08075650781393051,0.9713014364242554,,,,,,,,
digits,0.4,Baseline-Student,17,28,0.9407665729522705,44.03832818567753,0.05574911832809448,1.0,0.9442508816719055,49,0.9472222222222222,0.9611111111111111,0.1534094512462616,0.15448634326457977,0.021591353913148245,0.025633425265550618,0.12138286978006363,0.9584786891937256,,,,,,,,
digits,0.5,Baseline-Student,17,33,0.9477351903915405,48.52264808118343,0.05226480960845947,1.0,0.9477351903915405,54,0.9416666666666667,0.95,0.18469254672527313,0.19265210628509521,0.023686198559072287,0.024959905280007223,0.1252882033586502,0.955737292766571,,,,,,,,
digits,0.6,Baseline-Student,17,41,0.9477351903915405,55.48083581030369,0.04878050088882446,1.0,0.9512194991111755,62,0.9388888888888889,0.9388888888888889,0.218020498752594,0.22394214570522308,0.030230027602778535,0.033055157462755835,0.11999043077230453,0.9582540988922119,,,,,,,,
digits,0.7,Baseline-Student,17,47,0.9337978959083557,59.5644595772028,0.06620210409164429,1.0,0.9337978959083557,68,0.9277777777777778,0.9305555555555556,0.27669426798820496,0.2861059308052063,0.027876703027221887,0.03153224885463718,0.14581720530986786,0.9512780904769897,,,,,,,,
digits,0.8,Baseline-Student,17,64,0.9059233665466309,72.25087159126997,0.09756100177764893,1.0,0.9024389982223511,85,0.9055555555555556,0.9111111111111111,0.312579482793808,0.317823588848114,0.03445228073332047,0.03450745410389372,0.20321621000766754,0.9326372146606445,,,,,,,,
digits,0.2,Baseline-Student,18,39,0.9756097793579102,56.45644637942314,0.024390220642089844,1.0,0.9756097793579102,60,0.9694444444444444,0.9694444444444444,0.12618319690227509,0.13021785020828247,0.01791999613245331,0.0227119965685738,0.07994794100522995,0.9726893305778503,,,,,,,,
digits,0.3,Baseline-Student,18,38,0.9756097793579102,55.25087121129036,0.02787458896636963,1.0,0.9721254110336304,59,0.9666666666666667,0.9666666666666667,0.13006442785263062,0.1353088617324829,0.023560688893000253,0.02282302661074536,0.09220489859580994,0.9685418009757996,,,,,,,,
digits,0.4,Baseline-Student,18,65,0.9756097793579102,81.64460062980652,0.024390220642089844,1.0,0.9756097793579102,86,0.9694444444444444,0.9694444444444444,0.12315063178539276,0.12634386122226715,0.020518328746159827,0.0235923969083362,0.06465695798397064,0.9782881140708923,,,,,,,,
digits,0.5,Baseline-Student,18,157,0.9756097793579102,170.9128941297531,0.024390220642089844,1.0,0.9756097793579102,178,0.9666666666666667,0.9666666666666667,0.13629892468452454,0.13823816180229187,0.02067551894320379,0.023198674619197834,0.04859870299696922,0.9829045534133911,,,,,,,,
digits,0.6,Baseline-Student,18,103,0.9581881761550903,115.94947750866413,0.04181182384490967,1.0,0.9581881761550903,124,0.9555555555555556,0.9583333333333334,0.1476849913597107,0.14842280745506287,0.025670136594110077,0.024043632008963197,0.0773572102189064,0.9723386168479919,,,,,,,,
digits,0.7,Baseline-Student,18,67,0.9547038078308105,80.4982571452856,0.04181182384490967,1.0,0.9581881761550903,88,0.9416666666666667,0.9416666666666667,0.26916831731796265,0.2771742641925812,0.031421692172686255,0.033107414096593846,0.11356182396411896,0.9598400592803955,,,,,,,,
digits,0.8,Baseline-Student,18,91,0.9442508816719055,100.69338040053844,0.05574911832809448,1.0,0.9442508816719055,112,0.9388888888888889,0.9416666666666667,0.2555351257324219,0.25943586230278015,0.0291630621585581,0.026796897169616446,0.14745862782001495,0.9507976174354553,,,,,,,,
digits,0.2,Baseline-Student,19,32,0.9651567935943604,49.364111721515656,0.03832751512527466,1.0,0.9616724848747253,53,0.95,0.95,0.19434303045272827,0.20385073125362396,0.027976457609070634,0.029181747635205625,0.08713744580745697,0.9697538018226624,,,,,,,,
digits,0.3,Baseline-Student,19,22,0.9616724848747253,39.45121976733208,0.04181182384490967,1.0,0.9581881761550903,43,0.9472222222222222,0.95,0.2030397653579712,0.20602281391620636,0.025328014294306415,0.03028941924373304,0.1270623803138733,0.9578580856323242,,,,,,,,
digits,0.4,Baseline-Student,19,27,0.9581881761550903,43.92334549129009,0.04181182384490967,1.0,0.9581881761550903,48,0.9416666666666667,0.95,0.18010228872299194,0.1761511266231537,0.025017876095242007,0.02052725512120455,0.12724265456199646,0.9565714597702026,,,,,,,,
digits,0.5,Baseline-Student,19,30,0.9547038078308105,46.25261276960373,0.04529619216918945,1.0,0.9547038078308105,51,0.9444444444444444,0.9472222222222222,0.1950204223394394,0.19554099440574646,0.02573747750785616,0.037847468339734604,0.12962262332439423,0.9561966061592102,,,,,,,,
digits,0.6,Baseline-Student,19,38,0.9442508816719055,53.0278749614954,0.05574911832809448,1.0,0.9442508816719055,59,0.9388888888888889,0.9444444444444444,0.1931135207414627,0.19723361730575562,0.02514378697507911,0.024685253947973225,0.14400723576545715,0.9510397911071777,,,,,,,,
digits,0.7,Baseline-Student,19,53,0.9547038078308105,66.68989500403404,0.04529619216918945,1.0,0.9547038078308105,74,0.9416666666666667,0.9388888888888889,0.20684102177619934,0.21097791194915771,0.03142291510270703,0.03474318534135823,0.16516484320163727,0.9425225257873535,,,,,,,,
digits,0.8,Baseline-Student,19,65,0.9372822046279907,75.35540029406548,0.06620210409164429,1.0,0.9337978959083557,86,0.9305555555555556,0.9277777777777778,0.26194971799850464,0.2611595690250397,0.032759714747468645,0.026709560346272265,0.22079457342624664,0.925654411315918,,,,,,,,
digits,0.2,Distill-S,0,68,0.9616724848747253,83.99825870990753,0.022886684666509227,0.9880434782608696,0.9651567935943604,89,0.9555555555555556,0.9555555555555556,0.1336381733417511,0.1333765834569931,0.018400059474839116,0.019148577004671097,0.1739971786737442,0.9498037695884705,0.9388888888888889,0.02169570497652095,0.9372984939196789,0.20917912298082214,0.23996893806073089,0.9259817421104642,,0.9119565217391304
digits,0.3,Distill-S,0,57,0.9581881761550903,73.03658676147461,0.02938946359646244,0.9875776397515528,0.9581881761550903,78,0.9611111111111111,0.9638888888888889,0.1282358020544052,0.12382899224758148,0.021022601508431944,0.017199458512994956,0.14524175226688385,0.9551376104354858,0.9388888888888889,0.03183060686083776,0.9569652353725577,0.14895364920480203,0.1602054178462967,0.9516328842919336,,0.9440993788819876
digits,0.4,Distill-S,0,111,0.9686411023139954,125.21777018904686,0.025561796236729273,0.9942028985507246,0.9686411023139954,132,0.9638888888888889,0.9666666666666667,0.11576158553361893,0.1145009994506836,0.025175940493742627,0.016413008835580584,0.12495128065347672,0.9604014754295349,0.9444444444444444,0.024651394987120222,0.962950407195966,0.12007558515530188,0.13611143197946352,0.9567321721668978,,0.9449275362318841
digits,0.5,Distill-S,0,117,0.9686411023139954,130.5139372497797,0.03137099338614424,0.9930434782608696,0.9616724848747253,138,0.9694444444444444,0.9611111111111111,0.11371135711669922,0.1201370432972908,0.01626901957723828,0.022043815255165126,0.1262279599905014,0.9579282999038696,0.95,0.025378168881832235,0.9663717537914089,0.10402596731275221,0.12112728248573645,0.9602702249296827,,0.9373913043478261
digits,0.6,Distill-S,0,153,0.9756097793579102,165.87282279133797,0.020042394555133347,0.9956521739130435,0.9756097793579102,174,0.9666666666666667,0.9666666666666667,0.10266447067260742,0.10281255841255188,0.010589290079143292,0.012607972116933895,0.11253706365823746,0.9650624394416809,0.975,0.016230841322548182,0.9745648496840993,0.08201567107829698,0.10546725999719245,0.966150193343059,,0.9608695652173913
digits,0.7,Distill-S,0,245,0.9756097793579102,252.6445974484086,0.022077487517094263,0.9942028985507246,0.9721254110336304,266,0.9638888888888889,0.9666666666666667,0.12212236225605011,0.12315389513969421,0.027756104908055756,0.022688215101758613,0.12323568016290665,0.9583184719085693,0.9777777777777777,0.015585618466840373,0.9762756282719041,0.0793560851555355,0.09442681528006744,0.9686169884865603,,0.9681159420289855
digits,0.8,Distill-S,0,247,0.9547038078308105,248.41463382542133,0.05574911832809448,1.0,0.9442508816719055,268,0.9361111111111111,0.9444444444444444,0.15441790223121643,0.15718837082386017,0.02591043011181882,0.025959944269723388,0.1386536955833435,0.952254593372345,0.975,0.018357850124699496,0.9728594899804313,0.07807832581539652,0.08871502487680155,0.9708245801789214,,0.9782608695652174
digits,0.2,Distill-S,1,42,0.9721254110336304,59.5209054350853,0.01614150638165679,0.9847826086956522,0.9686411023139954,63,0.9611111111111111,0.9555555555555556,0.16104263067245483,0.16052968800067902,0.02305472907092836,0.031228340913852015,0.20594576001167297,0.9380983114242554,0.925,0.030221764835745187,0.9250154528302965,0.24061808382975888,0.2335789143008481,0.9271407920619209,,0.9326086956521739
digits,0.3,Distill-S,1,46,0.9756097793579102,63.439024835824966,0.02738979025657129,0.9925465838509316,0.9651567935943604,67,0.9472222222222222,0.9444444444444444,0.16604334115982056,0.16938087344169617,0.020268575184875084,0.019079681320322846,0.1832340657711029,0.9439056515693665,0.9305555555555556,0.02767417259463123,0.9389904069516166,0.19325887862643154,0.22035104657286275,0.9263568419311518,,0.929192546583851
digits,0.4,Distill-S,1,31,0.9756097793579102,48.84146374464035,0.025561796236729273,0.9942028985507246,0.9686411023139954,52,0.9472222222222222,0.95,0.19763413071632385,0.18091422319412231,0.026462525129318282,0.028154955390426895,0.1787555068731308,0.9446841478347778,0.9305555555555556,0.030071124879855807,0.9541149961965603,0.14690311701596595,0.1702811754799067,0.942743824083483,,0.9536231884057971
digits,0.5,Distill-S,1,138,0.9721254110336304,152.44076474010944,0.013949390183324417,0.9930434782608696,0.9790940880775452,159,0.95,0.9472222222222222,0.18937653303146362,0.1850854605436325,0.01605369432104956,0.015924533208211234,0.13413752615451813,0.9560135006904602,0.95,0.02673546379152941,0.9593094946075599,0.12439890996878739,0.1446722955797412,0.9532712309125916,,0.9565217391304348
digits,0.6,Distill-S,1,165,0.9756097793579102,177.8031354099512,0.014384172792020089,0.9934782608695653,0.9790940880775452,186,0.9444444444444444,0.9416666666666667,0.2084977924823761,0.21558083593845367,0.021116581559181176,0.028190322385893935,0.12124232947826385,0.960468053817749,0.9638888888888889,0.0243398664432043,0.968357101999522,0.10025390701324205,0.10729391797723577,0.9641585240565125,,0.9695652173913043
digits,0.7,Distill-S,1,80,0.9651567935943604,93.92508715391159,0.03832751512527466,1.0,0.9616724848747253,101,0.9388888888888889,0.9388888888888889,0.2593645453453064,0.2630741596221924,0.02576200188034106,0.03219259182612104,0.1471593976020813,0.9537584185600281,0.9694444444444444,0.020019101763938747,0.9729113666015325,0.08280597778911124,0.0814632331429078,0.9735493191496691,,0.9739130434782609
digits,0.8,Distill-S,1,136,0.9651567935943604,145.1498250439763,0.03484320640563965,1.0,0.9651567935943604,157,0.9222222222222223,0.9222222222222223,0.3402917683124542,0.3374249041080475,0.03341511620415579,0.03346023915542495,0.1770511269569397,0.9417973756790161,0.9666666666666667,0.02128098119616671,0.9767428298979574,0.0756892126238702,0.07623429217310443,0.9749338225743389,,0.9695652173913043
digits,0.2,Distill-S,2,75,0.9547038078308105,89.07839712500572,0.0424822009128073,0.9902173913043478,0.9477351903915405,96,0.9666666666666667,0.9722222222222222,0.10004093497991562,0.09545183926820755,0.024953408704863612,0.030102887501319262,0.16841275990009308,0.9502543210983276,0.9472222222222222,0.029511723780032088,0.9277879705571953,0.21923489284172348,0.198579811469512,0.9363601862013196,,0.9402173913043478
digits,0.3,Distill-S,2,42,0.9477351903915405,57.761323899030685,0.043326758079647254,0.9875776397515528,0.9442508816719055,63,0.9722222222222222,0.9777777777777777,0.10621259361505508,0.0976676493883133,0.027184955030679733,0.021955395821067984,0.16294845938682556,0.9518110752105713,0.9777777777777777,0.029436805308746792,0.9483409724690309,0.16681866923796027,0.17041601721673943,0.9441831448038948,,0.9527950310559006
digits,0.4,Distill-S,2,140,0.9581881761550903,151.41114899516106,0.0238347615020863,0.9855072463768116,0.9616724848747253,161,0.9722222222222222,0.9722222222222222,0.09097631275653839,0.09343383461236954,0.020724566694763,0.020877683079904993,0.1250544935464859,0.9609798789024353,0.975,0.026905689917017514,0.9591319471051098,0.1336677450993143,0.14770135666969447,0.9497786625689567,,0.946376811594203
digits,0.5,Distill-S,2,107,0.9547038078308105,118.64982599020004,0.04183002699976379,0.9895652173913043,0.9477351903915405,128,0.9722222222222222,0.9694444444444444,0.1019337996840477,0.10492149740457535,0.0245764416952928,0.018303329332007304,0.12702533602714539,0.9597778916358948,0.9777777777777777,0.01805722575916482,0.9642767831062701,0.11496876749887824,0.13487722989552609,0.9526985113293038,,0.9391304347826087
digits,0.6,Distill-S,2,155,0.9512194991111755,163.6080142557621,0.033563109584476614,0.9847826086956522,0.9512194991111755,176,0.9611111111111111,0.9666666666666667,0.1100035011768341,0.10785941779613495,0.017910237279203198,0.018801436821619635,0.1302458941936493,0.9585968255996704,0.9861111111111112,0.021163933255894316,0.9675034680757948,0.10052094155619162,0.1205341599191871,0.959391576438036,,0.95
digits,0.7,Distill-S,2,114,0.9407665729522705,122.14459957182407,0.0505377748738165,0.991304347826087,0.9407665729522705,135,0.9472222222222222,0.95,0.14827822148799896,0.14403201639652252,0.02638043612241747,0.025272273603412884,0.13998563587665558,0.9543350338935852,0.9861111111111112,0.01822488733010834,0.9768292352403114,0.08192070243484019,0.09857717515216702,0.9664679777318939,,0.936231884057971
digits,0.8,Distill-S,2,269,0.9442508816719055,265.66028030216694,0.038357813980268385,0.9826086956521739,0.9442508816719055,290,0.95,0.9444444444444444,0.15671008825302124,0.15899953246116638,0.029406612118085262,0.019113544457488627,0.15229307115077972,0.9463686347007751,0.9861111111111112,0.017655261204316656,0.9783023057891868,0.07200396456246135,0.08458251598354367,0.9709430439224519,,0.9478260869565217
digits,0.2,Distill-S,3,54,0.9581881761550903,69.63937237858772,0.042035322603972025,0.9967391304347826,0.9547038078308105,75,0.9527777777777777,0.9555555555555556,0.165312260389328,0.16911795735359192,0.02422103409965829,0.026279835568534016,0.18324773013591766,0.9443690776824951,0.9166666666666666,0.027824414072684756,0.9328100652448004,0.21327304174233272,0.248868113057781,0.9188921473502606,,0.9282608695652174
digits,0.3,Distill-S,3,98,0.9651567935943604,112.40592396259308,0.028632026281416034,0.9937888198757764,0.9651567935943604,119,0.9555555555555556,0.9527777777777777,0.15383274853229523,0.15243230760097504,0.00979693283637365,0.016311750726567383,0.14742416143417358,0.956164538860321,0.9527777777777777,0.03721501246116416,0.9471161948303638,0.16601622862036877,0.1760582402383597,0.943155048347312,,0.9416149068322981
digits,0.4,Distill-S,3,100,0.9581881761550903,113.10278658568859,0.031666896308677805,0.9898550724637681,0.9581881761550903,121,0.95,0.9555555555555556,0.16413311660289764,0.16600076854228973,0.024938781807820002,0.028621800492207215,0.12328622490167618,0.9618325233459473,0.9444444444444444,0.036854855923226015,0.957386830560268,0.1303790474629506,0.1399819742494605,0.9559396732957678,,0.9449275362318841
digits,0.5,Distill-S,3,170,0.9581881761550903,180.68292823433876,0.03659443254056183,0.9947826086956522,0.9581881761550903,191,0.9583333333333334,0.9555555555555556,0.1622115522623062,0.17215584218502045,0.033406483050849665,0.026680676307943185,0.11046994477510452,0.9652072191238403,0.9555555555555556,0.027715207420349643,0.9663492960149214,0.11002184226094967,0.10793264486573277,0.9650488126116535,,0.9565217391304348
digits,0.6,Distill-S,3,85,0.9512194991111755,97.86585260927677,0.044432674801867966,0.9956521739130435,0.9512194991111755,106,0.95,0.9472222222222222,0.16948248445987701,0.17515066266059875,0.023778900752464926,0.026891598519351745,0.12314143776893616,0.9606819152832031,0.9638888888888889,0.024084376724219276,0.9763583724608128,0.08312434677336702,0.08458718161042245,0.972589785173206,,0.9652173913043478
digits,0.7,Distill-S,3,109,0.9407665729522705,117.98432148993015,0.05923342704772949,1.0,0.9407665729522705,130,0.9444444444444444,0.9416666666666667,0.20320728421211243,0.20552784204483032,0.027052036258909465,0.021476466539833275,0.12314371764659882,0.9610908627510071,0.9666666666666667,0.02191822328973128,0.9752451101683894,0.0829415534025466,0.08408098599435322,0.9727883637897041,,0.9739130434782609
digits,0.8,Distill-S,3,162,0.9268292784690857,162.05400612950325,0.0757915724878726,0.9956521739130435,0.9198606014251709,183,0.9388888888888889,0.9361111111111111,0.24426528811454773,0.24463263154029846,0.016023840341303046,0.02200360952152143,0.1505255401134491,0.9499688744544983,0.9638888888888889,0.016802393813812915,0.9798804380166217,0.0703826101484954,0.07560574499272726,0.9750165741668906,,0.9739130434782609
digits,0.2,Distill-S,4,62,0.9477351903915405,77.25087097287178,0.0424822009128073,0.9902173913043478,0.9477351903915405,83,0.9611111111111111,0.9611111111111111,0.1794930398464203,0.18232214450836182,0.03045649925867714,0.02771575914488899,0.21069781482219696,0.9343777894973755,0.9166666666666666,0.03364971513684509,0.9193424841452722,0.2509588087413072,0.21656452685483166,0.9310260291573048,,0.933695652173913
digits,0.3,Distill-S,4,45,0.9547038078308105,61.371079474687576,0.04281172011949996,0.9975155279503105,0.9547038078308105,66,0.9583333333333334,0.9583333333333334,0.1544753760099411,0.15300261974334717,0.0302493315603998,0.02597208246588707,0.18445853888988495,0.942826509475708,0.9388888888888889,0.01704819983571323,0.9360495207931611,0.1967122865692113,0.17496915602183527,0.9422379877684216,,0.9527950310559006
digits,0.4,Distill-S,4,51,0.9616724848747253,67.35714331269264,0.030217620946358936,0.9884057971014493,0.9581881761550903,72,0.95,0.95,0.15213750302791595,0.15011492371559143,0.028907294571399688,0.032840921978155774,0.16326087713241577,0.9481966495513916,0.9416666666666667,0.01657683178934162,0.9485737742906094,0.15707927051036932,0.1347191547431851,0.9559723277689994,,0.9492753623188406
digits,0.5,Distill-S,4,183,0.9721254110336304,194.8170718550682,0.026147554231726655,0.991304347826087,0.9651567935943604,204,0.9472222222222222,0.9527777777777777,0.16469347476959229,0.1620640605688095,0.021886940052111947,0.01752672427230407,0.1436256766319275,0.9552698731422424,0.95,0.03445302657727618,0.9529263607272271,0.1394091464690691,0.11795972314630042,0.9616964212942753,,0.9686956521739131
digits,0.6,Distill-S,4,120,0.9651567935943604,133.6829266101122,0.02918498464252639,0.9978260869565218,0.9686411023139954,141,0.9416666666666667,0.9416666666666667,0.15349408984184265,0.15864260494709015,0.02414109980066617,0.02374355259040989,0.14337527751922607,0.9530090093612671,0.9583333333333334,0.03393572437219208,0.9612841675292108,0.11743972332119992,0.0995776717024544,0.9692102317313599,,0.9782608695652174
digits,0.7,Distill-S,4,250,0.9756097793579102,260.0940782427788,0.021491669917452216,0.9971014492753624,0.9756097793579102,271,0.9527777777777777,0.9527777777777777,0.15225136280059814,0.15245752036571503,0.02409350681636066,0.020203746855258938,0.14319732785224915,0.9544103145599365,0.9666666666666667,0.017559869852125896,0.9701855307582529,0.10048877971578753,0.09380570056745928,0.9717761176223012,,0.9826086956521739
digits,0.8,Distill-S,4,284,0.9512194991111755,280.0609719827771,0.04878050088882446,1.0,0.9512194991111755,300,0.9472222222222222,0.95,0.19664260745048523,0.19556482136249542,0.015676816387308973,0.019591388271914572,0.16051024198532104,0.946837842464447,0.9694444444444444,0.02180388109875797,0.9723692292600797,0.09114619175589593,0.08478287772473417,0.9734148929343271,,0.9826086956521739
digits,0.2,Distill-S,5,36,0.9651567935943604,53.127178102731705,0.027457949907883306,0.9891304347826086,0.9616724848747253,57,0.9555555555555556,0.9583333333333334,0.18311576545238495,0.1924332082271576,0.028347063230143625,0.03239194096790424,0.2260468751192093,0.9322503209114075,0.925,0.030923505024242418,0.9233404906813811,0.2461808615509051,0.230753687850492,0.9275227441385167,,0.9293478260869565
digits,0.3,Distill-S,5,58,0.9581881761550903,73.94425141811371,0.032116335001051044,0.9937888198757764,0.9616724848747253,79,0.9555555555555556,0.9555555555555556,0.15528585016727448,0.15999740362167358,0.020404183947377717,0.01796541569961442,0.18164028227329254,0.9435189366340637,0.9472222222222222,0.023475327835627457,0.9382073183743114,0.19913183645155821,0.18139459524404575,0.9433884197349047,,0.9540372670807453
digits,0.4,Distill-S,5,63,0.9651567935943604,78.74216037988663,0.024698278869407786,0.9898550724637681,0.9651567935943604,84,0.95,0.9527777777777777,0.16574761271476746,0.16049739718437195,0.01957355704572463,0.018252154853608846,0.14979268610477448,0.9526569843292236,0.9611111111111111,0.021089683265322144,0.9497610181102151,0.15883151477423718,0.12951967335430298,0.9607667098311805,,0.9710144927536232
digits,0.5,Distill-S,5,108,0.9651567935943604,122.45470225811005,0.020924115077308958,0.9895652173913043,0.9686411023139954,129,0.9388888888888889,0.9388888888888889,0.18010441958904266,0.18008668720722198,0.02423922999037634,0.02118916975127323,0.1396566778421402,0.9556179642677307,0.9694444444444444,0.025124341921914106,0.9571943364396387,0.13593124225987907,0.11216907451359565,0.9665396593036487,,0.96
digits,0.6,Distill-S,5,116,0.9651567935943604,128.47735235095024,0.03180577599483991,0.9934782608695653,0.9616724848747253,137,0.9277777777777778,0.9222222222222223,0.22099082171916962,0.22434896230697632,0.031548063208659494,0.04009254715508881,0.14497937262058258,0.952940046787262,0.9694444444444444,0.015498179147814269,0.9617621161224958,0.12158886419365904,0.10933504772392617,0.9662530713186673,,0.967391304347826
digits,0.7,Distill-S,5,170,0.9512194991111755,176.45818829536438,0.05226480960845947,1.0,0.9477351903915405,191,0.925,0.9222222222222223,0.24619805812835693,0.24287742376327515,0.032867702924542996,0.034956376585695434,0.1408354640007019,0.9530192017555237,0.9583333333333334,0.018137726587333078,0.9673154356839796,0.10467614823073361,0.09776811484920059,0.9696984274250949,,0.9768115942028985
digits,0.8,Distill-S,5,127,0.9268292784690857,130.79790918529034,0.0731707215309143,1.0,0.9268292784690857,148,0.9166666666666666,0.9166666666666666,0.3018327057361603,0.29287630319595337,0.043485479222403645,0.036527948412630316,0.17732153832912445,0.9421653747558594,0.9638888888888889,0.018690150165718265,0.9699187865278271,0.09944671888725609,0.08058599811033772,0.9774702928464087,,0.9869565217391304
digits,0.2,Distill-S,6,15,0.9442508816719055,32.329268246889114,0.03899789219317229,0.9902173913043478,0.9512194991111755,36,0.9194444444444444,0.9138888888888889,0.23239582777023315,0.2292938083410263,0.02287092482050259,0.022998730755514542,0.2766689658164978,0.9138107299804688,0.8972222222222223,0.033160052101710205,0.9086736967934225,0.28199272771232836,0.251486258898729,0.9216458866907785,,0.9434782608695652
digits,0.3,Distill-S,6,21,0.9477351903915405,37.76655051112175,0.057506451917731294,0.991304347826087,0.9337978959083557,42,0.9388888888888889,0.9361111111111111,0.2213931828737259,0.23386575281620026,0.030168638709518622,0.019030228836668817,0.23171888291835785,0.9286181926727295,0.9166666666666666,0.043084366925387495,0.9257088196653939,0.22586435752409453,0.20507993376784142,0.9349486330539037,,0.9602484472049689
digits,0.4,Distill-S,6,41,0.9512194991111755,56.69512157142162,0.04211988207222761,0.9898550724637681,0.9477351903915405,62,0.9416666666666667,0.9416666666666667,0.2058667540550232,0.20829181373119354,0.029688357810179394,0.03325912886195709,0.16498292982578278,0.9491679668426514,0.9361111111111111,0.04241670289595787,0.9472858649830802,0.16144283557872635,0.1414599315879258,0.9564969535601584,,0.9594202898550724
digits,0.5,Distill-S,6,85,0.9512194991111755,98.14982521533966,0.047041370454041886,0.9982608695652174,0.9512194991111755,106,0.9527777777777777,0.95,0.20101623237133026,0.21212010085582733,0.032739783285392635,0.03493706306649578,0.15056245028972626,0.9541307091712952,0.9416666666666667,0.02087897022396596,0.9494337315916686,0.1479333510877727,0.12500747526478365,0.9618440684469359,,0.9739130434782609
digits,0.6,Distill-S,6,131,0.9686411023139954,143.44773530960083,0.03484320640563965,1.0,0.9651567935943604,152,0.95,0.9472222222222222,0.20258492231369019,0.20259404182434082,0.02366505273514327,0.02536656873093707,0.1291137933731079,0.9604714512825012,0.95,0.023571584072143978,0.9575817699091839,0.12659106807103693,0.10347015686185393,0.9685640013657586,,0.9782608695652174
digits,0.7,Distill-S,6,295,0.9616724848747253,283.034845918417,0.03542896440063703,0.9971014492753624,0.9616724848747253,300,0.9472222222222222,0.9444444444444444,0.23581935465335846,0.23492681980133057,0.036554366929663545,0.041505481882227795,0.13262149691581726,0.9566454291343689,0.9472222222222222,0.02924853182475326,0.9616788001661641,0.11679912335279805,0.10573362049765538,0.96641939869519,,0.9681159420289855
digits,0.8,Distill-S,6,291,0.9581881761550903,279.26655023545027,0.03832751512527466,1.0,0.9616724848747253,300,0.9361111111111111,0.9361111111111111,0.23004718124866486,0.22913891077041626,0.03216403093602923,0.028977023810148286,0.13482660055160522,0.955633282661438,0.95,0.025156213898764365,0.9647267228180613,0.10575167477910533,0.07833257438496555,0.9773734883398784,,0.9869565217391304
digits,0.2,Distill-S,7,49,0.9477351903915405,64.41637620329857,0.04379259658896406,0.9880434782608696,0.9442508816719055,70,0.95,0.9416666666666667,0.24863006174564362,0.25385454297065735,0.02571650677257114,0.0276308282381958,0.20144151151180267,0.938122034072876,0.9083333333333333,0.03367536369275631,0.9240822122619445,0.23221998887863357,0.23779129237133706,0.9214578714948479,,0.925
digits,0.3,Distill-S,7,55,0.9651567935943604,71.00000002980232,0.029631862951361665,0.991304347826087,0.9616724848747253,76,0.9583333333333334,0.9611111111111111,0.2190188765525818,0.22629165649414062,0.02205639854073522,0.012390373978349868,0.15743696689605713,0.9517908692359924,0.9361111111111111,0.032239235956022266,0.9439070899101574,0.1743334777118075,0.18460887846592175,0.9406392794147754,,0.9490683229813665
digits,0.4,Distill-S,7,90,0.9651567935943604,103.88327607512474,0.027011071599048142,0.9956521739130435,0.9686411023139954,111,0.9583333333333334,0.9583333333333334,0.22097210586071014,0.22420859336853027,0.017575679636663833,0.021788969635963412,0.12842249870300293,0.9629049301147461,0.9444444444444444,0.019993439442103085,0.9529006272733748,0.14408657226757804,0.1481338057153527,0.9547944880472666,,0.9594202898550724
digits,0.5,Distill-S,7,165,0.9721254110336304,175.77351874113083,0.01918498464252638,0.9878260869565217,0.9686411023139954,186,0.9611111111111111,0.9611111111111111,0.12819211184978485,0.13536497950553894,0.015533164143562303,0.01962056623564826,0.11906694620847702,0.962736189365387,0.9472222222222222,0.023629494703318064,0.962943111879215,0.1163619487877913,0.10467561054095503,0.970592321315875,,0.9721739130434782
digits,0.6,Distill-S,7,230,0.9721254110336304,237.4668986350298,0.01569456846817685,0.991304347826087,0.9756097793579102,251,0.95,0.95,0.15676167607307434,0.15357312560081482,0.022326296733485355,0.021983145674069754,0.10694064944982529,0.9668793678283691,0.9527777777777777,0.02674298140021817,0.9663238582942489,0.10437548927540617,0.08018211330851936,0.9787243447601178,,0.9804347826086957
digits,0.7,Distill-S,7,222,0.9442508816719055,224.58188335597515,0.04995201687881912,0.9942028985507246,0.9442508816719055,243,0.9444444444444444,0.9444444444444444,0.1776154637336731,0.17258261144161224,0.026865275783671275,0.025481588931547238,0.12275216728448868,0.9616591334342957,0.9527777777777777,0.023257803518970645,0.972247747120876,0.08728206805512902,0.0706472513852803,0.9812992212391559,,0.9768115942028985
digits,0.8,Distill-S,7,196,0.9337978959083557,194.42334443330765,0.0696864128112793,1.0,0.9303135871887207,217,0.9361111111111111,0.9333333333333333,0.20700401067733765,0.20896485447883606,0.017800544533464614,0.02614054187304447,0.16092130541801453,0.9463043808937073,0.9583333333333334,0.024067692439466635,0.975472698664008,0.07582576312710325,0.05256503463697473,0.9872422481698162,,0.9782608695652174
digits,0.2,Distill-S,8,52,0.9442508816719055,66.41114994883537,0.04814042267592056,0.9923913043478261,0.9442508816719055,73,0.9583333333333334,0.9555555555555556,0.16266320645809174,0.16523952782154083,0.023888974967930007,0.026734392013814726,0.19045421481132507,0.941593587398529,0.9444444444444444,0.03165648097275889,0.9226206458930739,0.2346474482231339,0.24621195771236307,0.9195409606414007,,0.9369565217391305
digits,0.3,Distill-S,8,54,0.9303135871887207,68.06445917487144,0.05650661524778566,0.9937888198757764,0.9372822046279907,75,0.9527777777777777,0.9555555555555556,0.14503838121891022,0.14536893367767334,0.03171829738550712,0.030374368114603863,0.15083906054496765,0.9508410096168518,0.9555555555555556,0.018309810745520877,0.9507790010733217,0.16049268801090238,0.17696911654299008,0.9431689117209391,,0.9552795031055901
digits,0.4,Distill-S,8,38,0.9372822046279907,53.074912413954735,0.05778415168541062,0.9985507246376811,0.9407665729522705,59,0.9666666666666667,0.9694444444444444,0.12594148516654968,0.12598764896392822,0.023863755497667484,0.028559621506267154,0.14753186702728271,0.9546880722045898,0.9583333333333334,0.02569641442144505,0.9608008168417909,0.12995242416367445,0.14021723307973424,0.9561418172285028,,0.9695652173913043
digits,0.5,Distill-S,8,156,0.9477351903915405,164.40069694817066,0.05574911832809448,1.0,0.9442508816719055,177,0.9777777777777777,0.9722222222222222,0.12087856233119965,0.12731030583381653,0.021713505354192485,0.017310170498159173,0.12113581597805023,0.9609083533287048,0.9666666666666667,0.009249540759223653,0.9651485957869941,0.11110340657004707,0.1146459751616057,0.9640322553496188,,0.9756521739130435
digits,0.6,Distill-S,8,36,0.9268292784690857,49.9268294274807,0.06054388232853103,0.9978260869565218,0.9372822046279907,57,0.9555555555555556,0.9527777777777777,0.16640803217887878,0.15938547253608704,0.02557318479650553,0.02087822241915597,0.16437649726867676,0.950219452381134,0.9666666666666667,0.013150104369725014,0.9698640492927517,0.09517789437129041,0.10389005984093704,0.9671394177077275,,0.9760869565217392
digits,0.7,Distill-S,8,172,0.9268292784690857,174.9459934234619,0.0731707215309143,1.0,0.9268292784690857,193,0.9583333333333334,0.9555555555555556,0.16229814291000366,0.16035565733909607,0.022325689842303608,0.027786374837160083,0.12174396216869354,0.9610179662704468,0.9666666666666667,0.017766911301692705,0.9703691053284542,0.09133268678561077,0.10177310456301765,0.966827956249217,,0.9739130434782609
digits,0.8,Distill-S,8,152,0.9059233665466309,150.85191620886326,0.09756100177764893,1.0,0.9024389982223511,173,0.9277777777777778,0.9277777777777778,0.22975364327430725,0.22261640429496765,0.035915221894780816,0.03152558435168531,0.16164694726467133,0.9477818608283997,0.9722222222222222,0.0156073305556431,0.971480916812297,0.08366871805564487,0.08216513351663307,0.9753950405096008,,0.9869565217391304
digits,0.2,Distill-S,9,45,0.9512194991111755,60.972124986350536,0.03791093567143311,0.9891304347826086,0.9512194991111755,66,0.9638888888888889,0.9611111111111111,0.1600116491317749,0.1619066298007965,0.04418596964743401,0.037211843248870655,0.21078389883041382,0.9358598589897156,0.9055555555555556,0.03766829925908995,0.9208585337409991,0.24331375562509952,0.23944481242203713,0.9216073101665104,,0.9217391304347826
digits,0.3,Distill-S,9,51,0.9651567935943604,66.9041818678379,0.03435840769584131,0.9925465838509316,0.9581881761550903,72,0.9638888888888889,0.9666666666666667,0.11811031401157379,0.11727727204561234,0.022912732594543052,0.025049558695819645,0.14980174601078033,0.954900860786438,0.9444444444444444,0.024285395805413106,0.946297453663926,0.16366226577514847,0.14648000324219032,0.9519514363105381,,0.9527950310559006
digits,0.4,Distill-S,9,55,0.9616724848747253,70.5470384657383,0.029631862951361665,0.991304347826087,0.9616724848747253,76,0.9583333333333334,0.9583333333333334,0.14156658947467804,0.1374681293964386,0.019082794090112022,0.016262526147895407,0.14418719708919525,0.9542034864425659,0.95,0.030879862117820712,0.9516478321342507,0.14947619683673571,0.13166124981672317,0.9570893008150657,,0.9608695652173913
digits,0.5,Distill-S,9,136,0.9756097793579102,149.72299727797508,0.019172829337742003,0.9947826086956522,0.9756097793579102,157,0.9666666666666667,0.9694444444444444,0.13116446137428284,0.12413499504327774,0.022089004019896163,0.02001205931107203,0.1251188963651657,0.9614002704620361,0.9555555555555556,0.021370543507772292,0.9562260977862138,0.1365462926646469,0.12306062060502314,0.9593215138017404,,0.9617391304347827
digits,0.6,Distill-S,9,168,0.9721254110336304,178.56794387102127,0.03397968903831816,0.9956521739130435,0.9616724848747253,189,0.9583333333333334,0.9638888888888889,0.11795618385076523,0.11698782444000244,0.020914067162407797,0.024005684836043217,0.114082932472229,0.9637346267700195,0.9666666666666667,0.015650857851557155,0.9643412184145528,0.11132659416872998,0.10235074296737753,0.9667866711733623,,0.9717391304347827
digits,0.7,Distill-S,9,212,0.9651567935943604,219.29616731405258,0.02846034696136701,0.9971014492753624,0.9686411023139954,233,0.9583333333333334,0.9583333333333334,0.14731565117835999,0.14823229610919952,0.01631371403733891,0.016450752483473847,0.12808287143707275,0.9570729732513428,0.9666666666666667,0.0190071253912999,0.9664240827901823,0.1049352963788862,0.09167990438421486,0.9704499031807057,,0.9710144927536232
digits,0.8,Distill-S,9,298,0.9477351903915405,274.79616762697697,0.05226480960845947,1.0,0.9477351903915405,300,0.9277777777777778,0.9305555555555556,0.2455800324678421,0.24949423968791962,0.03325397421916326,0.033702892727322006,0.13546967506408691,0.955765962600708,0.9638888888888889,0.014461797479242538,0.9684463536982125,0.09276211511303882,0.08162943622999813,0.9738144423370876,,0.9782608695652174
digits,0.2,Distill-S,10,104,0.9721254110336304,118.83972123265266,0.0326692933621614,0.9978260869565218,0.9651567935943604,125,0.9444444444444444,0.9527777777777777,0.1843843311071396,0.18460290133953094,0.02236334888471495,0.022813030249542617,0.18208253383636475,0.9423225522041321,0.9194444444444444,0.024170792727257983,0.9215393174731856,0.2359793898090554,0.21876207262595368,0.9291245439329342,,0.9380434782608695
digits,0.3,Distill-S,10,25,0.9651567935943604,42.38850179314613,0.01745190205781355,0.9826086956521739,0.9651567935943604,46,0.95,0.9472222222222222,0.1732098013162613,0.16937364637851715,0.023507049017482323,0.025396447049246852,0.191189706325531,0.9399675726890564,0.9416666666666667,0.0222552856527229,0.9405780880733791,0.1791910027052127,0.16715549247663541,0.9451064193598306,,0.9490683229813665
digits,0.4,Distill-S,10,38,0.9512194991111755,54.10627144575119,0.04008484871491147,0.991304347826087,0.9512194991111755,59,0.9388888888888889,0.9333333333333333,0.1919817179441452,0.19573576748371124,0.02795775325761899,0.026424582550922986,0.1624869406223297,0.9480286240577698,0.9472222222222222,0.021620882697050224,0.9493567481063969,0.15424148427236864,0.1309265589258371,0.9583610451271812,,0.9565217391304348
digits,0.5,Distill-S,10,58,0.9512194991111755,72.48954632878304,0.0453022400192592,0.9965217391304347,0.9512194991111755,79,0.9361111111111111,0.9416666666666667,0.1914582997560501,0.1946791559457779,0.025746785600980152,0.030653895851638607,0.13757964968681335,0.9541195631027222,0.9583333333333334,0.020633137052866783,0.956640760479268,0.1293500119368109,0.10595871848177656,0.9664843190895904,,0.96
digits,0.6,Distill-S,10,128,0.9616724848747253,138.49128828942776,0.03746399775795317,0.9956521739130435,0.9581881761550903,149,0.95,0.9416666666666667,0.18637703359127045,0.19894640147686005,0.02316734376880857,0.036514151758617865,0.12766066193580627,0.9567311406135559,0.9555555555555556,0.017861197395433712,0.9639936397140982,0.10890867786955213,0.08854221610614588,0.9735391462385125,,0.9782608695652174
digits,0.7,Distill-S,10,131,0.9442508816719055,138.74041970074177,0.05574911832809448,1.0,0.9442508816719055,152,0.9472222222222222,0.9472222222222222,0.20033830404281616,0.20043247938156128,0.02160193721453353,0.021299477501048006,0.1320931762456894,0.9577584266662598,0.9583333333333334,0.015441250087081509,0.9642062317979125,0.10898577584005385,0.10140802067840352,0.9688843838835925,,0.9710144927536232
digits,0.8,Distill-S,10,66,0.9407665729522705,75.2073175907135,0.05923342704772949,1.0,0.9407665729522705,87,0.9277777777777778,0.9305555555555556,0.22268399596214294,0.2193286418914795,0.01992259075244264,0.02929973759584958,0.213866725564003,0.9336106777191162,0.95,0.02622836976948355,0.9681762288112855,0.09570257739022713,0.07895493455013963,0.9768481883184628,,0.9739130434782609
digits,0.2,Distill-S,11,56,0.9512194991111755,71.62195068597794,0.03682397914969404,0.9880434782608696,0.9512194991111755,77,0.9666666666666667,0.9583333333333334,0.12156212329864502,0.12275674939155579,0.030312323653035683,0.026490202132198548,0.19105248153209686,0.9418649673461914,0.9277777777777778,0.022675167014392626,0.9191710349308835,0.24329888738832023,0.19889931932330226,0.9355008128173908,,0.9380434782608695
digits,0.3,Distill-S,11,53,0.9616724848747253,69.0540067255497,0.038085115770375544,0.9962732919254659,0.9581881761550903,74,0.9638888888888889,0.9611111111111111,0.10528925061225891,0.10597419738769531,0.033317035353846065,0.03180048656132489,0.16811391711235046,0.9472339153289795,0.9333333333333333,0.03439189359259447,0.937879211043024,0.19409750397798892,0.16149364600114632,0.9481823320948163,,0.9565217391304348
digits,0.4,Distill-S,11,91,0.9581881761550903,104.77003413438797,0.0360147223956343,0.9942028985507246,0.9581881761550903,112,0.9694444444444444,0.9722222222222222,0.10549581050872803,0.1090821772813797,0.03221401150027911,0.0223462112247944,0.14879468083381653,0.9520137310028076,0.9527777777777777,0.02286150309583578,0.9503668121327908,0.15078455174567687,0.12648594234754207,0.9578220581101268,,0.9521739130434783
digits,0.5,Distill-S,11,88,0.9581881761550903,102.09059242904186,0.041823979149694046,0.9930434782608696,0.9512194991111755,109,0.9694444444444444,0.9694444444444444,0.10863752663135529,0.10848470032215118,0.02051618190275298,0.01752530866199073,0.13024306297302246,0.9605497717857361,0.9666666666666667,0.02481271569389713,0.9578386354031778,0.1332196253614551,0.11497074030752401,0.9600909365184341,,0.9530434782608695
digits,0.6,Distill-S,11,135,0.9512194991111755,145.62369284033775,0.04356915743454648,0.991304347826087,0.9477351903915405,156,0.9694444444444444,0.9666666666666667,0.11457625776529312,0.11165555566549301,0.019761907474862193,0.012240595618883732,0.13191565871238708,0.959698498249054,0.9694444444444444,0.0155366452038971,0.960095131727556,0.12108409878089148,0.11157406825492158,0.9622850921522976,,0.9630434782608696
digits,0.7,Distill-S,11,53,0.9372822046279907,66.80139437317848,0.04415491542954375,0.9884057971014493,0.9442508816719055,74,0.9527777777777777,0.9555555555555556,0.16009892523288727,0.15732046961784363,0.022362712356779276,0.018372404409779452,0.19213630259037018,0.9418233036994934,0.9694444444444444,0.021684497763552895,0.9639908214446572,0.10732988896470184,0.09723433466110094,0.9660402639701442,,0.9623188405797102
digits,0.8,Distill-S,11,117,0.9407665729522705,125.52961865067482,0.05923342704772949,1.0,0.9407665729522705,138,0.9472222222222222,0.95,0.15867583453655243,0.15819600224494934,0.02052188528080781,0.021303192608886294,0.18340326845645905,0.9408185482025146,0.9805555555555555,0.02495775597933842,0.9680490034732538,0.0972543913132211,0.08962513629155593,0.9721671949090901,,0.9521739130434783
digits,0.2,Distill-S,12,47,0.9442508816719055,62.665505677461624,0.04139524439106812,0.9891304347826086,0.9477351903915405,68,0.9583333333333334,0.9583333333333334,0.12764513492584229,0.12600325047969818,0.017503031012084724,0.0198904087146123,0.15007734298706055,0.9522954225540161,0.9305555555555556,0.03164187231950956,0.9409302080676868,0.17402772938428954,0.19726995292952829,0.9365433074715626,,0.9445652173913044
digits,0.3,Distill-S,12,124,0.9547038078308105,136.5156784951687,0.029631862951361665,0.991304347826087,0.9616724848747253,145,0.9722222222222222,0.9777777777777777,0.09942825883626938,0.09026116132736206,0.017746374673313532,0.021047859970066314,0.11397524923086166,0.9626061320304871,0.9472222222222222,0.026724565990927714,0.9538830006520121,0.13904377891724493,0.14410761745245193,0.9531340176132554,,0.9465838509316771
digits,0.4,Distill-S,12,88,0.9581881761550903,101.91114896535873,0.0360147223956343,0.9942028985507246,0.9581881761550903,109,0.9666666666666667,0.9666666666666667,0.10765274614095688,0.10550107061862946,0.019246172904968262,0.01947458874848154,0.10232976078987122,0.9686557054519653,0.9444444444444444,0.02034713383606569,0.9610337443998889,0.11600589377392455,0.12116607618558786,0.9595473466758848,,0.9536231884057971
digits,0.5,Distill-S,12,67,0.9581881761550903,81.62543657422066,0.03311012382092682,0.9947826086956522,0.9616724848747253,88,0.9611111111111111,0.9638888888888889,0.14343465864658356,0.1396963894367218,0.02955131447977488,0.02632392363415823,0.10482153296470642,0.9686468243598938,0.95,0.01986457250490577,0.9631481275116525,0.10738176794361844,0.10752068986735228,0.9650718597110826,,0.9652173913043478
digits,0.6,Distill-S,12,63,0.9512194991111755,77.07839775085449,0.03963791080143142,0.9978260869565218,0.9581881761550903,84,0.9583333333333334,0.9555555555555556,0.15263265371322632,0.15176266431808472,0.01886705176697835,0.020682495170169405,0.11743111908435822,0.9626796245574951,0.9611111111111111,0.019411345937499717,0.9667819169211583,0.09357642995370888,0.09146583534081383,0.9698227532007805,,0.9652173913043478
digits,0.7,Distill-S,12,140,0.9547038078308105,148.16376313567162,0.042397641444551826,0.9971014492753624,0.9547038078308105,161,0.9611111111111111,0.9611111111111111,0.18628892302513123,0.18143516778945923,0.02428695509831108,0.014776365955670636,0.09419197589159012,0.973308801651001,0.9694444444444444,0.02285087358581743,0.9698256731306976,0.08548927316746692,0.09243049938637761,0.9686436718064794,,0.9710144927536232
digits,0.8,Distill-S,12,249,0.9337978959083557,243.81707196682692,0.06185427800468779,0.9956521739130435,0.9337978959083557,270,0.9527777777777777,0.9527777777777777,0.17916899919509888,0.17515261471271515,0.021007277237044437,0.026268738508224445,0.11048468202352524,0.9664605259895325,0.9638888888888889,0.014812258129360309,0.9696876606098652,0.0836285197960118,0.09837344538977442,0.9661519945259062,,0.9652173913043478
digits,0.2,Distill-S,13,27,0.9581881761550903,44.04878021776676,0.02419708034266599,0.9858695652173913,0.9616724848747253,48,0.9444444444444444,0.9527777777777777,0.15976227819919586,0.15200896561145782,0.027784221453799142,0.034671815733114876,0.23563580214977264,0.9248718023300171,0.9194444444444444,0.0363076886363807,0.9300001495123575,0.22347021559181263,0.22281934697233405,0.9299301513958717,,0.9282608695652174
digits,0.3,Distill-S,13,56,0.9616724848747253,72.16899010539055,0.03335857102589579,0.9950310559006211,0.9616724848747253,77,0.9472222222222222,0.9527777777777777,0.14181175827980042,0.14000661671161652,0.025476938734451927,0.022100750605265305,0.17934860289096832,0.9417902827262878,0.9416666666666667,0.026516578226786016,0.9418386066958425,0.18009108747540167,0.17202435934134025,0.9440850006843722,,0.9354037267080745
digits,0.4,Distill-S,13,22,0.9790940880775452,39.4860624819994,0.027011071599048142,0.9956521739130435,0.9686411023139954,43,0.9416666666666667,0.9527777777777777,0.14814813435077667,0.13351981341838837,0.04139795038435194,0.029336088067955436,0.2189006805419922,0.9308246374130249,0.9472222222222222,0.03442506838743038,0.9517841392534777,0.14978731330926998,0.1461603636539501,0.9520437522374409,,0.9608695652173913
digits,0.5,Distill-S,13,57,0.9651567935943604,72.67421589791775,0.02788668466650923,0.9930434782608696,0.9651567935943604,78,0.9527777777777777,0.9555555555555556,0.13745181262493134,0.13063755631446838,0.017441108740038354,0.017309421052535405,0.15745893120765686,0.9506435990333557,0.9638888888888889,0.009758670352970178,0.960540464239412,0.127383568368166,0.13614373040959654,0.9546396567050587,,0.9617391304347827
digits,0.6,Distill-S,13,111,0.9721254110336304,124.39721138775349,0.028321467275204903,0.9934782608695653,0.9651567935943604,132,0.95,0.95,0.14750446379184723,0.1452094465494156,0.018672193586826293,0.020927138626575498,0.1336888074874878,0.9572697877883911,0.9638888888888889,0.02300422159580734,0.9659672161255464,0.10891157115714466,0.1215248594602722,0.9603735793292851,,0.9695652173913043
digits,0.7,Distill-S,13,106,0.9651567935943604,118.3013930246234,0.02846034696136701,0.9971014492753624,0.9686411023139954,127,0.9527777777777777,0.9527777777777777,0.16331663727760315,0.16138379275798798,0.020982779231336353,0.021224720610512633,0.13827554881572723,0.9536839723587036,0.9666666666666667,0.019961298315452382,0.9680447900562617,0.10058537737467216,0.07835055287223897,0.9764595795805682,,0.9884057971014493
digits,0.8,Distill-S,13,235,0.9547038078308105,237.09756076335907,0.04529619216918945,1.0,0.9547038078308105,256,0.9333333333333333,0.9333333333333333,0.17230509221553802,0.16896341741085052,0.027718073957496175,0.0350660869230827,0.14883573353290558,0.9477875828742981,0.9611111111111111,0.019873568624699373,0.9670279833291991,0.0970432471223843,0.06861768576268144,0.9805337131612113,,0.991304347826087
digits,0.2,Distill-S,14,30,0.9407665729522705,46.04703810811043,0.03902819104816602,0.9728260869565217,0.9337978959083557,51,0.95,0.9472222222222222,0.19598981738090515,0.19329065084457397,0.018115982744428865,0.026439966758092227,0.19960971176624298,0.935589611530304,0.9055555555555556,0.040465483484260725,0.9257525810130086,0.22108206249594042,0.22829881644447386,0.9244050054840341,,0.9228260869565217
digits,0.3,Distill-S,14,31,0.9512194991111755,47.1724736392498,0.046568727049027925,0.9838509316770186,0.9372822046279907,52,0.9472222222222222,0.9472222222222222,0.2209160327911377,0.20815908908843994,0.028524091674221902,0.015736974527438448,0.1675816923379898,0.9463209509849548,0.9305555555555556,0.02926619473201973,0.9437408456139622,0.17254294079391855,0.17254369519482382,0.9451297367851021,,0.9428571428571428
digits,0.4,Distill-S,14,114,0.9651567935943604,127.27526192367077,0.031666896308677805,0.9898550724637681,0.9581881761550903,135,0.9583333333333334,0.9583333333333334,0.16229666769504547,0.16717468202114105,0.017861393921905076,0.01801980369620851,0.11860281974077225,0.9620052576065063,0.95,0.018066890266788663,0.9514814330451812,0.1424538052337039,0.1290305023692478,0.9603070353089214,,0.946376811594203
digits,0.5,Distill-S,14,106,0.9616724848747253,118.87804925441742,0.033116171670996675,0.991304347826087,0.9581881761550903,127,0.9611111111111111,0.9638888888888889,0.1717546284198761,0.1708114594221115,0.016157121087114045,0.0192909919139412,0.11851463466882706,0.9618150591850281,0.9611111111111111,0.019177712723398795,0.9601463291156374,0.1227960790539844,0.11282334799462965,0.9644527292765934,,0.9495652173913044
digits,0.6,Distill-S,14,125,0.9512194991111755,133.98083560168743,0.046606587845346215,0.9978260869565218,0.9512194991111755,146,0.9472222222222222,0.9555555555555556,0.21128855645656586,0.21216928958892822,0.029111599094337873,0.025210934794611388,0.11971104145050049,0.960023045539856,0.9583333333333334,0.02490358707160554,0.9653637567415428,0.10662722264157985,0.09051036813488574,0.9682528421811212,,0.9652173913043478
digits,0.7,Distill-S,14,184,0.9442508816719055,187.0487811267376,0.053436325598454126,0.9942028985507246,0.9407665729522705,205,0.9472222222222222,0.95,0.2211788147687912,0.2305275797843933,0.02332964084214639,0.020609455390109003,0.13071000576019287,0.9560209512710571,0.9611111111111111,0.02454788955080267,0.967358828496037,0.10582272556651826,0.09842458651390595,0.9659973673906326,,0.9478260869565217
digits,0.8,Distill-S,14,124,0.9094076752662659,126.28223006427288,0.08276018992714262,0.9956521739130435,0.9128919839859009,145,0.9416666666666667,0.9333333333333333,0.2633174955844879,0.27833133935928345,0.026813652200831276,0.031330136499471146,0.15772372484207153,0.9451727867126465,0.9666666666666667,0.016207490991051364,0.9704675429311099,0.09169876228612181,0.09174289311248299,0.9658979807809168,,0.9608695652173913
digits,0.2,Distill-S,15,66,0.9512194991111755,80.87979054450989,0.03465006610621579,0.9858695652173913,0.9512194991111755,87,0.9555555555555556,0.9527777777777777,0.14649590849876404,0.1480960100889206,0.031083770096302032,0.022442388948467056,0.18654145300388336,0.9439141154289246,0.9333333333333333,0.033713866019950765,0.9260405785756222,0.22826234914828408,0.2584617379853196,0.917392475235418,,0.9130434782608695
digits,0.3,Distill-S,15,27,0.9616724848747253,44.191638216376305,0.033116171670996675,0.991304347826087,0.9581881761550903,48,0.9666666666666667,0.9583333333333334,0.11710764467716217,0.12423022836446762,0.02948429062962532,0.027448085447152437,0.1776915192604065,0.9465031027793884,0.9416666666666667,0.016188102929255162,0.9448150293210514,0.17197352734362298,0.20469361342036152,0.9317209753517235,,0.9391304347826087
digits,0.4,Distill-S,15,111,0.9721254110336304,125.555748462677,0.024112520874410404,0.9927536231884058,0.9686411023139954,132,0.9722222222222222,0.9666666666666667,0.11102131754159927,0.11090898513793945,0.013756586280133992,0.020764405611488557,0.11617136001586914,0.9640663266181946,0.9555555555555556,0.018738917756353952,0.9583950423190428,0.12775287893659745,0.14932768035220045,0.9518987035781944,,0.9405797101449276
digits,0.5,Distill-S,15,71,0.9686411023139954,86.67073078453541,0.027880636816439375,0.9965217391304347,0.9686411023139954,92,0.9722222222222222,0.9722222222222222,0.09967778623104095,0.10028520971536636,0.01811345103714203,0.01775748208165169,0.12137118726968765,0.9615989923477173,0.9666666666666667,0.017156839921319826,0.9647216280436836,0.10839709629250878,0.12506620359430165,0.9589058116566546,,0.9582608695652174
digits,0.6,Distill-S,15,165,0.9721254110336304,177.4756073653698,0.030495380318683152,0.9956521739130435,0.9651567935943604,186,0.9694444444444444,0.9666666666666667,0.09779385477304459,0.0993422418832779,0.017673508905702198,0.015148394306500753,0.09980615973472595,0.9686340093612671,0.9694444444444444,0.016722515425985046,0.9692871821079111,0.09094515592402216,0.10885183284687347,0.9650251691453254,,0.9695652173913043
digits,0.7,Distill-S,15,202,0.9616724848747253,210.4494779855013,0.03542896440063703,0.9971014492753624,0.9616724848747253,223,0.9638888888888889,0.9611111111111111,0.11123473942279816,0.10991869121789932,0.025858148270183144,0.019132391115029637,0.10885073244571686,0.9656434655189514,0.9777777777777777,0.015043128973148261,0.9738920373908557,0.07936842919628936,0.07840568615039024,0.9774841027210422,,0.9739130434782609
digits,0.8,Distill-S,15,237,0.9581881761550903,240.39024018496275,0.040948366082232956,0.9956521739130435,0.9547038078308105,258,0.9527777777777777,0.9527777777777777,0.14564454555511475,0.14532391726970673,0.02443983455499014,0.016198659522665877,0.12615734338760376,0.9589341878890991,0.975,0.013863096790280978,0.9759527235585972,0.07037082275971043,0.08383048446751076,0.9743265634597759,,0.9739130434782609
digits,0.2,Distill-S,16,51,0.9372822046279907,65.57491245865822,0.04532649102418318,0.9826086956521739,0.9372822046279907,72,0.95,0.9444444444444444,0.12320516258478165,0.1340014785528183,0.03474829519788424,0.033613677736785676,0.19478195905685425,0.9388801455497742,0.9222222222222223,0.03889318364838532,0.923122397799403,0.2407970470023836,0.24451699107575378,0.9197285465211957,,0.9119565217391304
digits,0.3,Distill-S,16,45,0.9512194991111755,60.94424983859062,0.03435840769584131,0.9925465838509316,0.9581881761550903,66,0.9638888888888889,0.9638888888888889,0.10207241773605347,0.09968876093626022,0.025424978302584757,0.03211490081416236,0.15680333971977234,0.9496763348579407,0.9583333333333334,0.03578475209698985,0.9409689890118396,0.18161333706093355,0.19342896356813605,0.9380677795310536,,0.9341614906832298
digits,0.4,Distill-S,16,51,0.9616724848747253,66.5905921459198,0.028182587589042796,0.9898550724637681,0.9616724848747253,72,0.9638888888888889,0.9666666666666667,0.10117174685001373,0.09711189568042755,0.022315506554312185,0.02556221816274859,0.14704805612564087,0.9519423842430115,0.9611111111111111,0.01908328222094778,0.948957959130026,0.15237762579781322,0.16597173890589825,0.9459313640133719,,0.9594202898550724
digits,0.5,Distill-S,16,78,0.9651567935943604,93.10278683900833,0.03659443254056183,0.9947826086956522,0.9581881761550903,99,0.9638888888888889,0.9666666666666667,0.10466452687978745,0.10197313129901886,0.015558873116970039,0.021759849041700398,0.1291290819644928,0.9572374820709229,0.9694444444444444,0.01903831723230965,0.9615172242943013,0.12292019213622053,0.14607418902486174,0.9511171011389499,,0.9460869565217391
digits,0.6,Distill-S,16,69,0.9616724848747253,83.43205647170544,0.03180577599483991,0.9934782608695653,0.9616724848747253,90,0.9527777777777777,0.9583333333333334,0.11265251040458679,0.10802203416824341,0.016417825718720767,0.01204219617777397,0.1280110627412796,0.9576746821403503,0.975,0.021652200891838707,0.9653034709563489,0.10236972534395214,0.10142624869416887,0.9684520362056663,,0.9804347826086957
digits,0.7,Distill-S,16,146,0.9581881761550903,155.43031312525272,0.04181182384490967,1.0,0.9581881761550903,167,0.9583333333333334,0.9611111111111111,0.12607023119926453,0.12556639313697815,0.02228409118122526,0.024492156753937407,0.12486493587493896,0.9571151733398438,0.9777777777777777,0.017534881514285,0.9673521759774991,0.0969519967354138,0.10395554996305455,0.9681471349909899,,0.9681159420289855
digits,0.8,Distill-S,16,235,0.9407665729522705,232.02264826744795,0.044432674801867966,0.9956521739130435,0.9512194991111755,256,0.9388888888888889,0.9416666666666667,0.17195677757263184,0.16002732515335083,0.023115270336469044,0.016230846610334197,0.1566484272480011,0.9483747482299805,0.9777777777777777,0.015474381777561273,0.9683865339112777,0.09084483471187206,0.08026810224427959,0.9757059224487918,,0.9695652173913043
digits,0.2,Distill-S,17,57,0.9477351903915405,71.29616656899452,0.04836386183033814,0.9891304347826086,0.9407665729522705,78,0.9694444444444444,0.9722222222222222,0.10254526883363724,0.0998564213514328,0.03233553386396833,0.031881670819388495,0.16727052628993988,0.9479133486747742,0.9472222222222222,0.03680028546095453,0.9371333031940765,0.19225342818869662,0.17496850466225755,0.9444615143234886,,0.9304347826086956
digits,0.3,Distill-S,17,69,0.9477351903915405,83.55052211880684,0.04605362948423586,0.9937888198757764,0.9477351903915405,90,0.9638888888888889,0.9638888888888889,0.1220378428697586,0.12606550753116608,0.03321541133854125,0.025487726512882468,0.15037696063518524,0.9537307620048523,0.9527777777777777,0.02661426045582334,0.952613107766676,0.15233050489327887,0.14692278207343118,0.9525830715277129,,0.9577639751552796
digits,0.4,Distill-S,17,198,0.9651567935943604,206.45121946930885,0.03397968903831816,0.9956521739130435,0.9616724848747253,219,0.9722222222222222,0.975,0.1030224934220314,0.09821317344903946,0.02311280320088069,0.021483211550447683,0.11932721734046936,0.9626465439796448,0.9611111111111111,0.018015731933580477,0.9580862133536291,0.12821367359565575,0.11719810865200606,0.9617686998416312,,0.9652173913043478
digits,0.5,Distill-S,17,207,0.9547038078308105,213.44250796735287,0.04007269341012709,0.9982608695652174,0.9581881761550903,228,0.9555555555555556,0.9555555555555556,0.14317531883716583,0.13746508955955505,0.013118109852075548,0.01959791324204866,0.12323048710823059,0.9584665894508362,0.9638888888888889,0.01711765890570574,0.9567409513996754,0.12398100596935507,0.099532224449013,0.9670928458680267,,0.9669565217391304
digits,0.6,Distill-S,17,144,0.9442508816719055,153.5749123096466,0.047916983521502976,0.9956521739130435,0.9477351903915405,165,0.9611111111111111,0.9444444444444444,0.16749081015586853,0.17297901213169098,0.01798237429724799,0.024574225064780984,0.12407442927360535,0.956618070602417,0.9694444444444444,0.014944232683267123,0.9639769085889296,0.10742653530248325,0.08264177365511179,0.9725007581880695,,0.9717391304347827
digits,0.7,Distill-S,17,263,0.9442508816719055,263.9773544818163,0.05574911832809448,1.0,0.9442508816719055,284,0.9527777777777777,0.9472222222222222,0.2103436291217804,0.2100057452917099,0.019810168445110323,0.02669127856691679,0.12600013613700867,0.9579166173934937,0.9722222222222222,0.02513931264276339,0.9602203790700874,0.11158450560015921,0.08365099291651906,0.9713280552099238,,0.9855072463768116
digits,0.8,Distill-S,17,254,0.9233449697494507,249.3954711779952,0.0731707215309143,1.0,0.9268292784690857,275,0.9333333333333333,0.9361111111111111,0.2579846978187561,0.2577354311943054,0.019494546287589565,0.025508443348937523,0.1554127335548401,0.9470459222793579,0.9805555555555555,0.01549824352242236,0.9688345388172959,0.09451198298118307,0.059683677442850636,0.9806610818894964,,0.9826086956521739
digits,0.2,Distill-S,18,121,0.9651567935943604,135.12195044755936,0.019178936792456636,0.991304347826087,0.9721254110336304,142,0.9555555555555556,0.9583333333333334,0.14996813237667084,0.15552817285060883,0.03722817939188743,0.025284804734918814,0.18459142744541168,0.9416893720626831,0.9083333333333333,0.03539919001442002,0.925140860609565,0.22810360196871346,0.19385120792768254,0.9394963470509426,,0.9445652173913044
digits,0.3,Distill-S,18,114,0.9721254110336304,128.66550371050835,0.014209992693077655,0.986335403726708,0.9721254110336304,135,0.9638888888888889,0.9638888888888889,0.13240668177604675,0.12676849961280823,0.02867415605319867,0.022722589390145372,0.16940228641033173,0.9460592269897461,0.9277777777777778,0.020396406371311352,0.9377905395955668,0.19258120896960754,0.181428937236301,0.9442883171408297,,0.9515527950310559
digits,0.4,Distill-S,18,79,0.9651567935943604,94.21777060627937,0.03397968903831816,0.9956521739130435,0.9616724848747253,100,0.9722222222222222,0.9694444444444444,0.14012883603572845,0.14358052611351013,0.024300909663240087,0.029382617730233377,0.15378762781620026,0.9479213356971741,0.9277777777777778,0.033166692449764223,0.9423380965377488,0.1685931448540618,0.1457472916598648,0.9547986522379566,,0.9565217391304348
digits,0.5,Distill-S,18,108,0.9756097793579102,122.47909289598465,0.02265719766202179,0.9947826086956522,0.9721254110336304,129,0.9638888888888889,0.9611111111111111,0.1365501433610916,0.13632193207740784,0.02012296600474249,0.022630423390203033,0.14124588668346405,0.9495308995246887,0.9388888888888889,0.029031865430269994,0.9484912282719192,0.15088433764098835,0.133058695325942,0.956018974322925,,0.951304347826087
digits,0.6,Distill-S,18,198,0.9721254110336304,207.8763061016798,0.024837158555569894,0.9934782608695653,0.9686411023139954,219,0.9583333333333334,0.9472222222222222,0.14400501549243927,0.14510101079940796,0.022954426291916075,0.025707061092058843,0.12755487859249115,0.9563992023468018,0.9527777777777777,0.014737335553347507,0.9598234068339319,0.12478139233844113,0.10991980723267485,0.9620749986469078,,0.9586956521739131
digits,0.7,Distill-S,18,156,0.9547038078308105,164.1672471910715,0.03370198927063872,0.9884057971014493,0.9547038078308105,177,0.95,0.9416666666666667,0.1806042492389679,0.17786216735839844,0.012360067913929606,0.017514417154921396,0.13635079562664032,0.9542999267578125,0.9583333333333334,0.020954124595064474,0.9600850237188508,0.12459717911101352,0.10862841212906685,0.9624568585696204,,0.9507246376811594
digits,0.8,Distill-S,18,280,0.9512194991111755,277.9756102487445,0.040948366082232956,0.9956521739130435,0.9547038078308105,300,0.9527777777777777,0.95,0.21676689386367798,0.20868445932865143,0.025302186277177563,0.02079233005642894,0.13097362220287323,0.9561740159988403,0.9638888888888889,0.02543269491234001,0.9667626117886111,0.10277669765531551,0.08980120360502356,0.9682552204033085,,0.9652173913043478
digits,0.2,Distill-S,19,28,0.9581881761550903,45.19338008761406,0.03551358347353728,0.9902173913043478,0.9547038078308105,49,0.9361111111111111,0.9388888888888889,0.19114483892917633,0.19460542500019073,0.026037113534079667,0.017546133365896034,0.19954177737236023,0.9351065754890442,0.9305555555555556,0.027416631916826452,0.9268826253680729,0.22382277600279457,0.21729480231789144,0.9305668855390247,,0.9391304347826087
digits,0.3,Distill-S,19,79,0.9686411023139954,94.13588953018188,0.043811556789445594,0.9950310559006211,0.9512194991111755,100,0.9444444444444444,0.9388888888888889,0.16312359273433685,0.1583915650844574,0.017195515748527342,0.0309276558458805,0.15857002139091492,0.9467222690582275,0.9222222222222223,0.0329065372715978,0.9423793301813987,0.1782393607535349,0.1688357783371833,0.946609839842629,,0.9465838509316771
digits,0.4,Distill-S,19,86,0.9547038078308105,100.25435498356819,0.03515126463295759,0.9898550724637681,0.9547038078308105,107,0.9527777777777777,0.9444444444444444,0.154735267162323,0.15765249729156494,0.019323161575529275,0.0296984408464697,0.14984703063964844,0.9491817951202393,0.9305555555555556,0.02374910571338497,0.9461488547631325,0.15585366905595485,0.1515477047546261,0.9514922589573708,,0.946376811594203
digits,0.5,Distill-S,19,161,0.9581881761550903,171.49128991365433,0.038333562975344404,0.9965217391304347,0.9581881761550903,182,0.9555555555555556,0.95,0.14188019931316376,0.14474646747112274,0.0170633094178306,0.024035430451234227,0.13551507890224457,0.9558359980583191,0.9472222222222222,0.016848122794552597,0.9527349354185572,0.13999051823354833,0.13948621159942448,0.9558237425714782,,0.9617391304347827
digits,0.6,Distill-S,19,89,0.9651567935943604,102.1916372179985,0.026147554231726655,0.991304347826087,0.9651567935943604,110,0.95,0.9527777777777777,0.16633813083171844,0.1664155125617981,0.019713173185785582,0.017041724485655625,0.13805028796195984,0.9537370204925537,0.9527777777777777,0.03464693029661021,0.958042717913665,0.12368208571060316,0.12154095750108111,0.9606932784926416,,0.9652173913043478
digits,0.7,Distill-S,19,118,0.9442508816719055,127.66550709307194,0.056334876323091865,0.9971014492753624,0.9407665729522705,139,0.9416666666666667,0.9416666666666667,0.18649345636367798,0.1854436844587326,0.013308757088250573,0.01752378665324712,0.15319304168224335,0.9465567469596863,0.95,0.022924108518348606,0.9591149594752807,0.11940316314570482,0.12610712188446435,0.958767944040592,,0.9565217391304348
digits,0.8,Distill-S,19,179,0.9372822046279907,182.1010421216488,0.05836996928505278,0.9956521739130435,0.9372822046279907,200,0.9444444444444444,0.9444444444444444,0.21570737659931183,0.2148418426513672,0.02389714167349869,0.03432964024444422,0.16319504380226135,0.9457563757896423,0.95,0.03363352657162326,0.966629928109358,0.0932538637426921,0.10402244249985007,0.9646916090408235,,0.9565217391304348
glass,0.2,Baseline-Full,0,54,0.6176470518112183,43.279412396252155,0.17754402082331855,0.8540145985401459,0.6764705777168274,75,0.5581395348837209,0.5813953488372093,1.257967233657837,1.2554795742034912,0.1566009521484375,0.19611633101174997,0.8103248476982117,0.6635835766792297,,,,,,,,
glass,0.3,Baseline-Full,0,54,0.6176470518112183,43.279412396252155,0.17754402082331855,0.8540145985401459,0.6764705777168274,75,0.5581395348837209,0.5813953488372093,1.257967233657837,1.2554795742034912,0.1566009521484375,0.19611633101174997,0.8103248476982117,0.6635835766792297,,,,,,,,
glass,0.4,Baseline-Full,0,54,0.6176470518112183,43.279412396252155,0.17754402082331855,0.8540145985401459,0.6764705777168274,75,0.5581395348837209,0.5813953488372093,1.257967233657837,1.2554795742034912,0.1566009521484375,0.19611633101174997,0.8103248476982117,0.6635835766792297,,,,,,,,
glass,0.5,Baseline-Full,0,54,0.6176470518112183,43.279412396252155,0.17754402082331855,0.8540145985401459,0.6764705777168274,75,0.5581395348837209,0.5813953488372093,1.257967233657837,1.2554795742034912,0.1566009521484375,0.19611633101174997,0.8103248476982117,0.6635835766792297,,,,,,,,
glass,0.6,Baseline-Full,0,54,0.6176470518112183,43.279412396252155,0.17754402082331855,0.8540145985401459,0.6764705777168274,75,0.5581395348837209,0.5813953488372093,1.257967233657837,1.2554795742034912,0.1566009521484375,0.19611633101174997,0.8103248476982117,0.6635835766792297,,,,,,,,
glass,0.7,Baseline-Full,0,54,0.6176470518112183,43.279412396252155,0.17754402082331855,0.8540145985401459,0.6764705777168274,75,0.5581395348837209,0.5813953488372093,1.257967233657837,1.2554795742034912,0.1566009521484375,0.19611633101174997,0.8103248476982117,0.6635835766792297,,,,,,,,
glass,0.8,Baseline-Full,0,54,0.6176470518112183,43.279412396252155,0.17754402082331855,0.8540145985401459,0.6764705777168274,75,0.5581395348837209,0.5813953488372093,1.257967233657837,1.2554795742034912,0.1566009521484375,0.19611633101174997,0.8103248476982117,0.6635835766792297,,,,,,,,
glass,0.2,Baseline-Full,1,54,0.6470588445663452,46.76470633596182,0.1410476704583551,0.8175182481751825,0.6764705777168274,75,0.7209302325581395,0.7441860465116279,0.8628185987472534,0.8961650133132935,0.18261572510697122,0.18666982789372288,0.8147688508033752,0.6741803884506226,,,,,,,,
glass,0.3,Baseline-Full,1,54,0.6470588445663452,46.76470633596182,0.1410476704583551,0.8175182481751825,0.6764705777168274,75,0.7209302325581395,0.7441860465116279,0.8628185987472534,0.8961650133132935,0.18261572510697122,0.18666982789372288,0.8147688508033752,0.6741803884506226,,,,,,,,
glass,0.4,Baseline-Full,1,54,0.6470588445663452,46.76470633596182,0.1410476704583551,0.8175182481751825,0.6764705777168274,75,0.7209302325581395,0.7441860465116279,0.8628185987472534,0.8961650133132935,0.18261572510697122,0.18666982789372288,0.8147688508033752,0.6741803884506226,,,,,,,,
glass,0.5,Baseline-Full,1,54,0.6470588445663452,46.76470633596182,0.1410476704583551,0.8175182481751825,0.6764705777168274,75,0.7209302325581395,0.7441860465116279,0.8628185987472534,0.8961650133132935,0.18261572510697122,0.18666982789372288,0.8147688508033752,0.6741803884506226,,,,,,,,
glass,0.6,Baseline-Full,1,54,0.6470588445663452,46.76470633596182,0.1410476704583551,0.8175182481751825,0.6764705777168274,75,0.7209302325581395,0.7441860465116279,0.8628185987472534,0.8961650133132935,0.18261572510697122,0.18666982789372288,0.8147688508033752,0.6741803884506226,,,,,,,,
glass,0.7,Baseline-Full,1,54,0.6470588445663452,46.76470633596182,0.1410476704583551,0.8175182481751825,0.6764705777168274,75,0.7209302325581395,0.7441860465116279,0.8628185987472534,0.8961650133132935,0.18261572510697122,0.18666982789372288,0.8147688508033752,0.6741803884506226,,,,,,,,
glass,0.8,Baseline-Full,1,54,0.6470588445663452,46.76470633596182,0.1410476704583551,0.8175182481751825,0.6764705777168274,75,0.7209302325581395,0.7441860465116279,0.8628185987472534,0.8961650133132935,0.18261572510697122,0.18666982789372288,0.8147688508033752,0.6741803884506226,,,,,,,,
glass,0.2,Baseline-Full,2,176,0.7941176295280457,140.5588229894638,0.1693860201069909,0.9635036496350365,0.7941176295280457,197,0.7209302325581395,0.6976744186046512,1.1904537677764893,1.2891297340393066,0.16893691171047298,0.16770872612332188,0.4390905499458313,0.8246152400970459,,,,,,,,
glass,0.3,Baseline-Full,2,176,0.7941176295280457,140.5588229894638,0.1693860201069909,0.9635036496350365,0.7941176295280457,197,0.7209302325581395,0.6976744186046512,1.1904537677764893,1.2891297340393066,0.16893691171047298,0.16770872612332188,0.4390905499458313,0.8246152400970459,,,,,,,,
glass,0.4,Baseline-Full,2,176,0.7941176295280457,140.5588229894638,0.1693860201069909,0.9635036496350365,0.7941176295280457,197,0.7209302325581395,0.6976744186046512,1.1904537677764893,1.2891297340393066,0.16893691171047298,0.16770872612332188,0.4390905499458313,0.8246152400970459,,,,,,,,
glass,0.5,Baseline-Full,2,176,0.7941176295280457,140.5588229894638,0.1693860201069909,0.9635036496350365,0.7941176295280457,197,0.7209302325581395,0.6976744186046512,1.1904537677764893,1.2891297340393066,0.16893691171047298,0.16770872612332188,0.4390905499458313,0.8246152400970459,,,,,,,,
glass,0.6,Baseline-Full,2,176,0.7941176295280457,140.5588229894638,0.1693860201069909,0.9635036496350365,0.7941176295280457,197,0.7209302325581395,0.6976744186046512,1.1904537677764893,1.2891297340393066,0.16893691171047298,0.16770872612332188,0.4390905499458313,0.8246152400970459,,,,,,,,
glass,0.7,Baseline-Full,2,176,0.7941176295280457,140.5588229894638,0.1693860201069909,0.9635036496350365,0.7941176295280457,197,0.7209302325581395,0.6976744186046512,1.1904537677764893,1.2891297340393066,0.16893691171047298,0.16770872612332188,0.4390905499458313,0.8246152400970459,,,,,,,,
glass,0.8,Baseline-Full,2,176,0.7941176295280457,140.5588229894638,0.1693860201069909,0.9635036496350365,0.7941176295280457,197,0.7209302325581395,0.6976744186046512,1.1904537677764893,1.2891297340393066,0.16893691171047298,0.16770872612332188,0.4390905499458313,0.8246152400970459,,,,,,,,
glass,0.2,Baseline-Full,3,201,0.5882353186607361,128.60294366255403,0.3314727105363442,0.9197080291970803,0.5882353186607361,222,0.7441860465116279,0.7441860465116279,1.1483654975891113,1.219337821006775,0.18844746018564976,0.21453008748764213,0.3548537492752075,0.8711420297622681,,,,,,,,
glass,0.3,Baseline-Full,3,201,0.5882353186607361,128.60294366255403,0.3314727105363442,0.9197080291970803,0.5882353186607361,222,0.7441860465116279,0.7441860465116279,1.1483654975891113,1.219337821006775,0.18844746018564976,0.21453008748764213,0.3548537492752075,0.8711420297622681,,,,,,,,
glass,0.4,Baseline-Full,3,201,0.5882353186607361,128.60294366255403,0.3314727105363442,0.9197080291970803,0.5882353186607361,222,0.7441860465116279,0.7441860465116279,1.1483654975891113,1.219337821006775,0.18844746018564976,0.21453008748764213,0.3548537492752075,0.8711420297622681,,,,,,,,
glass,0.5,Baseline-Full,3,201,0.5882353186607361,128.60294366255403,0.3314727105363442,0.9197080291970803,0.5882353186607361,222,0.7441860465116279,0.7441860465116279,1.1483654975891113,1.219337821006775,0.18844746018564976,0.21453008748764213,0.3548537492752075,0.8711420297622681,,,,,,,,
glass,0.6,Baseline-Full,3,201,0.5882353186607361,128.60294366255403,0.3314727105363442,0.9197080291970803,0.5882353186607361,222,0.7441860465116279,0.7441860465116279,1.1483654975891113,1.219337821006775,0.18844746018564976,0.21453008748764213,0.3548537492752075,0.8711420297622681,,,,,,,,
glass,0.7,Baseline-Full,3,201,0.5882353186607361,128.60294366255403,0.3314727105363442,0.9197080291970803,0.5882353186607361,222,0.7441860465116279,0.7441860465116279,1.1483654975891113,1.219337821006775,0.18844746018564976,0.21453008748764213,0.3548537492752075,0.8711420297622681,,,,,,,,
glass,0.8,Baseline-Full,3,201,0.5882353186607361,128.60294366255403,0.3314727105363442,0.9197080291970803,0.5882353186607361,222,0.7441860465116279,0.7441860465116279,1.1483654975891113,1.219337821006775,0.18844746018564976,0.21453008748764213,0.3548537492752075,0.8711420297622681,,,,,,,,
glass,0.2,Baseline-Full,4,33,0.6470588445663452,31.279412269592285,0.10433660763023545,0.8102189781021898,0.7058823704719543,54,0.7209302325581395,0.6744186046511628,0.921588659286499,0.9299354553222656,0.19901757323464683,0.18344816288282706,0.8645592331886292,0.6822219491004944,,,,,,,,
glass,0.3,Baseline-Full,4,33,0.6470588445663452,31.279412269592285,0.10433660763023545,0.8102189781021898,0.7058823704719543,54,0.7209302325581395,0.6744186046511628,0.921588659286499,0.9299354553222656,0.19901757323464683,0.18344816288282706,0.8645592331886292,0.6822219491004944,,,,,,,,
glass,0.4,Baseline-Full,4,33,0.6470588445663452,31.279412269592285,0.10433660763023545,0.8102189781021898,0.7058823704719543,54,0.7209302325581395,0.6744186046511628,0.921588659286499,0.9299354553222656,0.19901757323464683,0.18344816288282706,0.8645592331886292,0.6822219491004944,,,,,,,,
glass,0.5,Baseline-Full,4,33,0.6470588445663452,31.279412269592285,0.10433660763023545,0.8102189781021898,0.7058823704719543,54,0.7209302325581395,0.6744186046511628,0.921588659286499,0.9299354553222656,0.19901757323464683,0.18344816288282706,0.8645592331886292,0.6822219491004944,,,,,,,,
glass,0.6,Baseline-Full,4,33,0.6470588445663452,31.279412269592285,0.10433660763023545,0.8102189781021898,0.7058823704719543,54,0.7209302325581395,0.6744186046511628,0.921588659286499,0.9299354553222656,0.19901757323464683,0.18344816288282706,0.8645592331886292,0.6822219491004944,,,,,,,,
glass,0.7,Baseline-Full,4,33,0.6470588445663452,31.279412269592285,0.10433660763023545,0.8102189781021898,0.7058823704719543,54,0.7209302325581395,0.6744186046511628,0.921588659286499,0.9299354553222656,0.19901757323464683,0.18344816288282706,0.8645592331886292,0.6822219491004944,,,,,,,,
glass,0.8,Baseline-Full,4,33,0.6470588445663452,31.279412269592285,0.10433660763023545,0.8102189781021898,0.7058823704719543,54,0.7209302325581395,0.6744186046511628,0.921588659286499,0.9299354553222656,0.19901757323464683,0.18344816288282706,0.8645592331886292,0.6822219491004944,,,,,,,,
glass,0.2,Baseline-Full,5,44,0.6470588445663452,34.838235788047314,0.1264491303123697,0.8029197080291971,0.6764705777168274,65,0.7441860465116279,0.6976744186046512,0.667163074016571,0.6395381689071655,0.20266248597655184,0.09857428836268048,0.7944063544273376,0.684663712978363,,,,,,,,
glass,0.3,Baseline-Full,5,44,0.6470588445663452,34.838235788047314,0.1264491303123697,0.8029197080291971,0.6764705777168274,65,0.7441860465116279,0.6976744186046512,0.667163074016571,0.6395381689071655,0.20266248597655184,0.09857428836268048,0.7944063544273376,0.684663712978363,,,,,,,,
glass,0.4,Baseline-Full,5,44,0.6470588445663452,34.838235788047314,0.1264491303123697,0.8029197080291971,0.6764705777168274,65,0.7441860465116279,0.6976744186046512,0.667163074016571,0.6395381689071655,0.20266248597655184,0.09857428836268048,0.7944063544273376,0.684663712978363,,,,,,,,
glass,0.5,Baseline-Full,5,44,0.6470588445663452,34.838235788047314,0.1264491303123697,0.8029197080291971,0.6764705777168274,65,0.7441860465116279,0.6976744186046512,0.667163074016571,0.6395381689071655,0.20266248597655184,0.09857428836268048,0.7944063544273376,0.684663712978363,,,,,,,,
glass,0.6,Baseline-Full,5,44,0.6470588445663452,34.838235788047314,0.1264491303123697,0.8029197080291971,0.6764705777168274,65,0.7441860465116279,0.6976744186046512,0.667163074016571,0.6395381689071655,0.20266248597655184,0.09857428836268048,0.7944063544273376,0.684663712978363,,,,,,,,
glass,0.7,Baseline-Full,5,44,0.6470588445663452,34.838235788047314,0.1264491303123697,0.8029197080291971,0.6764705777168274,65,0.7441860465116279,0.6976744186046512,0.667163074016571,0.6395381689071655,0.20266248597655184,0.09857428836268048,0.7944063544273376,0.684663712978363,,,,,,,,
glass,0.8,Baseline-Full,5,44,0.6470588445663452,34.838235788047314,0.1264491303123697,0.8029197080291971,0.6764705777168274,65,0.7441860465116279,0.6976744186046512,0.667163074016571,0.6395381689071655,0.20266248597655184,0.09857428836268048,0.7944063544273376,0.684663712978363,,,,,,,,
glass,0.2,Baseline-Full,6,45,0.529411792755127,32.13235379010439,0.28810645542005553,0.8175182481751825,0.529411792755127,66,0.7209302325581395,0.7674418604651163,0.7553712725639343,0.7190495729446411,0.1107460683168367,0.15862154198247336,0.7736389636993408,0.6783246994018555,,,,,,,,
glass,0.3,Baseline-Full,6,45,0.529411792755127,32.13235379010439,0.28810645542005553,0.8175182481751825,0.529411792755127,66,0.7209302325581395,0.7674418604651163,0.7553712725639343,0.7190495729446411,0.1107460683168367,0.15862154198247336,0.7736389636993408,0.6783246994018555,,,,,,,,
glass,0.4,Baseline-Full,6,45,0.529411792755127,32.13235379010439,0.28810645542005553,0.8175182481751825,0.529411792755127,66,0.7209302325581395,0.7674418604651163,0.7553712725639343,0.7190495729446411,0.1107460683168367,0.15862154198247336,0.7736389636993408,0.6783246994018555,,,,,,,,
glass,0.5,Baseline-Full,6,45,0.529411792755127,32.13235379010439,0.28810645542005553,0.8175182481751825,0.529411792755127,66,0.7209302325581395,0.7674418604651163,0.7553712725639343,0.7190495729446411,0.1107460683168367,0.15862154198247336,0.7736389636993408,0.6783246994018555,,,,,,,,
glass,0.6,Baseline-Full,6,45,0.529411792755127,32.13235379010439,0.28810645542005553,0.8175182481751825,0.529411792755127,66,0.7209302325581395,0.7674418604651163,0.7553712725639343,0.7190495729446411,0.1107460683168367,0.15862154198247336,0.7736389636993408,0.6783246994018555,,,,,,,,
glass,0.7,Baseline-Full,6,45,0.529411792755127,32.13235379010439,0.28810645542005553,0.8175182481751825,0.529411792755127,66,0.7209302325581395,0.7674418604651163,0.7553712725639343,0.7190495729446411,0.1107460683168367,0.15862154198247336,0.7736389636993408,0.6783246994018555,,,,,,,,
glass,0.8,Baseline-Full,6,45,0.529411792755127,32.13235379010439,0.28810645542005553,0.8175182481751825,0.529411792755127,66,0.7209302325581395,0.7674418604651163,0.7553712725639343,0.7190495729446411,0.1107460683168367,0.15862154198247336,0.7736389636993408,0.6783246994018555,,,,,,,,
glass,0.2,Baseline-Full,7,45,0.6764705777168274,37.47058840841055,0.1410476704583551,0.8175182481751825,0.6764705777168274,66,0.627906976744186,0.627906976744186,0.905444324016571,0.9679390788078308,0.14198257202325867,0.1524532686832339,0.8251001238822937,0.665611207485199,,,,,,,,
glass,0.3,Baseline-Full,7,45,0.6764705777168274,37.47058840841055,0.1410476704583551,0.8175182481751825,0.6764705777168274,66,0.627906976744186,0.627906976744186,0.905444324016571,0.9679390788078308,0.14198257202325867,0.1524532686832339,0.8251001238822937,0.665611207485199,,,,,,,,
glass,0.4,Baseline-Full,7,45,0.6764705777168274,37.47058840841055,0.1410476704583551,0.8175182481751825,0.6764705777168274,66,0.627906976744186,0.627906976744186,0.905444324016571,0.9679390788078308,0.14198257202325867,0.1524532686832339,0.8251001238822937,0.665611207485199,,,,,,,,
glass,0.5,Baseline-Full,7,45,0.6764705777168274,37.47058840841055,0.1410476704583551,0.8175182481751825,0.6764705777168274,66,0.627906976744186,0.627906976744186,0.905444324016571,0.9679390788078308,0.14198257202325867,0.1524532686832339,0.8251001238822937,0.665611207485199,,,,,,,,
glass,0.6,Baseline-Full,7,45,0.6764705777168274,37.47058840841055,0.1410476704583551,0.8175182481751825,0.6764705777168274,66,0.627906976744186,0.627906976744186,0.905444324016571,0.9679390788078308,0.14198257202325867,0.1524532686832339,0.8251001238822937,0.665611207485199,,,,,,,,
glass,0.7,Baseline-Full,7,45,0.6764705777168274,37.47058840841055,0.1410476704583551,0.8175182481751825,0.6764705777168274,66,0.627906976744186,0.627906976744186,0.905444324016571,0.9679390788078308,0.14198257202325867,0.1524532686832339,0.8251001238822937,0.665611207485199,,,,,,,,
glass,0.8,Baseline-Full,7,45,0.6764705777168274,37.47058840841055,0.1410476704583551,0.8175182481751825,0.6764705777168274,66,0.627906976744186,0.627906976744186,0.905444324016571,0.9679390788078308,0.14198257202325867,0.1524532686832339,0.8251001238822937,0.665611207485199,,,,,,,,
glass,0.2,Baseline-Full,8,38,0.5882353186607361,32.80882380902767,0.19987119636396422,0.8175182481751825,0.6176470518112183,59,0.6744186046511628,0.6744186046511628,0.9720098972320557,0.8999960422515869,0.19295627641123397,0.17568378462347875,0.9307697415351868,0.6156592965126038,,,,,,,,
glass,0.3,Baseline-Full,8,38,0.5882353186607361,32.80882380902767,0.19987119636396422,0.8175182481751825,0.6176470518112183,59,0.6744186046511628,0.6744186046511628,0.9720098972320557,0.8999960422515869,0.19295627641123397,0.17568378462347875,0.9307697415351868,0.6156592965126038,,,,,,,,
glass,0.4,Baseline-Full,8,38,0.5882353186607361,32.80882380902767,0.19987119636396422,0.8175182481751825,0.6176470518112183,59,0.6744186046511628,0.6744186046511628,0.9720098972320557,0.8999960422515869,0.19295627641123397,0.17568378462347875,0.9307697415351868,0.6156592965126038,,,,,,,,
glass,0.5,Baseline-Full,8,38,0.5882353186607361,32.80882380902767,0.19987119636396422,0.8175182481751825,0.6176470518112183,59,0.6744186046511628,0.6744186046511628,0.9720098972320557,0.8999960422515869,0.19295627641123397,0.17568378462347875,0.9307697415351868,0.6156592965126038,,,,,,,,
glass,0.6,Baseline-Full,8,38,0.5882353186607361,32.80882380902767,0.19987119636396422,0.8175182481751825,0.6176470518112183,59,0.6744186046511628,0.6744186046511628,0.9720098972320557,0.8999960422515869,0.19295627641123397,0.17568378462347875,0.9307697415351868,0.6156592965126038,,,,,,,,
glass,0.7,Baseline-Full,8,38,0.5882353186607361,32.80882380902767,0.19987119636396422,0.8175182481751825,0.6176470518112183,59,0.6744186046511628,0.6744186046511628,0.9720098972320557,0.8999960422515869,0.19295627641123397,0.17568378462347875,0.9307697415351868,0.6156592965126038,,,,,,,,
glass,0.8,Baseline-Full,8,38,0.5882353186607361,32.80882380902767,0.19987119636396422,0.8175182481751825,0.6176470518112183,59,0.6744186046511628,0.6744186046511628,0.9720098972320557,0.8999960422515869,0.19295627641123397,0.17568378462347875,0.9307697415351868,0.6156592965126038,,,,,,,,
glass,0.2,Baseline-Full,9,38,0.7647058963775635,41.22058865427971,0.052812351797619006,0.8175182481751825,0.7647058963775635,59,0.5813953488372093,0.5813953488372093,1.05540132522583,1.1369938850402832,0.09891735606415326,0.1819446454214495,0.95603346824646,0.609801709651947,,,,,,,,
glass,0.3,Baseline-Full,9,38,0.7647058963775635,41.22058865427971,0.052812351797619006,0.8175182481751825,0.7647058963775635,59,0.5813953488372093,0.5813953488372093,1.05540132522583,1.1369938850402832,0.09891735606415326,0.1819446454214495,0.95603346824646,0.609801709651947,,,,,,,,
glass,0.4,Baseline-Full,9,38,0.7647058963775635,41.22058865427971,0.052812351797619006,0.8175182481751825,0.7647058963775635,59,0.5813953488372093,0.5813953488372093,1.05540132522583,1.1369938850402832,0.09891735606415326,0.1819446454214495,0.95603346824646,0.609801709651947,,,,,,,,
glass,0.5,Baseline-Full,9,38,0.7647058963775635,41.22058865427971,0.052812351797619006,0.8175182481751825,0.7647058963775635,59,0.5813953488372093,0.5813953488372093,1.05540132522583,1.1369938850402832,0.09891735606415326,0.1819446454214495,0.95603346824646,0.609801709651947,,,,,,,,
glass,0.6,Baseline-Full,9,38,0.7647058963775635,41.22058865427971,0.052812351797619006,0.8175182481751825,0.7647058963775635,59,0.5813953488372093,0.5813953488372093,1.05540132522583,1.1369938850402832,0.09891735606415326,0.1819446454214495,0.95603346824646,0.609801709651947,,,,,,,,
glass,0.7,Baseline-Full,9,38,0.7647058963775635,41.22058865427971,0.052812351797619006,0.8175182481751825,0.7647058963775635,59,0.5813953488372093,0.5813953488372093,1.05540132522583,1.1369938850402832,0.09891735606415326,0.1819446454214495,0.95603346824646,0.609801709651947,,,,,,,,
glass,0.8,Baseline-Full,9,38,0.7647058963775635,41.22058865427971,0.052812351797619006,0.8175182481751825,0.7647058963775635,59,0.5813953488372093,0.5813953488372093,1.05540132522583,1.1369938850402832,0.09891735606415326,0.1819446454214495,0.95603346824646,0.609801709651947,,,,,,,,
glass,0.2,Baseline-Full,10,58,0.7647058963775635,55.323529213666916,0.0015028084281587528,0.7956204379562044,0.7941176295280457,79,0.6976744186046512,0.6976744186046512,1.0866022109985352,1.182820439338684,0.12194135854410573,0.2166482813136522,0.6472876071929932,0.7470290660858154,,,,,,,,
glass,0.3,Baseline-Full,10,58,0.7647058963775635,55.323529213666916,0.0015028084281587528,0.7956204379562044,0.7941176295280457,79,0.6976744186046512,0.6976744186046512,1.0866022109985352,1.182820439338684,0.12194135854410573,0.2166482813136522,0.6472876071929932,0.7470290660858154,,,,,,,,
glass,0.4,Baseline-Full,10,58,0.7647058963775635,55.323529213666916,0.0015028084281587528,0.7956204379562044,0.7941176295280457,79,0.6976744186046512,0.6976744186046512,1.0866022109985352,1.182820439338684,0.12194135854410573,0.2166482813136522,0.6472876071929932,0.7470290660858154,,,,,,,,
glass,0.5,Baseline-Full,10,58,0.7647058963775635,55.323529213666916,0.0015028084281587528,0.7956204379562044,0.7941176295280457,79,0.6976744186046512,0.6976744186046512,1.0866022109985352,1.182820439338684,0.12194135854410573,0.2166482813136522,0.6472876071929932,0.7470290660858154,,,,,,,,
glass,0.6,Baseline-Full,10,58,0.7647058963775635,55.323529213666916,0.0015028084281587528,0.7956204379562044,0.7941176295280457,79,0.6976744186046512,0.6976744186046512,1.0866022109985352,1.182820439338684,0.12194135854410573,0.2166482813136522,0.6472876071929932,0.7470290660858154,,,,,,,,
glass,0.7,Baseline-Full,10,58,0.7647058963775635,55.323529213666916,0.0015028084281587528,0.7956204379562044,0.7941176295280457,79,0.6976744186046512,0.6976744186046512,1.0866022109985352,1.182820439338684,0.12194135854410573,0.2166482813136522,0.6472876071929932,0.7470290660858154,,,,,,,,
glass,0.8,Baseline-Full,10,58,0.7647058963775635,55.323529213666916,0.0015028084281587528,0.7956204379562044,0.7941176295280457,79,0.6976744186046512,0.6976744186046512,1.0866022109985352,1.182820439338684,0.12194135854410573,0.2166482813136522,0.6472876071929932,0.7470290660858154,,,,,,,,
glass,0.2,Baseline-Full,11,29,0.6176470518112183,26.941176645457745,0.19257192629097153,0.8102189781021898,0.6176470518112183,50,0.6744186046511628,0.6511627906976745,1.110597014427185,1.080802083015442,0.22390946676564769,0.20166779534761298,0.9397881031036377,0.5947009325027466,,,,,,,,
glass,0.3,Baseline-Full,11,29,0.6176470518112183,26.941176645457745,0.19257192629097153,0.8102189781021898,0.6176470518112183,50,0.6744186046511628,0.6511627906976745,1.110597014427185,1.080802083015442,0.22390946676564769,0.20166779534761298,0.9397881031036377,0.5947009325027466,,,,,,,,
glass,0.4,Baseline-Full,11,29,0.6176470518112183,26.941176645457745,0.19257192629097153,0.8102189781021898,0.6176470518112183,50,0.6744186046511628,0.6511627906976745,1.110597014427185,1.080802083015442,0.22390946676564769,0.20166779534761298,0.9397881031036377,0.5947009325027466,,,,,,,,
glass,0.5,Baseline-Full,11,29,0.6176470518112183,26.941176645457745,0.19257192629097153,0.8102189781021898,0.6176470518112183,50,0.6744186046511628,0.6511627906976745,1.110597014427185,1.080802083015442,0.22390946676564769,0.20166779534761298,0.9397881031036377,0.5947009325027466,,,,,,,,
glass,0.6,Baseline-Full,11,29,0.6176470518112183,26.941176645457745,0.19257192629097153,0.8102189781021898,0.6176470518112183,50,0.6744186046511628,0.6511627906976745,1.110597014427185,1.080802083015442,0.22390946676564769,0.20166779534761298,0.9397881031036377,0.5947009325027466,,,,,,,,
glass,0.7,Baseline-Full,11,29,0.6176470518112183,26.941176645457745,0.19257192629097153,0.8102189781021898,0.6176470518112183,50,0.6744186046511628,0.6511627906976745,1.110597014427185,1.080802083015442,0.22390946676564769,0.20166779534761298,0.9397881031036377,0.5947009325027466,,,,,,,,
glass,0.8,Baseline-Full,11,29,0.6176470518112183,26.941176645457745,0.19257192629097153,0.8102189781021898,0.6176470518112183,50,0.6744186046511628,0.6511627906976745,1.110597014427185,1.080802083015442,0.22390946676564769,0.20166779534761298,0.9397881031036377,0.5947009325027466,,,,,,,,
glass,0.2,Baseline-Full,12,29,0.529411792755127,23.382353387773037,0.23679691205059528,0.7956204379562044,0.5588235259056091,50,0.6744186046511628,0.627906976744186,0.9152657389640808,0.9469009041786194,0.24705581332361973,0.23146293260330372,0.9201440215110779,0.6443378329277039,,,,,,,,
glass,0.3,Baseline-Full,12,29,0.529411792755127,23.382353387773037,0.23679691205059528,0.7956204379562044,0.5588235259056091,50,0.6744186046511628,0.627906976744186,0.9152657389640808,0.9469009041786194,0.24705581332361973,0.23146293260330372,0.9201440215110779,0.6443378329277039,,,,,,,,
glass,0.4,Baseline-Full,12,29,0.529411792755127,23.382353387773037,0.23679691205059528,0.7956204379562044,0.5588235259056091,50,0.6744186046511628,0.627906976744186,0.9152657389640808,0.9469009041786194,0.24705581332361973,0.23146293260330372,0.9201440215110779,0.6443378329277039,,,,,,,,
glass,0.5,Baseline-Full,12,29,0.529411792755127,23.382353387773037,0.23679691205059528,0.7956204379562044,0.5588235259056091,50,0.6744186046511628,0.627906976744186,0.9152657389640808,0.9469009041786194,0.24705581332361973,0.23146293260330372,0.9201440215110779,0.6443378329277039,,,,,,,,
glass,0.6,Baseline-Full,12,29,0.529411792755127,23.382353387773037,0.23679691205059528,0.7956204379562044,0.5588235259056091,50,0.6744186046511628,0.627906976744186,0.9152657389640808,0.9469009041786194,0.24705581332361973,0.23146293260330372,0.9201440215110779,0.6443378329277039,,,,,,,,
glass,0.7,Baseline-Full,12,29,0.529411792755127,23.382353387773037,0.23679691205059528,0.7956204379562044,0.5588235259056091,50,0.6744186046511628,0.627906976744186,0.9152657389640808,0.9469009041786194,0.24705581332361973,0.23146293260330372,0.9201440215110779,0.6443378329277039,,,,,,,,
glass,0.8,Baseline-Full,12,29,0.529411792755127,23.382353387773037,0.23679691205059528,0.7956204379562044,0.5588235259056091,50,0.6744186046511628,0.627906976744186,0.9152657389640808,0.9469009041786194,0.24705581332361973,0.23146293260330372,0.9201440215110779,0.6443378329277039,,,,,,,,
glass,0.2,Baseline-Full,13,61,0.8235294222831726,56.426470682024956,0.07449550915808578,0.8686131386861314,0.7941176295280457,82,0.5813953488372093,0.6046511627906976,1.168489933013916,1.0754154920578003,0.1651684572530347,0.17548841931099113,0.7554146647453308,0.6953563094139099,,,,,,,,
glass,0.3,Baseline-Full,13,61,0.8235294222831726,56.426470682024956,0.07449550915808578,0.8686131386861314,0.7941176295280457,82,0.5813953488372093,0.6046511627906976,1.168489933013916,1.0754154920578003,0.1651684572530347,0.17548841931099113,0.7554146647453308,0.6953563094139099,,,,,,,,
glass,0.4,Baseline-Full,13,61,0.8235294222831726,56.426470682024956,0.07449550915808578,0.8686131386861314,0.7941176295280457,82,0.5813953488372093,0.6046511627906976,1.168489933013916,1.0754154920578003,0.1651684572530347,0.17548841931099113,0.7554146647453308,0.6953563094139099,,,,,,,,
glass,0.5,Baseline-Full,13,61,0.8235294222831726,56.426470682024956,0.07449550915808578,0.8686131386861314,0.7941176295280457,82,0.5813953488372093,0.6046511627906976,1.168489933013916,1.0754154920578003,0.1651684572530347,0.17548841931099113,0.7554146647453308,0.6953563094139099,,,,,,,,
glass,0.6,Baseline-Full,13,61,0.8235294222831726,56.426470682024956,0.07449550915808578,0.8686131386861314,0.7941176295280457,82,0.5813953488372093,0.6046511627906976,1.168489933013916,1.0754154920578003,0.1651684572530347,0.17548841931099113,0.7554146647453308,0.6953563094139099,,,,,,,,
glass,0.7,Baseline-Full,13,61,0.8235294222831726,56.426470682024956,0.07449550915808578,0.8686131386861314,0.7941176295280457,82,0.5813953488372093,0.6046511627906976,1.168489933013916,1.0754154920578003,0.1651684572530347,0.17548841931099113,0.7554146647453308,0.6953563094139099,,,,,,,,
glass,0.8,Baseline-Full,13,61,0.8235294222831726,56.426470682024956,0.07449550915808578,0.8686131386861314,0.7941176295280457,82,0.5813953488372093,0.6046511627906976,1.168489933013916,1.0754154920578003,0.1651684572530347,0.17548841931099113,0.7554146647453308,0.6953563094139099,,,,,,,,
glass,0.2,Baseline-Full,14,43,0.6470588445663452,38.6764714140445,0.17045940360883727,0.8175182481751825,0.6470588445663452,64,0.7441860465116279,0.7674418604651163,0.7189354300498962,0.6422788500785828,0.08958368939022684,0.11955144516257354,0.7447084784507751,0.6979150176048279,,,,,,,,
glass,0.3,Baseline-Full,14,43,0.6470588445663452,38.6764714140445,0.17045940360883727,0.8175182481751825,0.6470588445663452,64,0.7441860465116279,0.7674418604651163,0.7189354300498962,0.6422788500785828,0.08958368939022684,0.11955144516257354,0.7447084784507751,0.6979150176048279,,,,,,,,
glass,0.4,Baseline-Full,14,43,0.6470588445663452,38.6764714140445,0.17045940360883727,0.8175182481751825,0.6470588445663452,64,0.7441860465116279,0.7674418604651163,0.7189354300498962,0.6422788500785828,0.08958368939022684,0.11955144516257354,0.7447084784507751,0.6979150176048279,,,,,,,,
glass,0.5,Baseline-Full,14,43,0.6470588445663452,38.6764714140445,0.17045940360883727,0.8175182481751825,0.6470588445663452,64,0.7441860465116279,0.7674418604651163,0.7189354300498962,0.6422788500785828,0.08958368939022684,0.11955144516257354,0.7447084784507751,0.6979150176048279,,,,,,,,
glass,0.6,Baseline-Full,14,43,0.6470588445663452,38.6764714140445,0.17045940360883727,0.8175182481751825,0.6470588445663452,64,0.7441860465116279,0.7674418604651163,0.7189354300498962,0.6422788500785828,0.08958368939022684,0.11955144516257354,0.7447084784507751,0.6979150176048279,,,,,,,,
glass,0.7,Baseline-Full,14,43,0.6470588445663452,38.6764714140445,0.17045940360883727,0.8175182481751825,0.6470588445663452,64,0.7441860465116279,0.7674418604651163,0.7189354300498962,0.6422788500785828,0.08958368939022684,0.11955144516257354,0.7447084784507751,0.6979150176048279,,,,,,,,
glass,0.8,Baseline-Full,14,43,0.6470588445663452,38.6764714140445,0.17045940360883727,0.8175182481751825,0.6470588445663452,64,0.7441860465116279,0.7674418604651163,0.7189354300498962,0.6422788500785828,0.08958368939022684,0.11955144516257354,0.7447084784507751,0.6979150176048279,,,,,,,,
glass,0.2,Baseline-Full,15,42,0.6470588445663452,38.676470682024956,0.14834694053134778,0.8248175182481752,0.6764705777168274,63,0.6744186046511628,0.6511627906976745,0.9417128562927246,0.980660617351532,0.13467790013135866,0.1999886229980824,0.883289098739624,0.6436525583267212,,,,,,,,
glass,0.3,Baseline-Full,15,42,0.6470588445663452,38.676470682024956,0.14834694053134778,0.8248175182481752,0.6764705777168274,63,0.6744186046511628,0.6511627906976745,0.9417128562927246,0.980660617351532,0.13467790013135866,0.1999886229980824,0.883289098739624,0.6436525583267212,,,,,,,,
glass,0.4,Baseline-Full,15,42,0.6470588445663452,38.676470682024956,0.14834694053134778,0.8248175182481752,0.6764705777168274,63,0.6744186046511628,0.6511627906976745,0.9417128562927246,0.980660617351532,0.13467790013135866,0.1999886229980824,0.883289098739624,0.6436525583267212,,,,,,,,
glass,0.5,Baseline-Full,15,42,0.6470588445663452,38.676470682024956,0.14834694053134778,0.8248175182481752,0.6764705777168274,63,0.6744186046511628,0.6511627906976745,0.9417128562927246,0.980660617351532,0.13467790013135866,0.1999886229980824,0.883289098739624,0.6436525583267212,,,,,,,,
glass,0.6,Baseline-Full,15,42,0.6470588445663452,38.676470682024956,0.14834694053134778,0.8248175182481752,0.6764705777168274,63,0.6744186046511628,0.6511627906976745,0.9417128562927246,0.980660617351532,0.13467790013135866,0.1999886229980824,0.883289098739624,0.6436525583267212,,,,,,,,
glass,0.7,Baseline-Full,15,42,0.6470588445663452,38.676470682024956,0.14834694053134778,0.8248175182481752,0.6764705777168274,63,0.6744186046511628,0.6511627906976745,0.9417128562927246,0.980660617351532,0.13467790013135866,0.1999886229980824,0.883289098739624,0.6436525583267212,,,,,,,,
glass,0.8,Baseline-Full,15,42,0.6470588445663452,38.676470682024956,0.14834694053134778,0.8248175182481752,0.6764705777168274,63,0.6744186046511628,0.6511627906976745,0.9417128562927246,0.980660617351532,0.13467790013135866,0.1999886229980824,0.883289098739624,0.6436525583267212,,,,,,,,
glass,0.2,Baseline-Full,16,37,0.6764705777168274,33.308823853731155,0.17045940360883727,0.8175182481751825,0.6470588445663452,58,0.7209302325581395,0.6976744186046512,0.8964556455612183,0.8608694672584534,0.13641308837158736,0.11826258204704107,0.8452317118644714,0.6781700849533081,,,,,,,,
glass,0.3,Baseline-Full,16,37,0.6764705777168274,33.308823853731155,0.17045940360883727,0.8175182481751825,0.6470588445663452,58,0.7209302325581395,0.6976744186046512,0.8964556455612183,0.8608694672584534,0.13641308837158736,0.11826258204704107,0.8452317118644714,0.6781700849533081,,,,,,,,
glass,0.4,Baseline-Full,16,37,0.6764705777168274,33.308823853731155,0.17045940360883727,0.8175182481751825,0.6470588445663452,58,0.7209302325581395,0.6976744186046512,0.8964556455612183,0.8608694672584534,0.13641308837158736,0.11826258204704107,0.8452317118644714,0.6781700849533081,,,,,,,,
glass,0.5,Baseline-Full,16,37,0.6764705777168274,33.308823853731155,0.17045940360883727,0.8175182481751825,0.6470588445663452,58,0.7209302325581395,0.6976744186046512,0.8964556455612183,0.8608694672584534,0.13641308837158736,0.11826258204704107,0.8452317118644714,0.6781700849533081,,,,,,,,
glass,0.6,Baseline-Full,16,37,0.6764705777168274,33.308823853731155,0.17045940360883727,0.8175182481751825,0.6470588445663452,58,0.7209302325581395,0.6976744186046512,0.8964556455612183,0.8608694672584534,0.13641308837158736,0.11826258204704107,0.8452317118644714,0.6781700849533081,,,,,,,,
glass,0.7,Baseline-Full,16,37,0.6764705777168274,33.308823853731155,0.17045940360883727,0.8175182481751825,0.6470588445663452,58,0.7209302325581395,0.6976744186046512,0.8964556455612183,0.8608694672584534,0.13641308837158736,0.11826258204704107,0.8452317118644714,0.6781700849533081,,,,,,,,
glass,0.8,Baseline-Full,16,37,0.6764705777168274,33.308823853731155,0.17045940360883727,0.8175182481751825,0.6470588445663452,58,0.7209302325581395,0.6976744186046512,0.8964556455612183,0.8608694672584534,0.13641308837158736,0.11826258204704107,0.8452317118644714,0.6781700849533081,,,,,,,,
glass,0.2,Baseline-Full,17,63,0.529411792755127,39.9558834284544,0.33941605839416056,0.8394160583941606,0.5,84,0.7441860465116279,0.7674418604651163,0.8750791549682617,0.8925729990005493,0.18776205528614132,0.19689178258873702,0.5863398909568787,0.7836854457855225,,,,,,,,
glass,0.3,Baseline-Full,17,63,0.529411792755127,39.9558834284544,0.33941605839416056,0.8394160583941606,0.5,84,0.7441860465116279,0.7674418604651163,0.8750791549682617,0.8925729990005493,0.18776205528614132,0.19689178258873702,0.5863398909568787,0.7836854457855225,,,,,,,,
glass,0.4,Baseline-Full,17,63,0.529411792755127,39.9558834284544,0.33941605839416056,0.8394160583941606,0.5,84,0.7441860465116279,0.7674418604651163,0.8750791549682617,0.8925729990005493,0.18776205528614132,0.19689178258873702,0.5863398909568787,0.7836854457855225,,,,,,,,
glass,0.5,Baseline-Full,17,63,0.529411792755127,39.9558834284544,0.33941605839416056,0.8394160583941606,0.5,84,0.7441860465116279,0.7674418604651163,0.8750791549682617,0.8925729990005493,0.18776205528614132,0.19689178258873702,0.5863398909568787,0.7836854457855225,,,,,,,,
glass,0.6,Baseline-Full,17,63,0.529411792755127,39.9558834284544,0.33941605839416056,0.8394160583941606,0.5,84,0.7441860465116279,0.7674418604651163,0.8750791549682617,0.8925729990005493,0.18776205528614132,0.19689178258873702,0.5863398909568787,0.7836854457855225,,,,,,,,
glass,0.7,Baseline-Full,17,63,0.529411792755127,39.9558834284544,0.33941605839416056,0.8394160583941606,0.5,84,0.7441860465116279,0.7674418604651163,0.8750791549682617,0.8925729990005493,0.18776205528614132,0.19689178258873702,0.5863398909568787,0.7836854457855225,,,,,,,,
glass,0.8,Baseline-Full,17,63,0.529411792755127,39.9558834284544,0.33941605839416056,0.8394160583941606,0.5,84,0.7441860465116279,0.7674418604651163,0.8750791549682617,0.8925729990005493,0.18776205528614132,0.19689178258873702,0.5863398909568787,0.7836854457855225,,,,,,,,
glass,0.2,Baseline-Full,18,90,0.7058823704719543,73.58823568373919,0.17732930836016247,0.8832116788321168,0.7058823704719543,111,0.7209302325581395,0.7209302325581395,0.6539161801338196,0.6622087955474854,0.16088648868161579,0.1402421136235082,0.6626099944114685,0.7178328037261963,,,,,,,,
glass,0.3,Baseline-Full,18,90,0.7058823704719543,73.58823568373919,0.17732930836016247,0.8832116788321168,0.7058823704719543,111,0.7209302325581395,0.7209302325581395,0.6539161801338196,0.6622087955474854,0.16088648868161579,0.1402421136235082,0.6626099944114685,0.7178328037261963,,,,,,,,
glass,0.4,Baseline-Full,18,90,0.7058823704719543,73.58823568373919,0.17732930836016247,0.8832116788321168,0.7058823704719543,111,0.7209302325581395,0.7209302325581395,0.6539161801338196,0.6622087955474854,0.16088648868161579,0.1402421136235082,0.6626099944114685,0.7178328037261963,,,,,,,,
glass,0.5,Baseline-Full,18,90,0.7058823704719543,73.58823568373919,0.17732930836016247,0.8832116788321168,0.7058823704719543,111,0.7209302325581395,0.7209302325581395,0.6539161801338196,0.6622087955474854,0.16088648868161579,0.1402421136235082,0.6626099944114685,0.7178328037261963,,,,,,,,
glass,0.6,Baseline-Full,18,90,0.7058823704719543,73.58823568373919,0.17732930836016247,0.8832116788321168,0.7058823704719543,111,0.7209302325581395,0.7209302325581395,0.6539161801338196,0.6622087955474854,0.16088648868161579,0.1402421136235082,0.6626099944114685,0.7178328037261963,,,,,,,,
glass,0.7,Baseline-Full,18,90,0.7058823704719543,73.58823568373919,0.17732930836016247,0.8832116788321168,0.7058823704719543,111,0.7209302325581395,0.7209302325581395,0.6539161801338196,0.6622087955474854,0.16088648868161579,0.1402421136235082,0.6626099944114685,0.7178328037261963,,,,,,,,
glass,0.8,Baseline-Full,18,90,0.7058823704719543,73.58823568373919,0.17732930836016247,0.8832116788321168,0.7058823704719543,111,0.7209302325581395,0.7209302325581395,0.6539161801338196,0.6622087955474854,0.16088648868161579,0.1402421136235082,0.6626099944114685,0.7178328037261963,,,,,,,,
glass,0.2,Baseline-Full,19,99,0.7647058963775635,79.70588343217969,0.12580505252754604,0.8905109489051095,0.7647058963775635,120,0.6976744186046512,0.6976744186046512,0.7313051223754883,0.7358621954917908,0.1467988782150801,0.19526191783505814,0.5739913582801819,0.781927227973938,,,,,,,,
glass,0.3,Baseline-Full,19,99,0.7647058963775635,79.70588343217969,0.12580505252754604,0.8905109489051095,0.7647058963775635,120,0.6976744186046512,0.6976744186046512,0.7313051223754883,0.7358621954917908,0.1467988782150801,0.19526191783505814,0.5739913582801819,0.781927227973938,,,,,,,,
glass,0.4,Baseline-Full,19,99,0.7647058963775635,79.70588343217969,0.12580505252754604,0.8905109489051095,0.7647058963775635,120,0.6976744186046512,0.6976744186046512,0.7313051223754883,0.7358621954917908,0.1467988782150801,0.19526191783505814,0.5739913582801819,0.781927227973938,,,,,,,,
glass,0.5,Baseline-Full,19,99,0.7647058963775635,79.70588343217969,0.12580505252754604,0.8905109489051095,0.7647058963775635,120,0.6976744186046512,0.6976744186046512,0.7313051223754883,0.7358621954917908,0.1467988782150801,0.19526191783505814,0.5739913582801819,0.781927227973938,,,,,,,,
glass,0.6,Baseline-Full,19,99,0.7647058963775635,79.70588343217969,0.12580505252754604,0.8905109489051095,0.7647058963775635,120,0.6976744186046512,0.6976744186046512,0.7313051223754883,0.7358621954917908,0.1467988782150801,0.19526191783505814,0.5739913582801819,0.781927227973938,,,,,,,,
glass,0.7,Baseline-Full,19,99,0.7647058963775635,79.70588343217969,0.12580505252754604,0.8905109489051095,0.7647058963775635,120,0.6976744186046512,0.6976744186046512,0.7313051223754883,0.7358621954917908,0.1467988782150801,0.19526191783505814,0.5739913582801819,0.781927227973938,,,,,,,,
glass,0.8,Baseline-Full,19,99,0.7647058963775635,79.70588343217969,0.12580505252754604,0.8905109489051095,0.7647058963775635,120,0.6976744186046512,0.6976744186046512,0.7313051223754883,0.7358621954917908,0.1467988782150801,0.19526191783505814,0.5739913582801819,0.781927227973938,,,,,,,,
glass,0.2,Baseline-Student,0,16,0.47058823704719543,17.52941193431616,0.2272727272727273,0.7272727272727273,0.5,37,0.3953488372093023,0.4186046511627907,1.5643035173416138,1.690874457359314,0.10401679540789403,0.21468420777209965,1.370465636253357,0.4236498475074768,,,,,,,,
glass,0.3,Baseline-Student,0,21,0.5,19.92647085338831,0.23100487391153968,0.7604166666666666,0.529411792755127,42,0.4186046511627907,0.37209302325581395,1.5611670017242432,1.6815425157546997,0.13498023360274558,0.26211264729499817,1.3654284477233887,0.43123191595077515,,,,,,,,
glass,0.4,Baseline-Student,0,86,0.6470588445663452,57.867648251354694,0.19631464940955845,0.8433734939759037,0.6470588445663452,107,0.5348837209302325,0.5581395348837209,1.5359078645706177,1.505229115486145,0.26941757978394976,0.2999884319859882,0.6866777539253235,0.7338615655899048,,,,,,,,
glass,0.5,Baseline-Student,0,116,0.6764705777168274,73.39706037193537,0.19352086557858228,0.8405797101449275,0.6470588445663452,137,0.5348837209302325,0.5116279069767442,1.477340579032898,1.49998140335083,0.21841540863347608,0.21088976776877116,0.7323577404022217,0.7148249745368958,,,,,,,,
glass,0.6,Baseline-Student,0,117,0.6764705777168274,76.76470651477575,0.21443851319226348,0.8909090909090909,0.6764705777168274,138,0.6046511627906976,0.6046511627906976,1.5674690008163452,1.6000194549560547,0.3174843427746795,0.24542975633643394,0.6430134773254395,0.7554340958595276,,,,,,,,
glass,0.7,Baseline-Student,0,90,0.5,49.82352980226278,0.40476190476190477,0.9047619047619048,0.5,111,0.5581395348837209,0.5348837209302325,1.7260851860046387,1.8691726922988892,0.26390346538188847,0.32094676619352297,0.7711361050605774,0.6972712874412537,,,,,,,,
glass,0.8,Baseline-Student,0,110,0.6176470518112183,64.77941209822893,0.2815125840050834,0.9285714285714286,0.6470588445663452,131,0.4883720930232558,0.5581395348837209,1.55851411819458,1.5869194269180298,0.2164473263330238,0.20546945375065467,0.9263875484466553,0.6320716738700867,,,,,,,,
glass,0.2,Baseline-Student,1,67,0.5882353186607361,53.04411818832159,0.20748660997910928,0.8545454545454545,0.6470588445663452,88,0.7674418604651163,0.7674418604651163,0.8738659024238586,0.8944852352142334,0.1543193265449169,0.11726051014523174,0.7825543880462646,0.6905421018600464,,,,,,,,
glass,0.3,Baseline-Student,1,73,0.6470588445663452,57.77941285818815,0.19669115543365479,0.84375,0.6470588445663452,94,0.7441860465116279,0.7209302325581395,0.8578872084617615,0.8761951327323914,0.13911227777946827,0.16224716430486635,0.7732078433036804,0.6959584951400757,,,,,,,,
glass,0.4,Baseline-Student,1,63,0.6764705777168274,51.01470660418272,0.19631464940955845,0.8433734939759037,0.6470588445663452,84,0.7674418604651163,0.7441860465116279,0.8455953598022461,0.8559019565582275,0.144190029349438,0.1321534750073455,0.8430530428886414,0.6783900856971741,,,,,,,,
glass,0.5,Baseline-Student,1,90,0.7058823704719543,71.13235352188349,0.14919009329616162,0.855072463768116,0.7058823704719543,111,0.7441860465116279,0.7906976744186046,0.8393283486366272,0.8252605199813843,0.14247886247413102,0.14251239909682165,0.7309396266937256,0.7307714223861694,,,,,,,,
glass,0.6,Baseline-Student,1,90,0.6764705777168274,64.45588280633092,0.15989305864680892,0.8363636363636363,0.6764705777168274,111,0.7674418604651163,0.7674418604651163,0.844330370426178,0.8278103470802307,0.15235584142596223,0.23221700898436612,0.8082627654075623,0.6892021894454956,,,,,,,,
glass,0.7,Baseline-Student,1,85,0.6176470518112183,54.338235560804605,0.2871148529506865,0.9047619047619048,0.6176470518112183,106,0.7441860465116279,0.7441860465116279,1.020532250404358,1.0143160820007324,0.1894699182621268,0.1644776227862336,0.8425692319869995,0.6839587688446045,,,,,,,,
glass,0.8,Baseline-Student,1,88,0.5588235259056091,53.11764795705676,0.44117647409439087,1.0,0.5588235259056091,109,0.5581395348837209,0.6744186046511628,1.1943714618682861,1.192811131477356,0.17593303946561595,0.18319036309109177,1.0000840425491333,0.634191632270813,,,,,,,,
glass,0.2,Baseline-Student,2,101,0.6764705777168274,76.88235337287188,0.24385024634274566,0.8909090909090909,0.6470588445663452,122,0.6976744186046512,0.7441860465116279,1.0039427280426025,1.0586875677108765,0.166828382846921,0.17012670566869337,0.6933509111404419,0.7056117057800293,,,,,,,,
glass,0.3,Baseline-Student,2,290,0.7941176295280457,218.07352823764086,0.19546570380528772,0.9895833333333334,0.7941176295280457,300,0.7209302325581395,0.7209302325581395,1.3707129955291748,1.3962310552597046,0.16530227661132812,0.19503870814345603,0.3544386029243469,0.850533664226532,,,,,,,,
glass,0.4,Baseline-Student,2,72,0.8235294222831726,61.191176287829876,0.12686036868267747,0.891566265060241,0.7647058963775635,93,0.7209302325581395,0.7674418604651163,1.1400432586669922,1.2564280033111572,0.17040982357291287,0.18518861712411389,0.7481028437614441,0.6959812045097351,,,,,,,,
glass,0.5,Baseline-Student,2,64,0.7058823704719543,49.97058894485235,0.0468883065209873,0.8115942028985508,0.7647058963775635,85,0.5813953488372093,0.627906976744186,1.1354020833969116,1.2438514232635498,0.09975051256113275,0.19081768532131993,0.9211216568946838,0.614509105682373,,,,,,,,
glass,0.6,Baseline-Student,2,137,0.7941176295280457,104.77941127866507,0.16951873410831797,0.9636363636363636,0.7941176295280457,158,0.6744186046511628,0.6511627906976745,1.3518574237823486,1.4548897743225098,0.2039019784262014,0.24837177576020708,0.6627172231674194,0.7179476022720337,,,,,,,,
glass,0.7,Baseline-Student,2,105,0.7941176295280457,77.588235296309,0.11064427523385911,0.9047619047619048,0.7941176295280457,126,0.5813953488372093,0.6046511627906976,1.262858510017395,1.3420169353485107,0.1465942215087802,0.1520609966544218,0.814935028553009,0.6344388127326965,,,,,,,,
glass,0.8,Baseline-Student,2,178,0.6764705777168274,115.3970592841506,0.29411762952804565,1.0,0.7058823704719543,199,0.5581395348837209,0.5581395348837209,1.3726744651794434,1.4269435405731201,0.21004281071729436,0.24852284234623578,0.6804824471473694,0.7125282883644104,,,,,,,,
glass,0.2,Baseline-Student,3,52,0.5882353186607361,35.4411777574569,0.2390374086119912,0.8272727272727273,0.5882353186607361,73,0.7674418604651163,0.7441860465116279,0.7076340317726135,0.6834068298339844,0.15338091240372767,0.18702650416729064,0.8263991475105286,0.6662402153015137,,,,,,,,
glass,0.3,Baseline-Student,3,56,0.5588235259056091,37.088235745206475,0.22426468133926392,0.8125,0.5882353186607361,77,0.7906976744186046,0.813953488372093,0.7406489253044128,0.6876795887947083,0.1781391695488331,0.2118772725726283,0.8558290004730225,0.646228551864624,,,,,,,,
glass,0.4,Baseline-Student,3,67,0.5588235259056091,41.11764777638018,0.2657689301364393,0.7951807228915663,0.529411792755127,88,0.6744186046511628,0.7209302325581395,0.8226191401481628,0.8004083037376404,0.11589499545651812,0.18539778784263963,0.8214091658592224,0.6563251614570618,,,,,,,,
glass,0.5,Baseline-Student,3,63,0.529411792755127,37.205883080139756,0.23870414927385852,0.7681159420289855,0.529411792755127,84,0.5581395348837209,0.6511627906976745,0.9186757206916809,0.8856636881828308,0.14613742537276692,0.12210798471472985,0.917726457118988,0.6138529777526855,,,,,,,,
glass,0.6,Baseline-Student,3,52,0.47058823704719543,29.27941202931106,0.28181818181818186,0.7818181818181819,0.5,73,0.6744186046511628,0.7209302325581395,1.037513017654419,1.0350842475891113,0.2602126376573429,0.3470682058223459,1.1143287420272827,0.5394394993782043,,,,,,,,
glass,0.7,Baseline-Student,3,49,0.5,26.970588548108935,0.31512604866709026,0.7857142857142857,0.47058823704719543,70,0.6976744186046512,0.46511627906976744,1.1184886693954468,1.1926045417785645,0.2818364043568456,0.1864366365033527,1.2143089771270752,0.5317447781562805,,,,,,,,
glass,0.8,Baseline-Student,3,49,0.3235294222831726,19.205882912501693,0.3970588147640228,0.75,0.3529411852359772,70,0.5813953488372093,0.6046511627906976,1.3112436532974243,1.2116315364837646,0.21677140579667203,0.22249261029931006,1.4976396560668945,0.41966357827186584,,,,,,,,
glass,0.2,Baseline-Student,4,42,0.6764705777168274,36.0294124186039,0.16898396773771807,0.8454545454545455,0.6764705777168274,63,0.627906976744186,0.6976744186046512,0.9283968210220337,0.9414371252059937,0.12777467175971627,0.14802201750666596,0.8635109066963196,0.6878353357315063,,,,,,,,
glass,0.3,Baseline-Student,4,58,0.6470588445663452,43.823529936373234,0.20710782210032141,0.8541666666666666,0.6470588445663452,79,0.6511627906976745,0.6511627906976745,1.050390601158142,1.1285595893859863,0.1700035825718281,0.1789344140263491,0.7340942025184631,0.732658326625824,,,,,,,,
glass,0.4,Baseline-Student,4,13,0.529411792755127,15.264706164598465,0.18816442590161975,0.7469879518072289,0.5588235259056091,34,0.6046511627906976,0.627906976744186,1.2936042547225952,1.0051828622817993,0.24318823634192002,0.15887685917144598,1.5759779214859009,0.36893364787101746,,,,,,,,
glass,0.5,Baseline-Student,4,14,0.44117647409439087,15.955882616341114,0.16581415525381116,0.7246376811594203,0.5588235259056091,35,0.627906976744186,0.6046511627906976,1.3240898847579956,1.0171276330947876,0.33801254214242443,0.06952323608620221,1.628970980644226,0.33483901619911194,,,,,,,,
glass,0.6,Baseline-Student,4,20,0.44117647409439087,17.720588568598032,0.2090909090909091,0.7090909090909091,0.5,41,0.6046511627906976,0.627906976744186,1.2936201095581055,1.0198251008987427,0.286074198262636,0.16965495431145958,1.601129174232483,0.35245686769485474,,,,,,,,
glass,0.7,Baseline-Student,4,24,0.44117647409439087,17.50000024214387,0.2675070010480427,0.7380952380952381,0.47058823704719543,45,0.5813953488372093,0.5581395348837209,1.3052090406417847,1.109275221824646,0.21777885875036546,0.14791021236153534,1.599867343902588,0.3636164665222168,,,,,,,,
glass,0.8,Baseline-Student,4,42,0.3529411852359772,21.779412250965834,0.33193276609693256,0.7142857142857143,0.38235294818878174,63,0.4186046511627907,0.4418604651162791,1.3868800401687622,1.3247891664505005,0.08037153856698857,0.1914833111818447,1.5623260736465454,0.38483017683029175,,,,,,,,
glass,0.2,Baseline-Student,5,45,0.6470588445663452,35.926471181213856,0.1144385131922635,0.7909090909090909,0.6764705777168274,66,0.7209302325581395,0.7209302325581395,0.7269798517227173,0.6700911521911621,0.16849230125892994,0.152015533558158,0.8637703061103821,0.6538770198822021,,,,,,,,
glass,0.3,Baseline-Student,5,45,0.6176470518112183,33.80882403999567,0.12561275561650598,0.8020833333333334,0.6764705777168274,66,0.7441860465116279,0.7209302325581395,0.954102098941803,0.9424908757209778,0.17976415573164473,0.14110394480616548,0.9947676658630371,0.6046100854873657,,,,,,,,
glass,0.4,Baseline-Student,5,41,0.5882353186607361,29.57352989166975,0.177533671080348,0.7951807228915663,0.6176470518112183,62,0.7209302325581395,0.7209302325581395,0.9974802732467651,0.95572429895401,0.18909887103147285,0.19797276826791985,1.0553816556930542,0.5679389834403992,,,,,,,,
glass,0.5,Baseline-Student,5,56,0.529411792755127,36.57353038340807,0.19394715108733251,0.8115942028985508,0.6176470518112183,77,0.7674418604651163,0.7209302325581395,0.9692947268486023,0.9357566237449646,0.2577774739542673,0.1917629588481992,0.9931121468544006,0.6126694679260254,,,,,,,,
glass,0.6,Baseline-Student,5,65,0.5588235259056091,39.05882456153631,0.3026737722483548,0.8909090909090909,0.5882353186607361,86,0.7441860465116279,0.6744186046511628,1.0627405643463135,1.0341509580612183,0.18516638320545817,0.19949505287547445,0.917489767074585,0.6156692504882812,,,,,,,,
glass,0.7,Baseline-Student,5,65,0.47058823704719543,34.47058867663145,0.38655462009566166,0.8571428571428571,0.47058823704719543,86,0.6046511627906976,0.6046511627906976,1.1189522743225098,1.1188733577728271,0.13765872009964875,0.15522550635559618,0.943756639957428,0.652981698513031,,,,,,,,
glass,0.8,Baseline-Student,5,89,0.44117647409439087,42.29411830753088,0.38655462009566166,0.8571428571428571,0.47058823704719543,110,0.6511627906976745,0.627906976744186,1.0739352703094482,1.1022779941558838,0.1454452456429947,0.1938338487647301,1.0916264057159424,0.6114861965179443,,,,,,,,
glass,0.2,Baseline-Student,6,36,0.5,26.64705941826105,0.24545454545454548,0.7454545454545455,0.5,57,0.6744186046511628,0.6511627906976745,0.8635148406028748,0.789904773235321,0.11295784697976223,0.10369118077810421,0.9271955490112305,0.6039814352989197,,,,,,,,
glass,0.3,Baseline-Student,6,47,0.5,30.02941208332777,0.30208333333333337,0.8020833333333334,0.5,68,0.627906976744186,0.6976744186046512,0.8529107570648193,0.7722618579864502,0.08228693798530932,0.12600854593654012,0.8947744965553284,0.6287201642990112,,,,,,,,
glass,0.4,Baseline-Student,6,53,0.5,34.088235788047314,0.3192771084337349,0.8192771084337349,0.5,74,0.6511627906976745,0.7209302325581395,0.8240569233894348,0.7475978136062622,0.13437674073285832,0.13128778269124583,0.8265941739082336,0.6467463970184326,,,,,,,,
glass,0.5,Baseline-Student,6,49,0.5588235259056091,30.16176525503397,0.2544756998186526,0.6956521739130435,0.44117647409439087,70,0.6744186046511628,0.6046511627906976,0.9109012484550476,0.8248037099838257,0.09807266121686892,0.1335124276405157,0.9596003293991089,0.5763460397720337,,,,,,,,
glass,0.6,Baseline-Student,6,28,0.47058823704719543,20.088235564529896,0.25668449022553186,0.7272727272727273,0.47058823704719543,49,0.5813953488372093,0.6744186046511628,1.1979238986968994,0.9846058487892151,0.19493029353230498,0.14710122416185775,1.5080149173736572,0.3985874354839325,,,,,,,,
glass,0.7,Baseline-Student,6,29,0.38235294818878174,18.044117979705334,0.33193276609693256,0.7142857142857143,0.38235294818878174,50,0.5348837209302325,0.5116279069767442,1.234362244606018,1.0974018573760986,0.13259420145389644,0.20144643062768983,1.5365691184997559,0.41457656025886536,,,,,,,,
glass,0.8,Baseline-Student,6,36,0.38235294818878174,17.058823965489864,0.3970588147640228,0.75,0.3529411852359772,57,0.5348837209302325,0.5348837209302325,1.3982033729553223,1.1965768337249756,0.24619045853614807,0.19721975576045897,1.667724609375,0.30875417590141296,,,,,,,,
glass,0.2,Baseline-Student,7,47,0.6764705777168274,37.73529424518347,0.15989305864680892,0.8363636363636363,0.6764705777168274,68,0.6511627906976745,0.6046511627906976,1.0096182823181152,1.0750529766082764,0.12072558250538139,0.17965426625207412,0.8089850544929504,0.6691877841949463,,,,,,,,
glass,0.3,Baseline-Student,7,64,0.6764705777168274,45.808824218809605,0.18627448876698816,0.8333333333333334,0.6470588445663452,85,0.6976744186046512,0.6744186046511628,1.0033596754074097,1.0724512338638306,0.1421637036079584,0.11856457383133644,0.7823395133018494,0.6751510500907898,,,,,,,,
glass,0.4,Baseline-Student,7,69,0.6470588445663452,49.86764780431986,0.20836284218064272,0.8554216867469879,0.6470588445663452,90,0.6976744186046512,0.7209302325581395,1.0329911708831787,1.0924832820892334,0.17457226265308468,0.12175603106964467,0.7554633617401123,0.6872977614402771,,,,,,,,
glass,0.5,Baseline-Student,7,60,0.5882353186607361,41.397059716284275,0.20886613061462622,0.7971014492753623,0.5882353186607361,81,0.7674418604651163,0.7441860465116279,1.0669974088668823,1.0452057123184204,0.2347029267355453,0.19138421776682832,0.8708444833755493,0.626304030418396,,,,,,,,
glass,0.6,Baseline-Student,7,94,0.5588235259056091,59.044118497520685,0.35026738318529993,0.9090909090909091,0.5588235259056091,115,0.6976744186046512,0.6511627906976745,1.0141853094100952,1.064729928970337,0.10843150768169138,0.0849506265895311,0.7615718245506287,0.6879329085350037,,,,,,,,
glass,0.7,Baseline-Student,7,27,0.47058823704719543,21.33823560923338,0.19747896705354961,0.7857142857142857,0.5882353186607361,48,0.6976744186046512,0.7209302325581395,1.2152870893478394,1.0115412473678589,0.3030035052188607,0.18296682488086613,1.4148807525634766,0.40651848912239075,,,,,,,,
glass,0.8,Baseline-Student,7,48,0.47058823704719543,27.764706183224916,0.24369747723851887,0.7142857142857143,0.47058823704719543,69,0.5348837209302325,0.5581395348837209,1.2598817348480225,1.2080128192901611,0.19384633871011955,0.19285034024438197,1.4600582122802734,0.40599775314331055,,,,,,,,
glass,0.2,Baseline-Student,8,46,0.6176470518112183,37.970588602125645,0.18021388270638206,0.8272727272727273,0.6470588445663452,67,0.627906976744186,0.6744186046511628,0.9633005857467651,0.9249956011772156,0.14128012504688528,0.1333728841570921,0.9448191523551941,0.6270935535430908,,,,,,,,
glass,0.3,Baseline-Student,8,51,0.5882353186607361,38.70588359609246,0.2450980146725973,0.8333333333333334,0.5882353186607361,72,0.6046511627906976,0.6046511627906976,1.0021401643753052,0.9759953618049622,0.13730985619301017,0.18103071423464043,0.9814805388450623,0.626072108745575,,,,,,,,
glass,0.4,Baseline-Student,8,46,0.5588235259056091,34.33823573961854,0.2965981608413788,0.8554216867469879,0.5588235259056091,67,0.6046511627906976,0.627906976744186,1.0717155933380127,1.0223084688186646,0.19199400585751203,0.13568322672400362,1.0160465240478516,0.6153938174247742,,,,,,,,
glass,0.5,Baseline-Student,8,64,0.5588235259056091,43.97058904543519,0.2958226523537567,0.8840579710144928,0.5882353186607361,85,0.627906976744186,0.6744186046511628,1.1381785869598389,1.121444821357727,0.12922943470089934,0.26732126917949944,0.9051114320755005,0.6488993763923645,,,,,,,,
glass,0.6,Baseline-Student,8,60,0.6176470518112183,43.191176699474454,0.23689840273423624,0.8545454545454545,0.6176470518112183,81,0.5813953488372093,0.627906976744186,1.166699767112732,1.142040729522705,0.25417975700178813,0.19417751389880517,1.0738794803619385,0.5818936824798584,,,,,,,,
glass,0.7,Baseline-Student,8,78,0.6470588445663452,57.54411859996617,0.2871148529506865,0.9047619047619048,0.6176470518112183,99,0.6046511627906976,0.627906976744186,1.1682569980621338,1.1515212059020996,0.18436583391455713,0.16032963713934256,0.9680045247077942,0.6316143870353699,,,,,,,,
glass,0.8,Baseline-Student,8,110,0.7058823704719543,70.76470665447414,0.15126048667090275,0.8571428571428571,0.7058823704719543,131,0.6046511627906976,0.6511627906976745,1.4528980255126953,1.514444351196289,0.11386099319125331,0.16910499750181684,0.9269858002662659,0.65371173620224,,,,,,,,
glass,0.2,Baseline-Student,9,49,0.7058823704719543,46.1470597833395,0.14866308407350015,0.8545454545454545,0.7058823704719543,70,0.6046511627906976,0.6046511627906976,1.0555591583251953,1.147050380706787,0.18245913192283275,0.24605192694553107,0.8356597423553467,0.6672035455703735,,,,,,,,
glass,0.3,Baseline-Student,9,49,0.7352941036224365,44.95588279515505,0.12928922971089685,0.8645833333333334,0.7352941036224365,70,0.5813953488372093,0.5813953488372093,1.1078001260757446,1.2068207263946533,0.20597461905590322,0.19134163579275443,0.8936664462089539,0.635141909122467,,,,,,,,
glass,0.4,Baseline-Student,9,57,0.7352941036224365,49.617647901177406,0.17363570181720223,0.8795180722891566,0.7058823704719543,78,0.6046511627906976,0.5813953488372093,1.1406787633895874,1.2917288541793823,0.1929561391819355,0.20211224500523056,0.7805570363998413,0.691733181476593,,,,,,,,
glass,0.5,Baseline-Student,9,76,0.7058823704719543,61.000000700354576,0.1926683541657268,0.8985507246376812,0.7058823704719543,97,0.5813953488372093,0.5813953488372093,1.1541178226470947,1.2396564483642578,0.1573314431101777,0.18455494420472968,0.7743449807167053,0.6869304776191711,,,,,,,,
glass,0.6,Baseline-Student,9,67,0.6470588445663452,51.50000060349703,0.18502672043713653,0.8909090909090909,0.7058823704719543,88,0.5813953488372093,0.5581395348837209,1.121917724609375,1.1996755599975586,0.16312410249266512,0.22208723217941995,0.9027820229530334,0.6271045804023743,,,,,,,,
glass,0.7,Baseline-Student,9,54,0.6470588445663452,42.044118501245975,0.1806722794260297,0.8571428571428571,0.6764705777168274,75,0.5813953488372093,0.6046511627906976,1.0793129205703735,1.09761643409729,0.07865871870240501,0.15148189109425209,1.1241228580474854,0.5600140690803528,,,,,,,,
glass,0.8,Baseline-Student,9,68,0.6470588445663452,49.48529464378953,0.2457982982907977,0.8928571428571429,0.6470588445663452,89,0.5581395348837209,0.5581395348837209,1.1773041486740112,1.1944488286972046,0.16033278856166575,0.14236138102620147,1.3029807806015015,0.5078659057617188,,,,,,,,
glass,0.2,Baseline-Student,10,69,0.7352941036224365,61.19117707014084,0.044385012713345606,0.8090909090909091,0.7647058963775635,90,0.627906976744186,0.6511627906976745,1.0215672254562378,1.0939645767211914,0.17313072362611462,0.14414208850195243,0.6742888689041138,0.7392405867576599,,,,,,,,
glass,0.3,Baseline-Student,10,79,0.7647058963775635,66.51470663398504,0.05821077028910315,0.8229166666666666,0.7647058963775635,100,0.6511627906976745,0.6744186046511628,1.022968053817749,1.065259575843811,0.181441770043484,0.17894116390583126,0.666695237159729,0.7386482954025269,,,,,,,,
glass,0.4,Baseline-Student,10,65,0.7058823704719543,55.11764772981405,0.07193481204021412,0.8072289156626506,0.7352941036224365,86,0.627906976744186,0.6744186046511628,1.0207337141036987,1.0528032779693604,0.18156123299931373,0.16444193831709925,0.7180495858192444,0.724553644657135,,,,,,,,
glass,0.5,Baseline-Student,10,110,0.7058823704719543,87.66176519542933,0.12020458604978479,0.8260869565217391,0.7058823704719543,131,0.627906976744186,0.6511627906976745,1.0929681062698364,1.090206265449524,0.18662831464479138,0.25883906040080756,0.6029562950134277,0.7740246057510376,,,,,,,,
glass,0.6,Baseline-Student,10,76,0.7058823704719543,57.38235332816839,0.10534760410135446,0.7818181818181819,0.6764705777168274,97,0.627906976744186,0.6744186046511628,1.1112290620803833,1.1445881128311157,0.14723473094230477,0.17102275615514712,0.7319126129150391,0.7157931923866272,,,,,,,,
glass,0.7,Baseline-Student,10,145,0.6764705777168274,106.22058825939894,0.2815125840050834,0.9285714285714286,0.6470588445663452,166,0.6511627906976745,0.6511627906976745,1.284667730331421,1.3817439079284668,0.22403932033583174,0.19184676921644875,0.5333117842674255,0.7735752463340759,,,,,,,,
glass,0.8,Baseline-Student,10,130,0.7058823704719543,82.13235421851277,0.15126048667090275,0.8571428571428571,0.7058823704719543,151,0.627906976744186,0.627906976744186,1.1362919807434082,1.1902992725372314,0.09749221871065537,0.11481437849444012,0.774783194065094,0.6627156734466553,,,,,,,,
glass,0.2,Baseline-Student,11,21,0.5588235259056091,21.500000350177288,0.13689840273423626,0.7545454545454545,0.6176470518112183,42,0.6046511627906976,0.6744186046511628,1.1724802255630493,1.0281988382339478,0.22472481741461645,0.24149961804234707,1.207279920578003,0.4978243410587311,,,,,,,,
glass,0.3,Baseline-Student,11,29,0.5882353186607361,24.75000063329935,0.20343134800593055,0.7916666666666666,0.5882353186607361,50,0.5813953488372093,0.6511627906976745,1.141387701034546,1.0209788084030151,0.15832517521325928,0.2077798843383789,1.1673485040664673,0.5200405716896057,,,,,,,,
glass,0.4,Baseline-Student,11,25,0.6176470518112183,22.808823980391026,0.18284901868866155,0.7710843373493976,0.5882353186607361,46,0.4418604651162791,0.5813953488372093,1.256868839263916,1.138327717781067,0.1971226740022038,0.20668948459070782,1.244552731513977,0.4881002604961395,,,,,,,,
glass,0.5,Baseline-Student,11,27,0.5,23.117647547274828,0.20886613061462622,0.7971014492753623,0.5882353186607361,48,0.3488372093023256,0.5348837209302325,1.3833708763122559,1.3761357069015503,0.19316358136576275,0.2281437862751096,1.2910826206207275,0.4902688264846802,,,,,,,,
glass,0.6,Baseline-Student,11,37,0.529411792755127,29.05882380530238,0.18235294818878178,0.8,0.6176470518112183,58,0.6046511627906976,0.5813953488372093,1.2979183197021484,1.401442527770996,0.23128537729729054,0.21781901148862617,1.2359451055526733,0.5077309608459473,,,,,,,,
glass,0.7,Baseline-Student,11,43,0.5,28.500000106170774,0.2675070010480427,0.7380952380952381,0.47058823704719543,64,0.5581395348837209,0.5581395348837209,1.2209397554397583,1.2726576328277588,0.16373570852501448,0.16947463224100512,1.2075550556182861,0.5447437167167664,,,,,,,,
glass,0.8,Baseline-Student,11,78,0.47058823704719543,44.04411787725985,0.19117647409439087,0.75,0.5588235259056091,99,0.5813953488372093,0.6046511627906976,1.4177839756011963,1.576347827911377,0.28629467133865805,0.2826939550943153,1.0330073833465576,0.6460251212120056,,,,,,,,
glass,0.2,Baseline-Student,12,33,0.5,24.044117890298367,0.2775401104580272,0.8363636363636363,0.5588235259056091,54,0.6511627906976745,0.627906976744186,0.893672525882721,0.9612867832183838,0.20015911168830344,0.13826248534890107,0.898535430431366,0.6397360563278198,,,,,,,,
glass,0.3,Baseline-Student,12,46,0.5588235259056091,30.22058855369687,0.27450980742772424,0.8333333333333334,0.5588235259056091,67,0.5813953488372093,0.627906976744186,0.8923937082290649,0.9500897526741028,0.17426154433294785,0.1342962564424027,0.8623359799385071,0.6559121608734131,,,,,,,,
glass,0.4,Baseline-Student,12,24,0.4117647111415863,17.735294304788113,0.25903614457831325,0.7590361445783133,0.5,45,0.4883720930232558,0.627906976744186,1.0884660482406616,0.9809090495109558,0.21156849486883297,0.16734754068906915,1.133196234703064,0.5395067930221558,,,,,,,,
glass,0.5,Baseline-Student,12,27,0.5,19.705882791429758,0.3120204586049785,0.782608695652174,0.47058823704719543,48,0.5581395348837209,0.6976744186046512,1.0837827920913696,0.9767912030220032,0.2585477087386819,0.25680612686068516,1.1972355842590332,0.5110001564025879,,,,,,,,
glass,0.6,Baseline-Student,12,34,0.5,22.05882405117154,0.25668449022553186,0.7272727272727273,0.47058823704719543,55,0.6976744186046512,0.6511627906976745,1.0515755414962769,0.9593029618263245,0.2318553882975911,0.16998196895732437,1.2132983207702637,0.5058853030204773,,,,,,,,
glass,0.7,Baseline-Student,12,35,0.4117647111415863,20.426470916718245,0.2843137184778849,0.6666666666666666,0.38235294818878174,56,0.627906976744186,0.6046511627906976,1.1095911264419556,1.0099343061447144,0.20925187856652017,0.13175840918407883,1.360193133354187,0.46521732211112976,,,,,,,,
glass,0.8,Baseline-Student,12,56,0.3529411852359772,22.764706436544657,0.3970588147640228,0.75,0.3529411852359772,77,0.46511627906976744,0.4883720930232558,1.2107657194137573,1.1099661588668823,0.12684224303378616,0.1539178130238555,1.4172048568725586,0.4387873411178589,,,,,,,,
glass,0.2,Baseline-Student,13,66,0.7647058963775635,58.76470638811588,0.11711228544061836,0.8818181818181818,0.7647058963775635,87,0.5813953488372093,0.6046511627906976,1.091286540031433,1.0755343437194824,0.1572999184907869,0.20429719187492548,0.7881655097007751,0.6874945163726807,,,,,,,,
glass,0.3,Baseline-Student,13,47,0.6764705777168274,41.029412254691124,0.04779410362243652,0.8125,0.7647058963775635,68,0.5348837209302325,0.5348837209302325,1.1385829448699951,1.1573542356491089,0.2064719428849775,0.15378544219704562,0.953064501285553,0.6149269938468933,,,,,,,,
glass,0.4,Baseline-Student,13,73,0.7941176295280457,64.58823512494564,0.10276398314050883,0.8674698795180723,0.7647058963775635,94,0.5813953488372093,0.5813953488372093,1.1881293058395386,1.2103846073150635,0.2174042830633563,0.1986443372659905,0.7810132503509521,0.6844583749771118,,,,,,,,
glass,0.5,Baseline-Student,13,57,0.6470588445663452,49.588235422968864,0.0468883065209873,0.8115942028985508,0.7647058963775635,78,0.5348837209302325,0.5813953488372093,1.1438300609588623,1.129032015800476,0.14547871157180428,0.16622610979301986,0.9136567115783691,0.6237106323242188,,,,,,,,
glass,0.6,Baseline-Student,13,67,0.7352941036224365,55.558823958039284,0.18502672043713653,0.8909090909090909,0.7058823704719543,88,0.5581395348837209,0.5348837209302325,1.1438111066818237,1.1598596572875977,0.15688429045122723,0.25623113610023673,0.935986340045929,0.5901459455490112,,,,,,,,
glass,0.7,Baseline-Student,13,70,0.7352941036224365,51.867647752165794,0.12184875352042057,0.8571428571428571,0.7352941036224365,91,0.5581395348837209,0.5581395348837209,1.2633734941482544,1.3370555639266968,0.1915912642035373,0.16615757415460986,0.8843042254447937,0.6187224984169006,,,,,,,,
glass,0.8,Baseline-Student,13,63,0.5882353186607361,46.77941255271435,0.07352942228317261,0.75,0.6764705777168274,84,0.3953488372093023,0.4186046511627907,1.2867470979690552,1.3147915601730347,0.18676172578057582,0.19298935144446616,1.2039262056350708,0.49179819226264954,,,,,,,,
glass,0.2,Baseline-Student,14,59,0.6764705777168274,48.073529886081815,0.15080214955589988,0.8272727272727273,0.6764705777168274,80,0.6976744186046512,0.6976744186046512,0.8240509033203125,0.8213267922401428,0.10683845364770225,0.11581571989281234,0.657275915145874,0.7399781942367554,,,,,,,,
glass,0.3,Baseline-Student,14,70,0.6470588445663452,53.1764714512974,0.17585782210032141,0.8229166666666666,0.6470588445663452,91,0.6744186046511628,0.7441860465116279,0.7921696305274963,0.7361534237861633,0.12074770899706108,0.1828523964382881,0.636776864528656,0.7522632479667664,,,,,,,,
glass,0.4,Baseline-Student,14,69,0.6470588445663452,51.58823638595641,0.16017007109630543,0.8072289156626506,0.6470588445663452,90,0.6744186046511628,0.7674418604651163,0.7865711450576782,0.7537616491317749,0.10676964285761811,0.15522681142008585,0.6623448133468628,0.732081949710846,,,,,,,,
glass,0.5,Baseline-Student,14,61,0.5588235259056091,44.51470666565001,0.20843990471052087,0.8260869565217391,0.6176470518112183,82,0.6744186046511628,0.6744186046511628,0.9953766465187073,0.9935513734817505,0.22066255156383954,0.22298115838405697,0.730936586856842,0.7328126430511475,,,,,,,,
glass,0.6,Baseline-Student,14,77,0.5882353186607361,51.3676478844136,0.33208556500348174,0.8909090909090909,0.5588235259056091,98,0.6744186046511628,0.7209302325581395,0.9850645065307617,0.9690303206443787,0.17433042997537657,0.24003555885581082,0.6372494101524353,0.7750184535980225,,,,,,,,
glass,0.7,Baseline-Student,14,101,0.5588235259056091,63.808823777362704,0.19187675771259127,0.8095238095238095,0.6176470518112183,122,0.6046511627906976,0.627906976744186,1.0743870735168457,1.127841591835022,0.199456604414208,0.18895976834518968,0.6047658324241638,0.7843772768974304,,,,,,,,
glass,0.8,Baseline-Student,14,46,0.38235294818878174,24.88235334120691,0.35084033438137596,0.8214285714285714,0.47058823704719543,67,0.4883720930232558,0.6046511627906976,1.4578983783721924,1.4874933958053589,0.20107141552969468,0.10469982721084772,1.2785000801086426,0.46329307556152344,,,,,,,,
glass,0.2,Baseline-Student,15,56,0.7058823704719543,48.01470609754324,0.21657751907001843,0.8636363636363636,0.6470588445663452,77,0.627906976744186,0.627906976744186,0.9749607443809509,1.0035845041275024,0.1725412815116173,0.17793329995731974,0.8483535647392273,0.6702325344085693,,,,,,,,
glass,0.3,Baseline-Student,15,54,0.6176470518112183,42.470588617026806,0.2469362815221151,0.8645833333333334,0.6176470518112183,75,0.6046511627906976,0.627906976744186,0.9971290230751038,0.9871504306793213,0.17382860183715818,0.16178196391393973,0.94144606590271,0.6121259331703186,,,,,,,,
glass,0.4,Baseline-Student,15,57,0.5882353186607361,41.42647159844637,0.2792345608573362,0.8674698795180723,0.5882353186607361,78,0.627906976744186,0.627906976744186,0.9775789976119995,0.980718195438385,0.1890205338943836,0.19071275966112,0.9518448710441589,0.6071139574050903,,,,,,,,
glass,0.5,Baseline-Student,15,47,0.5882353186607361,34.176471032202244,0.2523443914841914,0.8405797101449275,0.5882353186607361,68,0.5581395348837209,0.6046511627906976,1.1320393085479736,1.195223331451416,0.13002712782039197,0.18175898457682413,1.0014830827713013,0.5776069760322571,,,,,,,,
glass,0.6,Baseline-Student,15,48,0.5,31.073529668152332,0.28181818181818186,0.7818181818181819,0.5,69,0.5581395348837209,0.5581395348837209,1.1186954975128174,1.1652591228485107,0.14893493264220484,0.12498207009115883,1.0955256223678589,0.5516204237937927,,,,,,,,
glass,0.7,Baseline-Student,15,55,0.5,33.985294468700886,0.32773106438773014,0.8571428571428571,0.529411792755127,76,0.5348837209302325,0.5813953488372093,1.1487058401107788,1.2395552396774292,0.08428776402806126,0.1284831110821214,1.1076875925064087,0.5429024696350098,,,,,,,,
glass,0.8,Baseline-Student,15,96,0.44117647409439087,49.13235332816839,0.42226890580994747,0.8928571428571429,0.47058823704719543,117,0.4883720930232558,0.3953488372093023,1.2874757051467896,1.4165194034576416,0.30469906745955,0.18676867457323293,1.1415902376174927,0.5278176665306091,,,,,,,,
glass,0.2,Baseline-Student,16,41,0.6176470518112183,33.97058844566345,0.16898396773771807,0.8454545454545455,0.6764705777168274,62,0.6976744186046512,0.7209302325581395,0.967578113079071,0.952143132686615,0.13261755053387134,0.1787659844686819,0.8491087555885315,0.6799825429916382,,,,,,,,
glass,0.3,Baseline-Student,16,49,0.6176470518112183,38.77941232919693,0.13786762952804565,0.84375,0.7058823704719543,70,0.6511627906976745,0.6511627906976745,0.9610328078269958,0.9385835528373718,0.16968280423519227,0.1754187435604805,0.8423691391944885,0.6841577291488647,,,,,,,,
glass,0.4,Baseline-Student,16,84,0.7058823704719543,59.632353723049164,0.13749112350394932,0.8433734939759037,0.7058823704719543,105,0.6511627906976745,0.6511627906976745,0.9612112641334534,0.9866854548454285,0.19881717063659843,0.21960494684618576,0.6422765851020813,0.7481080889701843,,,,,,,,
glass,0.5,Baseline-Student,16,91,0.6764705777168274,60.14706015586853,0.17860188605128857,0.855072463768116,0.6764705777168274,112,0.6511627906976745,0.6744186046511628,1.0335177183151245,1.0681657791137695,0.18106828456701235,0.1339631642020026,0.6362493634223938,0.7423434853553772,,,,,,,,
glass,0.6,Baseline-Student,16,67,0.6176470518112183,45.36764845252037,0.1893047917972911,0.8363636363636363,0.6470588445663452,88,0.6511627906976745,0.6511627906976745,1.0611248016357422,1.0311311483383179,0.18596343661463535,0.21791067372920903,0.7839142680168152,0.6829214096069336,,,,,,,,
glass,0.7,Baseline-Student,16,51,0.6176470518112183,34.705882757902145,0.2156862815221151,0.8333333333333334,0.6176470518112183,72,0.5581395348837209,0.5581395348837209,1.109212875366211,1.0773882865905762,0.14031179283940517,0.20027434687281764,1.0376372337341309,0.5671179890632629,,,,,,,,
glass,0.8,Baseline-Student,16,58,0.5,33.33823624253273,0.25630249295915875,0.7857142857142857,0.529411792755127,79,0.6976744186046512,0.6976744186046512,1.206763744354248,1.1360173225402832,0.2207489789918412,0.2650861670804578,1.2959444522857666,0.5291433334350586,,,,,,,,
glass,0.2,Baseline-Student,17,46,0.5,29.7794119566679,0.36363636363636365,0.8636363636363636,0.5,67,0.6976744186046512,0.7209302325581395,0.9042238593101501,0.9295278191566467,0.1722348554189815,0.17363447505374288,0.7351495623588562,0.741565465927124,,,,,,,,
glass,0.3,Baseline-Student,17,72,0.5,42.691176667809486,0.34375,0.84375,0.5,93,0.7441860465116279,0.7209302325581395,0.9224621057510376,0.9692550301551819,0.18849289555882298,0.1702093398848245,0.6185493469238281,0.7881631851196289,,,,,,,,
glass,0.4,Baseline-Student,17,68,0.5,40.014706149697304,0.34337349397590367,0.8433734939759037,0.5,89,0.7209302325581395,0.7209302325581395,0.9046829342842102,0.8994238972663879,0.257744827935862,0.17262353453525275,0.6643540263175964,0.7618380784988403,,,,,,,,
glass,0.5,Baseline-Student,17,53,0.47058823704719543,31.250000312924385,0.3414322215577831,0.782608695652174,0.44117647409439087,74,0.6046511627906976,0.6511627906976745,0.9669601917266846,0.9422020316123962,0.20133611074713773,0.18615123421646823,0.9059573411941528,0.641422688961029,,,,,,,,
glass,0.6,Baseline-Student,17,75,0.44117647409439087,38.573529943823814,0.37700534408742736,0.8181818181818182,0.44117647409439087,96,0.5813953488372093,0.6744186046511628,0.9306594729423523,0.8991017937660217,0.15973920253820198,0.19191906479902052,0.754331648349762,0.6924471855163574,,,,,,,,
glass,0.7,Baseline-Student,17,25,0.44117647409439087,18.352941423654556,0.29131652485756643,0.7619047619047619,0.47058823704719543,46,0.5348837209302325,0.6511627906976745,1.2333728075027466,1.0448684692382812,0.09807282409002613,0.18214185847792513,1.4265592098236084,0.4660003185272217,,,,,,,,
glass,0.8,Baseline-Student,17,34,0.4117647111415863,20.779412135481834,0.27310924019132343,0.7142857142857143,0.44117647409439087,55,0.4418604651162791,0.5348837209302325,1.4263778924942017,1.2355958223342896,0.08737012674642164,0.1516620447469312,1.5668259859085083,0.4029625654220581,,,,,,,,
glass,0.2,Baseline-Student,18,116,0.7352941036224365,89.67647125571966,0.15561498728665435,0.8909090909090909,0.7352941036224365,137,0.6744186046511628,0.6976744186046512,0.6964522004127502,0.7431800365447998,0.13136732162431225,0.1252948988315671,0.5849938988685608,0.7464545369148254,,,,,,,,
glass,0.3,Baseline-Student,18,134,0.7352941036224365,103.3676479794085,0.20036762952804565,0.90625,0.7058823704719543,155,0.6976744186046512,0.6976744186046512,0.7973289489746094,0.8434062600135803,0.22913606776747591,0.1982362201047498,0.5815333724021912,0.7544218301773071,,,,,,,,
glass,0.4,Baseline-Student,18,107,0.7647058963775635,84.69117772951722,0.10276398314050883,0.8674698795180723,0.7647058963775635,128,0.6744186046511628,0.6744186046511628,0.7188386917114258,0.7542012929916382,0.14328796572463456,0.1621459071026292,0.6482765674591064,0.7371203899383545,,,,,,,,
glass,0.5,Baseline-Student,18,122,0.6764705777168274,92.73529445007443,0.1926683541657268,0.8985507246376812,0.7058823704719543,143,0.6511627906976745,0.6046511627906976,0.7959607243537903,0.8150852918624878,0.19734034150145774,0.16503961973412093,0.7162770628929138,0.7067609429359436,,,,,,,,
glass,0.6,Baseline-Student,18,108,0.6764705777168274,77.0588245857507,0.26203206452456385,0.9090909090909091,0.6470588445663452,129,0.627906976744186,0.627906976744186,0.9115859866142273,0.9457138180732727,0.1846713645513668,0.2421075805675152,0.7459564208984375,0.7101964950561523,,,,,,,,
glass,0.7,Baseline-Student,18,89,0.6176470518112183,62.45588277466595,0.20448180323555354,0.8809523809523809,0.6764705777168274,110,0.6511627906976745,0.627906976744186,0.8695958256721497,0.8645702600479126,0.07100063770316369,0.128381738135981,0.8606113791465759,0.6324969530105591,,,,,,,,
glass,0.8,Baseline-Student,18,129,0.7058823704719543,89.42647093720734,0.12184875352042057,0.8571428571428571,0.7352941036224365,150,0.7209302325581395,0.6744186046511628,0.7917481064796448,0.7917993068695068,0.0881812018017436,0.1788423802963523,0.852266252040863,0.6327490210533142,,,,,,,,
glass,0.2,Baseline-Student,19,75,0.7647058963775635,59.11764753237367,0.11016044183210894,0.8454545454545455,0.7352941036224365,96,0.6976744186046512,0.6976744186046512,0.7041667103767395,0.7051724195480347,0.1128604086332543,0.1303028020747872,0.6760969161987305,0.7482531070709229,,,,,,,,
glass,0.3,Baseline-Student,19,88,0.7647058963775635,67.33823594637215,0.1188725630442301,0.8541666666666666,0.7352941036224365,109,0.6976744186046512,0.6976744186046512,0.7568609714508057,0.7766895890235901,0.18230710126632865,0.13149300702782563,0.6127540469169617,0.7788019180297852,,,,,,,,
glass,0.4,Baseline-Student,19,110,0.7058823704719543,79.22058889456093,0.13217577589563578,0.8674698795180723,0.7352941036224365,131,0.6976744186046512,0.6976744186046512,0.7925398349761963,0.788396418094635,0.11808566367903421,0.14819968578427337,0.5908762216567993,0.791809618473053,,,,,,,,
glass,0.5,Baseline-Student,19,104,0.6470588445663452,72.51470680907369,0.2225063728249591,0.8695652173913043,0.6470588445663452,125,0.6744186046511628,0.6744186046511628,0.8036165237426758,0.8800893425941467,0.16359103141829026,0.13276905237242234,0.7138779163360596,0.7380319833755493,,,,,,,,
glass,0.6,Baseline-Student,19,84,0.6470588445663452,54.36764792539179,0.2914438572796908,0.9090909090909091,0.6176470518112183,105,0.6976744186046512,0.6744186046511628,0.9229392409324646,0.9819005727767944,0.07758120187493259,0.160142089045325,0.6405389308929443,0.7393786907196045,,,,,,,,
glass,0.7,Baseline-Student,19,71,0.6470588445663452,43.63235358335078,0.23949580533163883,0.8571428571428571,0.6176470518112183,92,0.6511627906976745,0.6744186046511628,0.9078733921051025,0.9469884037971497,0.09879974015923433,0.12965677713238916,0.7852688431739807,0.673211932182312,,,,,,,,
glass,0.8,Baseline-Student,19,84,0.5,44.67647131346166,0.3403361099106925,0.9285714285714286,0.5882353186607361,105,0.6046511627906976,0.627906976744186,0.9009954929351807,0.9076555967330933,0.10864026809847631,0.18658598841622817,0.8572191596031189,0.6746615767478943,,,,,,,,
glass,0.2,Distill-S,0,98,0.7058823704719543,73.55882435292006,0.1144385131922635,0.7909090909090909,0.6764705777168274,119,0.6511627906976745,0.6744186046511628,1.2759413719177246,1.27915358543396,0.23191358876782797,0.14518799199614413,0.6424714922904968,0.7437282800674438,0.5813953488372093,0.28660327393958973,0.8377427265088536,0.3994359737121798,0.3232931664280656,0.8803032765341143,,0.9090909090909091
glass,0.3,Distill-S,0,108,0.6764705777168274,75.7941185310483,0.11519608894983924,0.7916666666666666,0.6764705777168274,129,0.627906976744186,0.6511627906976745,1.2544492483139038,1.225043773651123,0.17993371500525362,0.18756850930147392,0.7411426901817322,0.7077904939651489,0.6046511627906976,0.25916397932880963,0.8042928687246397,0.4652054387662784,0.35259198172538886,0.8644136279023273,,0.9166666666666666
glass,0.4,Distill-S,0,119,0.5882353186607361,74.69117818027735,0.23104178977299883,0.8192771084337349,0.5882353186607361,140,0.627906976744186,0.627906976744186,1.212664008140564,1.210524320602417,0.24940401107765908,0.19910287025362947,0.6549276113510132,0.7509034872055054,0.6511627906976745,0.27589409381640106,0.7600244177865582,0.5393976124225954,0.42256632518670917,0.8346094604338414,,0.8674698795180723
glass,0.5,Distill-S,0,152,0.6470588445663452,96.0000014975667,0.19394715108733251,0.8115942028985508,0.6176470518112183,173,0.6511627906976745,0.6511627906976745,1.176578164100647,1.1817052364349365,0.16715554581132047,0.18564808576606037,0.6332462430000305,0.7669094204902649,0.6046511627906976,0.2520539301408654,0.7802117975890004,0.5149323070731086,0.4023295355232689,0.8557493677061413,,0.927536231884058
glass,0.6,Distill-S,0,29,0.44117647409439087,22.51470608264208,0.22032085386189548,0.6909090909090909,0.47058823704719543,50,0.3488372093023256,0.4186046511627907,1.559698224067688,1.5883833169937134,0.14519277769465783,0.2704644348732261,1.3617441654205322,0.4668906033039093,0.5813953488372093,0.22693056972481512,0.7269637038645221,0.6460015182309338,0.4773986534890313,0.8179601473353929,,0.6363636363636364
glass,0.7,Distill-S,0,199,0.6470588445663452,122.72059006243944,0.2815125840050834,0.9285714285714286,0.6470588445663452,220,0.6046511627906976,0.627906976744186,1.5668118000030518,1.5685079097747803,0.2730867918147597,0.21287710444871769,0.6466615200042725,0.740342915058136,0.6046511627906976,0.16931493375688397,0.7334148069872013,0.6213352647656265,0.5227234288707623,0.7861393409098073,,0.8809523809523809
glass,0.8,Distill-S,0,62,0.44117647409439087,35.85294168442488,0.2857142857142857,0.7857142857142857,0.5,83,0.3488372093023256,0.37209302325581395,1.5808112621307373,1.6184659004211426,0.19118275614671928,0.20870758974274928,1.2722973823547363,0.5222160816192627,0.7209302325581395,0.1512268026269139,0.723942414121201,0.6435523067277704,0.49312233105199005,0.8153882340118096,,0.75
glass,0.2,Distill-S,1,52,0.6764705777168274,43.808824114501476,0.12994649952108206,0.7181818181818181,0.5882353186607361,73,0.6744186046511628,0.7441860465116279,0.8568874597549438,0.8069848418235779,0.23928857819978583,0.16076514817947568,0.9175840616226196,0.6284076571464539,0.7441860465116279,0.158492220328505,0.8157701635222749,0.45250183904390034,0.4413513093259626,0.8199017639531594,,0.7454545454545455
glass,0.3,Distill-S,1,65,0.6176470518112183,52.367647893726826,0.12193628152211511,0.7395833333333334,0.6176470518112183,86,0.7441860465116279,0.6976744186046512,0.8746501803398132,0.8564393520355225,0.11942037385563517,0.16669764213783797,0.8801552653312683,0.6569297909736633,0.7674418604651163,0.14517785206683403,0.8131539166024322,0.46687452918018196,0.48184659868337465,0.805720376875985,,0.6770833333333334
glass,0.4,Distill-S,1,78,0.6764705777168274,59.970588497817516,0.1895818638514324,0.8072289156626506,0.6176470518112183,99,0.7209302325581395,0.7441860465116279,0.8679526448249817,0.8570141196250916,0.21795044804728309,0.19579034350639166,0.8035657405853271,0.6779897212982178,0.7441860465116279,0.14160752964757023,0.7743212462863487,0.5699350560631911,0.5865553996880216,0.7603549384175603,,0.6746987951807228
glass,0.5,Distill-S,1,89,0.6176470518112183,67.2647063806653,0.12063087155853491,0.7971014492753623,0.6764705777168274,110,0.6744186046511628,0.7441860465116279,0.8534957766532898,0.8237186670303345,0.14509147682855295,0.16391621911248494,0.8259012699127197,0.6708070039749146,0.7441860465116279,0.16449479947501372,0.7851013019650569,0.5542427588237194,0.5293431999549534,0.7893048386847401,,0.6666666666666666
glass,0.6,Distill-S,1,86,0.6470588445663452,63.029412765055895,0.13475933725183664,0.7818181818181819,0.6470588445663452,107,0.6744186046511628,0.7441860465116279,0.8989066481590271,0.8614687323570251,0.13224544705346575,0.14876417157261868,0.9304782748222351,0.6237967610359192,0.7674418604651163,0.16518541100975098,0.7731877166340589,0.5854777581890898,0.5618218351593706,0.785659752994392,,0.7818181818181819
glass,0.7,Distill-S,1,116,0.6470588445663452,83.85294264927506,0.16246496495746432,0.8095238095238095,0.6470588445663452,137,0.7209302325581395,0.7441860465116279,0.862149178981781,0.8624056577682495,0.182642342739327,0.17892378291418387,0.8075182437896729,0.6895664930343628,0.7674418604651163,0.13147101934433073,0.8064343606117712,0.5269324735133575,0.4831348430041863,0.8011524808933046,,0.7619047619047619
glass,0.8,Distill-S,1,142,0.6470588445663452,91.54411853477359,0.3172268697193691,0.9642857142857143,0.6470588445663452,163,0.6976744186046512,0.7209302325581395,0.8531299829483032,0.828741729259491,0.17731330353160238,0.18763087031453154,0.8113712668418884,0.7026703357696533,0.7674418604651163,0.10039298246263177,0.7914481931504957,0.5562576924203072,0.48987186371114205,0.8114997179980854,,0.7857142857142857
glass,0.2,Distill-S,2,117,0.6764705777168274,87.67647156119347,0.03262033137408171,0.7090909090909091,0.6764705777168274,138,0.7441860465116279,0.7441860465116279,0.9371370077133179,0.9741928577423096,0.13007048049638437,0.17644362810046174,0.6077050566673279,0.7751757502555847,0.5348837209302325,0.37147138151255044,0.8888373076625223,0.2896099149191776,0.3548622769135691,0.8535279832631977,,0.7181818181818181
glass,0.3,Distill-S,2,239,0.6764705777168274,173.33823654800653,0.15686275561650598,0.8333333333333334,0.6764705777168274,260,0.7441860465116279,0.7209302325581395,1.0706945657730103,1.0867047309875488,0.17225177690040233,0.19765174388885498,0.4953683912754059,0.8170053958892822,0.627906976744186,0.2390475074126933,0.8574586821913103,0.37456210162306103,0.4101876843640057,0.8432335263901619,,0.7395833333333334
glass,0.4,Distill-S,2,69,0.7352941036224365,56.323530189692974,0.02374204095587673,0.7590361445783133,0.7352941036224365,90,0.6744186046511628,0.6976744186046512,0.8621179461479187,0.8799347877502441,0.22009867845579634,0.20446977643079536,0.8369591236114502,0.6591710448265076,0.6511627906976745,0.2702345746467921,0.828495238062809,0.4382739537213529,0.4419792964095714,0.8295470779010692,,0.6867469879518072
glass,0.5,Distill-S,2,61,0.6764705777168274,47.35294183343649,0.06265985706578125,0.7391304347826086,0.6764705777168274,82,0.6744186046511628,0.6744186046511628,0.903102457523346,0.9389480948448181,0.15645751842232639,0.17869557960088867,0.9672157168388367,0.5771276354789734,0.6511627906976745,0.20391083883977876,0.8176850699603327,0.4801978034408367,0.5415034393272978,0.7865321125526545,,0.5507246376811594
glass,0.6,Distill-S,2,153,0.7647058963775635,124.32352916151285,0.042246006835590655,0.8363636363636363,0.7941176295280457,174,0.7674418604651163,0.7674418604651163,0.8588547110557556,0.8591090440750122,0.21343929337900744,0.237372137086336,0.6994004845619202,0.7179268002510071,0.627906976744186,0.2188587159520552,0.8150368798589516,0.4690530611333494,0.46044023629310565,0.8172778930000322,,0.7272727272727273
glass,0.7,Distill-S,2,153,0.7647058963775635,121.76470585912466,0.09243696076529362,0.8571428571428571,0.7647058963775635,174,0.7209302325581395,0.7906976744186046,1.0152429342269897,1.0153037309646606,0.1447115041488825,0.19890759642734085,0.7074804306030273,0.6973073482513428,0.6744186046511628,0.24648550377325879,0.8167517177480118,0.49825542093923725,0.5325963483201862,0.7853326623630766,,0.8095238095238095
glass,0.8,Distill-S,2,299,0.7352941036224365,201.57352907210588,0.12184875352042057,0.8571428571428571,0.7352941036224365,300,0.7209302325581395,0.7209302325581395,0.9110250473022461,0.9110250473022461,0.12049992694411164,0.12049992694411164,0.5598375797271729,0.777740478515625,0.7674418604651163,0.14619135311996367,0.8033826787405737,0.5214965042628589,0.5463075888864221,0.7724709061044626,,0.7142857142857143
glass,0.2,Distill-S,3,47,0.5588235259056091,34.73529460467398,0.19786093451760034,0.7272727272727273,0.529411792755127,68,0.6976744186046512,0.7674418604651163,0.7865720987319946,0.7818432450294495,0.1360766568849253,0.1726112552853518,0.8749556541442871,0.67123943567276,0.627906976744186,0.25260697798166204,0.8345590135917917,0.45312768259562847,0.43097322407614064,0.8217989593483671,,0.7818181818181819
glass,0.3,Distill-S,3,56,0.5882353186607361,40.102942476049066,0.1703431407610575,0.7291666666666666,0.5588235259056091,77,0.6744186046511628,0.7441860465116279,0.8106674551963806,0.8432072401046753,0.12456136803294336,0.24972210512604825,0.8574097156524658,0.6687324643135071,0.6511627906976745,0.20517338762153425,0.8396871457814349,0.438288845396163,0.42766707760489836,0.8340273179340375,,0.8125
glass,0.4,Distill-S,3,45,0.5588235259056091,31.941177492961287,0.1814315807388489,0.7108433734939759,0.529411792755127,66,0.6744186046511628,0.7209302325581395,0.798251748085022,0.7524548172950745,0.18783977419831033,0.11884341336960015,0.9259496927261353,0.6326289772987366,0.6976744186046512,0.15458822361617772,0.8432955195164352,0.45288251633287996,0.5000016008585065,0.8017436013744986,,0.7590361445783133
glass,0.5,Distill-S,3,63,0.5,37.42647130228579,0.1811594202898551,0.6811594202898551,0.5,84,0.5813953488372093,0.6976744186046512,0.8483181595802307,0.8299359083175659,0.13498963796815208,0.21295557465664178,0.9086529016494751,0.6237869262695312,0.7209302325581395,0.18170586398334726,0.8337479830537898,0.4634445701620095,0.45997663614434686,0.8179209805895621,,0.7246376811594203
glass,0.6,Distill-S,3,79,0.5588235259056091,46.676471112295985,0.14331547997214578,0.6727272727272727,0.529411792755127,100,0.6511627906976745,0.7209302325581395,0.7926868200302124,0.7601972818374634,0.16512629666993783,0.2121251121509907,0.9108454585075378,0.6203001737594604,0.7209302325581395,0.185444791515753,0.8493725856949158,0.4358551455125773,0.44706581293784553,0.8334363962304809,,0.8
glass,0.7,Distill-S,3,59,0.5,32.72058874182403,0.22689075980867657,0.7857142857142857,0.5588235259056091,80,0.5348837209302325,0.5813953488372093,0.9138166904449463,0.9012600183486938,0.1659928192926008,0.10817160024199375,1.0481252670288086,0.5850839018821716,0.7906976744186046,0.1439188639439581,0.8321271946833069,0.4533372851452846,0.4135330691448462,0.840203282396933,,0.8333333333333334
glass,0.8,Distill-S,3,103,0.47058823704719543,44.73529480583966,0.42226890580994747,0.8928571428571429,0.47058823704719543,124,0.5348837209302325,0.6046511627906976,0.9645034670829773,0.982236385345459,0.19031228991441948,0.13359512908514154,1.035983681678772,0.5922701358795166,0.7674418604651163,0.1610658734059302,0.8141159255023249,0.5151334335045704,0.4520312496305653,0.8316809316305477,,0.8214285714285714
glass,0.2,Distill-S,4,42,0.7058823704719543,36.67647127062082,0.0032085386189547593,0.7090909090909091,0.7058823704719543,63,0.6046511627906976,0.6046511627906976,1.0985356569290161,1.1149324178695679,0.172904652218486,0.16559328312097593,0.8803899884223938,0.6520578861236572,0.3953488372093023,0.48308707061131184,0.8784359078206142,0.2970984557970205,0.3242735957149452,0.8782613405267452,,0.7727272727272727
glass,0.3,Distill-S,4,48,0.6470588445663452,38.1764715090394,0.09252448876698816,0.7395833333333334,0.6470588445663452,69,0.627906976744186,0.627906976744186,1.0443034172058105,1.0887037515640259,0.2569252737732821,0.12023155495177869,0.8644712567329407,0.6778921484947205,0.5813953488372093,0.334474804177514,0.8710130346642553,0.3677143628602656,0.38919875889980965,0.8615835980722805,,0.8020833333333334
glass,0.4,Distill-S,4,38,0.5882353186607361,30.000000774860382,0.12934089999601062,0.7469879518072289,0.6176470518112183,59,0.627906976744186,0.6744186046511628,0.9946248531341553,1.0098602771759033,0.12630520726359168,0.20226379743842193,0.9325805306434631,0.6487367153167725,0.6046511627906976,0.31346719239112697,0.8578296554578871,0.40128882819774175,0.48113552246633495,0.8255703345380655,,0.6867469879518072
glass,0.5,Distill-S,4,60,0.5588235259056091,42.39705929160118,0.19437337699143786,0.782608695652174,0.5882353186607361,81,0.6976744186046512,0.6744186046511628,0.9787695407867432,1.0173219442367554,0.11627611795137097,0.19442619833835337,0.8782973885536194,0.6787477731704712,0.6511627906976745,0.264162910771413,0.829489606056851,0.46086523154710896,0.5299463576745789,0.7884493736345287,,0.7391304347826086
glass,0.6,Distill-S,4,15,0.4117647111415863,15.852941609919071,0.10267377224835483,0.6909090909090909,0.5882353186607361,36,0.5348837209302325,0.6511627906976745,1.3910008668899536,1.0869641304016113,0.24029371488926024,0.13671587372935098,1.662024974822998,0.31504812836647034,0.6744186046511628,0.20850046556904522,0.8489382552771169,0.40673923242893095,0.4865835066334755,0.807607184577759,,0.6363636363636364
glass,0.7,Distill-S,4,19,0.44117647409439087,17.014706201851368,0.1078431407610575,0.6666666666666666,0.5588235259056091,40,0.6046511627906976,0.5813953488372093,1.3717710971832275,1.1382802724838257,0.2843070660912713,0.1761769350878028,1.649970531463623,0.32034409046173096,0.6511627906976745,0.21564878976561655,0.8351181626156641,0.4692921964945045,0.5878684976982007,0.7631585362679704,,0.6190476190476191
glass,0.8,Distill-S,4,37,0.38235294818878174,21.735294479876757,0.27941176295280457,0.75,0.47058823704719543,58,0.5348837209302325,0.5116279069767442,1.4046099185943604,1.3095767498016357,0.24255281270936477,0.13821437816287196,1.6170451641082764,0.3404121398925781,0.6976744186046512,0.22637151126052402,0.8341410802634524,0.43778891077093723,0.6500434414225713,0.7335900988210299,,0.6785714285714286
glass,0.2,Distill-S,5,41,0.529411792755127,30.14705953747034,0.14331547997214578,0.6727272727272727,0.529411792755127,62,0.6976744186046512,0.6744186046511628,0.7439851760864258,0.7398451566696167,0.1459732679433601,0.15857740890148073,0.8214842081069946,0.6921559572219849,0.6744186046511628,0.26412800240164475,0.9189610921559381,0.24283571405932988,0.32206709006386985,0.8757241019775863,,0.8272727272727273
glass,0.3,Distill-S,5,49,0.5588235259056091,33.808824352920055,0.06311275561650598,0.7395833333333334,0.6764705777168274,70,0.7209302325581395,0.6976744186046512,0.9460785388946533,0.9716540575027466,0.19997943556585973,0.20614708717479263,0.8968841433525085,0.6441516280174255,0.6976744186046512,0.17868855353182692,0.848234508884397,0.41196924317380756,0.46090184628279074,0.8300323898008718,,0.71875
glass,0.4,Distill-S,5,68,0.6764705777168274,48.45588283985853,0.022324603006064203,0.6987951807228916,0.6764705777168274,89,0.7209302325581395,0.6976744186046512,0.9694697260856628,1.0099669694900513,0.09753803181093793,0.1216278963310774,0.7115232944488525,0.7305986881256104,0.6976744186046512,0.18812272496443605,0.8585759122991438,0.36798284297870737,0.32122511134020904,0.8830659155567483,,0.7831325301204819
glass,0.5,Distill-S,5,234,0.6764705777168274,151.8382361754775,0.14961637880491174,0.8260869565217391,0.6764705777168274,255,0.6744186046511628,0.6744186046511628,0.9619407057762146,1.0114200115203857,0.18893185049988503,0.2233191437499468,0.4810599982738495,0.8248018622398376,0.7209302325581395,0.21318485673150397,0.8678244750482308,0.35931798669116827,0.4358175492823791,0.8367083659417857,,0.782608695652174
glass,0.6,Distill-S,5,70,0.6176470518112183,45.54411832243204,0.0508021495558999,0.7272727272727273,0.6764705777168274,91,0.6744186046511628,0.6744186046511628,1.0871695280075073,1.1166638135910034,0.1654833097790563,0.12267592272093132,0.8341901302337646,0.6509706974029541,0.6976744186046512,0.25849835763955853,0.8631896687402443,0.3605894716727737,0.3968445024011333,0.8488808654764444,,0.7454545454545455
glass,0.7,Distill-S,5,64,0.44117647409439087,34.51470649987459,0.13165266457058133,0.6904761904761905,0.5588235259056091,85,0.6046511627906976,0.5813953488372093,1.0712624788284302,1.0886831283569336,0.21906337211298388,0.19712132492730786,0.9504746794700623,0.6131996512413025,0.6511627906976745,0.25745407496790396,0.8619610583413375,0.3909914358542641,0.44001164788755226,0.833089773862715,,0.7142857142857143
glass,0.8,Distill-S,5,95,0.5,47.514706544578075,0.26260504552296227,0.8214285714285714,0.5588235259056091,116,0.5813953488372093,0.5581395348837209,1.0811994075775146,1.0816789865493774,0.12775225417558542,0.13977598728135576,0.9935767650604248,0.626988410949707,0.7209302325581395,0.15900259778688092,0.839291368772642,0.43085306199612616,0.45667028684018446,0.8357157206098808,,0.7857142857142857
glass,0.2,Distill-S,6,47,0.5,30.85294132679701,0.2090909090909091,0.7090909090909091,0.5,68,0.813953488372093,0.7906976744186046,0.781005322933197,0.7666396498680115,0.1775593646737032,0.13867163380911185,0.7346494197845459,0.7184381484985352,0.7906976744186046,0.1549359017210883,0.9275057158283851,0.20228681905968926,0.2346526094463817,0.9110484650926036,,0.9
glass,0.3,Distill-S,6,65,0.529411792755127,40.602942518889904,0.23958333333333337,0.7395833333333334,0.5,86,0.7674418604651163,0.7674418604651163,0.8107166886329651,0.8141014575958252,0.13084725585094717,0.12387100485868234,0.7116129398345947,0.7160590887069702,0.6976744186046512,0.21191671537319828,0.8453931199187158,0.35488465426407295,0.3681863503870946,0.8436562062605768,,0.875
glass,0.4,Distill-S,6,53,0.5,32.176471158862114,0.2523033292178648,0.7228915662650602,0.47058823704719543,74,0.7209302325581395,0.7674418604651163,0.8371914625167847,0.7903651595115662,0.1303846378659093,0.11110744919887809,0.7750142812728882,0.6790810227394104,0.6744186046511628,0.2569950381018783,0.8674143517016807,0.33936341212107085,0.37101392583168413,0.8569557835563785,,0.9036144578313253
glass,0.5,Distill-S,6,57,0.5,35.42647098749876,0.25404944411222485,0.7246376811594203,0.47058823704719543,78,0.7674418604651163,0.7674418604651163,0.8572645783424377,0.7919186353683472,0.15855450131172355,0.14236684386120285,0.8650361895561218,0.625371515750885,0.6976744186046512,0.22376152175152075,0.887808503963738,0.2963258765889266,0.40695614497765625,0.83340189899246,,0.7681159420289855
glass,0.6,Distill-S,6,81,0.47058823704719543,43.426471032202244,0.3042780713601546,0.7454545454545455,0.44117647409439087,102,0.7441860465116279,0.7441860465116279,0.761587381362915,0.726354718208313,0.1446142009524412,0.1409754593705022,0.8219054341316223,0.6548768281936646,0.6744186046511628,0.2895886541404038,0.8812820584606673,0.325208286067362,0.43905203586244423,0.8230716422258536,,0.7636363636363637
glass,0.7,Distill-S,6,32,0.38235294818878174,18.426470935344696,0.3557422899064564,0.7380952380952381,0.38235294818878174,53,0.5581395348837209,0.5348837209302325,1.1459126472473145,0.9962523579597473,0.1336760042711746,0.21645301233890443,1.3860969543457031,0.4743066430091858,0.6511627906976745,0.2009031568431395,0.8520659475408138,0.3789803005950518,0.4770833649225154,0.809250745775309,,0.6666666666666666
glass,0.8,Distill-S,6,8,0.14705882966518402,7.147059045732021,0.18277310047830853,0.5357142857142857,0.3529411852359772,29,0.3023255813953488,0.5348837209302325,1.727785348892212,1.4782280921936035,0.11660234040992203,0.3089796304702758,1.7760857343673706,0.20213845372200012,0.6511627906976745,0.19602785812774176,0.8471906488254161,0.3980487619859784,0.4370351281006869,0.8441766992990077,,0.25
glass,0.2,Distill-S,7,63,0.6470588445663452,45.82352980226278,0.1775401104580272,0.7363636363636363,0.5588235259056091,84,0.46511627906976744,0.4883720930232558,1.1180665493011475,1.1265021562576294,0.23714704083841903,0.2530595272086388,0.7824447154998779,0.672981321811676,0.3953488372093023,0.4879510457981528,0.8581821815041611,0.3811013972022756,0.45739901102486596,0.8241221422921026,,0.7363636363636363
glass,0.3,Distill-S,7,28,0.529411792755127,23.05882380157709,0.1703431407610575,0.7291666666666666,0.5588235259056091,49,0.6511627906976745,0.5813953488372093,1.1215870380401611,1.089651346206665,0.268614283134771,0.18686126068580983,1.1588326692581177,0.5327931046485901,0.5116279069767442,0.4349603869583005,0.8357548360024453,0.4097994460217899,0.4613960898340825,0.8271261562224166,,0.6354166666666666
glass,0.4,Distill-S,7,30,0.529411792755127,23.79411820322275,0.2122608114437885,0.7710843373493976,0.5588235259056091,51,0.627906976744186,0.6046511627906976,1.0826462507247925,0.965374767780304,0.21220589446467025,0.15226024389266965,1.0865541696548462,0.5616416335105896,0.6046511627906976,0.28134449380550375,0.8749915829052975,0.3336729126711909,0.42436062978407424,0.8317950378759205,,0.6867469879518072
glass,0.5,Distill-S,7,53,0.5882353186607361,36.26470647007227,0.26726343061613,0.8260869565217391,0.5588235259056091,74,0.6744186046511628,0.6976744186046512,0.9325941205024719,0.8992767333984375,0.13302568987358449,0.12988045465114503,0.9364909529685974,0.611166775226593,0.6511627906976745,0.2393342023684908,0.8452657745712345,0.39410497177830184,0.48350239885910645,0.8169500007831642,,0.6811594202898551
glass,0.6,Distill-S,7,88,0.6764705777168274,59.60294234007597,0.17540104497562758,0.7636363636363637,0.5882353186607361,109,0.6976744186046512,0.6511627906976745,1.0138158798217773,1.0251418352127075,0.25288820613262264,0.17813841963923252,0.8340453505516052,0.6338010430335999,0.6046511627906976,0.27086121391342577,0.8367289409551885,0.4312446708627105,0.46457659936205087,0.8246111486707963,,0.6727272727272727
glass,0.7,Distill-S,7,43,0.529411792755127,29.058824323117733,0.20308123599915273,0.7619047619047619,0.5588235259056091,64,0.6744186046511628,0.6744186046511628,0.9904917478561401,0.891779899597168,0.18927330194517625,0.1451744963956434,1.1217881441116333,0.5414140224456787,0.6976744186046512,0.16953680239029773,0.8409563216979081,0.4194752468795242,0.5020700915760561,0.7850831005300116,,0.7142857142857143
glass,0.8,Distill-S,7,49,0.44117647409439087,28.92647086456418,0.23739495447703773,0.6785714285714286,0.44117647409439087,70,0.5813953488372093,0.6046511627906976,1.237529993057251,1.1602199077606201,0.25248124987580056,0.13222900379535762,1.352687120437622,0.4570973515510559,0.6511627906976745,0.2076302297956995,0.8436588673414974,0.410649691800062,0.4668247876583785,0.812939559002607,,0.75
glass,0.2,Distill-S,8,41,0.47058823704719543,28.955882854759693,0.23850267204371367,0.7090909090909091,0.47058823704719543,62,0.627906976744186,0.6511627906976745,1.076280951499939,1.015089750289917,0.15968751768733178,0.11572488172109736,0.9059348702430725,0.6290389895439148,0.5348837209302325,0.35547820432067045,0.869749014284735,0.3104074589987124,0.21479818253583277,0.9192618809304723,,0.8454545454545455
glass,0.3,Distill-S,8,49,0.529411792755127,35.39705967158079,0.17892154057820642,0.7083333333333334,0.529411792755127,70,0.5348837209302325,0.5581395348837209,1.1798689365386963,1.1101247072219849,0.1898058153862177,0.15003176899843437,0.969167947769165,0.6042501926422119,0.5348837209302325,0.2786139594012822,0.7739407398267143,0.5183933655795215,0.3608610337326236,0.8660025833312401,,0.7708333333333334
glass,0.4,Distill-S,8,50,0.5,36.02941269055009,0.20552796628101766,0.7349397590361446,0.529411792755127,71,0.5348837209302325,0.6046511627906976,1.151355266571045,1.087335228919983,0.13419035215710484,0.17406449692193854,0.9678694009780884,0.6083487868309021,0.5581395348837209,0.2458887378215587,0.7963173073979327,0.4916095100350322,0.31952906925935287,0.8778783608602441,,0.7951807228915663
glass,0.5,Distill-S,8,58,0.5588235259056091,41.25000071898103,0.22378516974656482,0.782608695652174,0.5588235259056091,79,0.6046511627906976,0.5813953488372093,1.2199828624725342,1.2236164808273315,0.22159777131191524,0.248058769592019,0.9655569195747375,0.6191179752349854,0.6511627906976745,0.2475539673333112,0.8015824731302161,0.5166356003981706,0.43906128673623523,0.8325379090444502,,0.8115942028985508
glass,0.6,Distill-S,8,69,0.5882353186607361,47.00000039115548,0.2411764740943909,0.8,0.5588235259056091,90,0.6046511627906976,0.6744186046511628,1.2000043392181396,1.202085018157959,0.1544808613699536,0.18683183331822242,0.976254940032959,0.6177157759666443,0.6744186046511628,0.1941102821704812,0.7912557886919324,0.5456453794241937,0.5031243896708741,0.8053450406211761,,0.8545454545454545
glass,0.7,Distill-S,8,67,0.6176470518112183,46.25000083819032,0.19747896705354961,0.7857142857142857,0.5882353186607361,88,0.5581395348837209,0.5813953488372093,1.2809966802597046,1.2867592573165894,0.197874995165093,0.24159756372141286,1.015912413597107,0.6028252243995667,0.6744186046511628,0.17901216296140382,0.7896343145386757,0.5539463506429386,0.45985635285191956,0.83096507594843,,0.8095238095238095
glass,0.8,Distill-S,8,119,0.5588235259056091,67.42647111602128,0.26260504552296227,0.8214285714285714,0.5588235259056091,140,0.5348837209302325,0.6046511627906976,1.4256139993667603,1.4514261484146118,0.2252377756806307,0.2160035711388255,1.0063786506652832,0.5928510427474976,0.6744186046511628,0.1679443518281353,0.7888792026601267,0.5497251378330854,0.5192467455560678,0.8030805402258808,,0.8214285714285714
glass,0.2,Distill-S,9,43,0.6470588445663452,39.01470637321472,-0.051336915926499804,0.6545454545454545,0.7058823704719543,64,0.4418604651162791,0.4418604651162791,1.288016438484192,1.4637781381607056,0.22279108540956366,0.22725722193717957,0.9204895496368408,0.6150888204574585,0.32558139534883723,0.5648670356160277,0.8762779870796136,0.33954098167113433,0.3353161204676489,0.8707968636188973,,0.7818181818181819
glass,0.3,Distill-S,9,54,0.7058823704719543,50.14705899357796,0.014705896377563477,0.75,0.7352941036224365,75,0.5581395348837209,0.5581395348837209,1.2265913486480713,1.3569598197937012,0.12839187161867008,0.22496119765348213,0.8915833830833435,0.632942259311676,0.4883720930232558,0.3631071783184432,0.8109311586664564,0.4746150587236179,0.4371391581842253,0.8287646317089489,,0.71875
glass,0.4,Distill-S,9,60,0.7941176295280457,54.32352966070175,0.03579023372696111,0.7710843373493976,0.7352941036224365,81,0.5813953488372093,0.5581395348837209,1.2784746885299683,1.4032012224197388,0.24446853232938184,0.22786851539168246,0.8388842344284058,0.6432800889015198,0.4883720930232558,0.3493806012290643,0.7715783296612061,0.5416052059518491,0.5148638482338217,0.7766239743970329,,0.6385542168674698
glass,0.5,Distill-S,9,71,0.7647058963775635,61.19117648899555,0.14961637880491174,0.8260869565217391,0.6764705777168274,92,0.5116279069767442,0.5348837209302325,1.2160722017288208,1.3121047019958496,0.17448214874711146,0.15492581073627915,0.8848944306373596,0.6337565779685974,0.5581395348837209,0.3590037238230916,0.7824658824928065,0.5337417213991918,0.4978312228530104,0.794007662134383,,0.7391304347826086
glass,0.6,Distill-S,9,67,0.7352941036224365,53.32353023439646,0.14866308407350015,0.8545454545454545,0.7058823704719543,88,0.5348837209302325,0.4883720930232558,1.2096718549728394,1.280281901359558,0.10772438381993496,0.2331116227216499,0.9248135685920715,0.6285750865936279,0.5581395348837209,0.25258568016568433,0.755924594686282,0.5799792849062806,0.5338751347006073,0.7794059479122589,,0.7818181818181819
glass,0.7,Distill-S,9,54,0.5882353186607361,43.720589227974415,0.13305323180698214,0.8095238095238095,0.6764705777168274,75,0.5348837209302325,0.5813953488372093,1.154068112373352,1.1838399171829224,0.16241786438365316,0.1593789028566937,1.0948176383972168,0.5690062046051025,0.6046511627906976,0.31890618761827966,0.7943350225518127,0.5211842725181319,0.48152632668666007,0.8088119682130257,,0.7857142857142857
glass,0.8,Distill-S,9,75,0.6470588445663452,53.22058868780732,0.21008401257651188,0.8571428571428571,0.6470588445663452,96,0.5581395348837209,0.5581395348837209,1.1609870195388794,1.1748360395431519,0.06825976524242135,0.15557401887206143,1.1811188459396362,0.5547168850898743,0.6511627906976745,0.20071594982265278,0.8031960559010268,0.5096465827132621,0.41768760863857773,0.8380554659682863,,0.7857142857142857
glass,0.2,Distill-S,10,68,0.7058823704719543,57.000000923871994,-0.08983955816789102,0.6454545454545455,0.7352941036224365,89,0.6511627906976745,0.6511627906976745,1.1227682828903198,1.15996515750885,0.17756572088529896,0.1994980975638988,0.6665443778038025,0.7330341935157776,0.5581395348837209,0.3719353334386774,0.8842109480240563,0.29724202811985784,0.33928377617388644,0.8804444879339877,,0.7909090909090909
glass,0.3,Distill-S,10,93,0.8235294222831726,82.82352942973375,-0.09436275561650598,0.7291666666666666,0.8235294222831726,114,0.6511627906976745,0.6511627906976745,1.1188652515411377,1.1670089960098267,0.19348075292831243,0.1781633939853934,0.5903921127319336,0.7835482358932495,0.6511627906976745,0.26229917787590057,0.9134619685735751,0.24533309498255462,0.35072070752877615,0.8676182199089538,,0.8541666666666666
glass,0.4,Distill-S,10,78,0.7647058963775635,68.7500011920929,-0.029766137341418863,0.7349397590361446,0.7647058963775635,99,0.6744186046511628,0.6511627906976745,0.9963592886924744,1.065209984779358,0.17529917317767474,0.16895881156588707,0.6421328783035278,0.7510871887207031,0.6976744186046512,0.2533050487366919,0.884474767681798,0.3074591068802768,0.3643558058923664,0.8685869312614114,,0.8433734939759037
glass,0.5,Distill-S,10,110,0.7941176295280457,92.52941184490919,-0.026001687499060178,0.7681159420289855,0.7941176295280457,131,0.6511627906976745,0.6511627906976745,0.9768316745758057,0.9780807495117188,0.12457698514295179,0.13357998603998228,0.6578682065010071,0.7454860806465149,0.6744186046511628,0.24304307613216075,0.8475558815508761,0.40694138898592114,0.4741251355416307,0.8160390010858567,,0.782608695652174
glass,0.6,Distill-S,10,103,0.7647058963775635,83.72058891505003,0.01711228544061838,0.7818181818181819,0.7647058963775635,124,0.627906976744186,0.627906976744186,1.079441785812378,1.127885341644287,0.1981959862764492,0.17023988795834918,0.6694867610931396,0.7338935732841492,0.6511627906976745,0.2724895752294029,0.859600565067275,0.3812992460086983,0.4921672838128663,0.8036201300082965,,0.8
glass,0.7,Distill-S,10,147,0.7058823704719543,107.48529477789998,0.2156862815221151,0.8333333333333334,0.6176470518112183,168,0.6511627906976745,0.627906976744186,1.167545199394226,1.2309608459472656,0.10957084076349125,0.17007120750671212,0.6159400343894958,0.7509204149246216,0.6511627906976745,0.26458949457293357,0.8461651613654025,0.4116438487539816,0.4910390519588703,0.8174938460346723,,0.7857142857142857
glass,0.8,Distill-S,10,201,0.7058823704719543,141.55882573500276,0.144957993711744,0.8214285714285714,0.6764705777168274,222,0.6046511627906976,0.6046511627906976,1.1673156023025513,1.2060092687606812,0.21462726315786668,0.226682981779409,0.6363760232925415,0.7439857125282288,0.6976744186046512,0.25960336994300315,0.8857438197414292,0.339152563491846,0.46643072840436356,0.807723095707642,,0.6785714285714286
glass,0.2,Distill-S,11,23,0.5588235259056091,21.66176524013281,0.08663101954893637,0.6454545454545455,0.5588235259056091,44,0.5813953488372093,0.5581395348837209,1.249101996421814,1.1373231410980225,0.2937695134517759,0.291187220534613,1.0209063291549683,0.5704838037490845,0.627906976744186,0.3169519674509495,0.9155709605002624,0.24139014112786372,0.26670356947960966,0.8964987057817487,,0.8090909090909091
glass,0.3,Distill-S,11,27,0.5882353186607361,24.588235694915056,0.08884801467259729,0.6770833333333334,0.5882353186607361,48,0.5813953488372093,0.6046511627906976,1.269587516784668,1.1659870147705078,0.1905898112197255,0.24538098656853968,1.1283358335494995,0.5284813046455383,0.5813953488372093,0.31369691669475036,0.8472161045852004,0.4205225291146743,0.3551451091844371,0.8728989392975253,,0.8020833333333334
glass,0.4,Distill-S,11,25,0.6176470518112183,24.323529548943043,0.08114812891167333,0.6987951807228916,0.6176470518112183,46,0.5813953488372093,0.6046511627906976,1.2504321336746216,1.1927425861358643,0.1733771968026494,0.2044545883356139,1.164318561553955,0.5182046890258789,0.5813953488372093,0.21732628742090854,0.7871919881595318,0.5122161370444264,0.5068626246883449,0.8025687900352172,,0.7590361445783133
glass,0.5,Distill-S,11,27,0.5882353186607361,24.470588643103838,0.12190960887549585,0.7101449275362319,0.5882353186607361,48,0.5581395348837209,0.5813953488372093,1.3404786586761475,1.331480622291565,0.22242437407027843,0.2537211616371954,1.185548186302185,0.5118524432182312,0.627906976744186,0.24622743639321695,0.8083245845887982,0.4878344127722429,0.5366186286135608,0.7914803021498579,,0.7391304347826086
glass,0.6,Distill-S,11,35,0.6176470518112183,29.367647599428892,0.17540104497562758,0.7636363636363637,0.5882353186607361,56,0.5581395348837209,0.6046511627906976,1.3085856437683105,1.3578060865402222,0.20362309037252913,0.1857884041098661,1.2101718187332153,0.5137755870819092,0.5348837209302325,0.23987701587542715,0.7689488001641983,0.5443671979638554,0.5747601142940906,0.7647200148026972,,0.7636363636363637
glass,0.7,Distill-S,11,39,0.47058823704719543,25.676470827311277,0.08403361695153377,0.6428571428571429,0.5588235259056091,60,0.5116279069767442,0.6046511627906976,1.2634819746017456,1.2778505086898804,0.15574247060820112,0.19813886076905007,1.1952595710754395,0.5178127288818359,0.627906976744186,0.27038501845115476,0.8003640828358969,0.49499794283332305,0.4779649349564215,0.8134626923276319,,0.7619047619047619
glass,0.8,Distill-S,11,69,0.5,40.85294126532972,0.18487392153058735,0.7142857142857143,0.529411792755127,90,0.5813953488372093,0.5813953488372093,1.1966885328292847,1.1652934551239014,0.1765942123047141,0.19542549654494884,1.227220058441162,0.5362393856048584,0.6046511627906976,0.27012644815399206,0.8143923361129809,0.4902907834309786,0.4642372455012938,0.8222764129633866,,0.6071428571428571
glass,0.2,Distill-S,12,31,0.5,23.27941257506609,0.20695184360850938,0.7363636363636363,0.529411792755127,52,0.627906976744186,0.5581395348837209,1.000662922859192,1.093313217163086,0.3022757449815439,0.18688773693040361,0.9739494919776917,0.604955792427063,0.4418604651162791,0.4255668456866252,0.8387921021473533,0.39884952330448137,0.4433261019736296,0.8334582255136533,,0.7090909090909091
glass,0.3,Distill-S,12,40,0.529411792755127,28.294118706136942,0.16850487391153968,0.6979166666666666,0.529411792755127,61,0.6046511627906976,0.6046511627906976,0.9528973698616028,1.0642027854919434,0.20373345253079436,0.24333067342292433,0.8969864249229431,0.6552433371543884,0.5581395348837209,0.3279890745162479,0.8731995400331255,0.36261977829669323,0.46569787200492135,0.8244456233109898,,0.8645833333333334
glass,0.4,Distill-S,12,35,0.529411792755127,25.455882612615824,0.18816442590161975,0.7469879518072289,0.5588235259056091,56,0.6976744186046512,0.6046511627906976,0.9200431704521179,0.9573285579681396,0.23745268999144084,0.17073917388916016,1.0121822357177734,0.5926807522773743,0.6744186046511628,0.2330128211876391,0.8563883054450909,0.36132429326901133,0.45498715727104105,0.8199678364431349,,0.7831325301204819
glass,0.5,Distill-S,12,35,0.5,24.13235319033265,0.2246376811594203,0.7246376811594203,0.5,56,0.6511627906976745,0.6046511627906976,1.0597306489944458,1.06626558303833,0.22556322605110876,0.16758837325628415,1.0058598518371582,0.5872304439544678,0.6976744186046512,0.2416775655388335,0.8587741369089067,0.3642374292482652,0.39440184297646724,0.8508275105325968,,0.8405797101449275
glass,0.6,Distill-S,12,41,0.47058823704719543,25.220588494092226,0.24545454545454548,0.7454545454545455,0.5,62,0.6046511627906976,0.627906976744186,1.0427407026290894,1.0223625898361206,0.1568098511806754,0.16100453775982526,1.0433685779571533,0.5813633799552917,0.6511627906976745,0.21737403565696148,0.8214773384478387,0.4561158284158745,0.4343659849831499,0.8413768534281576,,0.7818181818181819
glass,0.7,Distill-S,12,35,0.38235294818878174,21.132353242486715,0.1778711449532282,0.6190476190476191,0.44117647409439087,56,0.5813953488372093,0.6046511627906976,1.1396114826202393,1.0386160612106323,0.1675761446010235,0.14739891609480216,1.2843021154403687,0.5062050819396973,0.627906976744186,0.23451182534335863,0.816416661123352,0.4642320200188173,0.46485694457744986,0.8310775477700251,,0.6904761904761905
glass,0.8,Distill-S,12,59,0.4117647111415863,25.161765199154615,0.26050419466836117,0.6428571428571429,0.38235294818878174,80,0.5348837209302325,0.5581395348837209,1.2078156471252441,1.101210594177246,0.24772835055062933,0.1395348982755528,1.3333959579467773,0.4810886085033417,0.6511627906976745,0.19438219659000816,0.8180031768086162,0.4481867944778293,0.46838201908770394,0.8245446497737144,,0.75
glass,0.2,Distill-S,13,93,0.7058823704719543,78.602941557765,-0.07165773998607283,0.6636363636363637,0.7352941036224365,114,0.4418604651162791,0.4418604651162791,1.399095892906189,1.4300756454467773,0.2707051544688469,0.2854832604874012,0.7031639218330383,0.7089439034461975,0.3953488372093023,0.48842318123868045,0.8611920838577338,0.3398640828422512,0.34213649235358096,0.8627460861950906,,0.7454545454545455
glass,0.3,Distill-S,13,118,0.7058823704719543,94.85294185578823,0.044117629528045654,0.75,0.7058823704719543,139,0.5813953488372093,0.5813953488372093,1.2472424507141113,1.2640005350112915,0.16809836099314135,0.19099344763644904,0.6324419975280762,0.7494937181472778,0.46511627906976744,0.4115363123506387,0.8766525914204062,0.30305511745970604,0.24941809518802097,0.9060005848343243,,0.8541666666666666
glass,0.4,Distill-S,13,107,0.7058823704719543,82.97058929502964,0.05315377410635891,0.7590361445783133,0.7058823704719543,128,0.5813953488372093,0.5813953488372093,1.21553373336792,1.2321125268936157,0.15019290045250294,0.1898398385491482,0.6661567091941833,0.7312203049659729,0.5348837209302325,0.33826279067274545,0.8519028403365307,0.40405623440579164,0.3715749914444459,0.8546623213955077,,0.8554216867469879
glass,0.5,Distill-S,13,129,0.7352941036224365,103.9117652028799,0.09121907880340796,0.7971014492753623,0.7058823704719543,150,0.5581395348837209,0.5581395348837209,1.2734850645065308,1.283509612083435,0.22312783432561295,0.2149377742479014,0.6738711595535278,0.7188261151313782,0.5581395348837209,0.2796121126391989,0.8377516475229198,0.4231939567342886,0.42462982876934263,0.8126454247742387,,0.7971014492753623
glass,0.6,Distill-S,13,111,0.7058823704719543,84.35294197499752,0.05775399316440932,0.7636363636363637,0.7058823704719543,132,0.5813953488372093,0.6046511627906976,1.204902172088623,1.217677354812622,0.17330000289650851,0.1898818833883419,0.7290544509887695,0.6857434511184692,0.5813953488372093,0.3173291334264337,0.8431983127540825,0.3897054299559813,0.3746586205396464,0.8535150692699658,,0.8181818181818182
glass,0.7,Distill-S,13,110,0.6470588445663452,77.91176609694958,0.13865544114794048,0.7857142857142857,0.6470588445663452,131,0.5581395348837209,0.6046511627906976,1.2917590141296387,1.29200279712677,0.19185485465582028,0.20792536472165307,0.7603797316551208,0.6801723837852478,0.5813953488372093,0.32199139023392653,0.8144665178006952,0.5098074098621402,0.49156022668033117,0.8225397249908722,,0.8809523809523809
glass,0.8,Distill-S,13,182,0.6176470518112183,118.83823697268963,0.1806722794260297,0.8571428571428571,0.6764705777168274,203,0.627906976744186,0.627906976744186,1.1779786348342896,1.1657006740570068,0.21088186876718387,0.16836956767148753,0.7694044709205627,0.6612382531166077,0.6046511627906976,0.2963650386621852,0.8233382392657981,0.5133427099181884,0.5686226436899113,0.7865259041993606,,0.8214285714285714
glass,0.2,Distill-S,14,90,0.6470588445663452,64.27941210754216,0.10534760410135446,0.7818181818181819,0.6764705777168274,111,0.7441860465116279,0.7906976744186046,0.7785871028900146,0.7725284695625305,0.1573295898215715,0.17598668503206827,0.5878357291221619,0.7611537575721741,0.7209302325581395,0.19935703761982404,0.7940934353451256,0.48176088167340314,0.4849985984353476,0.8021661552154561,,0.7636363636363637
glass,0.3,Distill-S,14,78,0.6176470518112183,58.63235333003104,0.16360294818878174,0.78125,0.6176470518112183,99,0.7441860465116279,0.7209302325581395,0.7577429413795471,0.7446182370185852,0.11140039424563562,0.13192818608394888,0.6343323588371277,0.7489194869995117,0.6046511627906976,0.23994496339374735,0.809943617113779,0.43751909462042726,0.4589954542129722,0.8131974698631028,,0.71875
glass,0.4,Distill-S,14,65,0.6470588445663452,50.22058951295912,0.15343728553817937,0.7710843373493976,0.6176470518112183,86,0.7209302325581395,0.7441860465116279,0.7538350224494934,0.7436119318008423,0.18494378272877185,0.13824180946793665,0.6490389704704285,0.7479725480079651,0.6744186046511628,0.21675411141619244,0.8700797237192845,0.33592743730407626,0.4258792190770028,0.8287305674100579,,0.8072289156626506
glass,0.5,Distill-S,14,111,0.6470588445663452,78.17647239007056,0.13554985108582873,0.782608695652174,0.6470588445663452,132,0.6976744186046512,0.6976744186046512,0.7540575265884399,0.7146129012107849,0.12044660019320111,0.1481493503548378,0.6007972955703735,0.7636945843696594,0.6744186046511628,0.20728452360601818,0.834101634785957,0.4147692470559708,0.4799073357853513,0.8082720142095384,,0.7536231884057971
glass,0.6,Distill-S,14,82,0.5882353186607361,57.04411913268268,0.23689840273423624,0.8545454545454545,0.6176470518112183,103,0.6976744186046512,0.6976744186046512,0.8614479899406433,0.8209125399589539,0.1504964079967765,0.144402987735216,0.6797114014625549,0.7549208998680115,0.6511627906976745,0.22058494477633075,0.835451998580793,0.41023904394193467,0.417792453925438,0.8341989410757816,,0.6727272727272727
glass,0.7,Distill-S,14,105,0.6176470518112183,71.75000090710819,0.23949580533163883,0.8571428571428571,0.6176470518112183,126,0.6976744186046512,0.6976744186046512,0.8119547367095947,0.8020691275596619,0.1394887649735739,0.10541802436806436,0.6374428272247314,0.7704267501831055,0.6511627906976745,0.24642671441940633,0.8263977131158796,0.41564316213946756,0.4970703169455691,0.8066847552923975,,0.7619047619047619
glass,0.8,Distill-S,14,109,0.5882353186607361,63.147060396149755,0.268907538482121,0.8571428571428571,0.5882353186607361,130,0.6511627906976745,0.6511627906976745,1.1434441804885864,1.126217007637024,0.09898949986280396,0.1719098160433215,0.7610137462615967,0.6945971846580505,0.7674418604651163,0.21284268520404723,0.8475168302160834,0.3955862222496629,0.527713866050246,0.7892613724478084,,0.75
glass,0.2,Distill-S,15,55,0.7058823704719543,46.411765195429325,0.0032085386189547593,0.7090909090909091,0.7058823704719543,76,0.5813953488372093,0.5813953488372093,1.0128706693649292,1.0286955833435059,0.1346845917923506,0.15084487061167873,0.8900220990180969,0.6144975423812866,0.5581395348837209,0.30482971449301366,0.7729896698519698,0.5007700349532289,0.4553239316578119,0.8059398896167075,,0.6909090909090909
glass,0.3,Distill-S,15,64,0.6764705777168274,51.51470582932234,0.10477942228317261,0.78125,0.6764705777168274,85,0.6046511627906976,0.5813953488372093,1.02657949924469,1.0487946271896362,0.1907835505729498,0.18974230109259138,0.8697070479393005,0.6331776976585388,0.5813953488372093,0.2690300646564917,0.7894825821922662,0.5114804072542467,0.4719999722258191,0.8008163266157355,,0.7708333333333334
glass,0.4,Distill-S,15,100,0.7058823704719543,78.05882398039103,0.05988661926912975,0.7951807228915663,0.7352941036224365,121,0.6744186046511628,0.627906976744186,0.8825104236602783,0.8932905793190002,0.18408468434976977,0.21886920790339623,0.7421861886978149,0.6995729207992554,0.6744186046511628,0.2010847883077582,0.8039880505512917,0.49774943113984316,0.4610259188731015,0.8223076674999428,,0.8192771084337349
glass,0.5,Distill-S,15,54,0.6176470518112183,41.029412515461445,0.15046889021776721,0.7681159420289855,0.6176470518112183,75,0.627906976744186,0.6511627906976745,1.1771657466888428,1.254302978515625,0.1815560661083044,0.17375943272612818,0.9535476565361023,0.6036025881767273,0.6744186046511628,0.14695426056864133,0.7931564451831867,0.5451032688024493,0.47826949528411483,0.8119837353352534,,0.782608695652174
glass,0.6,Distill-S,15,52,0.529411792755127,34.04411796480417,0.16844920136711816,0.7272727272727273,0.5588235259056091,73,0.627906976744186,0.627906976744186,1.1392332315444946,1.230025053024292,0.199432794437852,0.27450124053067937,1.0184088945388794,0.5746986269950867,0.6744186046511628,0.1785182785272977,0.7834193957999805,0.568278241838401,0.5393479697250542,0.786995516677871,,0.8363636363636363
glass,0.7,Distill-S,15,57,0.44117647409439087,33.352941535413265,0.2142857142857143,0.7142857142857143,0.5,78,0.5581395348837209,0.5348837209302325,1.1726813316345215,1.2399970293045044,0.08988551622213321,0.11245303514391877,1.0749439001083374,0.5514881610870361,0.6511627906976745,0.21081777059529838,0.7669865879194888,0.58977202392874,0.5843311296623386,0.7464779015142406,,0.7142857142857143
glass,0.8,Distill-S,15,95,0.44117647409439087,49.16176512092352,0.20798319152423317,0.6785714285714286,0.47058823704719543,116,0.5813953488372093,0.5581395348837209,1.2467479705810547,1.3060908317565918,0.21797719181970104,0.21655316893444507,1.1110539436340332,0.5318543314933777,0.6511627906976745,0.1946177680430918,0.7801434295505173,0.5658449175891956,0.5258819177289821,0.7837136913271652,,0.8214285714285714
glass,0.2,Distill-S,16,54,0.5588235259056091,39.63235369324684,0.14812831770290025,0.7363636363636363,0.5882353186607361,75,0.6511627906976745,0.627906976744186,0.9616630673408508,0.9833031296730042,0.13523473018823667,0.20921692321466842,0.7690078616142273,0.7073482871055603,0.6511627906976745,0.24808118185035777,0.8596698122071004,0.34215001773157994,0.34611341818762675,0.868062976527713,,0.7090909090909091
glass,0.3,Distill-S,16,60,0.5882353186607361,43.66176548600197,0.12377448876698816,0.7708333333333334,0.6470588445663452,81,0.627906976744186,0.627906976744186,0.9817906618118286,0.9868120551109314,0.20130578376526057,0.21095225630804548,0.7822864651679993,0.7114353775978088,0.6511627906976745,0.2607172666356866,0.8659615671320591,0.3429845151153718,0.36452449843976226,0.8566752568426054,,0.78125
glass,0.4,Distill-S,16,109,0.6470588445663452,74.22058969736099,0.1722182638673897,0.8192771084337349,0.6470588445663452,130,0.6511627906976745,0.627906976744186,1.0197851657867432,1.0322418212890625,0.1653105574984883,0.23838698101598166,0.6022997498512268,0.7776113152503967,0.6744186046511628,0.20278710726176685,0.842400962422646,0.3805957658937066,0.3700568143443032,0.8663686392024668,,0.8192771084337349
glass,0.5,Distill-S,16,110,0.6470588445663452,75.22058901190758,0.1500426047090171,0.7971014492753623,0.6470588445663452,131,0.6744186046511628,0.6744186046511628,0.9729011654853821,0.9907130599021912,0.16263371844624364,0.18563028823497685,0.6306994557380676,0.7778156399726868,0.6511627906976745,0.2293399082587511,0.869194642747561,0.33490500009677593,0.4078704644417686,0.8507338333195913,,0.782608695652174
glass,0.6,Distill-S,16,115,0.6470588445663452,78.2647071480751,0.20053476637059997,0.8181818181818182,0.6176470518112183,136,0.6744186046511628,0.6744186046511628,0.9420225620269775,0.9506060481071472,0.17168464840844622,0.13324364257413288,0.6498963832855225,0.7705621719360352,0.6511627906976745,0.21634841012984057,0.8620002025441956,0.35070514708077577,0.4462279456135763,0.8384809567835452,,0.7818181818181819
glass,0.7,Distill-S,16,101,0.6470588445663452,72.2794134914875,0.09103639352889292,0.7380952380952381,0.6470588445663452,122,0.6511627906976745,0.6744186046511628,0.9539808034896851,0.942192018032074,0.17638237601102785,0.17122925367466243,0.6844047904014587,0.7511863708496094,0.6744186046511628,0.2320786212838722,0.8603160867398829,0.3524562136485894,0.40298652385721145,0.8604134713513797,,0.8571428571428571
glass,0.8,Distill-S,16,63,0.47058823704719543,35.73529452085495,0.2857142857142857,0.7857142857142857,0.5,84,0.6744186046511628,0.6744186046511628,1.1282912492752075,1.097792387008667,0.19318201098331186,0.11145015442094139,1.1986137628555298,0.5883865356445312,0.6744186046511628,0.16326493863937724,0.8375587977514448,0.40425006582213524,0.45626890687951593,0.8339368898967783,,0.8571428571428571
glass,0.2,Distill-S,17,9,0.4117647111415863,11.867647215723991,0.20427807136015463,0.6454545454545455,0.44117647409439087,30,0.5116279069767442,0.6511627906976745,1.3546428680419922,1.0250252485275269,0.14069885916488115,0.1534581142802571,1.5599849224090576,0.39722585678100586,0.7209302325581395,0.2575760765015084,0.8909385715056655,0.27188071003087527,0.2711303004277182,0.8949220204230584,,0.6363636363636364
glass,0.3,Distill-S,17,114,0.5588235259056091,65.35294209420681,0.22058820724487305,0.75,0.529411792755127,135,0.7209302325581395,0.7209302325581395,0.9078516364097595,0.9223863482475281,0.24695342848467272,0.23642774515373763,0.46290361881256104,0.8354050517082214,0.6744186046511628,0.2673101029707402,0.9038500590256221,0.23320696828666418,0.25773036623506285,0.9039181938914735,,0.8854166666666666
glass,0.4,Distill-S,17,96,0.5588235259056091,56.98529480397701,0.2122608114437885,0.7710843373493976,0.5588235259056091,117,0.7209302325581395,0.7209302325581395,0.9906806349754333,0.9998332858085632,0.24746352434158325,0.24540598933086838,0.5137987732887268,0.8071653842926025,0.627906976744186,0.2712823054270226,0.8990198832933791,0.24150728227144008,0.27024436742879826,0.8865139037785869,,0.8192771084337349
glass,0.5,Distill-S,17,53,0.44117647409439087,30.426470950245857,0.31244671431140625,0.7536231884057971,0.44117647409439087,74,0.627906976744186,0.6744186046511628,0.9869709610939026,0.9609622359275818,0.13690204675807507,0.1970251708529716,0.8023900985717773,0.6927763223648071,0.7209302325581395,0.19194062144716628,0.8717043597800618,0.33474207930789895,0.3798276488256496,0.8473238525270506,,0.9130434782608695
glass,0.6,Distill-S,17,20,0.4117647111415863,15.838235542178154,0.2540106881748546,0.6363636363636364,0.38235294818878174,41,0.5348837209302325,0.5116279069767442,1.3246936798095703,1.1226822137832642,0.11603163425312488,0.14296551429948143,1.5069736242294312,0.4251667261123657,0.7441860465116279,0.19938176858310971,0.8855463260408514,0.3237178968165291,0.3652392181942829,0.8654953903615663,,0.7636363636363637
glass,0.7,Distill-S,17,18,0.44117647409439087,15.220588460564613,0.3081232422874087,0.6904761904761905,0.38235294818878174,39,0.5348837209302325,0.6744186046511628,1.3878626823425293,1.1382076740264893,0.1703856088394342,0.17616956525070723,1.5736582279205322,0.3849814534187317,0.7209302325581395,0.1870028852323924,0.8828264484178721,0.3480854187734659,0.44407473825404364,0.8434182258073741,,0.7380952380952381
glass,0.8,Distill-S,17,35,0.4117647111415863,21.102941557765007,0.33193276609693256,0.7142857142857143,0.38235294818878174,56,0.46511627906976744,0.5348837209302325,1.4203288555145264,1.2230972051620483,0.14039833462515544,0.05179753830266554,1.5378371477127075,0.4020194113254547,0.7441860465116279,0.1662956125739639,0.8758528225279073,0.375859070968302,0.5295930513949195,0.7887628742204014,,0.6071428571428571
glass,0.2,Distill-S,18,72,0.7352941036224365,62.20588221400976,0.001069532741199808,0.7363636363636363,0.7352941036224365,93,0.6976744186046512,0.6976744186046512,0.7944564819335938,0.7956634163856506,0.2133841126464134,0.16432663590409036,0.8375643491744995,0.689670979976654,0.627906976744186,0.24798477587189643,0.8428936049481278,0.44663339472300123,0.4864938869478727,0.8224089265029667,,0.7909090909090909
glass,0.3,Distill-S,18,181,0.7352941036224365,144.1470599807799,0.026960770289103153,0.7916666666666666,0.7647058963775635,202,0.6976744186046512,0.6744186046511628,0.800565242767334,0.8233991265296936,0.17965021937392478,0.14756871448006742,0.6296547055244446,0.7492274045944214,0.6511627906976745,0.25662816996052895,0.8773168155923581,0.38051916898501675,0.4347594909643864,0.8382351794208454,,0.8229166666666666
glass,0.4,Distill-S,18,188,0.7647058963775635,148.91176650300622,0.07866759759834019,0.8433734939759037,0.7647058963775635,209,0.6511627906976745,0.6511627906976745,0.812434732913971,0.8128461837768555,0.1757508627204008,0.15628400860830793,0.5868905782699585,0.7541033625602722,0.6744186046511628,0.2389215934363629,0.867551495821732,0.3801120433203113,0.39976390342193374,0.8404964410035644,,0.8313253012048193
glass,0.5,Distill-S,18,127,0.7352941036224365,98.77941206470132,0.06180734565292578,0.7971014492753623,0.7352941036224365,148,0.6511627906976745,0.6511627906976745,0.8522927165031433,0.8847076296806335,0.2109479294266812,0.20986371608667598,0.7340716123580933,0.7104655504226685,0.627906976744186,0.2025931336172876,0.8022672677729795,0.4844956628406805,0.42022346246105907,0.8391300145154039,,0.782608695652174
glass,0.6,Distill-S,18,127,0.6470588445663452,86.42647279985249,0.1962566950104453,0.8727272727272727,0.6764705777168274,148,0.627906976744186,0.627906976744186,0.8737598061561584,0.8826546669006348,0.1481335558170496,0.15418968159098956,0.73261559009552,0.7257373929023743,0.6744186046511628,0.16618434928204337,0.8115701157167419,0.4747635487547481,0.43584617540983084,0.8326214397407483,,0.8545454545454545
glass,0.7,Distill-S,18,108,0.6470588445663452,71.10294227488339,0.19187675771259127,0.8095238095238095,0.6176470518112183,129,0.6511627906976745,0.6511627906976745,0.837459921836853,0.8427298665046692,0.16337547468584637,0.12387592016264451,0.82303786277771,0.6779714226722717,0.7209302325581395,0.24777220268588568,0.7983238450100408,0.508808186636449,0.4441030188505741,0.8350625472331386,,0.9523809523809523
glass,0.8,Distill-S,18,142,0.7352941036224365,92.0000011716038,0.11554620095661705,0.8214285714285714,0.7058823704719543,163,0.6744186046511628,0.6511627906976745,0.8480348587036133,0.8418402671813965,0.1587122477764307,0.13386840806450953,0.9002889394760132,0.633692741394043,0.6511627906976745,0.2124970990856868,0.798916461882833,0.5020409085913634,0.4263963627293843,0.8286898428533898,,0.9285714285714286
glass,0.2,Distill-S,19,130,0.6764705777168274,91.13235357776284,0.13475933725183664,0.7818181818181819,0.6470588445663452,151,0.6976744186046512,0.6976744186046512,0.8068803548812866,0.8116450905799866,0.14982959836028345,0.17261240648668869,0.6464620232582092,0.7529430985450745,0.6046511627906976,0.24446788586132606,0.8232150962160113,0.48552814080851187,0.4445290849782223,0.8376380481964876,,0.7272727272727273
glass,0.3,Distill-S,19,137,0.6470588445663452,96.51470663025975,0.14644608894983924,0.8229166666666666,0.6764705777168274,158,0.7674418604651163,0.7441860465116279,0.7644749283790588,0.7757991552352905,0.13355549684790677,0.1555370931015458,0.7074416279792786,0.7330605983734131,0.6744186046511628,0.3176536851025547,0.7569289224831605,0.604693670586648,0.5837352550800813,0.7676785699604753,,0.7291666666666666
glass,0.4,Distill-S,19,266,0.7058823704719543,198.86764847114682,0.11339473796178057,0.8192771084337349,0.7058823704719543,287,0.7441860465116279,0.7441860465116279,0.6443453431129456,0.655214250087738,0.11176195740699768,0.12357967884041546,0.5403591990470886,0.7971231937408447,0.627906976744186,0.23827579645514618,0.8244724430440676,0.46896052633582574,0.45235735786837616,0.8303597657473141,,0.7590361445783133
glass,0.5,Distill-S,19,163,0.6764705777168274,112.13235247507691,0.12105709746264026,0.7681159420289855,0.6470588445663452,184,0.6976744186046512,0.6744186046511628,0.7727851271629333,0.7847086787223816,0.16285258670185887,0.15225154369376426,0.6235203742980957,0.7529584169387817,0.6744186046511628,0.21123113391056506,0.8677918904592032,0.371567235856693,0.3754053415219749,0.8622184921955522,,0.8260869565217391
glass,0.6,Distill-S,19,112,0.6470588445663452,76.76470699347556,0.1893047917972911,0.8363636363636363,0.6470588445663452,133,0.6511627906976745,0.6744186046511628,0.8129518032073975,0.822655975818634,0.1580654500528824,0.1835481351198152,0.7057832479476929,0.7235986590385437,0.627906976744186,0.25341858767692743,0.8357153073119711,0.43542913199831357,0.4194036728652223,0.8275843667191893,,0.8
glass,0.7,Distill-S,19,119,0.6470588445663452,79.00000161863863,0.21008401257651188,0.8571428571428571,0.6470588445663452,140,0.6976744186046512,0.6511627906976745,0.8226163983345032,0.8549913167953491,0.13595365646273588,0.13639045316119525,0.703801155090332,0.7296844124794006,0.7674418604651163,0.16472527970563866,0.832002383374869,0.44863259471161976,0.4330307303387809,0.8234431738836937,,0.9047619047619048
glass,0.8,Distill-S,19,128,0.6176470518112183,80.07352981157601,0.31092437676021034,0.9285714285714286,0.6176470518112183,149,0.7209302325581395,0.7209302325581395,0.7222101092338562,0.7222518920898438,0.11033728926680808,0.15145577039829522,0.700102686882019,0.7319345474243164,0.7906976744186046,0.17127313412226883,0.8296990298994941,0.48920298942285495,0.5068102276256493,0.8016490808944413,,0.8214285714285714
wine,0.2,Baseline-Full,0,84,1.0,101.8749998062849,0.0,1.0,1.0,105,1.0,1.0,0.008811931125819683,0.007080952171236277,0.007832065224647522,0.006388348009851243,0.024337125942111015,0.9921678900718689,,,,,,,,
wine,0.3,Baseline-Full,0,84,1.0,101.8749998062849,0.0,1.0,1.0,105,1.0,1.0,0.008811931125819683,0.007080952171236277,0.007832065224647522,0.006388348009851243,0.024337125942111015,0.9921678900718689,,,,,,,,
wine,0.4,Baseline-Full,0,84,1.0,101.8749998062849,0.0,1.0,1.0,105,1.0,1.0,0.008811931125819683,0.007080952171236277,0.007832065224647522,0.006388348009851243,0.024337125942111015,0.9921678900718689,,,,,,,,
wine,0.5,Baseline-Full,0,84,1.0,101.8749998062849,0.0,1.0,1.0,105,1.0,1.0,0.008811931125819683,0.007080952171236277,0.007832065224647522,0.006388348009851243,0.024337125942111015,0.9921678900718689,,,,,,,,
wine,0.6,Baseline-Full,0,84,1.0,101.8749998062849,0.0,1.0,1.0,105,1.0,1.0,0.008811931125819683,0.007080952171236277,0.007832065224647522,0.006388348009851243,0.024337125942111015,0.9921678900718689,,,,,,,,
wine,0.7,Baseline-Full,0,84,1.0,101.8749998062849,0.0,1.0,1.0,105,1.0,1.0,0.008811931125819683,0.007080952171236277,0.007832065224647522,0.006388348009851243,0.024337125942111015,0.9921678900718689,,,,,,,,
wine,0.8,Baseline-Full,0,84,1.0,101.8749998062849,0.0,1.0,1.0,105,1.0,1.0,0.008811931125819683,0.007080952171236277,0.007832065224647522,0.006388348009851243,0.024337125942111015,0.9921678900718689,,,,,,,,
wine,0.2,Baseline-Full,1,299,1.0,294.58928598463535,0.0,1.0,1.0,300,0.9166666666666666,0.9166666666666666,0.14744295179843903,0.14744295179843903,0.06222519609663222,0.06222519609663222,0.06492684781551361,0.97602778673172,,,,,,,,
wine,0.3,Baseline-Full,1,299,1.0,294.58928598463535,0.0,1.0,1.0,300,0.9166666666666666,0.9166666666666666,0.14744295179843903,0.14744295179843903,0.06222519609663222,0.06222519609663222,0.06492684781551361,0.97602778673172,,,,,,,,
wine,0.4,Baseline-Full,1,299,1.0,294.58928598463535,0.0,1.0,1.0,300,0.9166666666666666,0.9166666666666666,0.14744295179843903,0.14744295179843903,0.06222519609663222,0.06222519609663222,0.06492684781551361,0.97602778673172,,,,,,,,
wine,0.5,Baseline-Full,1,299,1.0,294.58928598463535,0.0,1.0,1.0,300,0.9166666666666666,0.9166666666666666,0.14744295179843903,0.14744295179843903,0.06222519609663222,0.06222519609663222,0.06492684781551361,0.97602778673172,,,,,,,,
wine,0.6,Baseline-Full,1,299,1.0,294.58928598463535,0.0,1.0,1.0,300,0.9166666666666666,0.9166666666666666,0.14744295179843903,0.14744295179843903,0.06222519609663222,0.06222519609663222,0.06492684781551361,0.97602778673172,,,,,,,,
wine,0.7,Baseline-Full,1,299,1.0,294.58928598463535,0.0,1.0,1.0,300,0.9166666666666666,0.9166666666666666,0.14744295179843903,0.14744295179843903,0.06222519609663222,0.06222519609663222,0.06492684781551361,0.97602778673172,,,,,,,,
wine,0.8,Baseline-Full,1,299,1.0,294.58928598463535,0.0,1.0,1.0,300,0.9166666666666666,0.9166666666666666,0.14744295179843903,0.14744295179843903,0.06222519609663222,0.06222519609663222,0.06492684781551361,0.97602778673172,,,,,,,,
wine,0.2,Baseline-Full,2,299,1.0,298.0535714328289,0.0,1.0,1.0,300,1.0,1.0,0.008287044242024422,0.008287044242024422,0.007272990213500129,0.007272990213500129,0.018447328358888626,0.9927269816398621,,,,,,,,
wine,0.3,Baseline-Full,2,299,1.0,298.0535714328289,0.0,1.0,1.0,300,1.0,1.0,0.008287044242024422,0.008287044242024422,0.007272990213500129,0.007272990213500129,0.018447328358888626,0.9927269816398621,,,,,,,,
wine,0.4,Baseline-Full,2,299,1.0,298.0535714328289,0.0,1.0,1.0,300,1.0,1.0,0.008287044242024422,0.008287044242024422,0.007272990213500129,0.007272990213500129,0.018447328358888626,0.9927269816398621,,,,,,,,
wine,0.5,Baseline-Full,2,299,1.0,298.0535714328289,0.0,1.0,1.0,300,1.0,1.0,0.008287044242024422,0.008287044242024422,0.007272990213500129,0.007272990213500129,0.018447328358888626,0.9927269816398621,,,,,,,,
wine,0.6,Baseline-Full,2,299,1.0,298.0535714328289,0.0,1.0,1.0,300,1.0,1.0,0.008287044242024422,0.008287044242024422,0.007272990213500129,0.007272990213500129,0.018447328358888626,0.9927269816398621,,,,,,,,
wine,0.7,Baseline-Full,2,299,1.0,298.0535714328289,0.0,1.0,1.0,300,1.0,1.0,0.008287044242024422,0.008287044242024422,0.007272990213500129,0.007272990213500129,0.018447328358888626,0.9927269816398621,,,,,,,,
wine,0.8,Baseline-Full,2,299,1.0,298.0535714328289,0.0,1.0,1.0,300,1.0,1.0,0.008287044242024422,0.008287044242024422,0.007272990213500129,0.007272990213500129,0.018447328358888626,0.9927269816398621,,,,,,,,
wine,0.2,Baseline-Full,3,171,1.0,186.535714417696,0.0,1.0,1.0,190,1.0,1.0,0.00447959266602993,0.004133124370127916,0.004244456688563028,0.0039282722605599295,0.015874726697802544,0.9957554936408997,,,,,,,,
wine,0.3,Baseline-Full,3,171,1.0,186.535714417696,0.0,1.0,1.0,190,1.0,1.0,0.00447959266602993,0.004133124370127916,0.004244456688563028,0.0039282722605599295,0.015874726697802544,0.9957554936408997,,,,,,,,
wine,0.4,Baseline-Full,3,171,1.0,186.535714417696,0.0,1.0,1.0,190,1.0,1.0,0.00447959266602993,0.004133124370127916,0.004244456688563028,0.0039282722605599295,0.015874726697802544,0.9957554936408997,,,,,,,,
wine,0.5,Baseline-Full,3,171,1.0,186.535714417696,0.0,1.0,1.0,190,1.0,1.0,0.00447959266602993,0.004133124370127916,0.004244456688563028,0.0039282722605599295,0.015874726697802544,0.9957554936408997,,,,,,,,
wine,0.6,Baseline-Full,3,171,1.0,186.535714417696,0.0,1.0,1.0,190,1.0,1.0,0.00447959266602993,0.004133124370127916,0.004244456688563028,0.0039282722605599295,0.015874726697802544,0.9957554936408997,,,,,,,,
wine,0.7,Baseline-Full,3,171,1.0,186.535714417696,0.0,1.0,1.0,190,1.0,1.0,0.00447959266602993,0.004133124370127916,0.004244456688563028,0.0039282722605599295,0.015874726697802544,0.9957554936408997,,,,,,,,
wine,0.8,Baseline-Full,3,171,1.0,186.535714417696,0.0,1.0,1.0,190,1.0,1.0,0.00447959266602993,0.004133124370127916,0.004244456688563028,0.0039282722605599295,0.015874726697802544,0.9957554936408997,,,,,,,,
wine,0.2,Baseline-Full,4,25,0.8928571343421936,39.78571394085884,0.1071428656578064,1.0,0.8928571343421936,46,0.9722222222222222,1.0,0.0718095600605011,0.03529023751616478,0.03609663248062134,0.028504048784573875,0.17093610763549805,0.944808304309845,,,,,,,,
wine,0.3,Baseline-Full,4,25,0.8928571343421936,39.78571394085884,0.1071428656578064,1.0,0.8928571343421936,46,0.9722222222222222,1.0,0.0718095600605011,0.03529023751616478,0.03609663248062134,0.028504048784573875,0.17093610763549805,0.944808304309845,,,,,,,,
wine,0.4,Baseline-Full,4,25,0.8928571343421936,39.78571394085884,0.1071428656578064,1.0,0.8928571343421936,46,0.9722222222222222,1.0,0.0718095600605011,0.03529023751616478,0.03609663248062134,0.028504048784573875,0.17093610763549805,0.944808304309845,,,,,,,,
wine,0.5,Baseline-Full,4,25,0.8928571343421936,39.78571394085884,0.1071428656578064,1.0,0.8928571343421936,46,0.9722222222222222,1.0,0.0718095600605011,0.03529023751616478,0.03609663248062134,0.028504048784573875,0.17093610763549805,0.944808304309845,,,,,,,,
wine,0.6,Baseline-Full,4,25,0.8928571343421936,39.78571394085884,0.1071428656578064,1.0,0.8928571343421936,46,0.9722222222222222,1.0,0.0718095600605011,0.03529023751616478,0.03609663248062134,0.028504048784573875,0.17093610763549805,0.944808304309845,,,,,,,,
wine,0.7,Baseline-Full,4,25,0.8928571343421936,39.78571394085884,0.1071428656578064,1.0,0.8928571343421936,46,0.9722222222222222,1.0,0.0718095600605011,0.03529023751616478,0.03609663248062134,0.028504048784573875,0.17093610763549805,0.944808304309845,,,,,,,,
wine,0.8,Baseline-Full,4,25,0.8928571343421936,39.78571394085884,0.1071428656578064,1.0,0.8928571343421936,46,0.9722222222222222,1.0,0.0718095600605011,0.03529023751616478,0.03609663248062134,0.028504048784573875,0.17093610763549805,0.944808304309845,,,,,,,,
wine,0.2,Baseline-Full,5,113,1.0,131.5000001490116,0.0,1.0,1.0,134,1.0,1.0,0.012873672880232334,0.0107868742197752,0.012189827031559415,0.010287170608838398,0.04895190894603729,0.9878101348876953,,,,,,,,
wine,0.3,Baseline-Full,5,113,1.0,131.5000001490116,0.0,1.0,1.0,134,1.0,1.0,0.012873672880232334,0.0107868742197752,0.012189827031559415,0.010287170608838398,0.04895190894603729,0.9878101348876953,,,,,,,,
wine,0.4,Baseline-Full,5,113,1.0,131.5000001490116,0.0,1.0,1.0,134,1.0,1.0,0.012873672880232334,0.0107868742197752,0.012189827031559415,0.010287170608838398,0.04895190894603729,0.9878101348876953,,,,,,,,
wine,0.5,Baseline-Full,5,113,1.0,131.5000001490116,0.0,1.0,1.0,134,1.0,1.0,0.012873672880232334,0.0107868742197752,0.012189827031559415,0.010287170608838398,0.04895190894603729,0.9878101348876953,,,,,,,,
wine,0.6,Baseline-Full,5,113,1.0,131.5000001490116,0.0,1.0,1.0,134,1.0,1.0,0.012873672880232334,0.0107868742197752,0.012189827031559415,0.010287170608838398,0.04895190894603729,0.9878101348876953,,,,,,,,
wine,0.7,Baseline-Full,5,113,1.0,131.5000001490116,0.0,1.0,1.0,134,1.0,1.0,0.012873672880232334,0.0107868742197752,0.012189827031559415,0.010287170608838398,0.04895190894603729,0.9878101348876953,,,,,,,,
wine,0.8,Baseline-Full,5,113,1.0,131.5000001490116,0.0,1.0,1.0,134,1.0,1.0,0.012873672880232334,0.0107868742197752,0.012189827031559415,0.010287170608838398,0.04895190894603729,0.9878101348876953,,,,,,,,
wine,0.2,Baseline-Full,6,299,1.0,294.4464292228222,0.0,1.0,1.0,300,0.9722222222222222,0.9722222222222222,0.0691700205206871,0.0691700205206871,0.024979273478190102,0.024979273478190102,0.04096852242946625,0.9867424368858337,,,,,,,,
wine,0.3,Baseline-Full,6,299,1.0,294.4464292228222,0.0,1.0,1.0,300,0.9722222222222222,0.9722222222222222,0.0691700205206871,0.0691700205206871,0.024979273478190102,0.024979273478190102,0.04096852242946625,0.9867424368858337,,,,,,,,
wine,0.4,Baseline-Full,6,299,1.0,294.4464292228222,0.0,1.0,1.0,300,0.9722222222222222,0.9722222222222222,0.0691700205206871,0.0691700205206871,0.024979273478190102,0.024979273478190102,0.04096852242946625,0.9867424368858337,,,,,,,,
wine,0.5,Baseline-Full,6,299,1.0,294.4464292228222,0.0,1.0,1.0,300,0.9722222222222222,0.9722222222222222,0.0691700205206871,0.0691700205206871,0.024979273478190102,0.024979273478190102,0.04096852242946625,0.9867424368858337,,,,,,,,
wine,0.6,Baseline-Full,6,299,1.0,294.4464292228222,0.0,1.0,1.0,300,0.9722222222222222,0.9722222222222222,0.0691700205206871,0.0691700205206871,0.024979273478190102,0.024979273478190102,0.04096852242946625,0.9867424368858337,,,,,,,,
wine,0.7,Baseline-Full,6,299,1.0,294.4464292228222,0.0,1.0,1.0,300,0.9722222222222222,0.9722222222222222,0.0691700205206871,0.0691700205206871,0.024979273478190102,0.024979273478190102,0.04096852242946625,0.9867424368858337,,,,,,,,
wine,0.8,Baseline-Full,6,299,1.0,294.4464292228222,0.0,1.0,1.0,300,0.9722222222222222,0.9722222222222222,0.0691700205206871,0.0691700205206871,0.024979273478190102,0.024979273478190102,0.04096852242946625,0.9867424368858337,,,,,,,,
wine,0.2,Baseline-Full,7,299,1.0,297.9285715073347,0.0,1.0,1.0,300,0.9722222222222222,0.9722222222222222,0.11860091239213943,0.11865149438381195,0.04075460798210565,0.04075605670611061,0.05353188142180443,0.9822383522987366,,,,,,,,
wine,0.3,Baseline-Full,7,299,1.0,297.9285715073347,0.0,1.0,1.0,300,0.9722222222222222,0.9722222222222222,0.11860091239213943,0.11865149438381195,0.04075460798210565,0.04075605670611061,0.05353188142180443,0.9822383522987366,,,,,,,,
wine,0.4,Baseline-Full,7,299,1.0,297.9285715073347,0.0,1.0,1.0,300,0.9722222222222222,0.9722222222222222,0.11860091239213943,0.11865149438381195,0.04075460798210565,0.04075605670611061,0.05353188142180443,0.9822383522987366,,,,,,,,
wine,0.5,Baseline-Full,7,299,1.0,297.9285715073347,0.0,1.0,1.0,300,0.9722222222222222,0.9722222222222222,0.11860091239213943,0.11865149438381195,0.04075460798210565,0.04075605670611061,0.05353188142180443,0.9822383522987366,,,,,,,,
wine,0.6,Baseline-Full,7,299,1.0,297.9285715073347,0.0,1.0,1.0,300,0.9722222222222222,0.9722222222222222,0.11860091239213943,0.11865149438381195,0.04075460798210565,0.04075605670611061,0.05353188142180443,0.9822383522987366,,,,,,,,
wine,0.7,Baseline-Full,7,299,1.0,297.9285715073347,0.0,1.0,1.0,300,0.9722222222222222,0.9722222222222222,0.11860091239213943,0.11865149438381195,0.04075460798210565,0.04075605670611061,0.05353188142180443,0.9822383522987366,,,,,,,,
wine,0.8,Baseline-Full,7,299,1.0,297.9285715073347,0.0,1.0,1.0,300,0.9722222222222222,0.9722222222222222,0.11860091239213943,0.11865149438381195,0.04075460798210565,0.04075605670611061,0.05353188142180443,0.9822383522987366,,,,,,,,
wine,0.2,Baseline-Full,8,299,1.0,295.8571429103613,0.0,1.0,1.0,300,0.9722222222222222,0.9722222222222222,0.09819117188453674,0.09819117188453674,0.027599856257438667,0.027599856257438667,0.02233714796602726,0.9941467642784119,,,,,,,,
wine,0.3,Baseline-Full,8,299,1.0,295.8571429103613,0.0,1.0,1.0,300,0.9722222222222222,0.9722222222222222,0.09819117188453674,0.09819117188453674,0.027599856257438667,0.027599856257438667,0.02233714796602726,0.9941467642784119,,,,,,,,
wine,0.4,Baseline-Full,8,299,1.0,295.8571429103613,0.0,1.0,1.0,300,0.9722222222222222,0.9722222222222222,0.09819117188453674,0.09819117188453674,0.027599856257438667,0.027599856257438667,0.02233714796602726,0.9941467642784119,,,,,,,,
wine,0.5,Baseline-Full,8,299,1.0,295.8571429103613,0.0,1.0,1.0,300,0.9722222222222222,0.9722222222222222,0.09819117188453674,0.09819117188453674,0.027599856257438667,0.027599856257438667,0.02233714796602726,0.9941467642784119,,,,,,,,
wine,0.6,Baseline-Full,8,299,1.0,295.8571429103613,0.0,1.0,1.0,300,0.9722222222222222,0.9722222222222222,0.09819117188453674,0.09819117188453674,0.027599856257438667,0.027599856257438667,0.02233714796602726,0.9941467642784119,,,,,,,,
wine,0.7,Baseline-Full,8,299,1.0,295.8571429103613,0.0,1.0,1.0,300,0.9722222222222222,0.9722222222222222,0.09819117188453674,0.09819117188453674,0.027599856257438667,0.027599856257438667,0.02233714796602726,0.9941467642784119,,,,,,,,
wine,0.8,Baseline-Full,8,299,1.0,295.8571429103613,0.0,1.0,1.0,300,0.9722222222222222,0.9722222222222222,0.09819117188453674,0.09819117188453674,0.027599856257438667,0.027599856257438667,0.02233714796602726,0.9941467642784119,,,,,,,,
wine,0.2,Baseline-Full,9,227,1.0,236.48214548826218,0.03571426868438721,1.0,0.9642857313156128,248,1.0,1.0,0.00024151080287992954,0.0002009635209105909,0.00024127960205078125,0.00020080804824829102,0.00195127516053617,0.9997587203979492,,,,,,,,
wine,0.3,Baseline-Full,9,227,1.0,236.48214548826218,0.03571426868438721,1.0,0.9642857313156128,248,1.0,1.0,0.00024151080287992954,0.0002009635209105909,0.00024127960205078125,0.00020080804824829102,0.00195127516053617,0.9997587203979492,,,,,,,,
wine,0.4,Baseline-Full,9,227,1.0,236.48214548826218,0.03571426868438721,1.0,0.9642857313156128,248,1.0,1.0,0.00024151080287992954,0.0002009635209105909,0.00024127960205078125,0.00020080804824829102,0.00195127516053617,0.9997587203979492,,,,,,,,
wine,0.5,Baseline-Full,9,227,1.0,236.48214548826218,0.03571426868438721,1.0,0.9642857313156128,248,1.0,1.0,0.00024151080287992954,0.0002009635209105909,0.00024127960205078125,0.00020080804824829102,0.00195127516053617,0.9997587203979492,,,,,,,,
wine,0.6,Baseline-Full,9,227,1.0,236.48214548826218,0.03571426868438721,1.0,0.9642857313156128,248,1.0,1.0,0.00024151080287992954,0.0002009635209105909,0.00024127960205078125,0.00020080804824829102,0.00195127516053617,0.9997587203979492,,,,,,,,
wine,0.7,Baseline-Full,9,227,1.0,236.48214548826218,0.03571426868438721,1.0,0.9642857313156128,248,1.0,1.0,0.00024151080287992954,0.0002009635209105909,0.00024127960205078125,0.00020080804824829102,0.00195127516053617,0.9997587203979492,,,,,,,,
wine,0.8,Baseline-Full,9,227,1.0,236.48214548826218,0.03571426868438721,1.0,0.9642857313156128,248,1.0,1.0,0.00024151080287992954,0.0002009635209105909,0.00024127960205078125,0.00020080804824829102,0.00195127516053617,0.9997587203979492,,,,,,,,
wine,0.2,Baseline-Full,10,45,0.9285714030265808,58.285713382065296,0.07142859697341919,1.0,0.9285714030265808,66,1.0,1.0,0.01746751181781292,0.010683414526283741,0.016433927747938365,0.010147559973928664,0.06605573743581772,0.9835659861564636,,,,,,,,
wine,0.3,Baseline-Full,10,45,0.9285714030265808,58.285713382065296,0.07142859697341919,1.0,0.9285714030265808,66,1.0,1.0,0.01746751181781292,0.010683414526283741,0.016433927747938365,0.010147559973928664,0.06605573743581772,0.9835659861564636,,,,,,,,
wine,0.4,Baseline-Full,10,45,0.9285714030265808,58.285713382065296,0.07142859697341919,1.0,0.9285714030265808,66,1.0,1.0,0.01746751181781292,0.010683414526283741,0.016433927747938365,0.010147559973928664,0.06605573743581772,0.9835659861564636,,,,,,,,
wine,0.5,Baseline-Full,10,45,0.9285714030265808,58.285713382065296,0.07142859697341919,1.0,0.9285714030265808,66,1.0,1.0,0.01746751181781292,0.010683414526283741,0.016433927747938365,0.010147559973928664,0.06605573743581772,0.9835659861564636,,,,,,,,
wine,0.6,Baseline-Full,10,45,0.9285714030265808,58.285713382065296,0.07142859697341919,1.0,0.9285714030265808,66,1.0,1.0,0.01746751181781292,0.010683414526283741,0.016433927747938365,0.010147559973928664,0.06605573743581772,0.9835659861564636,,,,,,,,
wine,0.7,Baseline-Full,10,45,0.9285714030265808,58.285713382065296,0.07142859697341919,1.0,0.9285714030265808,66,1.0,1.0,0.01746751181781292,0.010683414526283741,0.016433927747938365,0.010147559973928664,0.06605573743581772,0.9835659861564636,,,,,,,,
wine,0.8,Baseline-Full,10,45,0.9285714030265808,58.285713382065296,0.07142859697341919,1.0,0.9285714030265808,66,1.0,1.0,0.01746751181781292,0.010683414526283741,0.016433927747938365,0.010147559973928664,0.06605573743581772,0.9835659861564636,,,,,,,,
wine,0.2,Baseline-Full,11,299,1.0,296.6250001192093,0.0,1.0,1.0,300,0.9722222222222222,0.9722222222222222,0.05222298204898834,0.05222298204898834,0.030447070797284443,0.030447070797284443,0.04273875430226326,0.984821081161499,,,,,,,,
wine,0.3,Baseline-Full,11,299,1.0,296.6250001192093,0.0,1.0,1.0,300,0.9722222222222222,0.9722222222222222,0.05222298204898834,0.05222298204898834,0.030447070797284443,0.030447070797284443,0.04273875430226326,0.984821081161499,,,,,,,,
wine,0.4,Baseline-Full,11,299,1.0,296.6250001192093,0.0,1.0,1.0,300,0.9722222222222222,0.9722222222222222,0.05222298204898834,0.05222298204898834,0.030447070797284443,0.030447070797284443,0.04273875430226326,0.984821081161499,,,,,,,,
wine,0.5,Baseline-Full,11,299,1.0,296.6250001192093,0.0,1.0,1.0,300,0.9722222222222222,0.9722222222222222,0.05222298204898834,0.05222298204898834,0.030447070797284443,0.030447070797284443,0.04273875430226326,0.984821081161499,,,,,,,,
wine,0.6,Baseline-Full,11,299,1.0,296.6250001192093,0.0,1.0,1.0,300,0.9722222222222222,0.9722222222222222,0.05222298204898834,0.05222298204898834,0.030447070797284443,0.030447070797284443,0.04273875430226326,0.984821081161499,,,,,,,,
wine,0.7,Baseline-Full,11,299,1.0,296.6250001192093,0.0,1.0,1.0,300,0.9722222222222222,0.9722222222222222,0.05222298204898834,0.05222298204898834,0.030447070797284443,0.030447070797284443,0.04273875430226326,0.984821081161499,,,,,,,,
wine,0.8,Baseline-Full,11,299,1.0,296.6250001192093,0.0,1.0,1.0,300,0.9722222222222222,0.9722222222222222,0.05222298204898834,0.05222298204898834,0.030447070797284443,0.030447070797284443,0.04273875430226326,0.984821081161499,,,,,,,,
wine,0.2,Baseline-Full,12,48,0.9642857313156128,63.48214377462864,0.03571426868438721,1.0,0.9642857313156128,69,1.0,1.0,0.08245204389095306,0.07210037112236023,0.06799759798579746,0.05803916023837195,0.17743350565433502,0.9320023655891418,,,,,,,,
wine,0.3,Baseline-Full,12,48,0.9642857313156128,63.48214377462864,0.03571426868438721,1.0,0.9642857313156128,69,1.0,1.0,0.08245204389095306,0.07210037112236023,0.06799759798579746,0.05803916023837195,0.17743350565433502,0.9320023655891418,,,,,,,,
wine,0.4,Baseline-Full,12,48,0.9642857313156128,63.48214377462864,0.03571426868438721,1.0,0.9642857313156128,69,1.0,1.0,0.08245204389095306,0.07210037112236023,0.06799759798579746,0.05803916023837195,0.17743350565433502,0.9320023655891418,,,,,,,,
wine,0.5,Baseline-Full,12,48,0.9642857313156128,63.48214377462864,0.03571426868438721,1.0,0.9642857313156128,69,1.0,1.0,0.08245204389095306,0.07210037112236023,0.06799759798579746,0.05803916023837195,0.17743350565433502,0.9320023655891418,,,,,,,,
wine,0.6,Baseline-Full,12,48,0.9642857313156128,63.48214377462864,0.03571426868438721,1.0,0.9642857313156128,69,1.0,1.0,0.08245204389095306,0.07210037112236023,0.06799759798579746,0.05803916023837195,0.17743350565433502,0.9320023655891418,,,,,,,,
wine,0.7,Baseline-Full,12,48,0.9642857313156128,63.48214377462864,0.03571426868438721,1.0,0.9642857313156128,69,1.0,1.0,0.08245204389095306,0.07210037112236023,0.06799759798579746,0.05803916023837195,0.17743350565433502,0.9320023655891418,,,,,,,,
wine,0.8,Baseline-Full,12,48,0.9642857313156128,63.48214377462864,0.03571426868438721,1.0,0.9642857313156128,69,1.0,1.0,0.08245204389095306,0.07210037112236023,0.06799759798579746,0.05803916023837195,0.17743350565433502,0.9320023655891418,,,,,,,,
wine,0.2,Baseline-Full,13,32,0.9642857313156128,49.10714362561703,0.03571426868438721,1.0,0.9642857313156128,53,0.9722222222222222,0.9722222222222222,0.07160107791423798,0.07924302667379379,0.048137212793032326,0.04174092411994934,0.10906802117824554,0.9669118523597717,,,,,,,,
wine,0.3,Baseline-Full,13,32,0.9642857313156128,49.10714362561703,0.03571426868438721,1.0,0.9642857313156128,53,0.9722222222222222,0.9722222222222222,0.07160107791423798,0.07924302667379379,0.048137212793032326,0.04174092411994934,0.10906802117824554,0.9669118523597717,,,,,,,,
wine,0.4,Baseline-Full,13,32,0.9642857313156128,49.10714362561703,0.03571426868438721,1.0,0.9642857313156128,53,0.9722222222222222,0.9722222222222222,0.07160107791423798,0.07924302667379379,0.048137212793032326,0.04174092411994934,0.10906802117824554,0.9669118523597717,,,,,,,,
wine,0.5,Baseline-Full,13,32,0.9642857313156128,49.10714362561703,0.03571426868438721,1.0,0.9642857313156128,53,0.9722222222222222,0.9722222222222222,0.07160107791423798,0.07924302667379379,0.048137212793032326,0.04174092411994934,0.10906802117824554,0.9669118523597717,,,,,,,,
wine,0.6,Baseline-Full,13,32,0.9642857313156128,49.10714362561703,0.03571426868438721,1.0,0.9642857313156128,53,0.9722222222222222,0.9722222222222222,0.07160107791423798,0.07924302667379379,0.048137212793032326,0.04174092411994934,0.10906802117824554,0.9669118523597717,,,,,,,,
wine,0.7,Baseline-Full,13,32,0.9642857313156128,49.10714362561703,0.03571426868438721,1.0,0.9642857313156128,53,0.9722222222222222,0.9722222222222222,0.07160107791423798,0.07924302667379379,0.048137212793032326,0.04174092411994934,0.10906802117824554,0.9669118523597717,,,,,,,,
wine,0.8,Baseline-Full,13,32,0.9642857313156128,49.10714362561703,0.03571426868438721,1.0,0.9642857313156128,53,0.9722222222222222,0.9722222222222222,0.07160107791423798,0.07924302667379379,0.048137212793032326,0.04174092411994934,0.10906802117824554,0.9669118523597717,,,,,,,,
wine,0.2,Baseline-Full,14,299,1.0,298.12499994039536,0.0,1.0,1.0,300,0.9444444444444444,0.9444444444444444,0.11656413972377777,0.11656413972377777,0.0463292830520206,0.0463292830520206,0.057748276740312576,0.9765423536300659,,,,,,,,
wine,0.3,Baseline-Full,14,299,1.0,298.12499994039536,0.0,1.0,1.0,300,0.9444444444444444,0.9444444444444444,0.11656413972377777,0.11656413972377777,0.0463292830520206,0.0463292830520206,0.057748276740312576,0.9765423536300659,,,,,,,,
wine,0.4,Baseline-Full,14,299,1.0,298.12499994039536,0.0,1.0,1.0,300,0.9444444444444444,0.9444444444444444,0.11656413972377777,0.11656413972377777,0.0463292830520206,0.0463292830520206,0.057748276740312576,0.9765423536300659,,,,,,,,
wine,0.5,Baseline-Full,14,299,1.0,298.12499994039536,0.0,1.0,1.0,300,0.9444444444444444,0.9444444444444444,0.11656413972377777,0.11656413972377777,0.0463292830520206,0.0463292830520206,0.057748276740312576,0.9765423536300659,,,,,,,,
wine,0.6,Baseline-Full,14,299,1.0,298.12499994039536,0.0,1.0,1.0,300,0.9444444444444444,0.9444444444444444,0.11656413972377777,0.11656413972377777,0.0463292830520206,0.0463292830520206,0.057748276740312576,0.9765423536300659,,,,,,,,
wine,0.7,Baseline-Full,14,299,1.0,298.12499994039536,0.0,1.0,1.0,300,0.9444444444444444,0.9444444444444444,0.11656413972377777,0.11656413972377777,0.0463292830520206,0.0463292830520206,0.057748276740312576,0.9765423536300659,,,,,,,,
wine,0.8,Baseline-Full,14,299,1.0,298.12499994039536,0.0,1.0,1.0,300,0.9444444444444444,0.9444444444444444,0.11656413972377777,0.11656413972377777,0.0463292830520206,0.0463292830520206,0.057748276740312576,0.9765423536300659,,,,,,,,
wine,0.2,Baseline-Full,15,64,0.9642857313156128,81.30357202887535,0.03571426868438721,1.0,0.9642857313156128,85,1.0,1.0,0.020950105041265488,0.016020212322473526,0.019289412432246737,0.01486341655254364,0.06915581971406937,0.9807105660438538,,,,,,,,
wine,0.3,Baseline-Full,15,64,0.9642857313156128,81.30357202887535,0.03571426868438721,1.0,0.9642857313156128,85,1.0,1.0,0.020950105041265488,0.016020212322473526,0.019289412432246737,0.01486341655254364,0.06915581971406937,0.9807105660438538,,,,,,,,
wine,0.4,Baseline-Full,15,64,0.9642857313156128,81.30357202887535,0.03571426868438721,1.0,0.9642857313156128,85,1.0,1.0,0.020950105041265488,0.016020212322473526,0.019289412432246737,0.01486341655254364,0.06915581971406937,0.9807105660438538,,,,,,,,
wine,0.5,Baseline-Full,15,64,0.9642857313156128,81.30357202887535,0.03571426868438721,1.0,0.9642857313156128,85,1.0,1.0,0.020950105041265488,0.016020212322473526,0.019289412432246737,0.01486341655254364,0.06915581971406937,0.9807105660438538,,,,,,,,
wine,0.6,Baseline-Full,15,64,0.9642857313156128,81.30357202887535,0.03571426868438721,1.0,0.9642857313156128,85,1.0,1.0,0.020950105041265488,0.016020212322473526,0.019289412432246737,0.01486341655254364,0.06915581971406937,0.9807105660438538,,,,,,,,
wine,0.7,Baseline-Full,15,64,0.9642857313156128,81.30357202887535,0.03571426868438721,1.0,0.9642857313156128,85,1.0,1.0,0.020950105041265488,0.016020212322473526,0.019289412432246737,0.01486341655254364,0.06915581971406937,0.9807105660438538,,,,,,,,
wine,0.8,Baseline-Full,15,64,0.9642857313156128,81.30357202887535,0.03571426868438721,1.0,0.9642857313156128,85,1.0,1.0,0.020950105041265488,0.016020212322473526,0.019289412432246737,0.01486341655254364,0.06915581971406937,0.9807105660438538,,,,,,,,
wine,0.2,Baseline-Full,16,39,0.9642857313156128,56.14285781979561,0.03571426868438721,1.0,0.9642857313156128,60,1.0,1.0,0.014937710016965866,0.00645090639591217,0.01450774073600769,0.006358444690704346,0.06757073104381561,0.9854922890663147,,,,,,,,
wine,0.3,Baseline-Full,16,39,0.9642857313156128,56.14285781979561,0.03571426868438721,1.0,0.9642857313156128,60,1.0,1.0,0.014937710016965866,0.00645090639591217,0.01450774073600769,0.006358444690704346,0.06757073104381561,0.9854922890663147,,,,,,,,
wine,0.4,Baseline-Full,16,39,0.9642857313156128,56.14285781979561,0.03571426868438721,1.0,0.9642857313156128,60,1.0,1.0,0.014937710016965866,0.00645090639591217,0.01450774073600769,0.006358444690704346,0.06757073104381561,0.9854922890663147,,,,,,,,
wine,0.5,Baseline-Full,16,39,0.9642857313156128,56.14285781979561,0.03571426868438721,1.0,0.9642857313156128,60,1.0,1.0,0.014937710016965866,0.00645090639591217,0.01450774073600769,0.006358444690704346,0.06757073104381561,0.9854922890663147,,,,,,,,
wine,0.6,Baseline-Full,16,39,0.9642857313156128,56.14285781979561,0.03571426868438721,1.0,0.9642857313156128,60,1.0,1.0,0.014937710016965866,0.00645090639591217,0.01450774073600769,0.006358444690704346,0.06757073104381561,0.9854922890663147,,,,,,,,
wine,0.7,Baseline-Full,16,39,0.9642857313156128,56.14285781979561,0.03571426868438721,1.0,0.9642857313156128,60,1.0,1.0,0.014937710016965866,0.00645090639591217,0.01450774073600769,0.006358444690704346,0.06757073104381561,0.9854922890663147,,,,,,,,
wine,0.8,Baseline-Full,16,39,0.9642857313156128,56.14285781979561,0.03571426868438721,1.0,0.9642857313156128,60,1.0,1.0,0.014937710016965866,0.00645090639591217,0.01450774073600769,0.006358444690704346,0.06757073104381561,0.9854922890663147,,,,,,,,
wine,0.2,Baseline-Full,17,104,0.9642857313156128,116.55357323586941,0.03571426868438721,1.0,0.9642857313156128,125,0.9166666666666666,0.9166666666666666,0.2557547986507416,0.27475351095199585,0.08168899681833053,0.07873149050606619,0.09172012656927109,0.9651493430137634,,,,,,,,
wine,0.3,Baseline-Full,17,104,0.9642857313156128,116.55357323586941,0.03571426868438721,1.0,0.9642857313156128,125,0.9166666666666666,0.9166666666666666,0.2557547986507416,0.27475351095199585,0.08168899681833053,0.07873149050606619,0.09172012656927109,0.9651493430137634,,,,,,,,
wine,0.4,Baseline-Full,17,104,0.9642857313156128,116.55357323586941,0.03571426868438721,1.0,0.9642857313156128,125,0.9166666666666666,0.9166666666666666,0.2557547986507416,0.27475351095199585,0.08168899681833053,0.07873149050606619,0.09172012656927109,0.9651493430137634,,,,,,,,
wine,0.5,Baseline-Full,17,104,0.9642857313156128,116.55357323586941,0.03571426868438721,1.0,0.9642857313156128,125,0.9166666666666666,0.9166666666666666,0.2557547986507416,0.27475351095199585,0.08168899681833053,0.07873149050606619,0.09172012656927109,0.9651493430137634,,,,,,,,
wine,0.6,Baseline-Full,17,104,0.9642857313156128,116.55357323586941,0.03571426868438721,1.0,0.9642857313156128,125,0.9166666666666666,0.9166666666666666,0.2557547986507416,0.27475351095199585,0.08168899681833053,0.07873149050606619,0.09172012656927109,0.9651493430137634,,,,,,,,
wine,0.7,Baseline-Full,17,104,0.9642857313156128,116.55357323586941,0.03571426868438721,1.0,0.9642857313156128,125,0.9166666666666666,0.9166666666666666,0.2557547986507416,0.27475351095199585,0.08168899681833053,0.07873149050606619,0.09172012656927109,0.9651493430137634,,,,,,,,
wine,0.8,Baseline-Full,17,104,0.9642857313156128,116.55357323586941,0.03571426868438721,1.0,0.9642857313156128,125,0.9166666666666666,0.9166666666666666,0.2557547986507416,0.27475351095199585,0.08168899681833053,0.07873149050606619,0.09172012656927109,0.9651493430137634,,,,,,,,
wine,0.2,Baseline-Full,18,299,0.9642857313156128,286.26786157488823,0.03571426868438721,1.0,0.9642857313156128,300,0.9444444444444444,0.9444444444444444,0.06318343430757523,0.06318343430757523,0.03407246288326051,0.03407246288326051,0.0460650734603405,0.9774652123451233,,,,,,,,
wine,0.3,Baseline-Full,18,299,0.9642857313156128,286.26786157488823,0.03571426868438721,1.0,0.9642857313156128,300,0.9444444444444444,0.9444444444444444,0.06318343430757523,0.06318343430757523,0.03407246288326051,0.03407246288326051,0.0460650734603405,0.9774652123451233,,,,,,,,
wine,0.4,Baseline-Full,18,299,0.9642857313156128,286.26786157488823,0.03571426868438721,1.0,0.9642857313156128,300,0.9444444444444444,0.9444444444444444,0.06318343430757523,0.06318343430757523,0.03407246288326051,0.03407246288326051,0.0460650734603405,0.9774652123451233,,,,,,,,
wine,0.5,Baseline-Full,18,299,0.9642857313156128,286.26786157488823,0.03571426868438721,1.0,0.9642857313156128,300,0.9444444444444444,0.9444444444444444,0.06318343430757523,0.06318343430757523,0.03407246288326051,0.03407246288326051,0.0460650734603405,0.9774652123451233,,,,,,,,
wine,0.6,Baseline-Full,18,299,0.9642857313156128,286.26786157488823,0.03571426868438721,1.0,0.9642857313156128,300,0.9444444444444444,0.9444444444444444,0.06318343430757523,0.06318343430757523,0.03407246288326051,0.03407246288326051,0.0460650734603405,0.9774652123451233,,,,,,,,
wine,0.7,Baseline-Full,18,299,0.9642857313156128,286.26786157488823,0.03571426868438721,1.0,0.9642857313156128,300,0.9444444444444444,0.9444444444444444,0.06318343430757523,0.06318343430757523,0.03407246288326051,0.03407246288326051,0.0460650734603405,0.9774652123451233,,,,,,,,
wine,0.8,Baseline-Full,18,299,0.9642857313156128,286.26786157488823,0.03571426868438721,1.0,0.9642857313156128,300,0.9444444444444444,0.9444444444444444,0.06318343430757523,0.06318343430757523,0.03407246288326051,0.03407246288326051,0.0460650734603405,0.9774652123451233,,,,,,,,
wine,0.2,Baseline-Full,19,29,0.9642857313156128,44.9821433275938,0.03571426868438721,1.0,0.9642857313156128,50,1.0,1.0,0.0510697215795517,0.03905239701271057,0.04440710279676649,0.031995119320021734,0.14059323072433472,0.9555929899215698,,,,,,,,
wine,0.3,Baseline-Full,19,29,0.9642857313156128,44.9821433275938,0.03571426868438721,1.0,0.9642857313156128,50,1.0,1.0,0.0510697215795517,0.03905239701271057,0.04440710279676649,0.031995119320021734,0.14059323072433472,0.9555929899215698,,,,,,,,
wine,0.4,Baseline-Full,19,29,0.9642857313156128,44.9821433275938,0.03571426868438721,1.0,0.9642857313156128,50,1.0,1.0,0.0510697215795517,0.03905239701271057,0.04440710279676649,0.031995119320021734,0.14059323072433472,0.9555929899215698,,,,,,,,
wine,0.5,Baseline-Full,19,29,0.9642857313156128,44.9821433275938,0.03571426868438721,1.0,0.9642857313156128,50,1.0,1.0,0.0510697215795517,0.03905239701271057,0.04440710279676649,0.031995119320021734,0.14059323072433472,0.9555929899215698,,,,,,,,
wine,0.6,Baseline-Full,19,29,0.9642857313156128,44.9821433275938,0.03571426868438721,1.0,0.9642857313156128,50,1.0,1.0,0.0510697215795517,0.03905239701271057,0.04440710279676649,0.031995119320021734,0.14059323072433472,0.9555929899215698,,,,,,,,
wine,0.7,Baseline-Full,19,29,0.9642857313156128,44.9821433275938,0.03571426868438721,1.0,0.9642857313156128,50,1.0,1.0,0.0510697215795517,0.03905239701271057,0.04440710279676649,0.031995119320021734,0.14059323072433472,0.9555929899215698,,,,,,,,
wine,0.8,Baseline-Full,19,29,0.9642857313156128,44.9821433275938,0.03571426868438721,1.0,0.9642857313156128,50,1.0,1.0,0.0510697215795517,0.03905239701271057,0.04440710279676649,0.031995119320021734,0.14059323072433472,0.9555929899215698,,,,,,,,
wine,0.2,Baseline-Student,0,299,1.0,296.05357103049755,0.0,1.0,1.0,300,0.9722222222222222,0.9722222222222222,0.036603525280952454,0.036603525280952454,0.02016311552789476,0.02016311552789476,0.020132072269916534,0.9918403625488281,,,,,,,,
wine,0.3,Baseline-Student,0,299,1.0,296.4464283436537,0.0,1.0,1.0,300,0.9722222222222222,0.9722222222222222,0.03032037988305092,0.03032037988305092,0.018307972285482615,0.018307972285482615,0.021890752017498016,0.9898815155029297,,,,,,,,
wine,0.4,Baseline-Student,0,299,1.0,295.7678568214178,0.0,1.0,1.0,300,0.9722222222222222,0.9722222222222222,0.0239313505589962,0.0239313505589962,0.015839821762508817,0.015839821762508817,0.025450946763157845,0.9869046807289124,,,,,,,,
wine,0.5,Baseline-Student,0,299,1.0,294.7321422845125,0.0,1.0,1.0,300,0.9722222222222222,0.9722222222222222,0.025074029341340065,0.025074029341340065,0.016229462292459276,0.016229462292459276,0.026685619726777077,0.9870383739471436,,,,,,,,
wine,0.6,Baseline-Student,0,141,0.9642857313156128,151.57143028080463,0.03571426868438721,1.0,0.9642857313156128,162,0.9722222222222222,0.9722222222222222,0.0485684797167778,0.04775203391909599,0.02639442185560862,0.02560418513086107,0.04271456599235535,0.9885330200195312,,,,,,,,
wine,0.7,Baseline-Student,0,145,0.9642857313156128,154.7500019222498,0.03571426868438721,1.0,0.9642857313156128,166,0.9722222222222222,0.9722222222222222,0.035370271652936935,0.03383392095565796,0.026263366142908733,0.02470652096801334,0.07142274081707001,0.9766764044761658,,,,,,,,
wine,0.8,Baseline-Student,0,142,0.9285714030265808,140.4464262574911,0.07142859697341919,1.0,0.9285714030265808,163,1.0,1.0,0.024748167023062706,0.021517354995012283,0.022279984421200223,0.019336235192086958,0.08163483440876007,0.9777199625968933,,,,,,,,
wine,0.2,Baseline-Student,1,299,0.9642857313156128,280.3571445196867,0.03571426868438721,1.0,0.9642857313156128,300,0.9444444444444444,0.9444444444444444,0.10916456580162048,0.10916456580162048,0.05368556910090976,0.05368556910090976,0.0776146650314331,0.9670520424842834,,,,,,,,
wine,0.3,Baseline-Student,1,34,0.8928571343421936,44.214285388588905,0.1071428656578064,1.0,0.8928571343421936,54,0.9722222222222222,0.9444444444444444,0.14058934152126312,0.11433616280555725,0.07597698933548397,0.0709286911620034,0.29328200221061707,0.8962452411651611,,,,,,,,
wine,0.4,Baseline-Student,1,33,0.9285714030265808,44.51785697042942,0.07142859697341919,1.0,0.9285714030265808,54,0.9722222222222222,0.9444444444444444,0.17546631395816803,0.13421015441417694,0.10806137820084889,0.0810082678993543,0.36430656909942627,0.8641608357429504,,,,,,,,
wine,0.5,Baseline-Student,1,43,0.8928571343421936,51.57142798602581,0.1071428656578064,1.0,0.8928571343421936,64,0.9722222222222222,0.9444444444444444,0.1650269329547882,0.12824411690235138,0.13100717216730115,0.0917749082048734,0.34644004702568054,0.8763825297355652,,,,,,,,
wine,0.6,Baseline-Student,1,47,0.9642857313156128,57.839285746216774,0.07142859697341919,1.0,0.9285714030265808,68,0.9444444444444444,0.9444444444444444,0.16193066537380219,0.12593987584114075,0.09488480455345578,0.0644656734334098,0.3396040201187134,0.8722583651542664,,,,,,,,
wine,0.7,Baseline-Student,1,56,0.9642857313156128,60.821428045630455,0.1071428656578064,1.0,0.8928571343421936,77,0.9444444444444444,0.9444444444444444,0.22861218452453613,0.21182644367218018,0.11621943281756507,0.10359339416027069,0.3946946859359741,0.8555554747581482,,,,,,,,
wine,0.8,Baseline-Student,1,84,0.9285714030265808,81.12499840557575,0.07142859697341919,1.0,0.9285714030265808,105,0.8888888888888888,0.8888888888888888,0.2675645053386688,0.24277646839618683,0.09052430258856878,0.07601863145828246,0.42329129576683044,0.831038773059845,,,,,,,,
wine,0.2,Baseline-Student,2,299,1.0,297.7500001192093,0.0,1.0,1.0,300,1.0,1.0,0.03258204087615013,0.03258204087615013,0.026263695624139573,0.026263695624139573,0.05558888614177704,0.9737363457679749,,,,,,,,
wine,0.3,Baseline-Student,2,299,1.0,297.7321428358555,0.0,1.0,1.0,300,1.0,1.0,0.016322193667292595,0.016322193667292595,0.014285710122850208,0.014285710122850208,0.03965122997760773,0.9857142567634583,,,,,,,,
wine,0.4,Baseline-Student,2,299,1.0,297.08928593993187,0.0,1.0,1.0,300,1.0,1.0,0.021065587177872658,0.021065587177872658,0.0184575037823783,0.0184575037823783,0.0493815653026104,0.9815424680709839,,,,,,,,
wine,0.5,Baseline-Student,2,299,1.0,296.9107142984867,0.0,1.0,1.0,300,1.0,1.0,0.02752283215522766,0.02752283215522766,0.022688110669453938,0.022688110669453938,0.054141540080308914,0.9773118495941162,,,,,,,,
wine,0.6,Baseline-Student,2,179,0.9642857313156128,193.6071443259716,0.03571426868438721,1.0,0.9642857313156128,200,0.9722222222222222,0.9722222222222222,0.04021851718425751,0.03812079504132271,0.03231521613068051,0.03067142930295732,0.07771062850952148,0.9683065414428711,,,,,,,,
wine,0.7,Baseline-Student,2,142,1.0,158.51785695552826,0.0,1.0,1.0,163,1.0,1.0,0.04580755531787872,0.04357971251010895,0.03977537320719824,0.03733493553267585,0.11565133184194565,0.9602245688438416,,,,,,,,
wine,0.8,Baseline-Student,2,231,0.9285714030265808,232.30356873571873,0.07142859697341919,1.0,0.9285714030265808,250,0.9722222222222222,0.9722222222222222,0.08922192454338074,0.08767896890640259,0.048067518406444125,0.046650682058599256,0.13243572413921356,0.9542102813720703,,,,,,,,
wine,0.2,Baseline-Student,3,294,1.0,295.2500001490116,0.0,1.0,1.0,300,1.0,1.0,0.0036222515627741814,0.003580711781978607,0.003430752290619744,0.0033932526906331377,0.012072412297129631,0.9965692162513733,,,,,,,,
wine,0.3,Baseline-Student,3,274,1.0,290.39285734295845,0.0,1.0,1.0,295,1.0,1.0,0.00306915957480669,0.0028443546034395695,0.002927756971783108,0.0027222666475507948,0.010720008984208107,0.9970722198486328,,,,,,,,
wine,0.4,Baseline-Student,3,205,1.0,220.71428593993187,0.0,1.0,1.0,226,1.0,1.0,0.002259785309433937,0.0020082187838852406,0.002209961414337158,0.0019689202308654785,0.010595508851110935,0.9977900385856628,,,,,,,,
wine,0.5,Baseline-Student,3,299,1.0,293.96428593993187,0.0,1.0,1.0,300,1.0,1.0,0.007744356989860535,0.007744356989860535,0.006868567731645372,0.006868567731645372,0.018701592460274696,0.9931313395500183,,,,,,,,
wine,0.6,Baseline-Student,3,299,1.0,292.64285734295845,0.0,1.0,1.0,300,1.0,1.0,0.002536303363740444,0.002536303363740444,0.0024680296579996743,0.0024680296579996743,0.011221790686249733,0.9975320100784302,,,,,,,,
wine,0.7,Baseline-Student,3,294,1.0,287.0000005066395,0.0,1.0,1.0,300,1.0,1.0,0.002489021047949791,0.0023760180920362473,0.0024582743644714355,0.0023497343063354492,0.013573329895734787,0.9975417256355286,,,,,,,,
wine,0.8,Baseline-Student,3,299,1.0,286.10714343190193,0.0,1.0,1.0,300,0.9444444444444444,0.9444444444444444,0.09561797976493835,0.09561797976493835,0.04591737356450822,0.04591737356450822,0.0748264268040657,0.9769417643547058,,,,,,,,
wine,0.2,Baseline-Student,4,32,0.8928571343421936,45.58928520977497,0.1071428656578064,1.0,0.8928571343421936,53,0.9722222222222222,0.9722222222222222,0.08419743180274963,0.052888549864292145,0.06349756982591417,0.020384255382749766,0.17147062718868256,0.9492247104644775,,,,,,,,
wine,0.3,Baseline-Student,4,35,0.8928571343421936,48.17857098579407,0.1071428656578064,1.0,0.8928571343421936,56,0.9722222222222222,0.9722222222222222,0.0900181233882904,0.07251471281051636,0.06238613029321034,0.040534118811289474,0.1523955911397934,0.9542354941368103,,,,,,,,
wine,0.4,Baseline-Student,4,32,0.8928571343421936,45.80357100069523,0.1071428656578064,1.0,0.8928571343421936,53,0.9722222222222222,0.9722222222222222,0.12235531210899353,0.08618727326393127,0.0628528760539161,0.0545578830771976,0.25471267104148865,0.9180161952972412,,,,,,,,
wine,0.5,Baseline-Student,4,37,0.8928571343421936,49.99999962747097,0.1071428656578064,1.0,0.8928571343421936,58,0.9722222222222222,0.9722222222222222,0.17360523343086243,0.1679331660270691,0.08584001329210071,0.0376054031981362,0.2770100235939026,0.919048547744751,,,,,,,,
wine,0.6,Baseline-Student,4,40,0.8928571343421936,52.92857079207897,0.1071428656578064,1.0,0.8928571343421936,61,0.9722222222222222,0.9722222222222222,0.17646458745002747,0.14772838354110718,0.07654229634337958,0.03321481910016799,0.2684677839279175,0.9209819436073303,,,,,,,,
wine,0.7,Baseline-Student,4,53,0.9285714030265808,65.66071279346943,0.07142859697341919,1.0,0.9285714030265808,74,0.9722222222222222,0.9722222222222222,0.17962875962257385,0.15281349420547485,0.06903054813543959,0.04132410221629671,0.31706199049949646,0.9031916856765747,,,,,,,,
wine,0.8,Baseline-Student,4,79,0.8928571343421936,84.05357123166323,0.1071428656578064,1.0,0.8928571343421936,100,0.9444444444444444,0.9722222222222222,0.21956996619701385,0.1807093322277069,0.1128820652763049,0.08129330062203935,0.3255571126937866,0.8833214044570923,,,,,,,,
wine,0.2,Baseline-Student,5,299,1.0,297.2500001490116,0.0,1.0,1.0,300,1.0,1.0,0.010843642987310886,0.010843642987310886,0.01033023993174235,0.01033023993174235,0.03903437405824661,0.989669680595398,,,,,,,,
wine,0.3,Baseline-Student,5,299,1.0,297.5714286863804,0.0,1.0,1.0,300,0.9166666666666666,0.9166666666666666,0.20914334058761597,0.20914334058761597,0.06833474669191572,0.06833474669191572,0.06362230330705643,0.978529691696167,,,,,,,,
wine,0.4,Baseline-Student,5,299,1.0,297.3392858505249,0.0,1.0,1.0,300,0.9166666666666666,0.9166666666666666,0.15202577412128448,0.15202577412128448,0.0637420482105679,0.0637420482105679,0.06624775379896164,0.9758493900299072,,,,,,,,
wine,0.5,Baseline-Student,5,299,1.0,296.17857164144516,0.0,1.0,1.0,300,0.9444444444444444,0.9444444444444444,0.20764870941638947,0.20764870941638947,0.07492440773381126,0.07492440773381126,0.07167068123817444,0.9700491428375244,,,,,,,,
wine,0.6,Baseline-Student,5,299,1.0,296.55357164144516,0.0,1.0,1.0,300,0.9166666666666666,0.9166666666666666,0.18698693811893463,0.18698693811893463,0.057245228025648326,0.057245228025648326,0.09300068020820618,0.9674134850502014,,,,,,,,
wine,0.7,Baseline-Student,5,299,1.0,296.3928573727608,0.0,1.0,1.0,300,0.9166666666666666,0.9166666666666666,0.13007523119449615,0.13007523119449615,0.0581800639629364,0.0581800639629364,0.10193754732608795,0.959365725517273,,,,,,,,
wine,0.8,Baseline-Student,5,299,1.0,294.6964289397001,0.0,1.0,1.0,300,0.9166666666666666,0.9166666666666666,0.22297467291355133,0.22297467291355133,0.09242413606908584,0.09242413606908584,0.16030114889144897,0.9323610663414001,,,,,,,,
wine,0.2,Baseline-Student,6,299,1.0,293.5178574025631,0.0,1.0,1.0,300,0.9444444444444444,0.9444444444444444,0.14555123448371887,0.14555123448371887,0.04548015859391954,0.04548015859391954,0.04937465488910675,0.9868147969245911,,,,,,,,
wine,0.3,Baseline-Student,6,299,1.0,293.3750001192093,0.0,1.0,1.0,300,0.9444444444444444,0.9444444444444444,0.1258719116449356,0.1258719116449356,0.05243226720227135,0.05243226720227135,0.043771736323833466,0.9884886145591736,,,,,,,,
wine,0.4,Baseline-Student,6,299,1.0,292.7321429550648,0.0,1.0,1.0,300,0.9444444444444444,0.9444444444444444,0.12899740040302277,0.12899740040302277,0.03913616968525781,0.03913616968525781,0.06755007058382034,0.9799469709396362,,,,,,,,
wine,0.5,Baseline-Student,6,299,1.0,290.66071420907974,0.0,1.0,1.0,300,0.9444444444444444,0.9444444444444444,0.16828589141368866,0.16828589141368866,0.0488290339708328,0.0488290339708328,0.05942697077989578,0.9781748652458191,,,,,,,,
wine,0.6,Baseline-Student,6,123,0.9642857313156128,128.07142955064774,0.03571426868438721,1.0,0.9642857313156128,144,1.0,1.0,0.07743575423955917,0.0739767923951149,0.06102235615253448,0.05791269242763519,0.15712538361549377,0.9389776587486267,,,,,,,,
wine,0.7,Baseline-Student,6,71,0.9285714030265808,72.12499895691872,0.07142859697341919,1.0,0.9285714030265808,92,1.0,1.0,0.1548253297805786,0.12124243378639221,0.12877852883603838,0.10056642360157436,0.36452534794807434,0.8712214231491089,,,,,,,,
wine,0.8,Baseline-Student,6,87,0.9285714030265808,84.87499871850014,0.07142859697341919,1.0,0.9285714030265808,108,0.9444444444444444,0.9444444444444444,0.19502392411231995,0.16577254235744476,0.08842805276314417,0.09345796704292297,0.35987019538879395,0.8822295069694519,,,,,,,,
wine,0.2,Baseline-Student,7,299,1.0,297.7499998956919,0.0,1.0,1.0,300,0.9722222222222222,0.9722222222222222,0.09876099228858948,0.09876099228858948,0.037070092227723866,0.037070092227723866,0.06349372118711472,0.9762442111968994,,,,,,,,
wine,0.3,Baseline-Student,7,299,1.0,297.7857142239809,0.0,1.0,1.0,300,0.9444444444444444,0.9444444444444444,0.09455519914627075,0.09455519914627075,0.04610866142643821,0.04610866142643821,0.07086359709501266,0.9705517292022705,,,,,,,,
wine,0.4,Baseline-Student,7,299,1.0,297.6964287161827,0.0,1.0,1.0,300,0.9444444444444444,0.9444444444444444,0.16502530872821808,0.16502530872821808,0.05329486065440705,0.05329486065440705,0.06927145272493362,0.9716694951057434,,,,,,,,
wine,0.5,Baseline-Student,7,299,1.0,297.267857208848,0.0,1.0,1.0,300,0.9444444444444444,0.9444444444444444,0.10103780776262283,0.10103780776262283,0.04609780013561249,0.04609780013561249,0.06686817109584808,0.9794751405715942,,,,,,,,
wine,0.6,Baseline-Student,7,299,1.0,296.9464284479618,0.0,1.0,1.0,300,0.9444444444444444,0.9444444444444444,0.08729909360408783,0.08729909360408783,0.0505515651570426,0.0505515651570426,0.07072670757770538,0.9768962860107422,,,,,,,,
wine,0.7,Baseline-Student,7,299,1.0,296.4642858058214,0.0,1.0,1.0,300,0.9444444444444444,0.9444444444444444,0.10207346081733704,0.10207346081733704,0.06423534949620564,0.06423534949620564,0.11207447946071625,0.9555310010910034,,,,,,,,
wine,0.8,Baseline-Student,7,299,0.9642857313156128,285.6428620070219,0.03571426868438721,1.0,0.9642857313156128,300,0.9722222222222222,0.9722222222222222,0.0895778015255928,0.0895778015255928,0.052033821741739913,0.052033821741739913,0.16209624707698822,0.941654622554779,,,,,,,,
wine,0.2,Baseline-Student,8,270,0.9642857313156128,282.0892875492573,0.03571426868438721,1.0,0.9642857313156128,291,0.9722222222222222,0.9722222222222222,0.14544253051280975,0.14762434363365173,0.034457597467634424,0.03432386120160421,0.030497699975967407,0.9907662272453308,,,,,,,,
wine,0.3,Baseline-Student,8,103,1.0,118.660714417696,0.0,1.0,1.0,124,0.9722222222222222,0.9722222222222222,0.11551845073699951,0.12263863533735275,0.03334458006752862,0.03344739807976617,0.043529212474823,0.9878197908401489,,,,,,,,
wine,0.4,Baseline-Student,8,269,1.0,284.1428575515747,0.0,1.0,1.0,290,0.9444444444444444,0.9444444444444444,0.19219724833965302,0.1991933435201645,0.05455675224463147,0.05501306222544777,0.02323496714234352,0.9947159886360168,,,,,,,,
wine,0.5,Baseline-Student,8,299,1.0,292.46428604424,0.0,1.0,1.0,300,0.9444444444444444,0.9444444444444444,0.18109813332557678,0.18109813332557678,0.060148523913489425,0.060148523913489425,0.04586781561374664,0.9825264811515808,,,,,,,,
wine,0.6,Baseline-Student,8,288,0.9642857313156128,282.071431517601,0.03571426868438721,1.0,0.9642857313156128,300,0.9444444444444444,0.9444444444444444,0.17077338695526123,0.1732661873102188,0.054473573962847396,0.05465750230683221,0.04734932258725166,0.9836308360099792,,,,,,,,
wine,0.7,Baseline-Student,8,131,0.9285714030265808,134.6964255273342,0.07142859697341919,1.0,0.9285714030265808,152,0.9166666666666666,0.9166666666666666,0.18653713166713715,0.20143486559391022,0.07413477036688063,0.07491449680593276,0.0928456261754036,0.9690853953361511,,,,,,,,
wine,0.8,Baseline-Student,8,205,0.9285714030265808,193.4642836973071,0.07142859697341919,1.0,0.9285714030265808,222,0.9166666666666666,0.9166666666666666,0.20117688179016113,0.20584705471992493,0.07646115786499444,0.07818237278196544,0.08213994652032852,0.9725381135940552,,,,,,,,
wine,0.2,Baseline-Student,9,299,0.9642857313156128,282.8035742789507,0.03571426868438721,1.0,0.9642857313156128,300,1.0,1.0,0.00037300895201042295,0.00037300895201042295,0.000372469425201416,0.000372469425201416,0.0027215788140892982,0.9996275305747986,,,,,,,,
wine,0.3,Baseline-Student,9,297,1.0,292.4999998360872,0.0,1.0,1.0,300,1.0,1.0,0.0004414540308061987,0.00043574435403570533,0.00044083595275878906,0.00043517351150512695,0.003277271520346403,0.9995591640472412,,,,,,,,
wine,0.4,Baseline-Student,9,156,1.0,169.5714281052351,0.0,1.0,1.0,177,1.0,1.0,0.001871940796263516,0.001504166517406702,0.0018593668937683105,0.0014941096305847168,0.011420665308833122,0.9981406331062317,,,,,,,,
wine,0.5,Baseline-Student,9,299,0.9642857313156128,283.37500317394733,0.03571426868438721,1.0,0.9642857313156128,300,1.0,1.0,0.009433034807443619,0.009433034807443619,0.00902476410071055,0.00902476410071055,0.0344674289226532,0.9909752607345581,,,,,,,,
wine,0.6,Baseline-Student,9,82,0.8928571343421936,87.7321425229311,0.1071428656578064,1.0,0.8928571343421936,103,1.0,1.0,0.04705585911870003,0.03962516039609909,0.04132865369319916,0.03493104047245449,0.12727901339530945,0.9586712718009949,,,,,,,,
wine,0.7,Baseline-Student,9,56,0.8571428656578064,63.892857149243355,0.1428571343421936,1.0,0.8571428656578064,77,1.0,0.9722222222222222,0.1096205860376358,0.07881885021924973,0.09633581174744502,0.0663838419649336,0.30332860350608826,0.9036641716957092,,,,,,,,
wine,0.8,Baseline-Student,9,78,0.8928571343421936,78.51785711944103,0.1071428656578064,1.0,0.8928571343421936,99,0.9722222222222222,0.9722222222222222,0.13199537992477417,0.10112772136926651,0.11331041985087925,0.060431508554352656,0.34313663840293884,0.8867738246917725,,,,,,,,
wine,0.2,Baseline-Student,10,44,0.9285714030265808,57.39285659044981,0.07142859697341919,1.0,0.9285714030265808,65,1.0,1.0,0.033607739955186844,0.020017573609948158,0.03133961889478895,0.01870154175493452,0.12279781699180603,0.9686605930328369,,,,,,,,
wine,0.3,Baseline-Student,10,54,0.9285714030265808,66.96428494900465,0.07142859697341919,1.0,0.9285714030265808,75,1.0,1.0,0.025866813957691193,0.016484657302498817,0.024061986141734652,0.015391265352567036,0.092770054936409,0.9759379625320435,,,,,,,,
wine,0.4,Baseline-Student,10,57,0.9285714030265808,67.5714273378253,0.07142859697341919,1.0,0.9285714030265808,78,1.0,1.0,0.02989569678902626,0.01923350617289543,0.02680291566583845,0.017269093129369948,0.10215817391872406,0.9731971025466919,,,,,,,,
wine,0.5,Baseline-Student,10,67,0.9285714030265808,77.07142790406942,0.07142859697341919,1.0,0.9285714030265808,88,1.0,1.0,0.03741070255637169,0.025632847100496292,0.03345026903682285,0.022386294272210863,0.12459833174943924,0.9665496349334717,,,,,,,,
wine,0.6,Baseline-Student,10,53,0.8928571343421936,58.91071396321058,0.1071428656578064,1.0,0.8928571343421936,74,1.0,1.0,0.07624239474534988,0.0595720000565052,0.06606083611647288,0.05017335712909698,0.2198210060596466,0.9339390993118286,,,,,,,,
wine,0.7,Baseline-Student,10,189,0.9285714030265808,182.55356775969267,0.1071428656578064,1.0,0.8928571343421936,210,0.9722222222222222,0.9722222222222222,0.03890461102128029,0.039365530014038086,0.02819132308165232,0.0277397847837872,0.07489053159952164,0.9760706424713135,,,,,,,,
wine,0.8,Baseline-Student,10,299,0.8928571343421936,251.23214162141085,0.1071428656578064,1.0,0.8928571343421936,300,0.9722222222222222,0.9722222222222222,0.09542331844568253,0.09542331844568253,0.035321419437726334,0.035321419437726334,0.09787407517433167,0.967883825302124,,,,,,,,
wine,0.2,Baseline-Student,11,299,1.0,296.21428579092026,0.0,1.0,1.0,300,0.9722222222222222,0.9722222222222222,0.05512163043022156,0.05512163043022156,0.02673601607481638,0.02673601607481638,0.031487904489040375,0.9912948608398438,,,,,,,,
wine,0.3,Baseline-Student,11,299,1.0,296.28571432828903,0.0,1.0,1.0,300,1.0,1.0,0.003908255137503147,0.003908255137503147,0.0038416385650634766,0.0038416385650634766,0.019206291064620018,0.9961583614349365,,,,,,,,
wine,0.4,Baseline-Student,11,299,1.0,296.03571420907974,0.0,1.0,1.0,300,0.9444444444444444,0.9444444444444444,0.048028651624917984,0.048028651624917984,0.03395749794112311,0.03395749794112311,0.05593773350119591,0.9717550277709961,,,,,,,,
wine,0.5,Baseline-Student,11,299,1.0,294.87499998509884,0.0,1.0,1.0,300,0.9444444444444444,0.9444444444444444,0.0777367576956749,0.0777367576956749,0.047034555011325405,0.047034555011325405,0.06487953662872314,0.9769255518913269,,,,,,,,
wine,0.6,Baseline-Student,11,299,1.0,294.42857144773006,0.0,1.0,1.0,300,0.9444444444444444,0.9444444444444444,0.1124143898487091,0.1124143898487091,0.055960728062523724,0.055960728062523724,0.06490916013717651,0.9817864298820496,,,,,,,,
wine,0.7,Baseline-Student,11,299,1.0,291.37499986588955,0.0,1.0,1.0,300,0.9444444444444444,0.9444444444444444,0.1949925571680069,0.1949925571680069,0.05487488706906634,0.05487488706906634,0.0777779221534729,0.9761969447135925,,,,,,,,
wine,0.8,Baseline-Student,11,299,0.8928571343421936,254.91071458160877,0.1071428656578064,1.0,0.8928571343421936,300,0.9166666666666666,0.9166666666666666,0.32659757137298584,0.32659757137298584,0.07662352422873178,0.07662352422873178,0.12930291891098022,0.9629733562469482,,,,,,,,
wine,0.2,Baseline-Student,12,54,0.9642857313156128,68.03571513295174,0.03571426868438721,1.0,0.9642857313156128,75,0.9722222222222222,0.9722222222222222,0.14252620935440063,0.13100479543209076,0.07801177435451084,0.07319423887464735,0.21344126760959625,0.9222917556762695,,,,,,,,
wine,0.3,Baseline-Student,12,58,0.9642857313156128,71.60714390873909,0.03571426868438721,1.0,0.9642857313156128,79,0.9444444444444444,0.9444444444444444,0.1464402973651886,0.13921792805194855,0.05359527303112878,0.0459211700492435,0.20982162654399872,0.9305136203765869,,,,,,,,
wine,0.4,Baseline-Student,12,60,0.9642857313156128,72.75000101327896,0.03571426868438721,1.0,0.9642857313156128,81,0.9444444444444444,0.9444444444444444,0.20365603268146515,0.19713540375232697,0.07839189635382758,0.08773627546098497,0.2226841151714325,0.9302417039871216,,,,,,,,
wine,0.5,Baseline-Student,12,69,0.9642857313156128,80.12500106543303,0.03571426868438721,1.0,0.9642857313156128,90,0.9444444444444444,0.9444444444444444,0.16156791150569916,0.14844569563865662,0.0632277379433314,0.04579713775051965,0.2567483186721802,0.9102475643157959,,,,,,,,
wine,0.6,Baseline-Student,12,79,0.9642857313156128,89.87500124424696,0.03571426868438721,1.0,0.9642857313156128,100,0.9722222222222222,0.9444444444444444,0.18853895366191864,0.18304768204689026,0.10328549808926052,0.09802272998624376,0.2589157819747925,0.9028231501579285,,,,,,,,
wine,0.7,Baseline-Student,12,93,0.9642857313156128,99.91071569174528,0.03571426868438721,1.0,0.9642857313156128,114,0.9166666666666666,0.9444444444444444,0.25813227891921997,0.24162620306015015,0.12423104958401783,0.11259543812937207,0.3248056471347809,0.8704739212989807,,,,,,,,
wine,0.8,Baseline-Student,12,241,0.9642857313156128,237.87500233203173,0.03571426868438721,1.0,0.9642857313156128,262,0.8888888888888888,0.8888888888888888,0.2970937490463257,0.2991255223751068,0.1029259231355455,0.08151459031634858,0.21867316961288452,0.9152928590774536,,,,,,,,
wine,0.2,Baseline-Student,13,40,0.9642857313156128,56.17857222259045,0.03571426868438721,1.0,0.9642857313156128,61,0.9444444444444444,0.9444444444444444,0.09550017863512039,0.08608056604862213,0.05800330804453956,0.0383929709593455,0.11461928486824036,0.9635213017463684,,,,,,,,
wine,0.3,Baseline-Student,13,44,0.9642857313156128,60.10714380443096,0.03571426868438721,1.0,0.9642857313156128,65,0.9444444444444444,0.9444444444444444,0.0966048464179039,0.09487048536539078,0.05923447178469764,0.054660419623057045,0.1093544065952301,0.966343879699707,,,,,,,,
wine,0.4,Baseline-Student,13,52,0.9642857313156128,66.75000093877316,0.03571426868438721,1.0,0.9642857313156128,73,0.9722222222222222,0.9722222222222222,0.09260594099760056,0.08542095869779587,0.03957023719946543,0.03478421436415778,0.10259530693292618,0.969414472579956,,,,,,,,
wine,0.5,Baseline-Student,13,96,0.9642857313156128,108.4285730868578,0.03571426868438721,1.0,0.9642857313156128,117,0.9444444444444444,0.9444444444444444,0.09376627951860428,0.09167219698429108,0.04371228317419687,0.03547882537047068,0.07533170282840729,0.9733154773712158,,,,,,,,
wine,0.6,Baseline-Student,13,81,0.9642857313156128,93.35714419186115,0.03571426868438721,1.0,0.9642857313156128,102,0.9444444444444444,0.9444444444444444,0.139911949634552,0.14895141124725342,0.039137601852416964,0.03638139201535116,0.10316311568021774,0.9699172973632812,,,,,,,,
wine,0.7,Baseline-Student,13,195,0.9642857313156128,202.00000269711018,0.03571426868438721,1.0,0.9642857313156128,215,0.9166666666666666,0.9166666666666666,0.20759829878807068,0.211551696062088,0.07188514702849916,0.0723456177446577,0.06330996751785278,0.9767705202102661,,,,,,,,
wine,0.8,Baseline-Student,13,110,0.9642857313156128,115.25000075995922,0.03571426868438721,1.0,0.9642857313156128,131,0.9444444444444444,0.9444444444444444,0.21070654690265656,0.21872156858444214,0.06510859562291035,0.06538376708825429,0.17864519357681274,0.9433675408363342,,,,,,,,
wine,0.2,Baseline-Student,14,299,1.0,297.51785707473755,0.0,1.0,1.0,300,0.9444444444444444,0.9444444444444444,0.14979520440101624,0.14979520440101624,0.0642021612988578,0.0642021612988578,0.0869693011045456,0.9680815935134888,,,,,,,,
wine,0.3,Baseline-Student,14,299,1.0,297.5535714030266,0.0,1.0,1.0,300,0.9444444444444444,0.9444444444444444,0.15613868832588196,0.15613868832588196,0.0571410490406884,0.0571410490406884,0.08534593135118484,0.9683129191398621,,,,,,,,
wine,0.4,Baseline-Student,14,298,1.0,297.16071432828903,0.0,1.0,1.0,300,0.9444444444444444,0.9444444444444444,0.1784820854663849,0.1786937564611435,0.0659787870115704,0.06598683363861507,0.08215270936489105,0.9709296822547913,,,,,,,,
wine,0.5,Baseline-Student,14,299,1.0,296.125,0.0,1.0,1.0,300,0.9444444444444444,0.9444444444444444,0.16115841269493103,0.16115841269493103,0.03763164248731401,0.03763164248731401,0.09420223534107208,0.9647538661956787,,,,,,,,
wine,0.6,Baseline-Student,14,299,1.0,295.7857142686844,0.0,1.0,1.0,300,0.9444444444444444,0.9444444444444444,0.13884992897510529,0.13884992897510529,0.060591972536510885,0.060591972536510885,0.09923893958330154,0.9631283283233643,,,,,,,,
wine,0.7,Baseline-Student,14,181,1.0,196.2857141494751,0.0,1.0,1.0,202,0.9722222222222222,0.9722222222222222,0.09481444954872131,0.09296838939189911,0.05491073760721419,0.03218780292405023,0.15587064623832703,0.9448578953742981,,,,,,,,
wine,0.8,Baseline-Student,14,299,1.0,291.3928580880165,0.0,1.0,1.0,300,1.0,1.0,0.0711604654788971,0.0711604654788971,0.05980326731999715,0.05980326731999715,0.17687401175498962,0.940196692943573,,,,,,,,
wine,0.2,Baseline-Student,15,131,0.9642857313156128,145.8214297145605,0.03571426868438721,1.0,0.9642857313156128,152,0.9722222222222222,0.9722222222222222,0.03176017105579376,0.034482985734939575,0.022366652886072792,0.02272116144498189,0.04662495478987694,0.9831324815750122,,,,,,,,
wine,0.3,Baseline-Student,15,152,0.9642857313156128,166.98214438557625,0.03571426868438721,1.0,0.9642857313156128,173,0.9722222222222222,0.9722222222222222,0.050321005284786224,0.05385120213031769,0.027303684088918898,0.0273399766948488,0.0402102917432785,0.9890263080596924,,,,,,,,
wine,0.4,Baseline-Student,15,55,1.0,72.33928592503071,0.0,1.0,1.0,76,1.0,1.0,0.04392688721418381,0.028539972379803658,0.03990046348836687,0.025993731286790632,0.14010542631149292,0.960099458694458,,,,,,,,
wine,0.5,Baseline-Student,15,117,0.9285714030265808,120.71428413689137,0.07142859697341919,1.0,0.9285714030265808,138,0.9722222222222222,0.9722222222222222,0.07672101259231567,0.0816146582365036,0.030275576644473605,0.029162108898162842,0.0630696713924408,0.986271321773529,,,,,,,,
wine,0.6,Baseline-Student,15,168,0.8928571343421936,164.16071294248104,0.1071428656578064,1.0,0.8928571343421936,189,0.9722222222222222,0.9722222222222222,0.12403351813554764,0.1292719841003418,0.026322889659139852,0.02735376689169143,0.04935617372393608,0.9881091713905334,,,,,,,,
wine,0.7,Baseline-Student,15,61,0.9285714030265808,68.91071443259716,0.03571426868438721,1.0,0.9642857313156128,82,0.9722222222222222,0.9722222222222222,0.12218185514211655,0.09206226468086243,0.10164268149269953,0.07538798285855186,0.31501734256744385,0.8977710008621216,,,,,,,,
wine,0.8,Baseline-Student,15,299,0.8928571343421936,261.23214043676853,0.1071428656578064,1.0,0.8928571343421936,300,0.9444444444444444,0.9444444444444444,0.16489940881729126,0.16489940881729126,0.05051712691783905,0.05051712691783905,0.08339102566242218,0.9747117161750793,,,,,,,,
wine,0.2,Baseline-Student,16,45,0.9642857313156128,60.67857204377651,0.03571426868438721,1.0,0.9642857313156128,66,1.0,1.0,0.021713189780712128,0.009459649212658405,0.02091228299670749,0.009281694889068604,0.09055541455745697,0.9790877103805542,,,,,,,,
wine,0.3,Baseline-Student,16,69,0.9642857313156128,83.42857234179974,0.03571426868438721,1.0,0.9642857313156128,90,1.0,1.0,0.02045227773487568,0.016104185953736305,0.018591089381111994,0.014575519495540194,0.06840306520462036,0.9814088344573975,,,,,,,,
wine,0.4,Baseline-Student,16,65,0.9642857313156128,79.96428640186787,0.03571426868438721,1.0,0.9642857313156128,86,1.0,1.0,0.020756162703037262,0.017347268760204315,0.019404280516836375,0.016070601012971666,0.0758541002869606,0.9805958271026611,,,,,,,,
wine,0.5,Baseline-Student,16,164,0.9642857313156128,175.35714499652386,0.03571426868438721,1.0,0.9642857313156128,185,1.0,1.0,0.019933871924877167,0.018476687371730804,0.01774863402048747,0.01655303438504537,0.052918169647455215,0.9822514057159424,,,,,,,,
wine,0.6,Baseline-Student,16,130,0.9642857313156128,141.57143054902554,0.03571426868438721,1.0,0.9642857313156128,151,0.9722222222222222,0.9722222222222222,0.04912402108311653,0.042149726301431656,0.03624052471584744,0.03194293048646715,0.0792384073138237,0.9722616672515869,,,,,,,,
wine,0.7,Baseline-Student,16,107,0.9642857313156128,119.00000116229057,0.03571426868438721,1.0,0.9642857313156128,128,0.9722222222222222,0.9722222222222222,0.07052220404148102,0.06381019949913025,0.05365966260433196,0.048542133635944784,0.1336202174425125,0.9499810338020325,,,,,,,,
wine,0.8,Baseline-Student,16,299,0.9642857313156128,277.6785740405321,0.03571426868438721,1.0,0.9642857313156128,300,0.9722222222222222,0.9722222222222222,0.08401136100292206,0.08401136100292206,0.02583674258655972,0.02583674258655972,0.13399285078048706,0.9542171955108643,,,,,,,,
wine,0.2,Baseline-Student,17,89,0.9642857313156128,100.75000157952309,0.03571426868438721,1.0,0.9642857313156128,110,0.8888888888888888,0.8888888888888888,0.3113526999950409,0.3369145691394806,0.08890994720988804,0.09339516361554465,0.09764143824577332,0.9670305252075195,,,,,,,,
wine,0.3,Baseline-Student,17,42,0.9285714030265808,53.76785600185394,0.07142859697341919,1.0,0.9285714030265808,63,0.9166666666666666,0.8888888888888888,0.23839828372001648,0.2774384915828705,0.07537271247969729,0.07986368238925932,0.182850182056427,0.9391761422157288,,,,,,,,
wine,0.4,Baseline-Student,17,62,0.9285714030265808,71.48214149475098,0.07142859697341919,1.0,0.9285714030265808,83,0.9166666666666666,0.9166666666666666,0.24425046145915985,0.2645460069179535,0.08026684820652004,0.08003134528795876,0.13553054630756378,0.9550092220306396,,,,,,,,
wine,0.5,Baseline-Student,17,66,0.9285714030265808,71.55356992781162,0.07142859697341919,1.0,0.9285714030265808,87,0.9166666666666666,0.9166666666666666,0.24330803751945496,0.26242145895957947,0.09125650591320461,0.04832448561986287,0.184083491563797,0.9350001811981201,,,,,,,,
wine,0.6,Baseline-Student,17,60,0.8928571343421936,65.10714219510555,0.07142859697341919,1.0,0.9285714030265808,81,0.8888888888888888,0.8888888888888888,0.24387280642986298,0.2601173520088196,0.12519536581304336,0.09699364337656233,0.21559585630893707,0.9240216016769409,,,,,,,,
wine,0.7,Baseline-Student,17,79,0.9285714030265808,80.53571318089962,0.07142859697341919,1.0,0.9285714030265808,100,0.8888888888888888,0.8888888888888888,0.21554099023342133,0.23848411440849304,0.08351095683044857,0.07782451974021064,0.22617608308792114,0.9211903810501099,,,,,,,,
wine,0.8,Baseline-Student,17,80,0.8928571343421936,76.57142874598503,0.1071428656578064,1.0,0.8928571343421936,101,0.8888888888888888,0.8888888888888888,0.35949212312698364,0.36616250872612,0.14212199134959116,0.1199655483166377,0.3975008428096771,0.8602828979492188,,,,,,,,
wine,0.2,Baseline-Student,18,297,0.9642857313156128,285.51786121726036,0.03571426868438721,1.0,0.9642857313156128,300,0.9722222222222222,0.9722222222222222,0.04931367188692093,0.049392927438020706,0.03229210442966885,0.03231545454925961,0.04431289806962013,0.9774852395057678,,,,,,,,
wine,0.3,Baseline-Student,18,100,0.9642857313156128,112.80357274413109,0.03571426868438721,1.0,0.9642857313156128,121,0.9722222222222222,0.9722222222222222,0.04921383783221245,0.0472501702606678,0.03371749156051212,0.03229116565651363,0.06151711195707321,0.9749175310134888,,,,,,,,
wine,0.4,Baseline-Student,18,78,0.9285714030265808,88.85714066028595,0.07142859697341919,1.0,0.9285714030265808,99,0.9444444444444444,0.9444444444444444,0.10178646445274353,0.09860780835151672,0.04631212188137902,0.04442874259418911,0.07502954453229904,0.9768248796463013,,,,,,,,
wine,0.5,Baseline-Student,18,80,0.9285714030265808,88.71428388357162,0.07142859697341919,1.0,0.9285714030265808,101,0.9444444444444444,0.9444444444444444,0.133169487118721,0.1387452334165573,0.054159846570756696,0.05048549506399366,0.1043890193104744,0.9677848815917969,,,,,,,,
wine,0.6,Baseline-Student,18,59,0.9285714030265808,69.49999862909317,0.07142859697341919,1.0,0.9285714030265808,80,0.9722222222222222,0.9722222222222222,0.12270382791757584,0.12241724133491516,0.06770903699927859,0.04071054028140173,0.17243589460849762,0.9417092204093933,,,,,,,,
wine,0.7,Baseline-Student,18,104,0.9285714030265808,109.89285480976105,0.07142859697341919,1.0,0.9285714030265808,125,0.9722222222222222,0.9722222222222222,0.09503567218780518,0.09473800659179688,0.0522882855600781,0.047344249155786305,0.13428977131843567,0.9536661505699158,,,,,,,,
wine,0.8,Baseline-Student,18,143,0.9285714030265808,145.92856800556183,0.07142859697341919,1.0,0.9285714030265808,164,0.9722222222222222,0.9722222222222222,0.10925618559122086,0.10692673921585083,0.058480564090940684,0.037213224503729075,0.13562320172786713,0.9532094597816467,,,,,,,,
wine,0.2,Baseline-Student,19,163,1.0,178.82142840325832,0.0,1.0,1.0,184,0.9722222222222222,0.9722222222222222,0.050066251307725906,0.0520031563937664,0.026163645916514926,0.026146310898992747,0.0313807874917984,0.9910711646080017,,,,,,,,
wine,0.3,Baseline-Student,19,142,1.0,137.89285711944103,0.0,1.0,1.0,143,0.9722222222222222,0.9722222222222222,0.0331045538187027,0.03308956325054169,0.025039146343866982,0.024723286430040996,0.0491749569773674,0.9770895838737488,,,,,,,,
wine,0.4,Baseline-Student,19,72,1.0,86.64285776019096,0.03571426868438721,1.0,0.9642857313156128,93,0.9722222222222222,0.9722222222222222,0.05454302579164505,0.04930762201547623,0.03859654565652211,0.03449878758854336,0.07614030689001083,0.9688965678215027,,,,,,,,
wine,0.5,Baseline-Student,19,254,0.9642857313156128,262.03571735322475,0.03571426868438721,1.0,0.9642857313156128,275,0.9722222222222222,0.9722222222222222,0.04832995682954788,0.048475123941898346,0.03240403367413414,0.03228988746802012,0.05069015547633171,0.9781859517097473,,,,,,,,
wine,0.6,Baseline-Student,19,111,0.9642857313156128,122.00000165402889,0.03571426868438721,1.0,0.9642857313156128,132,0.9722222222222222,0.9722222222222222,0.060191623866558075,0.05942126736044884,0.04205441143777635,0.04069058431519402,0.08047790825366974,0.9683138728141785,,,,,,,,
wine,0.7,Baseline-Student,19,151,0.9642857313156128,158.07143087685108,0.03571426868438721,1.0,0.9642857313156128,172,0.9444444444444444,0.9444444444444444,0.05780801549553871,0.05744611471891403,0.03866464230749342,0.0378054314189487,0.06575338542461395,0.973236620426178,,,,,,,,
wine,0.8,Baseline-Student,19,129,0.8571428656578064,125.83928516507149,0.1428571343421936,1.0,0.8571428656578064,149,0.9444444444444444,0.9444444444444444,0.12605524063110352,0.12822896242141724,0.07036005622810787,0.06802147626876831,0.12065935134887695,0.9643945693969727,,,,,,,,
wine,0.2,Distill-S,0,55,0.9642857313156128,70.89285741746426,0.013975138249604613,0.9782608695652174,0.9642857313156128,76,1.0,1.0,0.029574641957879066,0.025761829689145088,0.028020072314474315,0.024323580993546378,0.11432349681854248,0.9719798564910889,1.0,0.029228453229267586,0.9707715467707323,0.10833859279464202,0.16357176275826218,0.9363610381249173,,0.9347826086956522
wine,0.3,Distill-S,0,59,0.9642857313156128,74.8214291781187,0.02321426868438725,0.9875,0.9642857313156128,80,1.0,1.0,0.02452743984758854,0.01938428357243538,0.02344881660408444,0.018570479419496324,0.09777453541755676,0.9765512943267822,1.0,0.02487557058650736,0.9751244294134926,0.08192388282919848,0.13616302713481984,0.9488231551102089,,0.925
wine,0.4,Distill-S,0,94,1.0,111.23214255273342,0.0,1.0,1.0,115,1.0,1.0,0.014376946724951267,0.013148779980838299,0.013846463627285428,0.012693847219149273,0.06129135563969612,0.9861536026000977,0.9722222222222222,0.02179673755193621,0.9782196061673418,0.059422626853044634,0.08144801603135594,0.9772146506755653,,0.9565217391304348
wine,0.5,Distill-S,0,117,1.0,133.0178566724062,0.0,1.0,1.0,138,1.0,1.0,0.017479274421930313,0.014830359257757664,0.016292502482732136,0.014006445805231728,0.0632181465625763,0.9837075471878052,0.9722222222222222,0.025181884872156505,0.9781852095593708,0.062208651136541185,0.08260883114236588,0.9726440849894786,,0.9473684210526315
wine,0.6,Distill-S,0,142,0.9642857313156128,152.89285899698734,0.03571426868438721,1.0,0.9642857313156128,163,1.0,1.0,0.018924616277217865,0.01613784395158291,0.017546935213936698,0.015180177158779567,0.06562379002571106,0.9824531078338623,0.9722222222222222,0.023876332127360338,0.9800258631685388,0.05646319010165188,0.08340609861440977,0.9746983715266903,,0.9565217391304348
wine,0.7,Distill-S,0,155,0.9642857313156128,164.4642877727747,0.03571426868438721,1.0,0.9642857313156128,176,1.0,1.0,0.03331403061747551,0.029930949211120605,0.029224582844310336,0.026587893565495808,0.09301256388425827,0.9707754850387573,1.0,0.020611298815857153,0.9793887011841428,0.053036911046228055,0.07109009600681708,0.9806158376099635,,0.9714285714285714
wine,0.8,Distill-S,0,135,0.9285714030265808,134.62499786913395,0.07142859697341919,1.0,0.9285714030265808,156,1.0,1.0,0.03842778503894806,0.033558860421180725,0.033908286028438143,0.029760907093683876,0.11201783269643784,0.9660916924476624,1.0,0.021311338803136966,0.978688661196863,0.055062884222681144,0.07004625659845302,0.9782500059723055,,0.9565217391304348
wine,0.2,Distill-S,1,299,0.9642857313156128,282.6071470230818,0.03571426868438721,1.0,0.9642857313156128,300,1.0,1.0,0.06793828308582306,0.06793828308582306,0.05694881578286488,0.05694881578286488,0.15050622820854187,0.9430513381958008,0.9444444444444444,0.04537353399499883,0.9220802859494531,0.20183881764119765,0.10778952146679828,0.9641161551650622,,0.9891304347826086
wine,0.3,Distill-S,1,31,0.8928571343421936,42.24999971687794,0.09464286565780644,0.9875,0.8928571343421936,52,0.9722222222222222,0.9722222222222222,0.14064921438694,0.10031335800886154,0.0962456961472829,0.061485335230827325,0.3310055434703827,0.8848599195480347,1.0,0.08752930120061915,0.912470698799381,0.22063306018404608,0.1126935492960719,0.9616192816220608,,0.9875
wine,0.4,Distill-S,1,33,0.9642857313156128,44.89285697042942,0.021221515061198848,0.9855072463768116,0.9642857313156128,54,0.9722222222222222,0.9722222222222222,0.17149347066879272,0.11892259120941162,0.11829366203811431,0.09622069696585336,0.38664373755455017,0.8618911504745483,1.0,0.07843691174827354,0.9215630882517265,0.19706032143005114,0.10896198075995082,0.9645025943878477,,0.9855072463768116
wine,0.5,Distill-S,1,43,0.8928571343421936,51.642856523394585,0.1071428656578064,1.0,0.8928571343421936,64,0.9722222222222222,0.9722222222222222,0.16517673432826996,0.11906642466783524,0.13338043044010797,0.0924896564748552,0.35816970467567444,0.8738213181495667,0.9166666666666666,0.09090012179436371,0.9134007777050692,0.20175959128278115,0.08172573850889835,0.9766317177246494,,1.0
wine,0.6,Distill-S,1,46,0.9642857313156128,56.94642861187458,0.07142859697341919,1.0,0.9285714030265808,67,0.9722222222222222,0.9722222222222222,0.1665419191122055,0.12623345851898193,0.10733513865205976,0.06903474777936935,0.3589378893375397,0.8661876320838928,0.9444444444444444,0.06983051877495546,0.917037106377999,0.19610797880180406,0.0814946860687509,0.9791177026692839,,1.0
wine,0.7,Distill-S,1,56,0.9642857313156128,61.142856642603874,0.1071428656578064,1.0,0.8928571343421936,77,0.9444444444444444,0.9444444444444444,0.21959680318832397,0.1886429786682129,0.11292888224124907,0.09177868730492061,0.41079553961753845,0.8497617244720459,0.9166666666666666,0.08135444860274649,0.9368643820681596,0.16247402315175985,0.0724020617354632,0.9806503025064671,,1.0
wine,0.8,Distill-S,1,84,0.9285714030265808,81.33928413689137,0.07142859697341919,1.0,0.9285714030265808,105,0.8888888888888888,0.9166666666666666,0.26291483640670776,0.23364689946174622,0.12723059952259064,0.12239497900009154,0.431178480386734,0.8272647261619568,0.9722222222222222,0.07695290526588244,0.9266452482118592,0.16863019139235044,0.051404577184384584,0.9875877011373749,,1.0
wine,0.2,Distill-S,2,77,1.0,95.67857158184052,0.0,1.0,1.0,98,0.9722222222222222,0.9722222222222222,0.061488159000873566,0.05628816410899162,0.024588497148619756,0.04487198591232299,0.13480126857757568,0.9548642039299011,1.0,0.03144435044555459,0.9685556495544453,0.11633365570537207,0.181091758290657,0.9290928326000392,,0.967391304347826
wine,0.3,Distill-S,2,104,0.9642857313156128,120.3750011920929,0.02321426868438725,0.9875,0.9642857313156128,125,0.9722222222222222,0.9722222222222222,0.07073786109685898,0.06725986301898956,0.05232690109146965,0.049710927738083735,0.1320570707321167,0.956432580947876,0.9722222222222222,0.01926402623607397,0.9671504310399516,0.10693434859592808,0.13783709925489,0.952003134014648,,0.925
wine,0.4,Distill-S,2,156,1.0,174.12500020861626,0.0,1.0,1.0,177,0.9722222222222222,0.9722222222222222,0.05582930147647858,0.053543999791145325,0.02216380172305637,0.03935835427708096,0.08943107724189758,0.9701297283172607,0.9722222222222222,0.03160984021609782,0.9748697161294518,0.07952731741452772,0.10340006578737351,0.964089978331116,,0.9565217391304348
wine,0.5,Distill-S,2,205,1.0,222.76785710453987,0.0,1.0,1.0,226,0.9722222222222222,0.9722222222222222,0.07025784999132156,0.0688791424036026,0.03416375484731462,0.0444658531083001,0.09223978221416473,0.9717271327972412,0.9722222222222222,0.0297797700098084,0.9715246035765451,0.08219790020901989,0.1015339350309637,0.9654012443040635,,0.9824561403508771
wine,0.6,Distill-S,2,299,1.0,296.6964285671711,0.0,1.0,1.0,300,0.9722222222222222,0.9722222222222222,0.06437204033136368,0.06437204033136368,0.030957351128260292,0.030957351128260292,0.09728124737739563,0.9686378836631775,1.0,0.024804826279027054,0.975195173720973,0.07381734899495467,0.09840144592542721,0.9671619337677668,,0.9782608695652174
wine,0.7,Distill-S,2,299,1.0,295.6607140302658,0.0,1.0,1.0,300,0.9722222222222222,0.9722222222222222,0.05761801451444626,0.05761801451444626,0.04488462871975368,0.04488462871975368,0.11193350702524185,0.9619572162628174,1.0,0.025318249871279237,0.9746817501287206,0.07198438937258446,0.11318795100794514,0.957748300458505,,0.9714285714285714
wine,0.8,Distill-S,2,299,1.0,293.7678569108248,0.0,1.0,1.0,300,0.9722222222222222,0.9722222222222222,0.0775056928396225,0.0775056928396225,0.02880327900250753,0.02880327900250753,0.12295263260602951,0.9621368050575256,1.0,0.018680309021932195,0.981319690978068,0.06452586579947674,0.12262442407253482,0.9526719230657956,,0.9565217391304348
wine,0.2,Distill-S,3,299,1.0,296.14285734295845,-0.010869565217391353,0.9891304347826086,1.0,300,1.0,1.0,0.04558097571134567,0.04558097571134567,0.040508121252059937,0.040508121252059937,0.12578298151493073,0.9594918489456177,0.9166666666666666,0.08012035944611612,0.940869454946209,0.1783290088959895,0.2004800320751716,0.9324865847887863,,0.9347826086956522
wine,0.3,Distill-S,3,299,1.0,296.03571447730064,0.0,1.0,1.0,300,0.9722222222222222,0.9722222222222222,0.06113707274198532,0.06113707274198532,0.028826811247401767,0.028826811247401767,0.1199381873011589,0.958782434463501,0.9166666666666666,0.06769902009139604,0.9413022508734225,0.16984524391851738,0.18641298584504715,0.9383507475443515,,0.925
wine,0.4,Distill-S,3,292,1.0,295.4285715520382,0.0,1.0,1.0,300,1.0,1.0,0.02249622717499733,0.02278120256960392,0.02127875222100152,0.021537161535686918,0.08249533176422119,0.9787213802337646,0.9722222222222222,0.0562530184614779,0.9565131297133589,0.1293883759978701,0.15651336459153475,0.9438253103518187,,0.9565217391304348
wine,0.5,Distill-S,3,299,1.0,294.8214288055897,0.0,1.0,1.0,300,1.0,1.0,0.025677548721432686,0.025677548721432686,0.02314980493651496,0.02314980493651496,0.08017607033252716,0.9768500924110413,0.9722222222222222,0.01878539660558356,0.9534368256166387,0.11598179778995796,0.16742360399356723,0.9377365004653686,,0.9473684210526315
wine,0.6,Distill-S,3,299,1.0,293.6785716712475,0.0,1.0,1.0,300,1.0,1.0,0.02394564263522625,0.02394564263522625,0.021109509799215526,0.021109509799215526,0.0697159469127655,0.9788905382156372,0.9444444444444444,0.026958696661858007,0.952235909001668,0.10849434417396266,0.17710318370245254,0.9314243107342999,,0.8913043478260869
wine,0.7,Distill-S,3,299,1.0,288.00000044703484,0.0,1.0,1.0,300,1.0,1.0,0.010041428729891777,0.010041428729891777,0.009885787963867188,0.009885787963867188,0.05042015388607979,0.9901142120361328,1.0,0.02456760047959575,0.9754323995204044,0.08357111151181082,0.15771898381757096,0.9427951874792643,,0.9428571428571428
wine,0.8,Distill-S,3,299,1.0,286.42857190966606,0.0,1.0,1.0,300,1.0,1.0,0.03056384064257145,0.03056384064257145,0.028733869393666584,0.028733869393666584,0.1129460334777832,0.9712660908699036,1.0,0.012771301759829254,0.9872286982401709,0.056423218548914154,0.15129356096692498,0.9481077461614192,,0.9565217391304348
wine,0.2,Distill-S,4,134,0.9285714030265808,139.28571172058582,0.07142859697341919,1.0,0.9285714030265808,155,0.9722222222222222,0.9722222222222222,0.03994252532720566,0.040357038378715515,0.032414030697610646,0.03251054220729404,0.08668699115514755,0.9681622385978699,1.0,0.03984275409026276,0.9601572459097374,0.12000469356489041,0.15678661183321851,0.9483671059602214,,0.9782608695652174
wine,0.3,Distill-S,4,36,0.9285714030265808,50.83928447961807,0.07142859697341919,1.0,0.9285714030265808,57,0.9722222222222222,0.9722222222222222,0.08225830644369125,0.05913029611110687,0.058083133565055,0.025781058602862887,0.14980311691761017,0.957561731338501,1.0,0.024609608581373798,0.9753903914186259,0.08679919232069674,0.12806729578428205,0.9538460871784867,,0.975
wine,0.4,Distill-S,4,57,0.9285714030265808,70.24999834597111,0.07142859697341919,1.0,0.9285714030265808,78,1.0,1.0,0.03917912021279335,0.03126866742968559,0.03410377436214023,0.026566560069719948,0.10840050876140594,0.9658963084220886,1.0,0.018623592418429875,0.9813764075815702,0.07437615111240571,0.13229197511368745,0.9540706010841787,,0.9420289855072463
wine,0.5,Distill-S,4,54,0.9285714030265808,67.55356977880001,0.07142859697341919,1.0,0.9285714030265808,75,0.9722222222222222,0.9722222222222222,0.12746721506118774,0.13258838653564453,0.0346531867980957,0.02665665580166708,0.13365261256694794,0.9659189581871033,1.0,0.02083980411201783,0.9791601958879822,0.07028057267800894,0.12345324097119983,0.9543134794654411,,0.9649122807017544
wine,0.6,Distill-S,4,73,0.8928571343421936,82.2857134193182,0.1071428656578064,1.0,0.8928571343421936,94,0.9722222222222222,0.9722222222222222,0.12920594215393066,0.13139015436172485,0.029615221752060782,0.028559633427196054,0.10575748234987259,0.9734484553337097,1.0,0.020659017035469115,0.9793409829645309,0.06308229424670712,0.12548841085237356,0.9550664941539712,,0.9782608695652174
wine,0.7,Distill-S,4,77,0.9285714030265808,87.67856986820698,0.1071428656578064,1.0,0.8928571343421936,98,0.9722222222222222,0.9722222222222222,0.13461673259735107,0.13454976677894592,0.03534346156650116,0.034195497632026645,0.17129583656787872,0.9541594982147217,1.0,0.022693429496192324,0.9773065705038078,0.06542264871872919,0.13366472526132694,0.955920385773396,,0.9714285714285714
wine,0.8,Distill-S,4,96,0.8928571343421936,99.42857100069523,0.1071428656578064,1.0,0.8928571343421936,117,0.9722222222222222,0.9722222222222222,0.15914762020111084,0.14085300266742706,0.08092216981781852,0.06851496795813243,0.23531566560268402,0.9212917685508728,1.0,0.014139569411158966,0.9858604305888412,0.05224727812479773,0.09984696421064702,0.9663750931781879,,1.0
wine,0.2,Distill-S,5,49,0.9642857313156128,65.07142961025238,0.024844703466995854,0.9891304347826086,0.9642857313156128,70,0.9722222222222222,0.9722222222222222,0.10324126482009888,0.09937954694032669,0.08683799207210541,0.08276484906673431,0.2369128316640854,0.9186267852783203,0.8888888888888888,0.08879759161425078,0.9312037084883121,0.2084574185266333,0.2135331458162823,0.9231286917683817,,0.9782608695652174
wine,0.3,Distill-S,5,64,0.9642857313156128,80.48214390873909,0.03571426868438721,1.0,0.9642857313156128,85,0.9444444444444444,0.9444444444444444,0.13201087713241577,0.11933769285678864,0.06462406449847752,0.04816780570480559,0.20287132263183594,0.926986575126648,0.9444444444444444,0.08771011375129985,0.9124727771356534,0.21474045482140527,0.1429680809244705,0.9546820499402957,,0.9625
wine,0.4,Distill-S,5,74,1.0,91.46428620815277,0.03571426868438721,1.0,0.9642857313156128,95,0.9444444444444444,0.9444444444444444,0.10394008457660675,0.09886730462312698,0.03327261242601606,0.032919903596242264,0.16477809846401215,0.9423535466194153,0.9166666666666666,0.057966942473829365,0.9237041051412908,0.19204646541927553,0.11251591795616096,0.9618916963040322,,0.9710144927536232
wine,0.5,Distill-S,5,299,1.0,296.1071431040764,0.0,1.0,1.0,300,0.9444444444444444,0.9444444444444444,0.11611434817314148,0.11611434817314148,0.060023925370640226,0.060023925370640226,0.11632287502288818,0.9601102471351624,0.9444444444444444,0.05042896447509232,0.9383269483116494,0.15373268313623753,0.07303223573434575,0.9767352122002935,,1.0
wine,0.6,Distill-S,5,299,1.0,296.55357164144516,0.0,1.0,1.0,300,0.9444444444444444,0.9444444444444444,0.11577721685171127,0.11577721685171127,0.03290955722332001,0.03290955722332001,0.11622965335845947,0.9624903202056885,0.9722222222222222,0.05791677137979929,0.9436891584389847,0.13452922160032624,0.055117248894110765,0.9890093257699341,,1.0
wine,0.7,Distill-S,5,295,1.0,296.3928573727608,0.0,1.0,1.0,300,0.9444444444444444,0.9444444444444444,0.08267664164304733,0.08257345855236053,0.05670624805821313,0.05655741194883983,0.11490918695926666,0.9587014317512512,0.9444444444444444,0.05504916157601308,0.9496313830988815,0.12430799830935634,0.048146061544646526,0.990561468920798,,1.0
wine,0.8,Distill-S,5,299,1.0,294.66071467101574,0.0,1.0,1.0,300,0.9444444444444444,0.9444444444444444,0.16662812232971191,0.16662812232971191,0.0859885530339347,0.0859885530339347,0.16287168860435486,0.9413694739341736,0.9444444444444444,0.05558409880342447,0.9536948155100607,0.11741276349695481,0.034278562386162795,0.9938828023495136,,1.0
wine,0.2,Distill-S,6,43,0.9642857313156128,57.089286267757416,0.06055903175602784,0.9891304347826086,0.9285714030265808,64,0.9722222222222222,0.9722222222222222,0.12275339663028717,0.10422172397375107,0.10134951604737176,0.05856695274511973,0.29152366518974304,0.8982585072517395,0.8888888888888888,0.07290221717212444,0.9295866717384228,0.18752292864748082,0.2306747030150538,0.9132431946676679,,0.9130434782608695
wine,0.3,Distill-S,6,59,0.9642857313156128,72.10714402794838,0.03571426868438721,1.0,0.9642857313156128,80,1.0,0.9722222222222222,0.08741205185651779,0.08500758558511734,0.07261365486515893,0.0638952147629526,0.20717862248420715,0.9273862838745117,0.9166666666666666,0.0650561579720659,0.9314068858002648,0.17605412665407086,0.1881183681807752,0.925362551544886,,0.9375
wine,0.4,Distill-S,6,98,0.9642857313156128,108.53571602702141,0.03571426868438721,1.0,0.9642857313156128,119,1.0,1.0,0.08025223016738892,0.07440835237503052,0.06447756207651562,0.05943439569738176,0.16714178025722504,0.9355223774909973,0.9444444444444444,0.05598367232223781,0.953092986631763,0.12778498495844462,0.12031492044873321,0.9598799933925759,,0.9855072463768116
wine,0.5,Distill-S,6,203,0.9642857313156128,207.96428883075714,0.03571426868438721,1.0,0.9642857313156128,224,0.9722222222222222,0.9722222222222222,0.07365858554840088,0.07302960753440857,0.04816645963324441,0.04750166585048039,0.13992030918598175,0.94779372215271,0.9722222222222222,0.04313514993333909,0.957884409763643,0.10975446292654185,0.11501698233110445,0.9570170288029408,,0.9824561403508771
wine,0.6,Distill-S,6,187,0.9642857313156128,190.42857384681702,0.03571426868438721,1.0,0.9642857313156128,208,1.0,1.0,0.06519358605146408,0.06416165083646774,0.05492548644542694,0.05396268599563175,0.15605492889881134,0.9450744986534119,1.0,0.04118700657505773,0.9588129934249421,0.10803766090983717,0.09815387410567147,0.9712639173218451,,1.0
wine,0.7,Distill-S,6,71,0.9642857313156128,73.25000005960464,0.03571426868438721,1.0,0.9642857313156128,92,1.0,1.0,0.15425558388233185,0.11920598894357681,0.1295604258775711,0.1006649765703413,0.3732861876487732,0.8704395294189453,1.0,0.04175438938535678,0.9582456106146431,0.10470036789472309,0.08244262135641701,0.9785003100009744,,1.0
wine,0.8,Distill-S,6,91,0.9285714030265808,88.55357000231743,0.07142859697341919,1.0,0.9285714030265808,112,0.9444444444444444,0.9444444444444444,0.18316859006881714,0.15437576174736023,0.12664197468095356,0.09305203540457618,0.34374508261680603,0.8879396319389343,1.0,0.0329764084231486,0.9670235915768514,0.09747797807289815,0.052008722962861305,0.9883391049746382,,1.0
wine,0.2,Distill-S,7,50,0.9642857313156128,66.58928664028645,0.00310557303221326,0.967391304347826,0.9642857313156128,71,0.9444444444444444,0.9444444444444444,0.19196175038814545,0.206208735704422,0.08863088571363029,0.09642297857337526,0.20432910323143005,0.9272682666778564,0.8611111111111112,0.10230187235777352,0.9109268606709237,0.22566631971889942,0.1743911864979261,0.9417355467651984,,0.9347826086956522
wine,0.3,Distill-S,7,56,0.9642857313156128,72.48214407265186,0.02321426868438725,0.9875,0.9642857313156128,77,0.9444444444444444,0.9444444444444444,0.15219919383525848,0.16934482753276825,0.0688253351383739,0.07197061843342248,0.18053299188613892,0.939263641834259,0.9444444444444444,0.09281383324288296,0.9208976334152678,0.19567857214021067,0.15904151339949132,0.9425239452098143,,0.925
wine,0.4,Distill-S,7,92,0.9642857313156128,107.39285886287689,0.021221515061198848,0.9855072463768116,0.9642857313156128,113,0.9722222222222222,0.9722222222222222,0.1398819386959076,0.14084310829639435,0.04951680203278859,0.06789805326196882,0.15142303705215454,0.9458662867546082,0.9444444444444444,0.06348115990422173,0.9490296568520135,0.15162947246059563,0.10523433563179305,0.9650809828811376,,0.9565217391304348
wine,0.5,Distill-S,7,93,0.9642857313156128,107.23214443773031,0.018170409035264345,0.9824561403508771,0.9642857313156128,114,0.9444444444444444,0.9444444444444444,0.1575632095336914,0.15922275185585022,0.05857893659008874,0.07653372486432392,0.17747990787029266,0.9350156784057617,0.9444444444444444,0.09482380830136444,0.9369004404506561,0.15856077285756165,0.12080236916373767,0.9615630563855991,,0.9649122807017544
wine,0.6,Distill-S,7,185,1.0,202.05357137322426,0.0,1.0,1.0,206,0.9444444444444444,0.9444444444444444,0.15041063725948334,0.15344753861427307,0.06260165737734899,0.06305334965387978,0.1224621832370758,0.9581905007362366,0.9444444444444444,0.052701895733826554,0.9486431217375932,0.13840898560826265,0.08199440136187602,0.9738942702907657,,0.9565217391304348
wine,0.7,Distill-S,7,173,1.0,189.57142882049084,0.0,1.0,1.0,194,0.9444444444444444,0.9444444444444444,0.14212846755981445,0.1422068029642105,0.06176362600591447,0.06256032486756642,0.13728958368301392,0.9577789306640625,0.9444444444444444,0.03855755845414658,0.956774271957169,0.12880641327810277,0.07579748229136642,0.9743022871380826,,0.9428571428571428
wine,0.8,Distill-S,7,299,0.9642857313156128,285.57143335044384,0.03571426868438721,1.0,0.9642857313156128,300,0.9444444444444444,0.9444444444444444,0.09355878084897995,0.09355878084897995,0.046476029687457614,0.046476029687457614,0.1567177176475525,0.9457774758338928,0.9166666666666666,0.073007784519179,0.9500738697280006,0.13373598484153165,0.11056645508501642,0.9515607368739245,,0.9565217391304348
wine,0.2,Distill-S,8,127,1.0,143.14285716414452,0.0,1.0,1.0,148,0.9444444444444444,0.9444444444444444,0.09034380316734314,0.09134840220212936,0.06826936039659712,0.06890985700819227,0.143032968044281,0.9384934902191162,0.9444444444444444,0.04519881390196289,0.9172199831687669,0.19462116580721842,0.12526777402390768,0.9541764008193894,,0.9565217391304348
wine,0.3,Distill-S,8,84,1.0,100.28571423888206,-0.012499999999999956,0.9875,1.0,105,0.9444444444444444,0.9444444444444444,0.10226216912269592,0.10644497722387314,0.050466716289520264,0.02993846105204688,0.15292693674564362,0.9387881755828857,0.9166666666666666,0.10661163029315301,0.920560111417211,0.19112545744655124,0.1274354775954458,0.9556173253772208,,0.95
wine,0.4,Distill-S,8,133,1.0,148.75000023841858,0.0,1.0,1.0,154,0.9444444444444444,0.9444444444444444,0.08435361832380295,0.08461794257164001,0.06323634584744771,0.06320875717533958,0.13108493387699127,0.947310209274292,0.9444444444444444,0.08378196661075979,0.9421860328745182,0.14029402384454465,0.12129290761360167,0.9554195305022385,,0.9710144927536232
wine,0.5,Distill-S,8,158,1.0,171.92857159674168,0.0,1.0,1.0,179,0.9722222222222222,0.9722222222222222,0.06784892082214355,0.0682554543018341,0.03094575305779775,0.03155676358275943,0.11892583966255188,0.9544747471809387,0.9722222222222222,0.04532457000371253,0.9484488295819798,0.1394483928303192,0.13484093293251803,0.9528123944796117,,0.9649122807017544
wine,0.6,Distill-S,8,178,0.9642857313156128,188.00000137090683,0.03571426868438721,1.0,0.9642857313156128,199,0.9722222222222222,0.9722222222222222,0.05982404202222824,0.05949893966317177,0.04512271947330898,0.0450678053829405,0.1009925901889801,0.961590051651001,0.9722222222222222,0.05050801756555824,0.9570805822101123,0.12291191181526671,0.14782033921563875,0.9446527809640984,,0.9565217391304348
wine,0.7,Distill-S,8,214,0.9642857313156128,220.5000010728836,0.03571426868438721,1.0,0.9642857313156128,235,0.9444444444444444,0.9444444444444444,0.07451161742210388,0.07522229105234146,0.05341706507735782,0.05357332693205939,0.11061045527458191,0.9567766189575195,0.9722222222222222,0.038130927618143934,0.9475699522262501,0.13742090370915558,0.19362345694728525,0.9251454483802344,,0.9428571428571428
wine,0.8,Distill-S,8,265,0.9285714030265808,249.3571376428008,0.07142859697341919,1.0,0.9285714030265808,286,0.9166666666666666,0.9166666666666666,0.1043529137969017,0.10469182580709457,0.06507868071397145,0.06494406527943081,0.1072983667254448,0.9617258906364441,0.9444444444444444,0.06825984113591402,0.9459903714732795,0.1292557100153111,0.22159337022433925,0.9236096103657911,,0.9130434782608695
wine,0.2,Distill-S,9,282,1.0,291.50000067055225,0.0,1.0,1.0,300,1.0,1.0,0.010988022200763226,0.011162154376506805,0.010687636004553901,0.010843679308891296,0.052061814814805984,0.9893122911453247,1.0,0.02979245912335857,0.9702075408766415,0.0945186189655199,0.1454742662278644,0.9529789563623616,,0.967391304347826
wine,0.3,Distill-S,9,297,1.0,287.92857356369495,0.0,1.0,1.0,300,1.0,1.0,0.010056995786726475,0.010088954120874405,0.009720722834269205,0.00974765916665395,0.0459098182618618,0.9902793169021606,1.0,0.024376499715707087,0.9756235002842928,0.0747033095044265,0.11667534198513904,0.9661236431414327,,0.9625
wine,0.4,Distill-S,9,296,1.0,291.5000005811453,0.0,1.0,1.0,300,1.0,1.0,0.00839224923402071,0.008275357075035572,0.008255720138549805,0.008142173290252686,0.042620282620191574,0.9917442798614502,1.0,0.020387441197218983,0.9796125588027808,0.07116231018355781,0.08289539711044158,0.9806494400966991,,0.9855072463768116
wine,0.5,Distill-S,9,299,0.9642857313156128,285.66071708500385,0.03571426868438721,1.0,0.9642857313156128,300,1.0,1.0,0.01518198847770691,0.01518198847770691,0.014474597242143419,0.014474597242143419,0.06259237229824066,0.9855254292488098,1.0,0.01839137999610837,0.9816086200038918,0.07045637264195974,0.08649013858874471,0.9777058862187664,,0.9824561403508771
wine,0.6,Distill-S,9,77,0.9285714030265808,85.60714139044285,0.049689466538636595,0.9782608695652174,0.9285714030265808,98,1.0,1.0,0.05031023919582367,0.044238414615392685,0.044398364093568586,0.038847019275029496,0.14207689464092255,0.9556015729904175,1.0,0.015025108214274198,0.9849748917857257,0.06037817768207305,0.08402886993654707,0.9791571623136912,,1.0
wine,0.7,Distill-S,9,57,0.8928571343421936,65.33928532898426,0.07857143708637782,0.9714285714285714,0.8928571343421936,78,1.0,0.9722222222222222,0.11241769790649414,0.08282005786895752,0.09810862690210342,0.07011357943216959,0.30037713050842285,0.9018914103507996,1.0,0.011032652065186239,0.9889673479348138,0.04885593245717191,0.08879151242264631,0.9741879621750097,,0.9714285714285714
wine,0.8,Distill-S,9,79,0.8571428656578064,75.87500037252903,0.06366460478824121,0.9565217391304348,0.8928571343421936,100,0.9444444444444444,0.9444444444444444,0.15050478279590607,0.12677405774593353,0.122937540213267,0.0770536164442698,0.3402634859085083,0.8795216083526611,1.0,0.01032805976333365,0.9896719402366663,0.045434741162235816,0.10571850147787733,0.9686960418930239,,0.9565217391304348
wine,0.2,Distill-S,10,76,0.9285714030265808,84.78571250289679,0.06055903175602784,0.9891304347826086,0.9285714030265808,97,0.9722222222222222,0.9722222222222222,0.05701609328389168,0.053356949239969254,0.04669109649128384,0.04402269423007965,0.13343125581741333,0.9552756547927856,0.9444444444444444,0.05782658119837805,0.9521676569762687,0.13304670040130134,0.1514627066283434,0.9491714529795449,,0.967391304347826
wine,0.3,Distill-S,10,41,0.9285714030265808,52.8928561732173,0.07142859697341919,1.0,0.9285714030265808,62,0.9722222222222222,0.9722222222222222,0.07678244262933731,0.06224709004163742,0.0414896160364151,0.04654854204919603,0.17082935571670532,0.9509469270706177,0.9444444444444444,0.0431664094622984,0.9612877425226061,0.09783472676640742,0.10036890685912139,0.9707544088313333,,0.975
wine,0.4,Distill-S,10,244,0.9642857313156128,242.4821381494403,0.03571426868438721,1.0,0.9642857313156128,265,0.9722222222222222,0.9722222222222222,0.04156581312417984,0.04226146638393402,0.031143612331814237,0.03125556475586361,0.07672540843486786,0.9754740595817566,0.9722222222222222,0.04355882357819735,0.9793975527080919,0.0771892740554117,0.08552854192341305,0.9779441092402554,,0.9565217391304348
wine,0.5,Distill-S,10,299,0.9285714030265808,273.2499943897128,0.07142859697341919,1.0,0.9285714030265808,300,0.9722222222222222,0.9722222222222222,0.0353483147919178,0.0353483147919178,0.028624811106257968,0.028624811106257968,0.07920984923839569,0.9723907113075256,0.9722222222222222,0.01416979501096142,0.9769885348446965,0.08172461554784373,0.0956500935013008,0.9744436410089669,,0.9473684210526315
wine,0.6,Distill-S,10,298,0.9642857313156128,277.8035748079419,0.03571426868438721,1.0,0.9642857313156128,300,1.0,1.0,0.025612596422433853,0.025633402168750763,0.023446341355641682,0.023459348413679332,0.08154703676700592,0.9765537977218628,0.9722222222222222,0.019265179542385834,0.9732442716129938,0.07552275607986551,0.07448736326520358,0.9740266067121265,,0.9565217391304348
wine,0.7,Distill-S,10,289,0.9642857313156128,267.8035663589835,0.03571426868438721,1.0,0.9642857313156128,300,1.0,1.0,0.01785752736032009,0.01846061460673809,0.017028199301825628,0.017573103308677673,0.07031647861003876,0.9829718470573425,0.9722222222222222,0.04059749650175367,0.9771296692581297,0.06580252289324051,0.062014742327514014,0.9792945229578355,,1.0
wine,0.8,Distill-S,10,299,0.9642857313156128,254.9821414127946,0.03571426868438721,1.0,0.9642857313156128,300,1.0,1.0,0.03317680209875107,0.03317680209875107,0.030299345652262367,0.030299345652262367,0.11243686079978943,0.9697005748748779,0.9722222222222222,0.03828158771267388,0.9765523961829771,0.07047953353589911,0.10006162979945478,0.9665417008017202,,1.0
wine,0.2,Distill-S,11,112,0.9642857313156128,125.3750017285347,0.024844703466995854,0.9891304347826086,0.9642857313156128,133,1.0,1.0,0.07615376263856888,0.07500330358743668,0.0664347791009479,0.06519076062573327,0.19602163136005402,0.9335652589797974,0.8888888888888888,0.07680179007802523,0.9330795479962605,0.19790122823195855,0.1757361687085492,0.9350618231591092,,0.9565217391304348
wine,0.3,Distill-S,11,159,0.9642857313156128,170.37500244379044,0.03571426868438721,1.0,0.9642857313156128,180,1.0,1.0,0.04885097220540047,0.04909350723028183,0.04429863227738274,0.04445573521984948,0.13895805180072784,0.9557014107704163,0.9444444444444444,0.022553293041635808,0.9402583227813491,0.16392516983543975,0.1317108061110408,0.9536874224823221,,0.9625
wine,0.4,Distill-S,11,182,0.9642857313156128,193.4107168316841,0.03571426868438721,1.0,0.9642857313156128,203,1.0,1.0,0.054085005074739456,0.05300484597682953,0.04610060652097066,0.04539493223031362,0.13180683553218842,0.9538993835449219,0.9444444444444444,0.07144635254435558,0.9550820750543892,0.13838505721309363,0.13299232694350416,0.9482395111101056,,0.9855072463768116
wine,0.5,Distill-S,11,299,0.9642857313156128,287.6428603976965,0.03571426868438721,1.0,0.9642857313156128,300,1.0,1.0,0.04246695339679718,0.04246695339679718,0.03828283647696177,0.03828283647696177,0.1230907142162323,0.9617171883583069,0.9444444444444444,0.05810094905607134,0.9562506234719046,0.12380578595612222,0.1431142906495407,0.9468391712319859,,0.9824561403508771
wine,0.6,Distill-S,11,299,1.0,294.42857144773006,0.0,1.0,1.0,300,1.0,1.0,0.043122097849845886,0.043122097849845886,0.03774357007609473,0.03774357007609473,0.1140182688832283,0.9622564315795898,0.9722222222222222,0.047413406006505,0.9623945139074068,0.10294815960197108,0.09940258010274172,0.967174726556758,,1.0
wine,0.7,Distill-S,11,288,0.9642857313156128,283.42857514321804,0.03571426868438721,1.0,0.9642857313156128,300,0.9444444444444444,0.9444444444444444,0.10941890627145767,0.10800085216760635,0.04635574751430088,0.0458771503633923,0.14455336332321167,0.9556800127029419,0.9444444444444444,0.042553843859324585,0.9674066397924942,0.09185170334686783,0.11100585561030991,0.9609229073064901,,1.0
wine,0.8,Distill-S,11,299,1.0,266.46428398787975,0.0,1.0,1.0,300,0.9166666666666666,0.9166666666666666,0.18394197523593903,0.18394197523593903,0.06602999402417077,0.06602999402417077,0.18644468486309052,0.9364451169967651,0.9722222222222222,0.039123838334775354,0.9649081878018543,0.09107591958302565,0.07947328936051802,0.9759436630813537,,1.0
wine,0.2,Distill-S,12,299,0.9642857313156128,284.7142903506756,0.03571426868438721,1.0,0.9642857313156128,300,0.9722222222222222,0.9722222222222222,0.1128251850605011,0.1128251850605011,0.05838345984617869,0.05838345984617869,0.17578984797000885,0.9395191669464111,1.0,0.07253366439171015,0.92746633560829,0.2059875723375871,0.1424457390956446,0.953290152333152,,0.9891304347826086
wine,0.3,Distill-S,12,299,0.9642857313156128,284.7500047981739,0.03571426868438721,1.0,0.9642857313156128,300,0.9444444444444444,0.9444444444444444,0.11993735283613205,0.11993735283613205,0.05103281637032826,0.05103281637032826,0.18162654340267181,0.9292519092559814,0.9444444444444444,0.05815972255815947,0.9334318584658434,0.18235866882798923,0.10924988819462005,0.9701211604834651,,1.0
wine,0.4,Distill-S,12,299,0.9642857313156128,283.9642904698849,0.03571426868438721,1.0,0.9642857313156128,300,0.9166666666666666,0.9166666666666666,0.12739115953445435,0.12739115953445435,0.07286320378383,0.07286320378383,0.17529511451721191,0.9279578328132629,0.9166666666666666,0.08746131492751101,0.9416061977257654,0.17435029583981274,0.1119318359081836,0.9672352952863741,,1.0
wine,0.5,Distill-S,12,72,0.9642857313156128,82.98214399069548,0.03571426868438721,1.0,0.9642857313156128,93,0.9444444444444444,0.9444444444444444,0.1864282637834549,0.18317972123622894,0.1258415381113688,0.10745418734020656,0.2759058475494385,0.9038118720054626,0.9166666666666666,0.0834216800711121,0.9312174703294702,0.17215014707423607,0.09044639177204798,0.9708266181793478,,1.0
wine,0.6,Distill-S,12,95,0.9642857313156128,100.30357288569212,0.03571426868438721,1.0,0.9642857313156128,111,0.9444444444444444,0.9444444444444444,0.19418293237686157,0.18984855711460114,0.06608932879236008,0.05697437789705064,0.2724316418170929,0.9026796817779541,0.9166666666666666,0.09113281766407275,0.9299497826691417,0.17400236610578484,0.08181497412545827,0.9736657124205649,,1.0
wine,0.7,Distill-S,12,91,0.9642857313156128,97.80357276648283,0.03571426868438721,1.0,0.9642857313156128,112,0.9166666666666666,0.9444444444444444,0.2497134953737259,0.23285645246505737,0.10933088676797018,0.10816719714138243,0.3479931354522705,0.8677358627319336,0.9166666666666666,0.055739623634392964,0.9271567592848555,0.1716554919299037,0.07891426930549539,0.9780915443075017,,1.0
wine,0.8,Distill-S,12,104,0.9642857313156128,105.33928585797548,0.03571426868438721,1.0,0.9642857313156128,125,0.8888888888888888,0.8888888888888888,0.28363844752311707,0.27075448632240295,0.08649315602249569,0.07834442953268685,0.3832382261753082,0.8652095198631287,0.8888888888888888,0.06534935250208702,0.924548512444439,0.1751117370493598,0.0751574521381971,0.9750820871249225,,1.0
wine,0.2,Distill-S,13,52,0.9642857313156128,67.78571532666683,0.03571426868438721,1.0,0.9642857313156128,73,0.9722222222222222,0.9722222222222222,0.06310233473777771,0.05457146093249321,0.029446974396705627,0.03938334186871846,0.11221715062856674,0.9680245518684387,0.9722222222222222,0.03292133404004601,0.9753275613045079,0.08472886951329643,0.15215098006096958,0.9493037490455754,,0.9782608695652174
wine,0.3,Distill-S,13,57,0.9642857313156128,72.60714392364025,0.03571426868438721,1.0,0.9642857313156128,78,0.9722222222222222,0.9722222222222222,0.05756210535764694,0.049580298364162445,0.025722467237048678,0.03772223823600345,0.11027329415082932,0.9667086005210876,0.9722222222222222,0.02742112813130331,0.9805270102077175,0.07673270299304585,0.1608114772700721,0.9455479057492291,,0.975
wine,0.4,Distill-S,13,89,0.9642857313156128,102.75000165402889,0.03571426868438721,1.0,0.9642857313156128,110,0.9722222222222222,0.9722222222222222,0.08181479573249817,0.07645396888256073,0.047333656085862055,0.045368343591690063,0.08226976543664932,0.9718248844146729,0.9722222222222222,0.03640671892596172,0.9829188618619731,0.06822718347529914,0.13972157087233064,0.9499970986651016,,0.9710144927536232
wine,0.5,Distill-S,13,114,0.9642857313156128,126.14285923540592,0.03571426868438721,1.0,0.9642857313156128,135,0.9444444444444444,0.9444444444444444,0.08727840334177017,0.08629825711250305,0.05274730755223168,0.05221222837766011,0.09152618795633316,0.9696730375289917,0.9722222222222222,0.038433376717752286,0.9775115835699675,0.07978014560551525,0.1461699015591741,0.9463242159244315,,0.9824561403508771
wine,0.6,Distill-S,13,150,0.9642857313156128,160.53571696579456,0.03571426868438721,1.0,0.9642857313156128,171,0.9444444444444444,0.9444444444444444,0.1313953995704651,0.13118797540664673,0.03539315859476722,0.035787845651308665,0.07983160763978958,0.9752209186553955,0.9722222222222222,0.03313949882795264,0.9785670141476827,0.07023481444038741,0.1380337353896286,0.9502435413958973,,0.9565217391304348
wine,0.7,Distill-S,13,194,0.9642857313156128,204.64285884797573,0.03571426868438721,1.0,0.9642857313156128,215,0.9444444444444444,0.9444444444444444,0.14635443687438965,0.1438848376274109,0.05106646484798856,0.05109039611286588,0.08319613337516785,0.9736167192459106,0.9722222222222222,0.029842061924168294,0.9777220595162918,0.06716717379998621,0.15930648042971174,0.9426101672731166,,0.9428571428571428
wine,0.8,Distill-S,13,206,0.9642857313156128,208.57143147289753,0.03571426868438721,1.0,0.9642857313156128,226,0.9166666666666666,0.9166666666666666,0.26933926343917847,0.27248629927635193,0.06783034238550392,0.06884078019195128,0.09358659386634827,0.975409746170044,0.9722222222222222,0.023601767417702084,0.9790588778657008,0.05649881091235853,0.13334099508067254,0.9522449392560989,,0.9565217391304348
wine,0.2,Distill-S,14,81,1.0,99.44642853736877,-0.021739130434782594,0.9782608695652174,1.0,102,1.0,1.0,0.0864320918917656,0.0825469121336937,0.07498337742355134,0.07168200777636634,0.23502667248249054,0.9250166416168213,1.0,0.09966019207564672,0.9003398079243533,0.2798536202078925,0.1741227185639766,0.9360406063685549,,0.9456521739130435
wine,0.3,Distill-S,14,114,1.0,132.55357140302658,-0.012499999999999956,0.9875,1.0,135,0.9722222222222222,0.9722222222222222,0.08991899341344833,0.08777682483196259,0.06343225141366322,0.06160537898540497,0.19204272329807281,0.9373828172683716,0.9722222222222222,0.07732396017893607,0.9220901167727935,0.22528425815587574,0.15359196925919572,0.944440186729245,,0.9375
wine,0.4,Distill-S,14,182,1.0,200.5178571343422,-0.02898550724637683,0.9710144927536232,1.0,203,0.9444444444444444,0.9444444444444444,0.11413141340017319,0.11458835005760193,0.06874480346838632,0.06870127552085453,0.170735165476799,0.9489765167236328,0.9444444444444444,0.06887857581212883,0.9458613704648791,0.19027748197699082,0.1665063678529232,0.9360275332957296,,0.8985507246376812
wine,0.5,Distill-S,14,299,1.0,296.4642857313156,0.0,1.0,1.0,300,0.9444444444444444,0.9444444444444444,0.1038636863231659,0.1038636863231659,0.06287023921807607,0.06287023921807607,0.14144904911518097,0.9555689692497253,0.9444444444444444,0.0587947162342538,0.9575488200449084,0.1570481840705589,0.14898565462265967,0.9423513363369818,,0.9122807017543859
wine,0.6,Distill-S,14,299,1.0,295.96428567171097,0.0,1.0,1.0,300,1.0,1.0,0.05909377336502075,0.05909377336502075,0.0506422006421619,0.0506422006421619,0.15565750002861023,0.9493578672409058,0.9722222222222222,0.04348385626132783,0.9358908394245069,0.1895056056489895,0.1398276587922513,0.9470057911607728,,0.9347826086956522
wine,0.7,Distill-S,14,299,1.0,294.5714285373688,0.0,1.0,1.0,300,0.9722222222222222,0.9722222222222222,0.09963217377662659,0.09963217377662659,0.057307180431154035,0.057307180431154035,0.1661115288734436,0.9438486099243164,0.9166666666666666,0.07077241325241214,0.9499420561242496,0.15627344425620648,0.13758313247234863,0.939195522730903,,0.9714285714285714
wine,0.8,Distill-S,14,299,1.0,291.14285802841187,0.0,1.0,1.0,300,1.0,1.0,0.07306934148073196,0.07306934148073196,0.0636058607035213,0.0636058607035213,0.2068234235048294,0.9363941550254822,0.9166666666666666,0.07321167425553254,0.9564907409735071,0.13447930197063201,0.08876553030790019,0.9738863878394955,,1.0
wine,0.2,Distill-S,15,56,0.9642857313156128,71.00000090897083,0.024844703466995854,0.9891304347826086,0.9642857313156128,77,1.0,1.0,0.09417388588190079,0.09171052277088165,0.07864336835013495,0.07613437043295966,0.21403047442436218,0.9213566184043884,0.9166666666666666,0.1043507209358469,0.920360548185882,0.18850250612801409,0.14020810886143426,0.9504164267950175,,0.9239130434782609
wine,0.3,Distill-S,15,55,0.9642857313156128,70.23214372992516,0.02321426868438725,0.9875,0.9642857313156128,76,0.9722222222222222,1.0,0.09074002504348755,0.08465725928544998,0.07414715405967501,0.0704148444864485,0.2062768191099167,0.9258478879928589,0.9444444444444444,0.05466239188168516,0.9478679848567437,0.1594264892525957,0.1463749311878356,0.9477209161980253,,0.9125
wine,0.4,Distill-S,15,65,0.9642857313156128,79.66071519255638,0.03571426868438721,1.0,0.9642857313156128,86,1.0,1.0,0.07962935417890549,0.07460130006074905,0.06738379266526964,0.06263853112856546,0.19323773682117462,0.932616114616394,0.9444444444444444,0.04764560092057118,0.9437603986586335,0.15582762936024916,0.1430281699982147,0.9466141252080125,,0.927536231884058
wine,0.5,Distill-S,15,139,0.9642857313156128,148.94643045961857,0.03571426868438721,1.0,0.9642857313156128,160,0.9722222222222222,0.9722222222222222,0.0734374150633812,0.07363605499267578,0.05695316029919517,0.05674113664362165,0.14891961216926575,0.9473364353179932,1.0,0.05065906445103738,0.9493409355489626,0.13837588256877129,0.1405878564839276,0.9442243614235253,,0.9473684210526315
wine,0.6,Distill-S,15,250,0.9642857313156128,253.83928926289082,0.03571426868438721,1.0,0.9642857313156128,271,0.9722222222222222,0.9722222222222222,0.08041819930076599,0.0800294429063797,0.060823844538794615,0.060673028230667114,0.1491737812757492,0.9459003806114197,1.0,0.05302864902597395,0.9469713509740261,0.13210305294530428,0.15757297150685987,0.935426270736679,,0.9347826086956522
wine,0.7,Distill-S,15,246,0.9642857313156128,245.37500028312206,0.03571426868438721,1.0,0.9642857313156128,267,0.9722222222222222,0.9722222222222222,0.07110068202018738,0.0714176818728447,0.05551039344734615,0.03486796716849009,0.14333170652389526,0.9499593377113342,1.0,0.03589992982266722,0.964100070177333,0.10824268553126698,0.15390030311103392,0.9361422565927983,,0.9428571428571428
wine,0.8,Distill-S,15,257,1.0,257.67857195436954,0.0,1.0,1.0,278,0.9444444444444444,0.9444444444444444,0.09785712510347366,0.09717133641242981,0.06653629905647701,0.06594123608536191,0.14713560044765472,0.9484733939170837,1.0,0.019824993228619872,0.9801750067713803,0.07878692559980717,0.13841515461492798,0.9441031120010325,,0.9130434782608695
wine,0.2,Distill-S,16,126,0.9285714030265808,136.3749993890524,0.07142859697341919,1.0,0.9285714030265808,147,0.9166666666666666,0.9166666666666666,0.17838847637176514,0.1853698194026947,0.05027581585778131,0.051180458731121495,0.19031596183776855,0.9334866404533386,0.8888888888888888,0.13145072128030338,0.919209973256697,0.21557921833828841,0.27629887758353855,0.8963401795034799,,0.9565217391304348
wine,0.3,Distill-S,16,139,1.0,154.91071455180645,0.0,1.0,1.0,160,1.0,1.0,0.021649278700351715,0.023172933608293533,0.020903612176577248,0.022268222437964547,0.08945775777101517,0.9790961742401123,0.9444444444444444,0.06639145364983862,0.9539939729661869,0.13248660396996959,0.16682391640305266,0.9442162327310168,,0.9875
wine,0.4,Distill-S,16,118,1.0,134.3035714775324,0.0,1.0,1.0,139,1.0,1.0,0.017747100442647934,0.01767265982925892,0.01704780922995673,0.016965958807203505,0.07355719059705734,0.9829521179199219,0.9444444444444444,0.0524250843800518,0.9542043318403789,0.11991485093364489,0.12945032867945258,0.9590281441707013,,0.9855072463768116
wine,0.5,Distill-S,16,184,1.0,199.9464285224676,0.0,1.0,1.0,205,1.0,1.0,0.01712898164987564,0.016786037012934685,0.016300357050365873,0.015996005800035264,0.06670781970024109,0.9836995601654053,1.0,0.033775375801947366,0.9662246241980524,0.09890638510361544,0.0977012894403065,0.9725527984597553,,0.9824561403508771
wine,0.6,Distill-S,16,290,1.0,294.41071440279484,0.0,1.0,1.0,300,1.0,1.0,0.029529793187975883,0.029060475528240204,0.02591117057535383,0.025549739599227905,0.0789317712187767,0.9740889668464661,1.0,0.020353400478104033,0.9796465995218961,0.07641003146337995,0.08367073483577492,0.9770302124406538,,0.9782608695652174
wine,0.7,Distill-S,16,113,1.0,127.339285582304,0.0,1.0,1.0,134,1.0,1.0,0.06434155255556107,0.06262417882680893,0.05221650252739588,0.050539371040132314,0.14077560603618622,0.9477834701538086,1.0,0.023103915257974682,0.9768960847420252,0.08243035157459772,0.09967113606339098,0.9711053592171606,,0.9714285714285714
wine,0.8,Distill-S,16,299,1.0,284.23214258253574,0.0,1.0,1.0,300,0.9722222222222222,0.9722222222222222,0.10017268359661102,0.10017268359661102,0.04236581093735165,0.04236581093735165,0.15151172876358032,0.9499242305755615,1.0,0.017266503875324347,0.9827334961246756,0.06861472966698215,0.09269070858407272,0.9737973310223446,,0.9565217391304348
wine,0.2,Distill-S,17,299,1.0,289.80357351899147,0.0,1.0,1.0,300,0.9166666666666666,0.9166666666666666,0.2109799087047577,0.2109799087047577,0.08009122312068938,0.08009122312068938,0.20826785266399384,0.9328399300575256,0.9722222222222222,0.09828885101216694,0.908024497560374,0.2785962499288932,0.1358468042263584,0.9630053764106777,,0.9782608695652174
wine,0.3,Distill-S,17,298,1.0,288.16071578860283,0.0,1.0,1.0,300,0.9166666666666666,0.9166666666666666,0.22449135780334473,0.22461684048175812,0.08435990578598446,0.08444189859761132,0.20312447845935822,0.9275140762329102,0.9722222222222222,0.09979971328697582,0.908224150556332,0.25057382464423983,0.08775101816362829,0.9805959993111368,,0.9875
wine,0.4,Distill-S,17,92,0.9285714030265808,99.69642633199692,0.07142859697341919,1.0,0.9285714030265808,113,0.9166666666666666,0.9166666666666666,0.22898022830486298,0.2390846163034439,0.08084804316361743,0.05854107936223346,0.16847924888134003,0.9422588348388672,0.9722222222222222,0.07460105673384869,0.9291701441874669,0.21640263607814106,0.07833534129267743,0.9818197728844708,,0.9855072463768116
wine,0.5,Distill-S,17,299,0.9642857313156128,275.9285718649626,0.03571426868438721,1.0,0.9642857313156128,300,0.9166666666666666,0.9166666666666666,0.27576836943626404,0.27576836943626404,0.095464128586981,0.095464128586981,0.18418806791305542,0.9347137808799744,0.9444444444444444,0.07331223300283057,0.9241092099776714,0.22322690392328226,0.09384316699396851,0.9761007339802488,,0.9824561403508771
wine,0.6,Distill-S,17,299,0.9285714030265808,269.3928506523371,0.07142859697341919,1.0,0.9285714030265808,300,0.9166666666666666,0.9166666666666666,0.24867452681064606,0.24867452681064606,0.06901422639687854,0.06901422639687854,0.17651520669460297,0.9394261837005615,0.9444444444444444,0.06978346614926909,0.9297942857112691,0.21289684612956325,0.10065002424926604,0.9732975424666267,,0.9782608695652174
wine,0.7,Distill-S,17,238,0.9285714030265808,228.6428518742323,0.07142859697341919,1.0,0.9285714030265808,259,0.9166666666666666,0.9166666666666666,0.21079333126544952,0.21313948929309845,0.05852228071954514,0.058487719959682875,0.17965219914913177,0.9288513660430908,0.9444444444444444,0.04606423793356573,0.9400875606888464,0.1870643791621501,0.09493648402440188,0.9739180838237074,,0.9714285714285714
wine,0.8,Distill-S,17,81,0.8928571343421936,77.67857185006142,0.1071428656578064,1.0,0.8928571343421936,102,0.8888888888888888,0.8888888888888888,0.3494614362716675,0.3494572937488556,0.14834288673268423,0.10921632167365819,0.41780006885528564,0.8482663035392761,0.9444444444444444,0.06477801782438006,0.9459684172199727,0.1716302538929012,0.0867790198087524,0.9745150538728116,,0.9565217391304348
wine,0.2,Distill-S,18,70,0.9285714030265808,81.71428364515305,0.06055903175602784,0.9891304347826086,0.9285714030265808,91,1.0,1.0,0.060497477650642395,0.05658145248889923,0.049171172082424164,0.04597542269362343,0.13051380217075348,0.9508287906646729,0.9444444444444444,0.05401805818978151,0.9381800787244177,0.1482046579208004,0.13761299369485563,0.957251675213524,,0.967391304347826
wine,0.3,Distill-S,18,64,0.9285714030265808,76.14285522699356,0.058928596973419234,0.9875,0.9285714030265808,85,1.0,1.0,0.06072870269417763,0.05816616117954254,0.04914117025004493,0.046708711319499545,0.13251210749149323,0.9508589506149292,0.9722222222222222,0.08411105414353451,0.9351641097881499,0.1519156779455223,0.1592132874469899,0.9488168537598689,,0.975
wine,0.4,Distill-S,18,77,0.9285714030265808,87.82142639160156,0.05693584335023083,0.9855072463768116,0.9285714030265808,98,0.9722222222222222,0.9722222222222222,0.0805778056383133,0.07482974976301193,0.03378699388768938,0.029846822222073875,0.12879134714603424,0.9542921781539917,0.9722222222222222,0.03904189678704901,0.9478181167473085,0.1374155145939685,0.15673213675694045,0.9491602333346782,,0.9565217391304348
wine,0.5,Distill-S,18,299,0.9285714030265808,273.3928502202034,0.07142859697341919,1.0,0.9285714030265808,300,0.9722222222222222,0.9722222222222222,0.08109162747859955,0.08109162747859955,0.03621043927139706,0.03621043927139706,0.10037273913621902,0.9653637409210205,0.9722222222222222,0.04169100948195058,0.9544041674154475,0.11692451579161244,0.13239384051842892,0.953659692854043,,0.9473684210526315
wine,0.6,Distill-S,18,54,0.9285714030265808,64.46428453922272,0.049689466538636595,0.9782608695652174,0.9285714030265808,75,0.9166666666666666,0.9444444444444444,0.15590927004814148,0.1470208764076233,0.0749788987967703,0.06950877441300286,0.220175102353096,0.923827588558197,0.9444444444444444,0.058155342743813496,0.9789208150560414,0.07685371643950648,0.07652021285827164,0.9781101419306356,,0.9782608695652174
wine,0.7,Distill-S,18,105,0.9285714030265808,110.32142621278763,0.07142859697341919,1.0,0.9285714030265808,126,0.9444444444444444,0.9444444444444444,0.10425576567649841,0.10263503342866898,0.060521596007876925,0.044339030981063836,0.13247768580913544,0.9579925537109375,0.9722222222222222,0.03595185299477599,0.980256785624953,0.07607473824266699,0.06519415528965289,0.9800414772104373,,0.9714285714285714
wine,0.8,Distill-S,18,299,0.9285714030265808,271.428564786911,0.07142859697341919,1.0,0.9285714030265808,300,0.9444444444444444,0.9444444444444444,0.10178167372941971,0.10178167372941971,0.055529943770832486,0.055529943770832486,0.09504067897796631,0.97126305103302,0.9722222222222222,0.037334695049202754,0.9785945014077685,0.08030067677287367,0.08385601725971514,0.9742633146198646,,0.9565217391304348
wine,0.2,Distill-S,19,58,1.0,73.80357125401497,0.0,1.0,1.0,79,0.9722222222222222,0.9722222222222222,0.11410367488861084,0.11829663813114166,0.061252410213152565,0.06254208087921143,0.18864913284778595,0.92937171459198,0.8611111111111112,0.10290908667164027,0.9090717023671773,0.21504431606333685,0.24541781360674766,0.909347443382613,,0.9565217391304348
wine,0.3,Distill-S,19,82,1.0,97.9642856568098,0.0,1.0,1.0,103,1.0,1.0,0.040930282324552536,0.04137773811817169,0.03463769124613868,0.034967460566096835,0.10213396698236465,0.9653623104095459,0.9444444444444444,0.05758583172570094,0.9499470403708062,0.13411408674204048,0.12614272075731411,0.9591640772076693,,0.9875
wine,0.4,Distill-S,19,69,1.0,84.9464285671711,0.0,1.0,1.0,90,1.0,1.0,0.04350440576672554,0.03668129816651344,0.03648639387554592,0.031456263528929815,0.10629955679178238,0.9635136127471924,0.9722222222222222,0.04656884702894264,0.9629344978323101,0.11944722114011391,0.13426009378521928,0.9563505108482411,,0.9710144927536232
wine,0.5,Distill-S,19,299,1.0,293.3392857462168,0.0,1.0,1.0,300,1.0,1.0,0.029338859021663666,0.029338859021663666,0.026453852653503414,0.026453852653503414,0.08668655157089233,0.9735461473464966,0.9722222222222222,0.04041623050640886,0.9648195960913696,0.11051903662694676,0.12877531711871323,0.9597056714615332,,0.9649122807017544
wine,0.6,Distill-S,19,294,1.0,291.23214380443096,0.0,1.0,1.0,300,1.0,1.0,0.03065604716539383,0.03065801039338112,0.02742104066742791,0.027433448367648654,0.08859847486019135,0.9725788831710815,0.9722222222222222,0.03707393613305011,0.9640768625019255,0.10712752599999947,0.1408376141285176,0.9560428288838202,,0.9565217391304348
wine,0.7,Distill-S,19,274,1.0,285.6607146412134,0.0,1.0,1.0,295,1.0,1.0,0.0409247949719429,0.03952096402645111,0.032205073369873896,0.031407622827423945,0.07685849070549011,0.9677949547767639,0.9722222222222222,0.03625241568282419,0.9638578903634143,0.10405996524540342,0.12411614065602325,0.9578268032567067,,1.0
wine,0.8,Distill-S,19,299,1.0,281.08928975462914,0.0,1.0,1.0,300,0.9444444444444444,0.9444444444444444,0.07820034772157669,0.07820034772157669,0.05214313997162713,0.05214313997162713,0.10177668929100037,0.9669808149337769,0.9722222222222222,0.03794975011694627,0.9606770539146852,0.10912455802997015,0.14627703985030024,0.9476992202156371,,0.9565217391304348
