key,e_star,best_val_acc,auc_val,final_gen_gap,train_acc_final,val_acc_final,n_epochs,test_acc_best,test_acc_final,test_loss_best,test_loss_final,ece_best,ece_final,entropy_mean_best,conf_mean_best,teacher_test_acc
"('wine', 'sens-LS', 0.05, 0)",116,1.0,131.83928515017033,0.0,1.0,1.0,137,0.9722222222222222,0.9722222222222222,0.06557556986808777,0.06765642762184143,0.0505770163403617,0.052037472526232406,0.18099971115589142,0.9511124491691589,
"('wine', 'sens-LS', 0.1, 0)",140,1.0,155.91071374714375,0.0,1.0,1.0,161,0.9722222222222222,0.9722222222222222,0.10420980304479599,0.10496262460947037,0.08366514907942878,0.08458816011746724,0.2910248041152954,0.9189383387565613,
"('wine', 'sens-LS', 0.2, 0)",115,1.0,131.12499947845936,0.0,1.0,1.0,136,0.9722222222222222,0.9722222222222222,0.1714416742324829,0.1718882918357849,0.14134540657202405,0.14233307209279802,0.45979854464530945,0.8603277802467346,
"('wine', 'sens-LS', 0.3, 0)",115,1.0,131.33928529918194,0.0,1.0,1.0,136,0.9722222222222222,0.9722222222222222,0.2421291172504425,0.2432050108909607,0.19930353595150843,0.20053715672757888,0.6011279821395874,0.8010340332984924,
"('wine', 'sens-KD', 1.0, 0.3, 0)",134,1.0,149.83928515017033,0.0,1.0,1.0,155,1.0,1.0,0.015143845230340958,0.013050957582890987,0.013937710060013665,0.012174351347817315,0.05268870294094086,0.9860623478889465,0.9722222222222222
"('wine', 'sens-KD', 1.0, 0.5, 0)",117,1.0,133.0178566724062,0.0,1.0,1.0,138,1.0,1.0,0.017479274421930313,0.014830359257757664,0.016292502482732136,0.014006445805231728,0.0632181465625763,0.9837075471878052,0.9722222222222222
"('wine', 'sens-KD', 1.0, 0.7, 0)",98,1.0,113.41071410477161,-0.03508771929824561,0.9649122807017544,1.0,119,1.0,1.0,0.023234115913510323,0.019032621756196022,0.02140794859992133,0.017832141783502366,0.07920613139867783,0.978592038154602,0.9722222222222222
"('wine', 'sens-KD', 2.0, 0.3, 0)",75,1.0,90.55357076227665,0.0,1.0,1.0,96,1.0,1.0,0.016016213223338127,0.012193149887025356,0.014813399977154201,0.0115919957558314,0.057058315724134445,0.9851868152618408,0.9722222222222222
"('wine', 'sens-KD', 2.0, 0.5, 0)",72,1.0,87.44642789661884,0.0,1.0,1.0,93,1.0,1.0,0.015674542635679245,0.012515093199908733,0.014728517995940315,0.011991260780228509,0.05818374454975128,0.9852713346481323,0.9722222222222222
"('wine', 'sens-KD', 2.0, 0.7, 0)",69,1.0,84.12499941885471,-0.03508771929824561,0.9649122807017544,1.0,90,1.0,1.0,0.016844069585204124,0.01430453360080719,0.015861334072219,0.013630459705988564,0.06178172305226326,0.9841387867927551,0.9722222222222222
"('wine', 'sens-KD', 4.0, 0.3, 0)",66,1.0,81.23214222490788,0.0,1.0,1.0,87,1.0,1.0,0.014217494055628777,0.013425568118691444,0.013308251897493998,0.012675462497605216,0.051754310727119446,0.9866917729377747,0.9722222222222222
"('wine', 'sens-KD', 4.0, 0.5, 0)",60,1.0,75.0178565531969,0.0,1.0,1.0,81,1.0,1.0,0.013968844898045063,0.01424277015030384,0.013266671035024854,0.013515694273842705,0.05357573926448822,0.9867331385612488,0.9722222222222222
"('wine', 'sens-KD', 4.0, 0.7, 0)",56,1.0,70.9107136875391,-0.01754385964912286,0.9824561403508771,1.0,77,1.0,1.0,0.01380313653498888,0.015127384103834629,0.013228436311086018,0.014345145887798732,0.05529002845287323,0.9867717027664185,0.9722222222222222
"('wine', 'sens-LS', 0.05, 1)",299,0.9642857313156128,272.10714127123356,0.03571426868438721,1.0,0.9642857313156128,300,0.9722222222222222,0.9722222222222222,0.16022855043411255,0.16022855043411255,0.07896456784672207,0.07896456784672207,0.32246676087379456,0.8932576775550842,
"('wine', 'sens-LS', 0.1, 1)",299,0.9642857313156128,280.2500010281801,0.03571426868438721,1.0,0.9642857313156128,300,0.9722222222222222,0.9722222222222222,0.19663266837596893,0.19663266837596893,0.1407637157373958,0.1407637157373958,0.436453640460968,0.8562306761741638,
"('wine', 'sens-LS', 0.2, 1)",41,0.9285714030265808,50.732141837477684,0.07142859697341919,1.0,0.9285714030265808,62,0.9444444444444444,0.9444444444444444,0.28863033652305603,0.3008006811141968,0.22005305108096868,0.17655894491407606,0.608701765537262,0.7754817008972168,
"('wine', 'sens-LS', 0.3, 1)",36,0.9285714030265808,46.39285649359226,0.03571426868438721,1.0,0.9642857313156128,57,0.9444444444444444,0.9444444444444444,0.36448824405670166,0.38052573800086975,0.24898480623960495,0.2371415396531423,0.7287318706512451,0.7156892418861389,
"('wine', 'sens-KD', 1.0, 0.3, 1)",43,0.8928571343421936,51.6071422547102,0.1071428656578064,1.0,0.8928571343421936,64,0.9722222222222222,0.9722222222222222,0.16459426283836365,0.12095839530229568,0.13191445171833038,0.09153736299938625,0.3525107800960541,0.8757055997848511,0.9166666666666666
"('wine', 'sens-KD', 1.0, 0.5, 1)",43,0.8928571343421936,51.642856523394585,0.1071428656578064,1.0,0.8928571343421936,64,0.9722222222222222,0.9722222222222222,0.16517673432826996,0.11906642466783524,0.13338043044010797,0.0924896564748552,0.35816970467567444,0.8738213181495667,0.9166666666666666
"('wine', 'sens-KD', 1.0, 0.7, 1)",43,0.9285714030265808,51.749999329447746,0.1071428656578064,1.0,0.8928571343421936,64,0.9722222222222222,0.9722222222222222,0.1656005084514618,0.11817909777164459,0.1123729281955295,0.07509940448734495,0.3625223636627197,0.8727505207061768,0.9166666666666666
"('wine', 'sens-KD', 2.0, 0.3, 1)",41,0.9285714030265808,49.5357136875391,0.1071428656578064,1.0,0.8928571343421936,62,0.9722222222222222,0.9722222222222222,0.14946141839027405,0.11152056604623795,0.12098654939068687,0.06846682065063053,0.31954634189605713,0.8861294388771057,0.9166666666666666
"('wine', 'sens-KD', 2.0, 0.5, 1)",41,0.9285714030265808,49.535713747143745,0.1071428656578064,1.0,0.8928571343421936,62,0.9722222222222222,0.9722222222222222,0.14087677001953125,0.1112942025065422,0.11451004611121283,0.05537817709975773,0.3020470142364502,0.8925597071647644,0.9166666666666666
"('wine', 'sens-KD', 2.0, 0.7, 1)",41,0.9285714030265808,49.49999941885471,0.1071428656578064,1.0,0.8928571343421936,62,0.9722222222222222,0.9444444444444444,0.13590320944786072,0.11273641139268875,0.07627271778053707,0.06953514615694681,0.29251381754875183,0.8959496021270752,0.9166666666666666
"('wine', 'sens-KD', 4.0, 0.3, 1)",41,0.8928571343421936,49.05357106029987,0.07142859697341919,1.0,0.9285714030265808,62,0.9722222222222222,0.9722222222222222,0.13469189405441284,0.11591187864542007,0.10841627915700276,0.06916403936015235,0.2800332307815552,0.8988530039787292,0.9166666666666666
"('wine', 'sens-KD', 4.0, 0.5, 1)",295,1.0,280.73214577138424,0.0,1.0,1.0,300,0.9722222222222222,0.9722222222222222,0.10915237665176392,0.10922534763813019,0.0735330879688263,0.07355015807681613,0.15678736567497253,0.9449549913406372,0.9166666666666666
"('wine', 'sens-KD', 4.0, 0.7, 1)",295,0.9642857313156128,279.0714323967695,0.03571426868438721,1.0,0.9642857313156128,300,0.9722222222222222,0.9722222222222222,0.10823185741901398,0.10832061618566513,0.06672835350036621,0.06669136550691392,0.15973372757434845,0.9435405731201172,0.9166666666666666
"('wine', 'sens-LS', 0.05, 2)",70,1.0,87.91071429848671,0.0,1.0,1.0,91,0.9722222222222222,0.9722222222222222,0.10472704470157623,0.09541145712137222,0.04885666403505537,0.08027036322487724,0.24902063608169556,0.923365592956543,
"('wine', 'sens-LS', 0.1, 2)",57,1.0,74.91071429848671,0.0,1.0,1.0,78,0.9722222222222222,0.9722222222222222,0.14738024771213531,0.1365286111831665,0.1220910499493281,0.11675032642152575,0.3641217350959778,0.885080099105835,
"('wine', 'sens-LS', 0.2, 2)",42,1.0,59.91071429848671,0.0,1.0,1.0,63,0.9722222222222222,0.9722222222222222,0.229640930891037,0.218601256608963,0.15525911500056583,0.1562847958670722,0.5373592972755432,0.8169630765914917,
"('wine', 'sens-LS', 0.3, 2)",37,1.0,54.946428686380386,0.0,1.0,1.0,58,0.9722222222222222,0.9722222222222222,0.3066304624080658,0.2978633940219879,0.21715761886702642,0.21952867756287256,0.6725351214408875,0.7550646662712097,
"('wine', 'sens-KD', 1.0, 0.3, 2)",258,1.0,274.9107142984867,0.0,1.0,1.0,278,0.9722222222222222,0.9722222222222222,0.06105313077569008,0.05982869118452072,0.02528783513440026,0.024680034981833562,0.07793940603733063,0.9757697582244873,0.9722222222222222
"('wine', 'sens-KD', 1.0, 0.5, 2)",205,1.0,222.76785710453987,0.0,1.0,1.0,226,0.9722222222222222,0.9722222222222222,0.07025784999132156,0.0688791424036026,0.03416375484731462,0.0444658531083001,0.09223978221416473,0.9717271327972412,0.9722222222222222
"('wine', 'sens-KD', 1.0, 0.7, 2)",176,1.0,193.62499997019768,-0.01754385964912286,0.9824561403508771,1.0,197,0.9722222222222222,0.9722222222222222,0.07763701677322388,0.07593627274036407,0.04975219236479865,0.049049304591284856,0.10473605990409851,0.9679222106933594,0.9722222222222222
"('wine', 'sens-KD', 2.0, 0.3, 2)",78,1.0,95.66071429848671,0.0,1.0,1.0,99,0.9722222222222222,0.9722222222222222,0.08141282200813293,0.0745009332895279,0.051602517565091446,0.04926178024874793,0.10308440774679184,0.9665178656578064,0.9722222222222222
"('wine', 'sens-KD', 2.0, 0.5, 2)",68,1.0,85.51785722374916,-0.01754385964912286,0.9824561403508771,1.0,89,0.9722222222222222,0.9722222222222222,0.08991746604442596,0.08141902089118958,0.05547835926214854,0.043618265125486576,0.10945028811693192,0.9641170501708984,0.9722222222222222
"('wine', 'sens-KD', 2.0, 0.7, 2)",63,1.0,80.08928546309471,-0.01754385964912286,0.9824561403508771,1.0,84,0.9722222222222222,0.9722222222222222,0.09677410870790482,0.08878439664840698,0.04396527840031517,0.04475820064544678,0.1151418685913086,0.9617056250572205,0.9722222222222222
"('wine', 'sens-KD', 4.0, 0.3, 2)",58,1.0,75.6964285671711,0.0,1.0,1.0,79,0.9722222222222222,0.9722222222222222,0.09098073840141296,0.08030929416418076,0.05683021578523848,0.04346393048763275,0.1084926426410675,0.9621689915657043,0.9722222222222222
"('wine', 'sens-KD', 4.0, 0.5, 2)",53,1.0,70.42857149243355,-0.01754385964912286,0.9824561403508771,1.0,74,0.9722222222222222,0.9722222222222222,0.09850674867630005,0.08804752677679062,0.060764845874574445,0.059567585587501526,0.11529946327209473,0.9590551853179932,0.9722222222222222
"('wine', 'sens-KD', 4.0, 0.7, 2)",52,1.0,69.28571435809135,-0.01754385964912286,0.9824561403508771,1.0,73,0.9722222222222222,0.9722222222222222,0.10164915770292282,0.09311684966087341,0.06178532375229729,0.06260327332549624,0.11576661467552185,0.9585793614387512,0.9722222222222222
"('wine', 'sens-LS', 0.05, 3)",68,1.0,83.03571447730064,0.0,1.0,1.0,89,1.0,1.0,0.05633930489420891,0.05763503536581993,0.049916245871120035,0.050607624981138445,0.1851932555437088,0.9500837326049805,
"('wine', 'sens-LS', 0.1, 3)",52,1.0,67.1428574025631,0.0,1.0,1.0,73,1.0,1.0,0.09857490658760071,0.0996621623635292,0.08797620650794771,0.08895588831769095,0.31116893887519836,0.9120237827301025,
"('wine', 'sens-LS', 0.2, 3)",43,1.0,58.25000020861626,0.0,1.0,1.0,64,0.9722222222222222,0.9722222222222222,0.18573637306690216,0.19109109044075012,0.15951187908649442,0.16453463418616188,0.5111609101295471,0.8380004167556763,
"('wine', 'sens-LS', 0.3, 3)",37,1.0,52.50000020861626,0.0,1.0,1.0,58,1.0,0.9722222222222222,0.27502381801605225,0.28462445735931396,0.2332889503902859,0.23763631449805367,0.6667836904525757,0.7667109966278076,
"('wine', 'sens-KD', 1.0, 0.3, 3)",299,1.0,294.4285716712475,0.0,1.0,1.0,300,1.0,1.0,0.01361073087900877,0.01361073087900877,0.013083759281370374,0.013083759281370374,0.055656757205724716,0.9869162440299988,0.9722222222222222
"('wine', 'sens-KD', 1.0, 0.5, 3)",299,1.0,294.8214288055897,0.0,1.0,1.0,300,1.0,1.0,0.025677548721432686,0.025677548721432686,0.02314980493651496,0.02314980493651496,0.08017607033252716,0.9768500924110413,0.9722222222222222
"('wine', 'sens-KD', 1.0, 0.7, 3)",299,1.0,295.00000020861626,-0.03508771929824561,0.9649122807017544,1.0,300,0.9722222222222222,0.9722222222222222,0.04138142615556717,0.04138142615556717,0.033565286133024425,0.033565286133024425,0.09767531603574753,0.9694392085075378,0.9722222222222222
"('wine', 'sens-KD', 2.0, 0.3, 3)",185,1.0,200.46428593993187,0.0,1.0,1.0,206,1.0,1.0,0.02416570484638214,0.024049952626228333,0.022880623737970986,0.022784022821320426,0.08995593339204788,0.9771193265914917,0.9722222222222222
"('wine', 'sens-KD', 2.0, 0.5, 3)",121,1.0,136.82142880558968,-0.01754385964912286,0.9824561403508771,1.0,142,1.0,1.0,0.035388149321079254,0.03565219044685364,0.03113705582088894,0.03135587275028229,0.1031680628657341,0.9688629508018494,0.9722222222222222
"('wine', 'sens-KD', 2.0, 0.7, 3)",121,1.0,137.00000020861626,-0.03508771929824561,0.9649122807017544,1.0,142,0.9722222222222222,0.9722222222222222,0.05021018907427788,0.05000101029872894,0.0390411913394928,0.03901299337546031,0.10899165272712708,0.9680254459381104,0.9722222222222222
"('wine', 'sens-KD', 4.0, 0.3, 3)",121,1.0,136.75000020861626,0.0,1.0,1.0,142,1.0,1.0,0.0260835662484169,0.026731595396995544,0.024609274334377713,0.02515164679951138,0.09539458155632019,0.9753906726837158,0.9722222222222222
"('wine', 'sens-KD', 4.0, 0.5, 3)",87,1.0,102.96428588032722,-0.01754385964912286,0.9824561403508771,1.0,108,1.0,1.0,0.0356900691986084,0.03673972934484482,0.031784663597742714,0.03244898385471767,0.1076500415802002,0.96821528673172,0.9722222222222222
"('wine', 'sens-KD', 4.0, 0.7, 3)",87,1.0,103.1428574025631,-0.03508771929824561,0.9649122807017544,1.0,108,0.9722222222222222,0.9722222222222222,0.05073826387524605,0.05028334632515907,0.03960340883996752,0.03955138391918606,0.11209498345851898,0.9674243927001953,0.9722222222222222
"('wine', 'sens-LS', 0.05, 4)",39,0.8928571343421936,51.78571389615536,0.1071428656578064,1.0,0.8928571343421936,60,0.9722222222222222,0.9722222222222222,0.16990000009536743,0.15484341979026794,0.07984279923968848,0.05580451091130573,0.29090696573257446,0.9145529866218567,
"('wine', 'sens-LS', 0.1, 4)",39,0.8928571343421936,51.78571389615536,0.1071428656578064,1.0,0.8928571343421936,60,0.9722222222222222,0.9722222222222222,0.18153232336044312,0.17603105306625366,0.08810941543844013,0.09188759823640189,0.3502286374568939,0.8940608501434326,
"('wine', 'sens-LS', 0.2, 4)",37,0.8928571343421936,49.99999962747097,0.1071428656578064,1.0,0.8928571343421936,58,0.9722222222222222,0.9722222222222222,0.23328039050102234,0.24246615171432495,0.13400151663356355,0.14145632916026643,0.4981512427330017,0.8382207155227661,
"('wine', 'sens-LS', 0.3, 4)",34,0.8928571343421936,47.32142822444439,0.1071428656578064,1.0,0.8928571343421936,55,0.9722222222222222,0.9722222222222222,0.3010779619216919,0.31596630811691284,0.1951377987861633,0.20833500557475618,0.6366312503814697,0.7770844101905823,
"('wine', 'sens-KD', 1.0, 0.3, 4)",68,0.8928571343421936,78.71428452432156,0.1071428656578064,1.0,0.8928571343421936,89,0.9722222222222222,0.9722222222222222,0.1324596405029297,0.13894473016262054,0.03327071832285985,0.022076265679465405,0.09108156710863113,0.9779601693153381,1.0
"('wine', 'sens-KD', 1.0, 0.5, 4)",54,0.9285714030265808,67.55356977880001,0.07142859697341919,1.0,0.9285714030265808,75,0.9722222222222222,0.9722222222222222,0.12746721506118774,0.13258838653564453,0.0346531867980957,0.02665665580166708,0.13365261256694794,0.9659189581871033,1.0
"('wine', 'sens-KD', 1.0, 0.7, 4)",50,0.9285714030265808,63.87499837577343,0.07142859697341919,1.0,0.9285714030265808,71,0.9722222222222222,0.9722222222222222,0.12613438069820404,0.1296939104795456,0.041107965840233684,0.03012000521024068,0.15430432558059692,0.9597856998443604,1.0
"('wine', 'sens-KD', 2.0, 0.3, 4)",44,0.9285714030265808,57.96428440511227,0.1071428656578064,1.0,0.8928571343421936,65,0.9722222222222222,0.9722222222222222,0.13628897070884705,0.13111600279808044,0.044728411568535686,0.027503167589505516,0.1374492049217224,0.9630707502365112,1.0
"('wine', 'sens-KD', 2.0, 0.5, 4)",47,0.9285714030265808,61.0535698980093,0.07142859697341919,1.0,0.9285714030265808,68,0.9722222222222222,0.9722222222222222,0.1272294670343399,0.13001401722431183,0.03706139326095578,0.029247171348995637,0.10726605355739594,0.9707731604576111,1.0
"('wine', 'sens-KD', 2.0, 0.7, 4)",47,0.9285714030265808,61.0535698980093,0.07142859697341919,1.0,0.9285714030265808,68,0.9722222222222222,0.9722222222222222,0.12371545284986496,0.1284935474395752,0.039289055599106656,0.029897790816095143,0.10097289085388184,0.971900224685669,1.0
"('wine', 'sens-KD', 4.0, 0.3, 4)",44,0.9285714030265808,58.19642715156078,0.07142859697341919,1.0,0.9285714030265808,65,0.9722222222222222,0.9722222222222222,0.13299524784088135,0.1313980221748352,0.03441419700781504,0.026879558960596732,0.10956994444131851,0.9694474339485168,1.0
"('wine', 'sens-KD', 4.0, 0.5, 4)",44,0.9285714030265808,58.23214142024517,0.07142859697341919,1.0,0.9285714030265808,65,0.9722222222222222,0.9722222222222222,0.12765255570411682,0.12982115149497986,0.04224496748712325,0.030787658360269338,0.10199233889579773,0.970048189163208,1.0
"('wine', 'sens-KD', 4.0, 0.7, 4)",44,0.9285714030265808,58.303569957613945,0.07142859697341919,1.0,0.9285714030265808,65,0.9722222222222222,0.9722222222222222,0.1253749281167984,0.128223717212677,0.044729231132401334,0.0348708629608154,0.09957071393728256,0.9695122241973877,1.0
"('wine', 'sens-LS', 0.05, 5)",160,1.0,177.21428591012955,0.0,1.0,1.0,181,0.9166666666666666,0.9166666666666666,0.16286982595920563,0.16071420907974243,0.09215630508131452,0.09200971904728147,0.2887016236782074,0.906048059463501,
"('wine', 'sens-LS', 0.1, 5)",156,1.0,173.21428591012955,0.0,1.0,1.0,177,0.9444444444444444,0.9444444444444444,0.19276589155197144,0.19225828349590302,0.11168338855107625,0.11222143471240996,0.4046581983566284,0.8679755330085754,
"('wine', 'sens-LS', 0.2, 5)",155,1.0,172.28571450710297,0.0,1.0,1.0,176,0.9444444444444444,0.9444444444444444,0.2629280090332031,0.2639850378036499,0.20046969420380062,0.2009797915816307,0.5782477855682373,0.8009703159332275,
"('wine', 'sens-LS', 0.3, 5)",124,1.0,141.35714304447174,0.0,1.0,1.0,145,0.9444444444444444,0.9444444444444444,0.33651599287986755,0.33778947591781616,0.20587102903260124,0.23064580559730527,0.7070047855377197,0.738573431968689,
"('wine', 'sens-KD', 1.0, 0.3, 5)",299,1.0,296.1428573727608,0.0,1.0,1.0,300,0.9444444444444444,0.9444444444444444,0.1254233717918396,0.1254233717918396,0.05912169814109802,0.05912169814109802,0.10375592112541199,0.9660197496414185,0.9444444444444444
"('wine', 'sens-KD', 1.0, 0.5, 5)",299,1.0,296.1071431040764,0.0,1.0,1.0,300,0.9444444444444444,0.9444444444444444,0.11611434817314148,0.11611434817314148,0.060023925370640226,0.060023925370640226,0.11632287502288818,0.9601102471351624,0.9444444444444444
"('wine', 'sens-KD', 1.0, 0.7, 5)",231,1.0,247.10714310407639,0.0,1.0,1.0,251,0.9444444444444444,0.9444444444444444,0.11838775128126144,0.11634842306375504,0.06392562554942237,0.06321109996901618,0.13064247369766235,0.9543448686599731,0.9444444444444444
"('wine', 'sens-KD', 2.0, 0.3, 5)",148,1.0,164.821428835392,0.0,1.0,1.0,169,0.9444444444444444,0.9444444444444444,0.11189399659633636,0.11035314202308655,0.06270746555593279,0.06160404119226667,0.11914932727813721,0.9600591659545898,0.9444444444444444
"('wine', 'sens-KD', 2.0, 0.5, 5)",148,1.0,164.57142889499664,0.0,1.0,1.0,169,0.9722222222222222,0.9722222222222222,0.11061117053031921,0.10878126323223114,0.06480741831991407,0.06397788226604462,0.12488540261983871,0.9571177363395691,0.9444444444444444
"('wine', 'sens-KD', 2.0, 0.7, 5)",217,1.0,233.446428835392,0.0,1.0,1.0,238,0.9722222222222222,0.9722222222222222,0.11037857085466385,0.1085197925567627,0.060358944866392344,0.052427851491504245,0.12685799598693848,0.9574670791625977,0.9444444444444444
"('wine', 'sens-KD', 4.0, 0.3, 5)",65,1.0,76.33928608894348,0.0,1.0,1.0,81,0.9444444444444444,0.9444444444444444,0.13446563482284546,0.11916936933994293,0.055516671803262474,0.06391597456402248,0.11845588684082031,0.9611979722976685,0.9444444444444444
"('wine', 'sens-KD', 4.0, 0.5, 5)",57,1.0,72.8035717010498,0.0,1.0,1.0,78,0.9444444444444444,0.9444444444444444,0.13822202384471893,0.11934086680412292,0.056009494596057446,0.06441714862982431,0.12034054845571518,0.9592618942260742,0.9444444444444444
"('wine', 'sens-KD', 4.0, 0.7, 5)",53,1.0,68.16071444749832,0.0,1.0,1.0,74,0.9444444444444444,0.9722222222222222,0.14158108830451965,0.12244941294193268,0.05835296544763774,0.060183520118395485,0.12568654119968414,0.9561942219734192,0.9444444444444444
"('wine', 'sens-LS', 0.05, 6)",75,1.0,86.83928564190865,0.0,1.0,1.0,96,0.9444444444444444,0.9444444444444444,0.16630719602108002,0.16659556329250336,0.07571517013841206,0.06688125017616484,0.3070703148841858,0.901824414730072,
"('wine', 'sens-LS', 0.1, 6)",56,1.0,68.05357140302658,0.0,1.0,1.0,77,0.9444444444444444,0.9444444444444444,0.2037145495414734,0.20533522963523865,0.12611214899354511,0.10708297044038771,0.4229746460914612,0.8614106178283691,
"('wine', 'sens-LS', 0.2, 6)",46,1.0,58.446428537368774,0.0,1.0,1.0,67,0.9444444444444444,0.9444444444444444,0.2799963653087616,0.2815099358558655,0.1648425045940611,0.18163775321510103,0.5976503491401672,0.7918086051940918,
"('wine', 'sens-LS', 0.3, 6)",39,1.0,51.803571343421936,0.0,1.0,1.0,60,0.9444444444444444,0.9444444444444444,0.35930493474006653,0.35735899209976196,0.23849123964707056,0.23824958254893616,0.7302564978599548,0.7270723581314087,
"('wine', 'sens-KD', 1.0, 0.3, 6)",205,0.9642857313156128,209.85714608430862,0.03571426868438721,1.0,0.9642857313156128,226,0.9722222222222222,0.9722222222222222,0.07285836338996887,0.07246945798397064,0.04834382898277706,0.047510773771338985,0.1324448585510254,0.9502461552619934,0.9722222222222222
"('wine', 'sens-KD', 1.0, 0.5, 6)",203,0.9642857313156128,207.96428883075714,0.03571426868438721,1.0,0.9642857313156128,224,0.9722222222222222,0.9722222222222222,0.07365858554840088,0.07302960753440857,0.04816645963324441,0.04750166585048039,0.13992030918598175,0.94779372215271,0.9722222222222222
"('wine', 'sens-KD', 1.0, 0.7, 6)",209,0.9642857313156128,213.82143181562424,0.018170409035264345,0.9824561403508771,0.9642857313156128,230,0.9722222222222222,0.9722222222222222,0.07539355754852295,0.07436701655387878,0.04973124216000239,0.04907464732726415,0.14723463356494904,0.9440020322799683,0.9722222222222222
"('wine', 'sens-KD', 2.0, 0.3, 6)",161,0.9642857313156128,167.50000232458115,0.03571426868438721,1.0,0.9642857313156128,182,1.0,1.0,0.0693376362323761,0.0684010237455368,0.05672414849201837,0.05573983904388216,0.14936745166778564,0.9432758688926697,0.9722222222222222
"('wine', 'sens-KD', 2.0, 0.5, 6)",135,0.9642857313156128,142.53571611642838,0.03571426868438721,1.0,0.9642857313156128,156,1.0,1.0,0.06969872117042542,0.06885243952274323,0.05745507280031839,0.05647676024172041,0.15346495807170868,0.9425448179244995,0.9722222222222222
"('wine', 'sens-KD', 2.0, 0.7, 6)",113,0.9642857313156128,121.2857157588005,0.018170409035264345,0.9824561403508771,0.9642857313156128,134,1.0,1.0,0.07263285666704178,0.07176116853952408,0.059875122374958456,0.05872670478290982,0.15884870290756226,0.9401249289512634,0.9722222222222222
"('wine', 'sens-KD', 4.0, 0.3, 6)",118,0.9642857313156128,126.60714447498322,0.03571426868438721,1.0,0.9642857313156128,139,1.0,1.0,0.062359198927879333,0.06074269115924835,0.05255090196927388,0.050455538762940295,0.1457396149635315,0.9474491477012634,0.9722222222222222
"('wine', 'sens-KD', 4.0, 0.5, 6)",119,0.9642857313156128,127.89285868406296,0.03571426868438721,1.0,0.9642857313156128,140,1.0,1.0,0.061556167900562286,0.060175683349370956,0.05161319259140226,0.049997209674782224,0.14465266466140747,0.9483868479728699,0.9722222222222222
"('wine', 'sens-KD', 4.0, 0.7, 6)",299,0.9642857313156128,282.2857185602188,0.018170409035264345,0.9824561403508771,0.9642857313156128,300,1.0,1.0,0.055931687355041504,0.055931687355041504,0.046333490146531,0.046333490146531,0.1284310519695282,0.9536664485931396,0.9722222222222222
"('wine', 'sens-LS', 0.05, 7)",82,1.0,100.30357153713703,0.0,1.0,1.0,103,0.9444444444444444,0.9444444444444444,0.13056065142154694,0.12298476696014404,0.10218366814984216,0.09817360175980461,0.2904019057750702,0.9021994471549988,
"('wine', 'sens-LS', 0.1, 7)",56,1.0,74.30357153713703,0.0,1.0,1.0,77,0.9444444444444444,0.9444444444444444,0.18100355565547943,0.1673649102449417,0.10989437335067324,0.1341403606865141,0.39609435200691223,0.8632289171218872,
"('wine', 'sens-LS', 0.2, 7)",45,1.0,63.30357153713703,0.0,1.0,1.0,66,0.9444444444444444,0.9722222222222222,0.25756287574768066,0.24310122430324554,0.14464625716209412,0.19597936835553909,0.5533414483070374,0.8003466725349426,
"('wine', 'sens-LS', 0.3, 7)",40,1.0,58.33928580582142,0.0,1.0,1.0,61,0.9444444444444444,0.9722222222222222,0.3312391936779022,0.3149571120738983,0.20227620005607602,0.2263870818747414,0.6814693212509155,0.7421681880950928,
"('wine', 'sens-KD', 1.0, 0.3, 7)",121,0.9642857313156128,136.46428717672825,0.03571426868438721,1.0,0.9642857313156128,142,0.9444444444444444,0.9444444444444444,0.13782735168933868,0.1406579315662384,0.0584483825498157,0.06839106811417472,0.14517079293727875,0.9463420510292053,0.9444444444444444
"('wine', 'sens-KD', 1.0, 0.5, 7)",93,0.9642857313156128,107.23214443773031,0.018170409035264345,0.9824561403508771,0.9642857313156128,114,0.9444444444444444,0.9444444444444444,0.1575632095336914,0.15922275185585022,0.05857893659008874,0.07653372486432392,0.17747990787029266,0.9350156784057617,0.9444444444444444
"('wine', 'sens-KD', 1.0, 0.7, 7)",86,0.9642857313156128,99.8035722002387,-0.016917310262981267,0.9473684210526315,0.9642857313156128,107,0.9444444444444444,0.9444444444444444,0.18215976655483246,0.18235398828983307,0.0646849009725783,0.06571127391523789,0.19679950177669525,0.9253525137901306,0.9444444444444444
"('wine', 'sens-KD', 2.0, 0.3, 7)",87,0.9642857313156128,101.37500139325857,0.03571426868438721,1.0,0.9642857313156128,108,0.9444444444444444,0.9444444444444444,0.16289924085140228,0.16509518027305603,0.04629123542043894,0.047278993659549254,0.150227352976799,0.9399569630622864,0.9444444444444444
"('wine', 'sens-KD', 2.0, 0.5, 7)",77,0.9642857313156128,91.0178576335311,-0.016917310262981267,0.9473684210526315,0.9642857313156128,98,0.9166666666666666,0.9166666666666666,0.19619090855121613,0.20013898611068726,0.08695606887340541,0.07979830685589046,0.16151323914527893,0.9336342215538025,0.9444444444444444
"('wine', 'sens-KD', 2.0, 0.7, 7)",76,0.9642857313156128,89.6428572833538,-0.016917310262981267,0.9473684210526315,0.9642857313156128,97,0.8888888888888888,0.8888888888888888,0.22520095109939575,0.22845977544784546,0.08862106419271891,0.08877459830707973,0.16496461629867554,0.9336032867431641,0.9444444444444444
"('wine', 'sens-KD', 4.0, 0.3, 7)",92,0.9642857313156128,105.71428659558296,0.03571426868438721,1.0,0.9642857313156128,113,0.9166666666666666,0.9444444444444444,0.18210968375205994,0.18275238573551178,0.0503510956962903,0.0780891527732213,0.15088562667369843,0.9345791935920715,0.9444444444444444
"('wine', 'sens-KD', 4.0, 0.5, 7)",92,0.9642857313156128,105.26785765588284,-0.016917310262981267,0.9473684210526315,0.9642857313156128,113,0.8888888888888888,0.8888888888888888,0.21126382052898407,0.21020424365997314,0.08388693216774194,0.08245468636353807,0.1595042645931244,0.9338296055793762,0.9444444444444444
"('wine', 'sens-KD', 4.0, 0.7, 7)",56,0.9642857313156128,70.08928517997265,-0.016917310262981267,0.9473684210526315,0.9642857313156128,77,0.8888888888888888,0.8888888888888888,0.2521243691444397,0.23390653729438782,0.0838705491688516,0.08940367980135809,0.16773295402526855,0.9357722401618958,0.9444444444444444
"('wine', 'sens-LS', 0.05, 8)",133,1.0,146.64285744726658,0.0,1.0,1.0,154,0.9166666666666666,0.8888888888888888,0.17370106279850006,0.1831166297197342,0.051409290896521666,0.08994997706678177,0.262070894241333,0.9144225716590881,
"('wine', 'sens-LS', 0.1, 8)",129,1.0,142.78571452200413,0.0,1.0,1.0,150,0.8888888888888888,0.8888888888888888,0.21544823050498962,0.22255881130695343,0.1294880145125919,0.13592361244890425,0.3832170069217682,0.875522255897522,
"('wine', 'sens-LS', 0.2, 8)",84,1.0,97.98214310407639,0.0,1.0,1.0,105,0.9166666666666666,0.8888888888888888,0.2626346945762634,0.2719823122024536,0.13107610245545706,0.161491346028116,0.5446592569351196,0.8146363496780396,
"('wine', 'sens-LS', 0.3, 8)",84,1.0,98.16071456670761,0.0,1.0,1.0,105,0.9166666666666666,0.8888888888888888,0.3358938694000244,0.34363552927970886,0.19355935355027518,0.22034552858935463,0.6822670698165894,0.7516437768936157,
"('wine', 'sens-KD', 1.0, 0.3, 8)",185,1.0,197.78571446239948,0.0,1.0,1.0,205,0.9722222222222222,0.9722222222222222,0.06806309521198273,0.06826260685920715,0.05077871514691246,0.03249075346522861,0.10447006672620773,0.9562063217163086,0.9722222222222222
"('wine', 'sens-KD', 1.0, 0.5, 8)",158,1.0,171.92857159674168,0.0,1.0,1.0,179,0.9722222222222222,0.9722222222222222,0.06784892082214355,0.0682554543018341,0.03094575305779775,0.03155676358275943,0.11892583966255188,0.9544747471809387,0.9722222222222222
"('wine', 'sens-KD', 1.0, 0.7, 8)",147,1.0,161.07142867147923,-0.01754385964912286,0.9824561403508771,1.0,168,0.9722222222222222,0.9722222222222222,0.06820552051067352,0.0687907487154007,0.0537047717306349,0.054151842991511025,0.13010655343532562,0.9529229402542114,0.9722222222222222
"('wine', 'sens-KD', 2.0, 0.3, 8)",75,1.0,88.82142861187458,0.0,1.0,1.0,96,0.9444444444444444,0.9444444444444444,0.08571216464042664,0.0876246988773346,0.0388619601726532,0.040782421827316284,0.12300112843513489,0.9519453048706055,0.9722222222222222
"('wine', 'sens-KD', 2.0, 0.5, 8)",65,1.0,78.64285708963871,0.0,1.0,1.0,86,0.9722222222222222,0.9722222222222222,0.08141789585351944,0.0853944793343544,0.05964211954010857,0.06341119276152717,0.1280776858329773,0.9516746997833252,0.9722222222222222
"('wine', 'sens-KD', 2.0, 0.7, 8)",64,1.0,77.64285708963871,-0.01754385964912286,0.9824561403508771,1.0,85,0.9722222222222222,0.9722222222222222,0.07877849042415619,0.08333319425582886,0.040408374534712896,0.04623857637246449,0.1312895119190216,0.9519745707511902,0.9722222222222222
"('wine', 'sens-KD', 4.0, 0.3, 8)",63,1.0,76.53571410477161,0.0,1.0,1.0,84,0.9444444444444444,0.9444444444444444,0.091197669506073,0.09974142909049988,0.0622222837474611,0.04751880135801103,0.1199345737695694,0.9534438252449036,0.9722222222222222
"('wine', 'sens-KD', 4.0, 0.5, 8)",59,1.0,72.49999983608723,-0.01754385964912286,0.9824561403508771,1.0,80,0.9722222222222222,0.9722222222222222,0.08619999140501022,0.09591755270957947,0.047804095678859286,0.0686319652530882,0.11975771933794022,0.9562334418296814,0.9722222222222222
"('wine', 'sens-KD', 4.0, 0.7, 8)",58,1.0,71.51785689592361,-0.01754385964912286,0.9824561403508771,1.0,79,0.9722222222222222,0.9722222222222222,0.08271129429340363,0.09319494664669037,0.029970745245615646,0.0670602238840527,0.12003292143344879,0.9575278162956238,0.9722222222222222
"('wine', 'sens-LS', 0.05, 9)",297,0.9642857313156128,283.41071750223637,0.03571426868438721,1.0,0.9642857313156128,300,1.0,1.0,0.09516990184783936,0.09538919478654861,0.0823523634009891,0.08252664075957403,0.2814429998397827,0.917647659778595,
"('wine', 'sens-LS', 0.1, 9)",296,0.9642857313156128,283.5178604274988,0.03571426868438721,1.0,0.9642857313156128,300,1.0,1.0,0.13959115743637085,0.13987594842910767,0.12224827541245353,0.12249343262778388,0.40723586082458496,0.8777517676353455,
"('wine', 'sens-LS', 0.2, 9)",296,0.9642857313156128,283.5535746961832,0.03571426868438721,1.0,0.9642857313156128,300,1.0,1.0,0.22115671634674072,0.2213766872882843,0.19033677627642948,0.19051649669806162,0.5806864500045776,0.8096631169319153,
"('wine', 'sens-LS', 0.3, 9)",297,0.9642857313156128,283.5892890840769,0.03571426868438721,1.0,0.9642857313156128,300,1.0,1.0,0.29814302921295166,0.29825320839881897,0.2502384144398901,0.25031986170344883,0.7062428593635559,0.7497615814208984,
"('wine', 'sens-KD', 1.0, 0.3, 9)",299,0.9642857313156128,288.05357261002064,0.03571426868438721,1.0,0.9642857313156128,300,1.0,1.0,0.012681936845183372,0.012681936845183372,0.012111725078688728,0.012111725078688728,0.05230986326932907,0.9878882169723511,1.0
"('wine', 'sens-KD', 1.0, 0.5, 9)",299,0.9642857313156128,285.66071708500385,0.03571426868438721,1.0,0.9642857313156128,300,1.0,1.0,0.01518198847770691,0.01518198847770691,0.014474597242143419,0.014474597242143419,0.06259237229824066,0.9855254292488098,1.0
"('wine', 'sens-KD', 1.0, 0.7, 9)",299,0.9642857313156128,285.16071759164333,0.018170409035264345,0.9824561403508771,0.9642857313156128,300,1.0,1.0,0.0179534163326025,0.0179534163326025,0.01707372400495741,0.01707372400495741,0.07255283743143082,0.9829262495040894,1.0
"('wine', 'sens-KD', 2.0, 0.3, 9)",299,1.0,286.53571395576,0.0,1.0,1.0,300,1.0,1.0,0.01982417330145836,0.01982417330145836,0.018461348281966314,0.018461348281966314,0.07429324090480804,0.9815387725830078,1.0
"('wine', 'sens-KD', 2.0, 0.5, 9)",299,1.0,286.6428566426039,-0.01754385964912286,0.9824561403508771,1.0,300,1.0,1.0,0.019739633426070213,0.019739633426070213,0.018536150455474854,0.018536150455474854,0.07535085082054138,0.9814638495445251,1.0
"('wine', 'sens-KD', 2.0, 0.7, 9)",299,1.0,286.6428558677435,-0.01754385964912286,0.9824561403508771,1.0,300,1.0,1.0,0.02059418335556984,0.02059418335556984,0.01935967637432946,0.01935967637432946,0.07759341597557068,0.9806402921676636,1.0
"('wine', 'sens-KD', 4.0, 0.3, 9)",299,1.0,286.32142738997936,0.0,1.0,1.0,300,1.0,1.0,0.01832006126642227,0.01832006126642227,0.01724301113022698,0.01724301113022698,0.07141861319541931,0.9827569127082825,1.0
"('wine', 'sens-KD', 4.0, 0.5, 9)",299,1.0,285.42857061326504,-0.01754385964912286,0.9824561403508771,1.0,300,1.0,1.0,0.018042130395770073,0.018042130395770073,0.017081669635242883,0.017081669635242883,0.07139536738395691,0.9829184412956238,1.0
"('wine', 'sens-KD', 4.0, 0.7, 9)",299,1.0,285.71428464353085,-0.01754385964912286,0.9824561403508771,1.0,300,1.0,1.0,0.018564626574516296,0.018564626574516296,0.017588030960824754,0.017588030960824754,0.07265035063028336,0.9824120402336121,1.0
"('wine', 'sens-LS', 0.05, 10)",62,0.9285714030265808,71.82142826169729,0.07142859697341919,1.0,0.9285714030265808,83,1.0,1.0,0.07770425081253052,0.07526006549596786,0.06952230797873603,0.06700991425249311,0.2512317895889282,0.9304776787757874,
"('wine', 'sens-LS', 0.1, 10)",48,0.8928571343421936,58.48214306682348,0.1071428656578064,1.0,0.8928571343421936,69,1.0,1.0,0.12201658636331558,0.12405116111040115,0.10844768583774567,0.10968216011921565,0.3680121600627899,0.8915522694587708,
"('wine', 'sens-LS', 0.2, 10)",41,0.9642857313156128,52.12500027567148,0.1071428656578064,1.0,0.8928571343421936,62,1.0,1.0,0.1985376626253128,0.213675856590271,0.17210823711421752,0.18394527004824746,0.5312393307685852,0.8278917670249939,
"('wine', 'sens-LS', 0.3, 10)",37,0.9642857313156128,48.58928594738245,0.1071428656578064,1.0,0.8928571343421936,58,1.0,1.0,0.27718427777290344,0.29812362790107727,0.23330753131045234,0.24878730956051087,0.6630368232727051,0.7666924595832825,
"('wine', 'sens-KD', 1.0, 0.3, 10)",66,0.9285714030265808,75.8928567096591,0.07142859697341919,1.0,0.9285714030265808,87,0.9722222222222222,0.9722222222222222,0.06086522340774536,0.04877244308590889,0.05097808440526327,0.04026519424385495,0.15876001119613647,0.9508568644523621,0.9722222222222222
"('wine', 'sens-KD', 1.0, 0.5, 10)",299,0.9285714030265808,273.2499943897128,0.07142859697341919,1.0,0.9285714030265808,300,0.9722222222222222,0.9722222222222222,0.0353483147919178,0.0353483147919178,0.028624811106257968,0.028624811106257968,0.07920984923839569,0.9723907113075256,0.9722222222222222
"('wine', 'sens-KD', 1.0, 0.7, 10)",299,0.9642857313156128,276.3035703524947,-0.016917310262981267,0.9473684210526315,0.9642857313156128,300,0.9722222222222222,0.9722222222222222,0.051539041101932526,0.051539041101932526,0.03644182781378428,0.03644182781378428,0.08669274300336838,0.9746073484420776,0.9722222222222222
"('wine', 'sens-KD', 2.0, 0.3, 10)",82,0.9642857313156128,92.33928670734167,0.03571426868438721,1.0,0.9642857313156128,103,0.9722222222222222,1.0,0.03907128423452377,0.034162528812885284,0.03229149017069075,0.02905661861101786,0.09507136791944504,0.9685264229774475,0.9722222222222222
"('wine', 'sens-KD', 2.0, 0.5, 10)",82,0.9642857313156128,91.44642900675535,0.0006265493861415949,0.9649122807017544,0.9642857313156128,103,0.9722222222222222,0.9722222222222222,0.05069172382354736,0.04465334862470627,0.0381135493516922,0.0349956750869751,0.09910430759191513,0.9703373312950134,0.9722222222222222
"('wine', 'sens-KD', 2.0, 0.7, 10)",82,0.9642857313156128,90.8392866179347,-0.016917310262981267,0.9473684210526315,0.9642857313156128,103,0.9722222222222222,0.9722222222222222,0.07020365446805954,0.06493572890758514,0.04550083478291829,0.04350564711623721,0.10283694416284561,0.971140444278717,0.9722222222222222
"('wine', 'sens-KD', 4.0, 0.3, 10)",64,1.0,74.96428599208593,0.0,1.0,1.0,85,0.9722222222222222,0.9722222222222222,0.04638604447245598,0.038950365036726,0.03602045940028297,0.03220280673768785,0.09707526117563248,0.9700717926025391,0.9722222222222222
"('wine', 'sens-KD', 4.0, 0.5, 10)",62,1.0,71.5357147231698,-0.03508771929824561,0.9649122807017544,1.0,83,0.9722222222222222,0.9722222222222222,0.06694820523262024,0.05669812858104706,0.04402136637104882,0.025781543718443975,0.10011617094278336,0.9717640280723572,0.9722222222222222
"('wine', 'sens-KD', 4.0, 0.7, 10)",57,1.0,65.66071487218142,-0.016917310262981267,0.9473684210526315,0.9642857313156128,78,0.9722222222222222,0.9722222222222222,0.09457705914974213,0.07714826613664627,0.03955775499343872,0.03983533879121144,0.09557152539491653,0.9740177989006042,0.9722222222222222
"('wine', 'sens-LS', 0.05, 11)",103,1.0,118.87499998509884,0.0,1.0,1.0,124,0.9444444444444444,0.9444444444444444,0.1424732506275177,0.1451568752527237,0.06920970810784234,0.060810367266337075,0.29360201954841614,0.9116389751434326,
"('wine', 'sens-LS', 0.1, 11)",50,1.0,65.87499998509884,0.0,1.0,1.0,71,0.9444444444444444,0.9444444444444444,0.17881709337234497,0.18562743067741394,0.09743617640601263,0.08952156040403579,0.4112195074558258,0.8690842986106873,
"('wine', 'sens-LS', 0.2, 11)",41,1.0,56.982142850756645,0.0,1.0,1.0,62,0.9444444444444444,0.9444444444444444,0.25578445196151733,0.2703104615211487,0.154866271548801,0.15343053142229715,0.5817515850067139,0.8003054261207581,
"('wine', 'sens-LS', 0.3, 11)",35,1.0,50.982142850756645,0.0,1.0,1.0,56,0.9444444444444444,0.9444444444444444,0.335877388715744,0.3545113503932953,0.21572897914383146,0.21837253868579862,0.7131145000457764,0.7365056276321411,
"('wine', 'sens-KD', 1.0, 0.3, 11)",299,1.0,294.7678570598364,0.0,1.0,1.0,300,1.0,1.0,0.04534691572189331,0.04534691572189331,0.038973432448175215,0.038973432448175215,0.11102508753538132,0.9610264897346497,0.9444444444444444
"('wine', 'sens-KD', 1.0, 0.5, 11)",299,0.9642857313156128,287.6428603976965,0.03571426868438721,1.0,0.9642857313156128,300,1.0,1.0,0.04246695339679718,0.04246695339679718,0.03828283647696177,0.03828283647696177,0.1230907142162323,0.9617171883583069,0.9444444444444444
"('wine', 'sens-KD', 1.0, 0.7, 11)",294,0.9642857313156128,284.75000463426113,0.03571426868438721,1.0,0.9642857313156128,300,1.0,1.0,0.04465191811323166,0.04436308518052101,0.040867391559812755,0.040628810723622635,0.13602837920188904,0.959132730960846,0.9444444444444444
"('wine', 'sens-KD', 2.0, 0.3, 11)",170,1.0,185.41071425378323,0.0,1.0,1.0,191,1.0,1.0,0.039891317486763,0.03862609714269638,0.03621402382850647,0.03522946437199911,0.12052558362483978,0.9637858867645264,0.9444444444444444
"('wine', 'sens-KD', 2.0, 0.5, 11)",54,0.9642857313156128,67.67857222259045,0.03571426868438721,1.0,0.9642857313156128,75,1.0,1.0,0.06495825946331024,0.05098657310009003,0.05528157287173801,0.04514866239494748,0.16469070315361023,0.9447184801101685,0.9444444444444444
"('wine', 'sens-KD', 2.0, 0.7, 11)",49,0.9642857313156128,62.821429297327995,0.03571426868438721,1.0,0.9642857313156128,70,1.0,1.0,0.06710223108530045,0.05019747465848923,0.057891163561079234,0.04502986205948724,0.17694415152072906,0.9421088695526123,0.9444444444444444
"('wine', 'sens-KD', 4.0, 0.3, 11)",52,0.9642857313156128,65.75000075995922,0.03571426868438721,1.0,0.9642857313156128,73,1.0,1.0,0.0566851831972599,0.047092366963624954,0.04840450816684299,0.0414117458793852,0.14298748970031738,0.9515955448150635,0.9444444444444444
"('wine', 'sens-KD', 4.0, 0.5, 11)",48,0.9642857313156128,61.821429297327995,0.03571426868438721,1.0,0.9642857313156128,69,1.0,1.0,0.05584339797496796,0.04561525583267212,0.04861832327312893,0.04086583687199487,0.1487957388162613,0.9513816833496094,0.9444444444444444
"('wine', 'sens-KD', 4.0, 0.7, 11)",46,0.9642857313156128,59.9285721629858,0.03571426868438721,1.0,0.9642857313156128,67,1.0,1.0,0.0568542554974556,0.045493707060813904,0.049891847703191966,0.04106749263074663,0.15486332774162292,0.9501081109046936,0.9444444444444444
"('wine', 'sens-LS', 0.05, 12)",69,0.9642857313156128,80.33928685635328,0.03571426868438721,1.0,0.9642857313156128,90,0.9444444444444444,0.9444444444444444,0.20162223279476166,0.1998690813779831,0.08915304723713133,0.11069276514980529,0.38172733783721924,0.8669401407241821,
"('wine', 'sens-LS', 0.1, 12)",60,0.9642857313156128,71.87500100582838,0.03571426868438721,1.0,0.9642857313156128,81,0.9444444444444444,0.9444444444444444,0.24762238562107086,0.24671292304992676,0.12696169399552876,0.11803532309002344,0.48926883935928345,0.8245717883110046,
"('wine', 'sens-LS', 0.2, 12)",52,0.9642857313156128,64.44642948359251,0.03571426868438721,1.0,0.9642857313156128,73,0.9444444444444444,0.9444444444444444,0.32939955592155457,0.32658612728118896,0.1895935907959938,0.18569749262597823,0.6439723372459412,0.7565357685089111,
"('wine', 'sens-LS', 0.3, 12)",58,0.9642857313156128,70.51785819977522,0.03571426868438721,1.0,0.9642857313156128,79,0.9444444444444444,0.9444444444444444,0.4049853980541229,0.4020654261112213,0.24561011460092333,0.27409723732206553,0.7591878175735474,0.6988343596458435,
"('wine', 'sens-KD', 1.0, 0.3, 12)",80,0.9642857313156128,90.69642984122038,0.03571426868438721,1.0,0.9642857313156128,101,0.9444444444444444,0.9444444444444444,0.17668969929218292,0.1738663911819458,0.09119935664865705,0.10165169835090637,0.24881450831890106,0.9136587977409363,0.9166666666666666
"('wine', 'sens-KD', 1.0, 0.5, 12)",72,0.9642857313156128,82.98214399069548,0.03571426868438721,1.0,0.9642857313156128,93,0.9444444444444444,0.9444444444444444,0.1864282637834549,0.18317972123622894,0.1258415381113688,0.10745418734020656,0.2759058475494385,0.9038118720054626,0.9166666666666666
"('wine', 'sens-KD', 1.0, 0.7, 12)",72,0.9642857313156128,82.94642972201109,0.03571426868438721,1.0,0.9642857313156128,93,0.9444444444444444,0.9444444444444444,0.19307082891464233,0.189009889960289,0.11814099715815651,0.10987992253568436,0.2844361960887909,0.8999952673912048,0.9166666666666666
"('wine', 'sens-KD', 2.0, 0.3, 12)",299,0.9642857313156128,281.9821475073695,0.03571426868438721,1.0,0.9642857313156128,300,0.9166666666666666,0.9166666666666666,0.168349027633667,0.168349027633667,0.04308770762549506,0.04308770762549506,0.1751527190208435,0.9362494349479675,0.9166666666666666
"('wine', 'sens-KD', 2.0, 0.5, 12)",295,0.9642857313156128,281.553575925529,0.03571426868438721,1.0,0.9642857313156128,300,0.9166666666666666,0.9166666666666666,0.17447693645954132,0.17446421086788177,0.06632397406631046,0.06630260083410475,0.17646515369415283,0.936445951461792,0.9166666666666666
"('wine', 'sens-KD', 2.0, 0.7, 12)",295,0.9642857313156128,281.2321472093463,0.03571426868438721,1.0,0.9642857313156128,300,0.9166666666666666,0.9166666666666666,0.1784556806087494,0.17836317420005798,0.07341165343920389,0.07339562641249762,0.1778661459684372,0.9365771412849426,0.9166666666666666
"('wine', 'sens-KD', 4.0, 0.3, 12)",165,0.9642857313156128,171.23214518278837,0.03571426868438721,1.0,0.9642857313156128,186,0.9444444444444444,0.9444444444444444,0.16791470348834991,0.16866588592529297,0.0755795356300142,0.09580495456854501,0.17862045764923096,0.933232843875885,0.9166666666666666
"('wine', 'sens-KD', 4.0, 0.5, 12)",128,0.9642857313156128,134.94643019884825,0.03571426868438721,1.0,0.9642857313156128,149,0.9444444444444444,0.9444444444444444,0.1740909218788147,0.1765613853931427,0.076985036333402,0.09945832524034712,0.1846749186515808,0.9303529262542725,0.9166666666666666
"('wine', 'sens-KD', 4.0, 0.7, 12)",128,0.9642857313156128,134.69643007963896,0.03571426868438721,1.0,0.9642857313156128,149,0.9444444444444444,0.9444444444444444,0.17797239124774933,0.18077224493026733,0.0763822678062651,0.08141328394412994,0.1853789985179901,0.930368185043335,0.9166666666666666
"('wine', 'sens-LS', 0.05, 13)",299,0.9642857313156128,284.964290574193,0.03571426868438721,1.0,0.9642857313156128,300,0.9722222222222222,0.9722222222222222,0.10008423775434494,0.10008423775434494,0.05981182058652242,0.05981182058652242,0.22965097427368164,0.936264157295227,
"('wine', 'sens-LS', 0.1, 13)",299,1.0,287.4464322477579,0.0,1.0,1.0,300,0.9722222222222222,0.9722222222222222,0.13587039709091187,0.13587039709091187,0.10981990231408015,0.10981990231408015,0.35614004731178284,0.8986061811447144,
"('wine', 'sens-LS', 0.2, 13)",52,0.9642857313156128,66.1785724312067,0.03571426868438721,1.0,0.9642857313156128,73,0.9444444444444444,0.9444444444444444,0.20526067912578583,0.20833249390125275,0.16645476139254037,0.17039387093649971,0.5157848000526428,0.8359471559524536,
"('wine', 'sens-LS', 0.3, 13)",46,0.9642857313156128,60.50000090897083,0.03571426868438721,1.0,0.9642857313156128,67,0.9444444444444444,0.9444444444444444,0.2840636968612671,0.2896735370159149,0.20546170324087146,0.2340390822953648,0.6637651920318604,0.7701234817504883,
"('wine', 'sens-KD', 1.0, 0.3, 13)",137,0.9642857313156128,148.17857386171818,0.03571426868438721,1.0,0.9642857313156128,158,0.9444444444444444,0.9444444444444444,0.08151212334632874,0.07969091087579727,0.03854684034983317,0.04845780630906423,0.07761124521493912,0.9725155234336853,0.9722222222222222
"('wine', 'sens-KD', 1.0, 0.5, 13)",114,0.9642857313156128,126.14285923540592,0.03571426868438721,1.0,0.9642857313156128,135,0.9444444444444444,0.9444444444444444,0.08727840334177017,0.08629825711250305,0.05274730755223168,0.05221222837766011,0.09152618795633316,0.9696730375289917,0.9722222222222222
"('wine', 'sens-KD', 1.0, 0.7, 13)",112,0.9642857313156128,124.25000210106373,0.03571426868438721,1.0,0.9642857313156128,133,0.9444444444444444,0.9444444444444444,0.09265873581171036,0.09170219302177429,0.05592205789354113,0.05533882644441392,0.10074490308761597,0.9675268530845642,0.9722222222222222
"('wine', 'sens-KD', 2.0, 0.3, 13)",69,0.9642857313156128,82.5000012665987,0.03571426868438721,1.0,0.9642857313156128,90,0.9722222222222222,0.9444444444444444,0.08951267600059509,0.08919945359230042,0.0501797381374571,0.04193922380606333,0.08855058252811432,0.9706311821937561,0.9722222222222222
"('wine', 'sens-KD', 2.0, 0.5, 13)",61,0.9642857313156128,74.8928582817316,0.03571426868438721,1.0,0.9642857313156128,82,0.9722222222222222,0.9444444444444444,0.09211870282888412,0.09505997598171234,0.03547422422303094,0.04721999499532911,0.09532162547111511,0.9702272415161133,0.9722222222222222
"('wine', 'sens-KD', 2.0, 0.7, 13)",58,0.9642857313156128,72.0357154160738,0.03571426868438721,1.0,0.9642857313156128,79,0.9722222222222222,0.9444444444444444,0.09426857531070709,0.0998799204826355,0.034667549861802,0.04317632151974573,0.0989520400762558,0.9696295261383057,0.9722222222222222
"('wine', 'sens-KD', 4.0, 0.3, 13)",61,0.9642857313156128,74.60714389383793,0.03571426868438721,1.0,0.9642857313156128,82,0.9722222222222222,0.9444444444444444,0.08779695630073547,0.09877563267946243,0.034188926219940186,0.04868404898378584,0.08852220326662064,0.9730511903762817,0.9722222222222222
"('wine', 'sens-KD', 4.0, 0.5, 13)",58,0.9642857313156128,71.71428669989109,0.03571426868438721,1.0,0.9642857313156128,79,0.9722222222222222,0.9444444444444444,0.09225762635469437,0.1078319251537323,0.03292648990948995,0.04969559775458442,0.09246721863746643,0.9721839427947998,0.9722222222222222
"('wine', 'sens-KD', 4.0, 0.7, 13)",57,0.9642857313156128,70.75000096857548,0.03571426868438721,1.0,0.9642857313156128,78,0.9722222222222222,0.9444444444444444,0.09543604403734207,0.11449713259935379,0.04066922267278035,0.054700962371296354,0.09512539207935333,0.9711470007896423,0.9722222222222222
"('wine', 'sens-LS', 0.05, 14)",74,1.0,91.19642865657806,0.0,1.0,1.0,95,0.9444444444444444,0.9444444444444444,0.18078278005123138,0.1795206516981125,0.10188939587937461,0.09839768624967998,0.3408547043800354,0.8855613470077515,
"('wine', 'sens-LS', 0.1, 14)",57,1.0,74.23214292526245,0.0,1.0,1.0,78,0.9722222222222222,0.9444444444444444,0.22451479732990265,0.22318178415298462,0.16835482832458284,0.13682882570558125,0.467889666557312,0.839744508266449,
"('wine', 'sens-LS', 0.2, 14)",46,1.0,63.30357152223587,0.0,1.0,1.0,67,0.9722222222222222,0.9444444444444444,0.30769050121307373,0.3090035915374756,0.23734551254245967,0.2043523250354661,0.6420283317565918,0.7668730020523071,
"('wine', 'sens-LS', 0.3, 14)",40,1.0,57.37500011920929,0.0,1.0,1.0,61,0.9722222222222222,0.9444444444444444,0.3891373872756958,0.39106640219688416,0.269148083196746,0.26041165077024037,0.7667756676673889,0.7030741572380066,
"('wine', 'sens-KD', 1.0, 0.3, 14)",299,1.0,296.3571428656578,0.0,1.0,1.0,300,0.9444444444444444,0.9444444444444444,0.09893551468849182,0.09893551468849182,0.058546692132949815,0.058546692132949815,0.12767767906188965,0.9573743343353271,0.9444444444444444
"('wine', 'sens-KD', 1.0, 0.5, 14)",299,1.0,296.4642857313156,0.0,1.0,1.0,300,0.9444444444444444,0.9444444444444444,0.1038636863231659,0.1038636863231659,0.06287023921807607,0.06287023921807607,0.14144904911518097,0.9555689692497253,0.9444444444444444
"('wine', 'sens-KD', 1.0, 0.7, 14)",299,1.0,296.5,-0.052631578947368474,0.9473684210526315,1.0,300,0.9444444444444444,0.9444444444444444,0.109734445810318,0.109734445810318,0.06705441905392541,0.06705441905392541,0.15425018966197968,0.9534714221954346,0.9444444444444444
"('wine', 'sens-KD', 2.0, 0.3, 14)",173,1.0,190.42857146263123,0.0,1.0,1.0,194,0.9444444444444444,0.9444444444444444,0.11401380598545074,0.11540701985359192,0.05141244828701019,0.051539512144194714,0.14965084195137024,0.9539585113525391,0.9444444444444444
"('wine', 'sens-KD', 2.0, 0.5, 14)",140,1.0,157.4642857313156,-0.03508771929824561,0.9649122807017544,1.0,161,0.9444444444444444,0.9444444444444444,0.11412790417671204,0.11505930870771408,0.05505364967717064,0.06642201046148935,0.15275943279266357,0.9549452662467957,0.9444444444444444
"('wine', 'sens-KD', 2.0, 0.7, 14)",109,1.0,126.46428567171097,-0.052631578947368474,0.9473684210526315,1.0,130,0.9444444444444444,0.9444444444444444,0.11519001424312592,0.11631682515144348,0.0676654213004642,0.056206732988357544,0.15605267882347107,0.9548835754394531,0.9444444444444444
"('wine', 'sens-KD', 4.0, 0.3, 14)",107,1.0,124.3571428656578,0.0,1.0,1.0,128,0.9444444444444444,0.9444444444444444,0.11187417060136795,0.11388160288333893,0.05203798413276672,0.052009599076377026,0.15194517374038696,0.9534337520599365,0.9444444444444444
"('wine', 'sens-KD', 4.0, 0.5, 14)",62,1.0,79.46428567171097,-0.052631578947368474,0.9473684210526315,1.0,83,0.9444444444444444,0.9444444444444444,0.1030721440911293,0.11482270807027817,0.06482593715190887,0.05525656706757016,0.162573903799057,0.9485656023025513,0.9444444444444444
"('wine', 'sens-KD', 4.0, 0.7, 14)",61,1.0,78.42857140302658,-0.052631578947368474,0.9473684210526315,1.0,82,0.9444444444444444,0.9444444444444444,0.10517154633998871,0.11719083786010742,0.06530277762148115,0.05636279616090986,0.160112202167511,0.9517476558685303,0.9444444444444444
"('wine', 'sens-LS', 0.05, 15)",60,0.8928571343421936,69.23214204609394,0.1071428656578064,1.0,0.8928571343421936,81,0.9722222222222222,0.9722222222222222,0.11256750673055649,0.11711910367012024,0.0866576184829076,0.08709502220153809,0.27984702587127686,0.9211089611053467,
"('wine', 'sens-LS', 0.1, 15)",47,0.8928571343421936,57.66071356832981,0.1071428656578064,1.0,0.8928571343421936,68,0.9722222222222222,0.9722222222222222,0.15735140442848206,0.16520348191261292,0.12751593523555332,0.1322653508848614,0.4036402106285095,0.8760431408882141,
"('wine', 'sens-LS', 0.2, 15)",38,0.8928571343421936,49.839285001158714,0.1071428656578064,1.0,0.8928571343421936,59,0.9722222222222222,0.9722222222222222,0.24526453018188477,0.25737786293029785,0.19967525038454267,0.20880913734436035,0.584280252456665,0.8004772067070007,
"('wine', 'sens-LS', 0.3, 15)",35,0.8928571343421936,47.28571359813213,0.07142859697341919,1.0,0.9285714030265808,56,0.9722222222222222,0.9722222222222222,0.32855555415153503,0.3422147035598755,0.2361386434899436,0.24719373053974578,0.7166555523872375,0.7360835671424866,
"('wine', 'sens-KD', 1.0, 0.3, 15)",266,0.9642857313156128,271.0178605467081,0.03571426868438721,1.0,0.9642857313156128,287,0.9722222222222222,0.9722222222222222,0.06726031005382538,0.06676864624023438,0.04667209585507711,0.04652653303411271,0.11303003877401352,0.9647924900054932,1.0
"('wine', 'sens-KD', 1.0, 0.5, 15)",139,0.9642857313156128,148.94643045961857,0.03571426868438721,1.0,0.9642857313156128,160,0.9722222222222222,0.9722222222222222,0.0734374150633812,0.07363605499267578,0.05695316029919517,0.05674113664362165,0.14891961216926575,0.9473364353179932,1.0
"('wine', 'sens-KD', 1.0, 0.7, 15)",133,0.9642857313156128,143.16071619093418,0.0006265493861415949,0.9649122807017544,0.9642857313156128,154,1.0,1.0,0.07712714374065399,0.07679668813943863,0.06450515157646602,0.0641118221812778,0.17257775366306305,0.9354947209358215,1.0
"('wine', 'sens-KD', 2.0, 0.3, 15)",73,0.9642857313156128,85.41071499884129,0.03571426868438721,1.0,0.9642857313156128,94,0.9722222222222222,0.9722222222222222,0.07418327033519745,0.07543826848268509,0.03698608113659753,0.037226637204488114,0.15546756982803345,0.949513852596283,1.0
"('wine', 'sens-KD', 2.0, 0.5, 15)",67,0.9642857313156128,79.66071499884129,0.03571426868438721,1.0,0.9642857313156128,88,0.9722222222222222,0.9722222222222222,0.08102604746818542,0.08051630854606628,0.06388478063874774,0.06324860122468737,0.17213577032089233,0.9360837936401367,1.0
"('wine', 'sens-KD', 2.0, 0.7, 15)",59,0.9642857313156128,71.80357213318348,0.0006265493861415949,0.9649122807017544,0.9642857313156128,80,0.9722222222222222,0.9722222222222222,0.089910589158535,0.08750192075967789,0.07148938212129805,0.07007327510250938,0.18118195235729218,0.9292250871658325,1.0
"('wine', 'sens-KD', 4.0, 0.3, 15)",56,0.9642857313156128,69.1607147604227,0.03571426868438721,1.0,0.9642857313156128,77,0.9722222222222222,0.9722222222222222,0.07429642230272293,0.0734448954463005,0.05838349130418565,0.03395077089468638,0.1605949103832245,0.9427931308746338,1.0
"('wine', 'sens-KD', 4.0, 0.5, 15)",54,0.9642857313156128,67.2678577452898,0.018170409035264345,0.9824561403508771,0.9642857313156128,75,1.0,0.9722222222222222,0.08208875358104706,0.08218397200107574,0.06631703509224784,0.03885641694068909,0.16954168677330017,0.9336829781532288,1.0
"('wine', 'sens-KD', 4.0, 0.7, 15)",52,0.9642857313156128,65.30357207357883,-0.016917310262981267,0.9473684210526315,0.9642857313156128,73,0.9722222222222222,0.9722222222222222,0.09054538607597351,0.09237819164991379,0.040875466333495244,0.0508861674202813,0.17397859692573547,0.9313466548919678,1.0
"('wine', 'sens-LS', 0.05, 16)",80,1.0,94.5714291781187,0.03571426868438721,1.0,0.9642857313156128,101,1.0,1.0,0.06444339454174042,0.06605281680822372,0.05863304767343733,0.05989195075300005,0.21342900395393372,0.9413669109344482,
"('wine', 'sens-LS', 0.1, 16)",53,1.0,68.62500010430813,0.0,1.0,1.0,74,1.0,1.0,0.10615954548120499,0.10401133447885513,0.09486151072714064,0.09372634357876247,0.32413893938064575,0.9051384329795837,
"('wine', 'sens-LS', 0.2, 16)",45,1.0,60.660714372992516,0.0,1.0,1.0,66,1.0,1.0,0.18181630969047546,0.1800818294286728,0.15871396164099377,0.15843768417835236,0.4978761076927185,0.8412860035896301,
"('wine', 'sens-LS', 0.3, 16)",38,0.9642857313156128,53.6964286416769,0.0,1.0,1.0,59,1.0,1.0,0.2597728669643402,0.25722625851631165,0.22068967587418023,0.2201526578929689,0.6379597187042236,0.7793102860450745,
"('wine', 'sens-KD', 1.0, 0.3, 16)",249,1.0,264.982142791152,0.0,1.0,1.0,270,1.0,1.0,0.012210451066493988,0.011926960200071335,0.011771778265635172,0.01151347491476271,0.05120033025741577,0.9882282614707947,1.0
"('wine', 'sens-KD', 1.0, 0.5, 16)",184,1.0,199.9464285224676,0.0,1.0,1.0,205,1.0,1.0,0.01712898164987564,0.016786037012934685,0.016300357050365873,0.015996005800035264,0.06670781970024109,0.9836995601654053,1.0
"('wine', 'sens-KD', 1.0, 0.7, 16)",163,1.0,178.83928568661213,0.0,1.0,1.0,184,1.0,1.0,0.020781561732292175,0.020439838990569115,0.01965373423364427,0.01935679382748074,0.07847903668880463,0.9803462624549866,1.0
"('wine', 'sens-KD', 2.0, 0.3, 16)",101,1.0,116.8392856568098,0.0,1.0,1.0,122,1.0,1.0,0.017754703760147095,0.01734263449907303,0.01701334946685367,0.016657541195551552,0.07137972861528397,0.982986569404602,1.0
"('wine', 'sens-KD', 2.0, 0.5, 16)",78,1.0,93.66071420907974,0.0,1.0,1.0,99,1.0,1.0,0.021910831332206726,0.020227717235684395,0.02069071100817786,0.019259873363706798,0.08081464469432831,0.9793093204498291,1.0
"('wine', 'sens-KD', 2.0, 0.7, 16)",78,1.0,93.44642850756645,0.0,1.0,1.0,99,1.0,1.0,0.022997429594397545,0.022307835519313812,0.021683437956704032,0.02114315993256039,0.08371567726135254,0.978316605091095,1.0
"('wine', 'sens-KD', 4.0, 0.3, 16)",78,0.9642857313156128,91.82142947614193,0.03571426868438721,1.0,0.9642857313156128,99,1.0,1.0,0.020059293136000633,0.020153675228357315,0.019135928816265527,0.0192200458712048,0.07751159369945526,0.9808639883995056,1.0
"('wine', 'sens-KD', 4.0, 0.5, 16)",78,1.0,92.58928617835045,0.0,1.0,1.0,99,1.0,1.0,0.02303546480834484,0.02365310676395893,0.021798450085851878,0.022352516651153564,0.08421249687671661,0.9782015681266785,1.0
"('wine', 'sens-KD', 4.0, 0.7, 16)",87,1.0,101.66071462631226,0.0,1.0,1.0,108,1.0,1.0,0.02391519397497177,0.024451106786727905,0.022667252355151706,0.02318629622459412,0.08695748448371887,0.9773326516151428,1.0
"('wine', 'sens-LS', 0.05, 17)",63,0.9285714030265808,68.94642706215382,0.07142859697341919,1.0,0.9285714030265808,84,0.9166666666666666,0.9166666666666666,0.24354685842990875,0.2561758756637573,0.11141041583485074,0.12964077128304374,0.30543190240859985,0.8975846767425537,
"('wine', 'sens-LS', 0.1, 17)",50,0.9285714030265808,57.08928455412388,0.07142859697341919,1.0,0.9285714030265808,71,0.9166666666666666,0.9166666666666666,0.2577640414237976,0.28053581714630127,0.14058910641405317,0.1195638014210595,0.42124664783477783,0.8567721247673035,
"('wine', 'sens-LS', 0.2, 17)",42,0.9285714030265808,49.982141867280006,0.07142859697341919,1.0,0.9285714030265808,63,0.9166666666666666,0.9166666666666666,0.3195652663707733,0.3490271270275116,0.1588703973425759,0.19028283241722316,0.5956243872642517,0.7873386144638062,
"('wine', 'sens-LS', 0.3, 17)",37,0.9285714030265808,45.73214192688465,0.07142859697341919,1.0,0.9285714030265808,58,0.9166666666666666,0.9166666666666666,0.3893457055091858,0.41764113306999207,0.21547764125797483,0.2154597689708074,0.7301720976829529,0.7226747274398804,
"('wine', 'sens-KD', 1.0, 0.3, 17)",299,0.9642857313156128,273.7857123464346,0.03571426868438721,1.0,0.9642857313156128,300,0.9166666666666666,0.9166666666666666,0.2746480107307434,0.2746480107307434,0.05829853150579661,0.05829853150579661,0.1553216129541397,0.9458469748497009,0.9444444444444444
"('wine', 'sens-KD', 1.0, 0.5, 17)",299,0.9642857313156128,275.9285718649626,0.03571426868438721,1.0,0.9642857313156128,300,0.9166666666666666,0.9166666666666666,0.27576836943626404,0.27576836943626404,0.095464128586981,0.095464128586981,0.18418806791305542,0.9347137808799744,0.9444444444444444
"('wine', 'sens-KD', 1.0, 0.7, 17)",278,0.9642857313156128,275.7678584009409,0.05388473732429633,0.9824561403508771,0.9285714030265808,299,0.9166666666666666,0.9166666666666666,0.2753727436065674,0.27699723839759827,0.06376353237364031,0.09325696693526378,0.20936733484268188,0.9246139526367188,0.9444444444444444
"('wine', 'sens-KD', 2.0, 0.3, 17)",151,0.9642857313156128,153.7321429401636,0.07142859697341919,1.0,0.9285714030265808,172,0.9166666666666666,0.9166666666666666,0.26526033878326416,0.27258816361427307,0.09372136162386999,0.09973525255918506,0.20741049945354462,0.9277523756027222,0.9444444444444444
"('wine', 'sens-KD', 2.0, 0.5, 17)",125,0.9642857313156128,129.26785726845264,0.07142859697341919,1.0,0.9285714030265808,146,0.9166666666666666,0.9166666666666666,0.26660946011543274,0.2743919789791107,0.09647479984495377,0.09954457481702171,0.22221925854682922,0.9210300445556641,0.9444444444444444
"('wine', 'sens-KD', 2.0, 0.7, 17)",75,0.9642857313156128,81.92857180535793,0.018170409035264345,0.9824561403508771,0.9642857313156128,96,0.9166666666666666,0.9166666666666666,0.23738180100917816,0.2569486200809479,0.08800576792822945,0.09217327998744118,0.22546274960041046,0.9190864562988281,0.9444444444444444
"('wine', 'sens-KD', 4.0, 0.3, 17)",61,0.9642857313156128,68.60714296996593,0.03571426868438721,1.0,0.9642857313156128,82,0.9166666666666666,0.9166666666666666,0.21268458664417267,0.24552790820598602,0.08461498055193162,0.09285245504644182,0.20276351273059845,0.926936149597168,0.9444444444444444
"('wine', 'sens-KD', 4.0, 0.5, 17)",58,0.9642857313156128,66.12500022351742,0.03571426868438721,1.0,0.9642857313156128,79,0.9444444444444444,0.9166666666666666,0.21573060750961304,0.25577113032341003,0.0822530471616321,0.09422922631104788,0.21375125646591187,0.9226567149162292,0.9444444444444444
"('wine', 'sens-KD', 4.0, 0.7, 17)",57,0.9642857313156128,65.48214308917522,0.018170409035264345,0.9824561403508771,0.9642857313156128,78,0.9444444444444444,0.9166666666666666,0.21961794793605804,0.26174014806747437,0.08277547276682322,0.09109472400612298,0.21988746523857117,0.9206812381744385,0.9444444444444444
"('wine', 'sens-LS', 0.05, 18)",56,0.9285714030265808,66.53571301698685,0.07142859697341919,1.0,0.9285714030265808,77,0.9444444444444444,0.9444444444444444,0.13928191363811493,0.14610585570335388,0.08234698904885186,0.08179462121592627,0.24138076603412628,0.9279353022575378,
"('wine', 'sens-LS', 0.1, 18)",49,0.9285714030265808,60.07142746448517,0.07142859697341919,1.0,0.9285714030265808,70,0.9444444444444444,0.9444444444444444,0.1654832512140274,0.1769716739654541,0.11101205978128645,0.11529236369662814,0.3430764079093933,0.895564079284668,
"('wine', 'sens-LS', 0.2, 18)",41,0.9285714030265808,52.74999910593033,0.07142859697341919,1.0,0.9285714030265808,62,0.9444444444444444,0.9444444444444444,0.22450709342956543,0.2475404441356659,0.1436192931400405,0.17965909507539538,0.506536066532135,0.8356102705001831,
"('wine', 'sens-LS', 0.3, 18)",36,0.9285714030265808,48.32142776250839,0.07142859697341919,1.0,0.9285714030265808,57,0.9444444444444444,0.9444444444444444,0.29182490706443787,0.3217865228652954,0.22261300600237316,0.24058705733882055,0.644419252872467,0.7753400802612305,
"('wine', 'sens-KD', 1.0, 0.3, 18)",66,0.9285714030265808,75.6785699725151,0.07142859697341919,1.0,0.9285714030265808,87,0.9444444444444444,0.9722222222222222,0.11461114883422852,0.1047959253191948,0.06352612707349989,0.05529621740182241,0.15300889313220978,0.9489876627922058,0.9722222222222222
"('wine', 'sens-KD', 1.0, 0.5, 18)",299,0.9285714030265808,273.3928502202034,0.07142859697341919,1.0,0.9285714030265808,300,0.9722222222222222,0.9722222222222222,0.08109162747859955,0.08109162747859955,0.03621043927139706,0.03621043927139706,0.10037273913621902,0.9653637409210205,0.9722222222222222
"('wine', 'sens-KD', 1.0, 0.7, 18)",299,0.9285714030265808,273.24999314546585,0.03634087767517358,0.9649122807017544,0.9285714030265808,300,0.9722222222222222,0.9722222222222222,0.07914377748966217,0.07914377748966217,0.015873766607708402,0.015873766607708402,0.10872169584035873,0.96220862865448,0.9722222222222222
"('wine', 'sens-KD', 2.0, 0.3, 18)",56,0.9285714030265808,66.2499988079071,0.05388473732429633,0.9824561403508771,0.9285714030265808,77,0.9444444444444444,0.9722222222222222,0.10769161581993103,0.09719054400920868,0.06136445038848452,0.05481130215856764,0.1291777491569519,0.9572832584381104,0.9722222222222222
"('wine', 'sens-KD', 2.0, 0.5, 18)",299,0.9285714030265808,273.21427887678146,0.05388473732429633,0.9824561403508771,0.9285714030265808,300,0.9722222222222222,0.9722222222222222,0.059443071484565735,0.059443071484565735,0.042154441277186074,0.042154441277186074,0.10789621621370316,0.9611489772796631,0.9722222222222222
"('wine', 'sens-KD', 2.0, 0.7, 18)",299,0.9285714030265808,272.9642789363861,0.03634087767517358,0.9649122807017544,0.9285714030265808,300,0.9722222222222222,0.9722222222222222,0.0657297670841217,0.0657297670841217,0.04818945791986254,0.04818945791986254,0.11818725615739822,0.9536052346229553,0.9722222222222222
"('wine', 'sens-KD', 4.0, 0.3, 18)",54,0.9285714030265808,64.42857027053833,0.05388473732429633,0.9824561403508771,0.9285714030265808,75,0.9444444444444444,0.9722222222222222,0.0977133959531784,0.08943493664264679,0.05601656271351708,0.052507183618015714,0.10633336752653122,0.9641275405883789,0.9722222222222222
"('wine', 'sens-KD', 4.0, 0.5, 18)",54,0.9285714030265808,64.214284658432,0.05388473732429633,0.9824561403508771,0.9285714030265808,75,0.9444444444444444,0.9444444444444444,0.10501176118850708,0.0948994904756546,0.04613946543799507,0.058240794473224215,0.10727524012327194,0.9643145799636841,0.9722222222222222
"('wine', 'sens-KD', 4.0, 0.7, 18)",53,0.9285714030265808,63.21428471803665,0.05388473732429633,0.9824561403508771,0.9285714030265808,74,0.9444444444444444,0.9444444444444444,0.11733859032392502,0.10764764249324799,0.04432999756601121,0.04834568003813426,0.11252865195274353,0.9597985744476318,0.9722222222222222
"('wine', 'sens-LS', 0.05, 19)",58,1.0,71.85714320838451,0.03571426868438721,1.0,0.9642857313156128,79,0.9444444444444444,0.9444444444444444,0.09411563724279404,0.10190311819314957,0.07425220476256476,0.0782942490445243,0.2222081571817398,0.9324367046356201,
"('wine', 'sens-LS', 0.1, 19)",49,1.0,63.21428595483303,0.03571426868438721,1.0,0.9642857313156128,70,0.9444444444444444,0.9444444444444444,0.12866002321243286,0.14101706445217133,0.1042099611626731,0.11266846623685625,0.3268658220767975,0.9018720984458923,
"('wine', 'sens-LS', 0.2, 19)",40,1.0,54.535714492201805,0.03571426868438721,1.0,0.9642857313156128,61,0.9444444444444444,0.9444444444444444,0.19869442284107208,0.22273138165473938,0.1631324506468243,0.18012094332112205,0.4998932480812073,0.8404548168182373,
"('wine', 'sens-LS', 0.3, 19)",36,1.0,50.85714302957058,0.03571426868438721,1.0,0.9642857313156128,57,0.9444444444444444,0.9722222222222222,0.2734265625476837,0.29969701170921326,0.2220506386624442,0.2444118567638927,0.6425299644470215,0.7788402438163757,
"('wine', 'sens-KD', 1.0, 0.3, 19)",298,1.0,293.3392857462168,0.0,1.0,1.0,300,1.0,1.0,0.027463149279356003,0.027464769780635834,0.02421002752251095,0.024212920003467135,0.07403931021690369,0.9757899045944214,0.9722222222222222
"('wine', 'sens-KD', 1.0, 0.5, 19)",299,1.0,293.3392857462168,0.0,1.0,1.0,300,1.0,1.0,0.029338859021663666,0.029338859021663666,0.026453852653503414,0.026453852653503414,0.08668655157089233,0.9735461473464966,0.9722222222222222
"('wine', 'sens-KD', 1.0, 0.7, 19)",299,1.0,293.3750000447035,-0.01754385964912286,0.9824561403508771,1.0,300,1.0,1.0,0.031161950901150703,0.031161950901150703,0.028406788905461628,0.028406788905461628,0.09666157513856888,0.9715932011604309,0.9722222222222222
"('wine', 'sens-KD', 2.0, 0.3, 19)",66,1.0,80.1250000745058,0.0,1.0,1.0,87,1.0,1.0,0.04099186509847641,0.03642876446247101,0.034499358799722456,0.03159297340446048,0.09691960364580154,0.9655005931854248,0.9722222222222222
"('wine', 'sens-KD', 2.0, 0.5, 19)",58,1.0,72.05357150733471,-0.01754385964912286,0.9824561403508771,1.0,79,1.0,1.0,0.03796122595667839,0.03347960487008095,0.032881193690829806,0.02988626559575399,0.09885051846504211,0.9671187996864319,0.9722222222222222
"('wine', 'sens-KD', 2.0, 0.7, 19)",57,1.0,70.94642858207226,-0.01754385964912286,0.9824561403508771,1.0,78,1.0,1.0,0.034477367997169495,0.03125089779496193,0.030574644605318703,0.028451462586720787,0.09696190804243088,0.9694253206253052,0.9722222222222222
"('wine', 'sens-KD', 4.0, 0.3, 19)",54,1.0,68.30357141792774,0.0,1.0,1.0,75,1.0,1.0,0.04682491719722748,0.04102439060807228,0.037923998302883566,0.035194605588912964,0.09673365205526352,0.96207594871521,0.9722222222222222
"('wine', 'sens-KD', 4.0, 0.5, 19)",70,1.0,84.37500004470348,-0.01754385964912286,0.9824561403508771,1.0,91,1.0,1.0,0.0364556685090065,0.03389255329966545,0.032417482799953885,0.030938862098587885,0.10085030645132065,0.9675825834274292,0.9722222222222222
"('wine', 'sens-KD', 4.0, 0.7, 19)",70,1.0,84.55357138812542,-0.01754385964912286,0.9824561403508771,1.0,91,1.0,1.0,0.03441915661096573,0.03272303566336632,0.031165912747383118,0.030163703693283927,0.10152553021907806,0.9688341617584229,0.9722222222222222
"('breastcancer', 'sens-LS', 0.05, 0)",14,0.9560439586639404,32.45604404807091,0.03296703034704862,0.989010989010989,0.9560439586639404,35,0.9736842105263158,0.956140350877193,0.09806719422340393,0.10673095285892487,0.059717761842828045,0.0444055157795287,0.21382279694080353,0.9230429530143738,
"('breastcancer', 'sens-LS', 0.1, 0)",10,0.9780219793319702,28.593406677246094,0.04395604068106351,0.989010989010989,0.9450549483299255,31,0.9736842105263158,0.956140350877193,0.132446750998497,0.13310454785823822,0.0945604009586468,0.07854846381304557,0.2856619358062744,0.8918463587760925,
"('breastcancer', 'sens-LS', 0.2, 0)",8,0.9670329689979553,26.714285790920258,0.04395604068106351,0.989010989010989,0.9450549483299255,29,0.9736842105263158,0.9649122807017544,0.18621420860290527,0.18682761490345,0.14708722997130008,0.1238743668062645,0.38156837224960327,0.8447844982147217,
"('breastcancer', 'sens-LS', 0.3, 0)",120,0.9670329689979553,134.20879155397415,0.03296703100204468,1.0,0.9670329689979553,141,0.9385964912280702,0.9385964912280702,0.24398362636566162,0.2486083209514618,0.15116165761362044,0.13167345994397217,0.45142096281051636,0.8188257217407227,
"('breastcancer', 'sens-KD', 1.0, 0.3, 0)",16,0.9670329689979553,34.521978110075,0.03296703034704862,0.989010989010989,0.9560439586639404,37,0.9736842105263158,0.9824561403508771,0.058642156422138214,0.047471001744270325,0.034589640404048716,0.026059877977036593,0.11523452401161194,0.9593484997749329,1.0
"('breastcancer', 'sens-KD', 1.0, 0.5, 0)",16,0.9670329689979553,34.57692316174507,0.027472524852543034,0.9835164835164835,0.9560439586639404,37,0.9736842105263158,0.9824561403508771,0.05451379716396332,0.041860487312078476,0.043793319610127224,0.02326320085609168,0.110130175948143,0.9611555337905884,1.0
"('breastcancer', 'sens-KD', 1.0, 0.7, 0)",16,0.9670329689979553,34.64835172891617,0.02197801935803756,0.978021978021978,0.9560439586639404,37,0.9736842105263158,0.9912280701754386,0.050662729889154434,0.03664616867899895,0.04113123866549709,0.02876266680265728,0.10499312728643417,0.9627313017845154,1.0
"('breastcancer', 'sens-KD', 2.0, 0.3, 0)",15,0.9670329689979553,33.62087920308113,0.027472524852543034,0.9835164835164835,0.9560439586639404,36,0.9824561403508771,0.9824561403508771,0.046859703958034515,0.03582340478897095,0.02726542740537409,0.021669856288976837,0.07561992108821869,0.9725107550621033,1.0
"('breastcancer', 'sens-KD', 2.0, 0.5, 0)",16,0.9670329689979553,34.62087920308113,0.02197801935803756,0.978021978021978,0.9560439586639404,37,0.9824561403508771,0.9912280701754386,0.04026367887854576,0.029903415590524673,0.02963907310837193,0.022019587065044203,0.0637536272406578,0.9765991568565369,1.0
"('breastcancer', 'sens-KD', 2.0, 0.7, 0)",16,0.9780219793319702,34.719780296087265,0.016483513863532084,0.9725274725274725,0.9560439586639404,37,0.9824561403508771,0.9912280701754386,0.037602879106998444,0.025597255676984787,0.015042367734407125,0.019458256269756113,0.0597488135099411,0.9776957035064697,1.0
"('breastcancer', 'sens-KD', 4.0, 0.3, 0)",16,0.9670329689979553,34.593406677246094,0.027472524852543034,0.9835164835164835,0.9560439586639404,37,0.9824561403508771,0.9912280701754386,0.03938750550150871,0.029143737629055977,0.021274247190408536,0.020916229800174112,0.05163489282131195,0.9810910224914551,1.0
"('breastcancer', 'sens-KD', 4.0, 0.5, 0)",19,0.9670329689979553,37.58241766691208,0.016483513863532084,0.9725274725274725,0.9560439586639404,40,0.9824561403508771,0.9912280701754386,0.02949109859764576,0.02399219572544098,0.016307272409137926,0.018250823543782817,0.04824255406856537,0.9807969927787781,1.0
"('breastcancer', 'sens-KD', 4.0, 0.7, 0)",160,0.9670329689979553,173.7197805941105,0.005494503529517192,0.9725274725274725,0.9670329689979553,181,0.9912280701754386,0.9912280701754386,0.022418972104787827,0.022346682846546173,0.009768252832847728,0.01004311390090407,0.03775724023580551,0.9840813279151917,1.0
"('breastcancer', 'sens-LS', 0.05, 1)",132,0.9780219793319702,148.4615386724472,0.03296703100204468,1.0,0.9670329689979553,153,0.9824561403508771,0.9824561403508771,0.07889720797538757,0.07744936645030975,0.02714784521805616,0.03043012085713841,0.14815223217010498,0.960840106010437,
"('breastcancer', 'sens-LS', 0.1, 1)",101,0.9890109896659851,118.64835178852081,0.010989010334014893,1.0,0.9890109896659851,122,0.9824561403508771,0.9824561403508771,0.104408860206604,0.10454124212265015,0.0494807864490308,0.05177684677274605,0.22704465687274933,0.9329753518104553,
"('breastcancer', 'sens-LS', 0.2, 1)",122,0.9670329689979553,138.93956062197685,0.021978020668029785,1.0,0.9780219793319702,143,0.9824561403508771,0.9824561403508771,0.14757324755191803,0.1492483913898468,0.10264101101641072,0.09893384366704708,0.34011340141296387,0.8869515061378479,
"('breastcancer', 'sens-LS', 0.3, 1)",74,0.9890109896659851,92.24175834655762,0.021978020668029785,1.0,0.9780219793319702,95,0.9824561403508771,0.9824561403508771,0.19610318541526794,0.19904547929763794,0.154106761279859,0.15648375373137624,0.42820462584495544,0.8396120667457581,
"('breastcancer', 'sens-KD', 1.0, 0.3, 1)",20,0.9670329689979553,38.68681326508522,0.01648351517352431,0.9945054945054945,0.9780219793319702,41,0.9824561403508771,0.9912280701754386,0.07441201061010361,0.08356763422489166,0.016677246281975193,0.016467481851577797,0.0570632666349411,0.9824649095535278,0.956140350877193
"('breastcancer', 'sens-KD', 1.0, 0.5, 1)",20,0.9780219793319702,38.741758316755295,0.01648351517352431,0.9945054945054945,0.9780219793319702,41,0.9824561403508771,0.9912280701754386,0.07800498604774475,0.0846867486834526,0.009183221741726526,0.02026707195399104,0.0593617781996727,0.9823328256607056,0.956140350877193
"('breastcancer', 'sens-KD', 1.0, 0.7, 1)",20,0.9780219793319702,38.785714358091354,0.01648351517352431,0.9945054945054945,0.9780219793319702,41,0.9824561403508771,0.9824561403508771,0.08335378021001816,0.09127488732337952,0.016616040677355046,0.018575412139557993,0.060156792402267456,0.9819653034210205,0.956140350877193
"('breastcancer', 'sens-KD', 2.0, 0.3, 1)",13,0.9780219793319702,31.851648420095444,0.01648351517352431,0.9945054945054945,0.9780219793319702,34,0.9824561403508771,0.9824561403508771,0.08171654492616653,0.09033022075891495,0.013245371350070884,0.021244966147238784,0.057215411216020584,0.9836297035217285,0.956140350877193
"('breastcancer', 'sens-KD', 2.0, 0.5, 1)",13,0.9780219793319702,31.851648420095444,0.01648351517352431,0.9945054945054945,0.9780219793319702,34,0.9824561403508771,0.9824561403508771,0.08769780397415161,0.10012578219175339,0.013870293111131898,0.02464363292643902,0.050263743847608566,0.985748291015625,0.956140350877193
"('breastcancer', 'sens-KD', 2.0, 0.7, 1)",13,0.9780219793319702,31.88461545109749,0.010989009679018835,0.989010989010989,0.9780219793319702,34,0.9824561403508771,0.9736842105263158,0.09286991506814957,0.10750476270914078,0.02192317707496777,0.02252145294557538,0.046889811754226685,0.9865524172782898,0.956140350877193
"('breastcancer', 'sens-KD', 4.0, 0.3, 1)",12,0.9780219793319702,30.939560502767563,0.01648351517352431,0.9945054945054945,0.9780219793319702,33,0.9824561403508771,0.9824561403508771,0.0996842235326767,0.09694155305624008,0.021917138706173813,0.023332307736078937,0.03822058066725731,0.9884774088859558,0.956140350877193
"('breastcancer', 'sens-KD', 4.0, 0.5, 1)",12,0.9780219793319702,30.928571492433548,0.010989009679018835,0.989010989010989,0.9780219793319702,33,0.9824561403508771,0.9824561403508771,0.10761551558971405,0.10566943883895874,0.023361027240753174,0.02325462772135149,0.03567800670862198,0.9884217977523804,0.956140350877193
"('breastcancer', 'sens-KD', 4.0, 0.7, 1)",13,0.9780219793319702,31.88461545109749,0.010989009679018835,0.989010989010989,0.9780219793319702,34,0.9824561403508771,0.9824561403508771,0.10416793823242188,0.11170639842748642,0.02167662350754989,0.028390712382500634,0.032564640045166016,0.9902834892272949,0.956140350877193
"('breastcancer', 'sens-LS', 0.05, 2)",110,0.9560439586639404,123.17033007740974,0.04395604133605957,1.0,0.9560439586639404,131,0.956140350877193,0.956140350877193,0.10097084194421768,0.10235080868005753,0.06814274557849817,0.05676698580122831,0.15993700921535492,0.9514408707618713,
"('breastcancer', 'sens-LS', 0.1, 2)",86,0.9560439586639404,100.40109923481941,0.04395604133605957,1.0,0.9560439586639404,107,0.956140350877193,0.956140350877193,0.1210203468799591,0.12521283328533173,0.08123506265774108,0.08260577969383776,0.23725715279579163,0.9245808124542236,
"('breastcancer', 'sens-LS', 0.2, 2)",59,0.9560439586639404,74.76373651623726,0.04395604133605957,1.0,0.9560439586639404,80,0.956140350877193,0.956140350877193,0.1684773862361908,0.17181003093719482,0.129063628221813,0.11816064255279406,0.35259079933166504,0.8747665286064148,
"('breastcancer', 'sens-LS', 0.3, 2)",58,0.9560439586639404,74.05494529008865,0.03296703100204468,1.0,0.9670329689979553,79,0.956140350877193,0.956140350877193,0.21881195902824402,0.22154414653778076,0.15853714106375713,0.15996842635305306,0.43992969393730164,0.8284777402877808,
"('breastcancer', 'sens-KD', 1.0, 0.3, 2)",13,0.9450549483299255,30.725274860858917,0.05494505167007446,1.0,0.9450549483299255,34,0.956140350877193,0.9473684210526315,0.08966757357120514,0.08437702804803848,0.031507830870778936,0.037758173126923415,0.12165343016386032,0.953444242477417,0.9912280701754386
"('breastcancer', 'sens-KD', 1.0, 0.5, 2)",13,0.9450549483299255,30.736263871192932,0.05494505167007446,1.0,0.9450549483299255,34,0.956140350877193,0.9649122807017544,0.09092977643013,0.07697281241416931,0.030075915549930776,0.03718044726472152,0.12391474843025208,0.9529658555984497,0.9912280701754386
"('breastcancer', 'sens-KD', 1.0, 0.7, 2)",13,0.9450549483299255,30.747252881526947,0.05494505167007446,1.0,0.9450549483299255,34,0.956140350877193,0.9649122807017544,0.09201621264219284,0.07380539923906326,0.03190591669919198,0.046583231603890135,0.12628315389156342,0.9523310661315918,0.9912280701754386
"('breastcancer', 'sens-KD', 2.0, 0.3, 2)",11,0.9450549483299255,28.86813199520111,0.05494505167007446,1.0,0.9450549483299255,32,0.956140350877193,0.9649122807017544,0.09551610797643661,0.06837652623653412,0.030152837435404485,0.02693867840264973,0.10871200263500214,0.9575293064117432,0.9912280701754386
"('breastcancer', 'sens-KD', 2.0, 0.5, 2)",11,0.9450549483299255,28.862637490034103,0.05494505167007446,1.0,0.9450549483299255,32,0.956140350877193,0.9649122807017544,0.09673307836055756,0.06245915964245796,0.02056117120542021,0.023975356106172525,0.1007789745926857,0.960352897644043,0.9912280701754386
"('breastcancer', 'sens-KD', 2.0, 0.7, 2)",10,0.9560439586639404,27.917582541704178,0.05494505167007446,1.0,0.9450549483299255,31,0.9473684210526315,0.9649122807017544,0.10429517924785614,0.0601537823677063,0.038105353451611666,0.022678996387280916,0.10917434096336365,0.9582039713859558,0.9912280701754386
"('breastcancer', 'sens-KD', 4.0, 0.3, 2)",9,0.9450549483299255,26.983516603708267,0.05494505167007446,1.0,0.9450549483299255,30,0.9473684210526315,0.9649122807017544,0.11132105439901352,0.061716530472040176,0.04253529613478139,0.022658870408409523,0.11775167286396027,0.955657958984375,0.9912280701754386
"('breastcancer', 'sens-KD', 4.0, 0.5, 2)",9,0.9340659379959106,26.967033088207245,0.05494505167007446,1.0,0.9450549483299255,30,0.9473684210526315,0.9649122807017544,0.1140197142958641,0.0588797964155674,0.023317936742514863,0.023180039828283747,0.10997599363327026,0.9587810039520264,0.9912280701754386
"('breastcancer', 'sens-KD', 4.0, 0.7, 2)",9,0.9340659379959106,26.95604407787323,0.05494505167007446,1.0,0.9450549483299255,30,0.9473684210526315,0.9649122807017544,0.11667654663324356,0.058009445667266846,0.031880830463610225,0.02357180390441627,0.1066683754324913,0.959985077381134,0.9912280701754386
"('breastcancer', 'sens-LS', 0.05, 3)",25,0.9670329689979553,43.093406707048416,0.05494505167007446,1.0,0.9450549483299255,46,0.9736842105263158,0.9736842105263158,0.10234197229146957,0.09614986181259155,0.05897568558391772,0.050832651163402354,0.20164139568805695,0.9287261962890625,
"('breastcancer', 'sens-LS', 0.1, 3)",19,0.9780219793319702,37.27472537755966,0.04395604133605957,1.0,0.9560439586639404,40,0.9736842105263158,0.9736842105263158,0.14325621724128723,0.12719491124153137,0.08725948291912414,0.07778460205646982,0.28846803307533264,0.8897534608840942,
"('breastcancer', 'sens-LS', 0.2, 3)",19,0.9670329689979553,37.1538462638855,0.04395604133605957,1.0,0.9560439586639404,40,0.9736842105263158,0.9736842105263158,0.1996326446533203,0.18439166247844696,0.1360816850996854,0.12239317883524976,0.3983413577079773,0.838329553604126,
"('breastcancer', 'sens-LS', 0.3, 3)",19,0.9670329689979553,37.08791220188141,0.04395604133605957,1.0,0.9560439586639404,40,0.9736842105263158,0.9649122807017544,0.252286434173584,0.23569898307323456,0.1804635399266293,0.16136490252980012,0.4775041937828064,0.793220579624176,
"('breastcancer', 'sens-KD', 1.0, 0.3, 3)",18,0.9780219793319702,36.505494594573975,0.021978020668029785,1.0,0.9780219793319702,39,0.9736842105263158,0.9736842105263158,0.09214229881763458,0.0775638222694397,0.03790586088833055,0.020767861813829627,0.1175314337015152,0.9533538222312927,0.956140350877193
"('breastcancer', 'sens-KD', 1.0, 0.5, 3)",18,0.9780219793319702,36.28021988272667,0.038461535841554095,0.9945054945054945,0.9560439586639404,39,0.9649122807017544,0.9736842105263158,0.09909761697053909,0.08364192396402359,0.03359067492317735,0.02172132855967472,0.1229083463549614,0.9500405192375183,0.956140350877193
"('breastcancer', 'sens-KD', 1.0, 0.7, 3)",16,0.9670329689979553,33.91208803653717,0.005494502219524966,0.9505494505494505,0.9450549483299255,37,0.9473684210526315,0.9649122807017544,0.116133913397789,0.09496068954467773,0.037181291663855864,0.032013859665184656,0.13966701924800873,0.9443949460983276,0.956140350877193
"('breastcancer', 'sens-KD', 2.0, 0.3, 3)",16,0.9670329689979553,34.269230872392654,0.038461535841554095,0.9945054945054945,0.9560439586639404,37,0.9736842105263158,0.9736842105263158,0.09983259439468384,0.07970034331083298,0.030952239245699127,0.022326624707171797,0.10388290882110596,0.9565452337265015,0.956140350877193
"('breastcancer', 'sens-KD', 2.0, 0.5, 3)",16,0.9560439586639404,33.82417595386505,0.03296702969205245,0.978021978021978,0.9450549483299255,37,0.956140350877193,0.9649122807017544,0.11000774800777435,0.08942873775959015,0.027386528358124815,0.016738438292553556,0.10249697417020798,0.9571000933647156,0.956140350877193
"('breastcancer', 'sens-KD', 2.0, 0.7, 3)",16,0.9560439586639404,33.85164847970009,-0.016483519103500877,0.9395604395604396,0.9560439586639404,37,0.9473684210526315,0.9649122807017544,0.12233603000640869,0.10226233303546906,0.03278381259817823,0.020027877468811846,0.10234057903289795,0.958830714225769,0.956140350877193
"('breastcancer', 'sens-KD', 4.0, 0.3, 3)",18,0.9560439586639404,35.71978035569191,0.04395604068106351,0.989010989010989,0.9450549483299255,39,0.9649122807017544,0.9649122807017544,0.10307174175977707,0.08769594132900238,0.03291665148316765,0.028107675021154847,0.08701521158218384,0.9646702408790588,0.956140350877193
"('breastcancer', 'sens-KD', 4.0, 0.5, 3)",16,0.9560439586639404,33.78021991252899,0.005494502219524966,0.9505494505494505,0.9450549483299255,37,0.9473684210526315,0.9649122807017544,0.12066532671451569,0.10141057521104813,0.022937018620340418,0.0314724319859555,0.09096211194992065,0.9622067809104919,0.956140350877193
"('breastcancer', 'sens-KD', 4.0, 0.7, 3)",18,0.9560439586639404,35.67032980918884,-0.005494508769485984,0.9395604395604396,0.9450549483299255,39,0.9385964912280702,0.9649122807017544,0.12364228069782257,0.11257418990135193,0.04118639805860684,0.030802353432303947,0.0870160460472107,0.9651979804039001,0.956140350877193
"('breastcancer', 'sens-LS', 0.05, 4)",100,0.9560439586639404,113.96703332662582,0.04395604133605957,1.0,0.9560439586639404,121,0.9473684210526315,0.9473684210526315,0.14051993191242218,0.1414853185415268,0.03073779898777341,0.029958909540845617,0.1526220291852951,0.954993486404419,
"('breastcancer', 'sens-LS', 0.1, 4)",77,0.9560439586639404,92.06593436002731,0.04395604133605957,1.0,0.9560439586639404,98,0.956140350877193,0.956140350877193,0.15194302797317505,0.1515863537788391,0.04998184871255303,0.04914703860617518,0.22826457023620605,0.9287460446357727,
"('breastcancer', 'sens-LS', 0.2, 4)",61,0.9560439586639404,76.84065958857536,0.05494505167007446,1.0,0.9450549483299255,82,0.9473684210526315,0.956140350877193,0.18727539479732513,0.18903954327106476,0.09420228579588107,0.09961786343340286,0.34477704763412476,0.8792734742164612,
"('breastcancer', 'sens-LS', 0.3, 4)",57,0.9450549483299255,72.80769255757332,0.05494505167007446,1.0,0.9450549483299255,78,0.9473684210526315,0.9473684210526315,0.23105719685554504,0.2315930724143982,0.13957283737366658,0.13799322697154262,0.4381548762321472,0.8312503099441528,
"('breastcancer', 'sens-KD', 1.0, 0.3, 4)",16,0.9560439586639404,33.78021991252899,0.04395604133605957,1.0,0.9560439586639404,37,0.956140350877193,0.9649122807017544,0.09262187033891678,0.09266116470098495,0.026675740354939515,0.03517204523086545,0.08932540565729141,0.9628195762634277,0.9736842105263158
"('breastcancer', 'sens-KD', 1.0, 0.5, 4)",16,0.9560439586639404,33.72527486085892,0.03296703034704862,0.989010989010989,0.9560439586639404,37,0.956140350877193,0.956140350877193,0.09344716370105743,0.08629491925239563,0.028344499437432547,0.031574201688431856,0.09057650715112686,0.9627521634101868,0.9736842105263158
"('breastcancer', 'sens-KD', 1.0, 0.7, 4)",16,0.9450549483299255,33.44505509734154,0.04395604068106351,0.989010989010989,0.9450549483299255,37,0.956140350877193,0.9649122807017544,0.09496498107910156,0.08519688993692398,0.020298016698736904,0.02461901307106018,0.09105441719293594,0.9637133479118347,0.9736842105263158
"('breastcancer', 'sens-KD', 2.0, 0.3, 4)",16,0.9450549483299255,33.68131881952286,0.04395604133605957,1.0,0.9560439586639404,37,0.9649122807017544,0.9649122807017544,0.09482088685035706,0.08551933616399765,0.02905514313463576,0.032038408413267945,0.06580336391925812,0.972047746181488,0.9736842105263158
"('breastcancer', 'sens-KD', 2.0, 0.5, 4)",257,0.9560439586639404,263.90109968185425,0.03296703034704862,0.989010989010989,0.9560439586639404,278,0.9736842105263158,0.9736842105263158,0.08764578402042389,0.08985377103090286,0.02477118216062847,0.02509282660066036,0.04375519976019859,0.9818662405014038,0.9736842105263158
"('breastcancer', 'sens-KD', 2.0, 0.7, 4)",7,0.8901098966598511,24.71978035569191,0.03846153518655793,0.9835164835164835,0.9450549483299255,28,0.9210526315789473,0.9736842105263158,0.15798917412757874,0.08616635203361511,0.052447881614952785,0.027425775925318394,0.19749096035957336,0.9267097115516663,0.9736842105263158
"('breastcancer', 'sens-KD', 4.0, 0.3, 4)",185,0.9560439586639404,195.01648411154747,0.04395604133605957,1.0,0.9560439586639404,206,0.9824561403508771,0.9824561403508771,0.08897298574447632,0.08916119486093521,0.03193417139220656,0.03213535275375634,0.04394954815506935,0.980986475944519,0.9736842105263158
"('breastcancer', 'sens-KD', 4.0, 0.5, 4)",185,0.9560439586639404,194.91758301854134,0.03296703034704862,0.989010989010989,0.9560439586639404,206,0.9736842105263158,0.9736842105263158,0.08930929005146027,0.08953776210546494,0.024730544341237927,0.024768523479762834,0.04544486477971077,0.981046199798584,0.9736842105263158
"('breastcancer', 'sens-KD', 4.0, 0.7, 4)",224,0.9450549483299255,230.67033046483994,0.04395604068106351,0.989010989010989,0.9450549483299255,245,0.9736842105263158,0.9736842105263158,0.09166258573532104,0.09211678802967072,0.022084605798386694,0.021990131913569938,0.04622659087181091,0.9814648032188416,0.9736842105263158
"('breastcancer', 'sens-LS', 0.05, 5)",45,0.9890109896659851,63.51648360490799,0.0,1.0,1.0,66,0.9473684210526315,0.9385964912280702,0.1577775925397873,0.154365673661232,0.05887051371105931,0.03874268500428452,0.19354353845119476,0.9277339577674866,
"('breastcancer', 'sens-LS', 0.1, 5)",57,1.0,75.64285722374916,0.010989010334014893,1.0,0.9890109896659851,78,0.956140350877193,0.956140350877193,0.15917640924453735,0.16081076860427856,0.06145816570834109,0.05302609006563822,0.25400403141975403,0.9075905084609985,
"('breastcancer', 'sens-LS', 0.2, 5)",56,0.9780219793319702,74.24175834655762,0.021978020668029785,1.0,0.9780219793319702,77,0.9473684210526315,0.956140350877193,0.19230897724628448,0.19295813143253326,0.11185141665893687,0.09380505482355753,0.3612091541290283,0.8639342784881592,
"('breastcancer', 'sens-LS', 0.3, 5)",56,0.9670329689979553,73.92857155203819,0.03296703100204468,1.0,0.9670329689979553,77,0.9649122807017544,0.956140350877193,0.23346152901649475,0.23140719532966614,0.14253049827458564,0.1404501806225693,0.4433390498161316,0.8223817348480225,
"('breastcancer', 'sens-KD', 1.0, 0.3, 5)",59,0.9780219793319702,76.92307704687119,0.021978020668029785,1.0,0.9780219793319702,80,0.9473684210526315,0.9473684210526315,0.17242427170276642,0.1662701964378357,0.044917091465832934,0.03941688202975088,0.05073822662234306,0.9814806580543518,0.9736842105263158
"('breastcancer', 'sens-KD', 1.0, 0.5, 5)",79,0.9780219793319702,96.39560455083847,0.01648351517352431,0.9945054945054945,0.9780219793319702,100,0.956140350877193,0.956140350877193,0.14470769464969635,0.13961711525917053,0.03544303408840246,0.03783231241661206,0.04887045919895172,0.9808465242385864,0.9736842105263158
"('breastcancer', 'sens-KD', 1.0, 0.7, 5)",98,0.9780219793319702,114.71428591012955,-0.005494506804497701,0.9725274725274725,0.9780219793319702,119,0.956140350877193,0.956140350877193,0.13175657391548157,0.13155096769332886,0.042803513376336345,0.036674582121665016,0.05225639417767525,0.9793952703475952,0.9736842105263158
"('breastcancer', 'sens-KD', 2.0, 0.3, 5)",176,0.9890109896659851,192.7637364566326,0.010989010334014893,1.0,0.9890109896659851,197,0.9649122807017544,0.9649122807017544,0.14728063344955444,0.13520866632461548,0.04468617418356109,0.03298006925666541,0.04903068393468857,0.9773266315460205,0.9736842105263158
"('breastcancer', 'sens-KD', 2.0, 0.5, 5)",108,0.9890109896659851,125.47802212834358,-0.005494506149501643,0.9835164835164835,0.9890109896659851,129,0.956140350877193,0.956140350877193,0.1282126009464264,0.13067284226417542,0.034188820604692416,0.04278693805661117,0.04968773201107979,0.97800612449646,0.9736842105263158
"('breastcancer', 'sens-KD', 2.0, 0.7, 5)",148,0.9890109896659851,163.58791235089302,-0.016483517138512593,0.9725274725274725,0.9890109896659851,169,0.956140350877193,0.956140350877193,0.12698054313659668,0.12281514704227448,0.036140609728662586,0.030450711647669472,0.0499473437666893,0.9787130951881409,0.9736842105263158
"('breastcancer', 'sens-KD', 4.0, 0.3, 5)",72,0.9890109896659851,89.72527486085892,0.010989009679018835,0.989010989010989,0.9780219793319702,93,0.956140350877193,0.956140350877193,0.12947724759578705,0.1326342523097992,0.04107562648622613,0.03279322594927068,0.0469944104552269,0.9793510437011719,0.9736842105263158
"('breastcancer', 'sens-KD', 4.0, 0.5, 5)",110,0.9890109896659851,127.17582434415817,-1.3099922258064112e-09,0.978021978021978,0.9780219793319702,131,0.956140350877193,0.956140350877193,0.12363806366920471,0.12455464154481888,0.027835140625635788,0.028072731013883627,0.046891339123249054,0.9802520275115967,0.9736842105263158
"('breastcancer', 'sens-KD', 4.0, 0.7, 5)",87,0.9780219793319702,104.10989028215408,-0.005494506804497701,0.9725274725274725,0.9780219793319702,108,0.9649122807017544,0.9649122807017544,0.11659327149391174,0.11705413460731506,0.03875775609100074,0.03884504186479669,0.047227054834365845,0.979905903339386,0.9736842105263158
"('breastcancer', 'sens-LS', 0.05, 6)",38,0.9670329689979553,55.785714417696,0.03296703100204468,1.0,0.9670329689979553,59,0.956140350877193,0.9473684210526315,0.12299573421478271,0.11975319683551788,0.04300892928190396,0.0631695991022545,0.19430100917816162,0.9314214587211609,
"('breastcancer', 'sens-LS', 0.1, 6)",42,0.9780219793319702,60.02197813987732,0.021978020668029785,1.0,0.9780219793319702,63,0.9473684210526315,0.9649122807017544,0.14144283533096313,0.13075067102909088,0.07325334350268045,0.06282949970479597,0.27545949816703796,0.9015079736709595,
"('breastcancer', 'sens-LS', 0.2, 6)",47,0.9780219793319702,65.08791220188141,0.021978020668029785,1.0,0.9780219793319702,68,0.9649122807017544,0.9649122807017544,0.1770322024822235,0.17216570675373077,0.13146276432171203,0.12112480297423245,0.37791216373443604,0.8554703593254089,
"('breastcancer', 'sens-LS', 0.3, 6)",51,0.9780219793319702,69.03296715021133,0.021978020668029785,1.0,0.9780219793319702,72,0.9736842105263158,0.9649122807017544,0.22145859897136688,0.22267183661460876,0.1595183051469033,0.17210949303811057,0.4554649293422699,0.8141658902168274,
"('breastcancer', 'sens-KD', 1.0, 0.3, 6)",25,0.9450549483299255,42.554945200681686,0.03296703034704862,0.989010989010989,0.9560439586639404,46,0.9736842105263158,0.9824561403508771,0.054412778466939926,0.053137775510549545,0.027035955274314214,0.018535941316370378,0.08976948261260986,0.9715447425842285,0.9912280701754386
"('breastcancer', 'sens-KD', 1.0, 0.5, 6)",25,0.9450549483299255,42.27472543716431,0.03296702969205245,0.978021978021978,0.9450549483299255,46,0.9912280701754386,0.9824561403508771,0.04068129137158394,0.03354625776410103,0.03206177761680201,0.026531810823239778,0.08605895936489105,0.972093403339386,0.9912280701754386
"('breastcancer', 'sens-KD', 1.0, 0.7, 6)",25,0.9560439586639404,42.15934082865715,0.010989007059034384,0.945054945054945,0.9340659379959106,46,1.0,1.0,0.030318383127450943,0.023400645703077316,0.026462194166685403,0.021089988842345118,0.07909096032381058,0.973537802696228,0.9912280701754386
"('breastcancer', 'sens-KD', 2.0, 0.3, 6)",25,0.9450549483299255,42.43406608700752,0.027472524852543034,0.9835164835164835,0.9560439586639404,46,0.9824561403508771,0.9824561403508771,0.030970374122262,0.02785315550863743,0.02367707668689259,0.015073704092126142,0.05697894096374512,0.9795101881027222,0.9912280701754386
"('breastcancer', 'sens-KD', 2.0, 0.5, 6)",25,0.9340659379959106,42.18681335449219,0.021978018703041502,0.967032967032967,0.9450549483299255,46,1.0,1.0,0.019912397488951683,0.017263319343328476,0.01769999349326418,0.015670465272769593,0.05293184518814087,0.9823000431060791,0.9912280701754386
"('breastcancer', 'sens-KD', 2.0, 0.7, 6)",25,0.9340659379959106,41.93956062197685,0.005494501564528909,0.9395604395604396,0.9340659379959106,46,1.0,0.9912280701754386,0.017960375174880028,0.01731191575527191,0.01580393628070229,0.014740879075569018,0.04773399978876114,0.9841960668563843,0.9912280701754386
"('breastcancer', 'sens-KD', 4.0, 0.3, 6)",31,0.9450549483299255,47.95054963231087,0.02197801935803756,0.978021978021978,0.9560439586639404,52,1.0,1.0,0.017572753131389618,0.0166774895042181,0.015587366463845235,0.0150382283486818,0.04699370265007019,0.984412670135498,0.9912280701754386
"('breastcancer', 'sens-KD', 4.0, 0.5, 6)",31,0.9340659379959106,47.56043976545334,0.010989007714030552,0.9560439560439561,0.9450549483299255,52,1.0,0.9912280701754386,0.017041219398379326,0.01714651845395565,0.014909759425280389,0.01428732903380143,0.04445940628647804,0.9850901365280151,0.9912280701754386
"('breastcancer', 'sens-KD', 4.0, 0.7, 6)",46,0.9340659379959106,61.532967299222946,0.005494501564528909,0.9395604395604396,0.9340659379959106,67,0.9912280701754386,0.9912280701754386,0.019744563847780228,0.021633654832839966,0.014819997967335215,0.014428543417077316,0.03910834714770317,0.9887984395027161,0.9912280701754386
"('breastcancer', 'sens-LS', 0.05, 7)",13,0.9890109896659851,31.587912172079086,0.04395604068106351,0.989010989010989,0.9450549483299255,34,0.9824561403508771,0.9824561403508771,0.08849786967039108,0.0752461776137352,0.04634724583542137,0.03657984890435871,0.18195296823978424,0.9383745193481445,
"('breastcancer', 'sens-LS', 0.1, 7)",10,0.9670329689979553,28.670329749584198,0.03296703034704862,0.989010989010989,0.9560439586639404,31,0.9824561403508771,0.9824561403508771,0.11907408386468887,0.09843601286411285,0.07547647074649208,0.05889736246644405,0.2528463900089264,0.9091362357139587,
"('breastcancer', 'sens-LS', 0.2, 7)",8,0.9780219793319702,26.791208863258362,0.03296703034704862,0.989010989010989,0.9560439586639404,29,0.9824561403508771,0.9824561403508771,0.17065468430519104,0.15324766933918,0.12982422479412012,0.11925339071374189,0.3539382517337799,0.8619735240936279,
"('breastcancer', 'sens-LS', 0.3, 7)",83,0.9670329689979553,99.11538484692574,0.03296703100204468,1.0,0.9670329689979553,104,0.9736842105263158,0.9649122807017544,0.21156969666481018,0.2172146737575531,0.14138949858514885,0.14411702438404686,0.43434208631515503,0.8322947025299072,
"('breastcancer', 'sens-KD', 1.0, 0.3, 7)",115,0.9890109896659851,131.95054963231087,0.010989010334014893,1.0,0.9890109896659851,136,0.9824561403508771,0.9824561403508771,0.07412741333246231,0.07686936110258102,0.02180918632892135,0.022266373822563516,0.033389799296855927,0.9874527454376221,0.9824561403508771
"('breastcancer', 'sens-KD', 1.0, 0.5, 7)",111,0.9890109896659851,128.76373639702797,-6.549960573920544e-10,0.989010989010989,0.9890109896659851,132,0.9824561403508771,0.9824561403508771,0.06726918369531631,0.07048240303993225,0.020352035238031703,0.020915915568669584,0.03554573282599449,0.9879239201545715,0.9824561403508771
"('breastcancer', 'sens-KD', 1.0, 0.7, 7)",112,0.9890109896659851,130.12637373805046,-0.02197802263301807,0.967032967032967,0.9890109896659851,133,0.9824561403508771,0.9824561403508771,0.0668073371052742,0.06810690462589264,0.01952476145928361,0.019629722624494268,0.03767518699169159,0.9876955151557922,0.9824561403508771
"('breastcancer', 'sens-KD', 2.0, 0.3, 7)",110,0.9890109896659851,127.40109905600548,0.010989010334014893,1.0,0.9890109896659851,131,0.9824561403508771,0.9824561403508771,0.06694997847080231,0.06739800423383713,0.019129082821963076,0.01939117176490912,0.03345493972301483,0.989153265953064,0.9824561403508771
"('breastcancer', 'sens-KD', 2.0, 0.5, 7)",84,0.9890109896659851,102.0769231915474,-0.005494506804497701,0.9725274725274725,0.9780219793319702,105,0.9824561403508771,0.9824561403508771,0.0649450346827507,0.06644079089164734,0.018779279370056905,0.018785051086492654,0.03481841832399368,0.9890276789665222,0.9824561403508771
"('breastcancer', 'sens-KD', 2.0, 0.7, 7)",103,0.9780219793319702,120.16483533382416,-0.01648351779350865,0.9615384615384616,0.9780219793319702,124,0.9824561403508771,0.9824561403508771,0.06697138398885727,0.06723649799823761,0.014080354519057642,0.01435478789764533,0.03378993272781372,0.9896973967552185,0.9824561403508771
"('breastcancer', 'sens-KD', 4.0, 0.3, 7)",110,0.9780219793319702,127.13186830282211,0.010989009679018835,0.989010989010989,0.9780219793319702,131,0.9824561403508771,0.9824561403508771,0.06613582372665405,0.0655309185385704,0.018738296993991734,0.01859190118940248,0.030379466712474823,0.9909180998802185,0.9824561403508771
"('breastcancer', 'sens-KD', 4.0, 0.5, 7)",133,0.9780219793319702,149.43956065177917,-0.005494506804497701,0.9725274725274725,0.9780219793319702,154,0.9824561403508771,0.9824561403508771,0.06577982008457184,0.06544645875692368,0.014370604042421325,0.016640571125766706,0.030856238678097725,0.9909119606018066,0.9824561403508771
"('breastcancer', 'sens-KD', 4.0, 0.7, 7)",84,0.9780219793319702,101.26373642683029,-0.01648351779350865,0.9615384615384616,0.9780219793319702,105,0.9824561403508771,0.9824561403508771,0.06885092705488205,0.0681176483631134,0.016297648350397764,0.016277748764606963,0.03120633400976658,0.9908653497695923,0.9824561403508771
"('breastcancer', 'sens-LS', 0.05, 8)",42,0.9560439586639404,59.20329686999321,0.05494505167007446,1.0,0.9450549483299255,63,0.9649122807017544,0.9649122807017544,0.10625884681940079,0.11109233647584915,0.03444983248125041,0.028706232706705734,0.16842134296894073,0.9451195597648621,
"('breastcancer', 'sens-LS', 0.1, 8)",46,0.9560439586639404,62.87362655997276,0.05494505167007446,1.0,0.9450549483299255,67,0.9649122807017544,0.9649122807017544,0.12494520843029022,0.1255335807800293,0.056970812772449655,0.05754089616892628,0.23897388577461243,0.9215329885482788,
"('breastcancer', 'sens-LS', 0.2, 8)",40,0.9560439586639404,57.104395776987076,0.04395604133605957,1.0,0.9560439586639404,61,0.9649122807017544,0.9649122807017544,0.17046260833740234,0.1685350090265274,0.10384656462753028,0.10417196206879199,0.35196173191070557,0.8729621767997742,
"('breastcancer', 'sens-LS', 0.3, 8)",116,0.9670329689979553,130.45054978132248,0.03296703100204468,1.0,0.9670329689979553,137,0.9824561403508771,0.9824561403508771,0.2156091183423996,0.21776753664016724,0.16028902928034466,0.16191669409735163,0.4407017230987549,0.8278270959854126,
"('breastcancer', 'sens-KD', 1.0, 0.3, 8)",19,0.9670329689979553,36.82417595386505,0.05494505167007446,1.0,0.9450549483299255,40,0.9736842105263158,0.9649122807017544,0.1068529561161995,0.13029608130455017,0.025585267104600615,0.02879456574456734,0.080940380692482,0.968142032623291,0.9736842105263158
"('breastcancer', 'sens-KD', 1.0, 0.5, 8)",19,0.9560439586639404,36.69230782985687,0.05494505167007446,1.0,0.9450549483299255,40,0.9736842105263158,0.9649122807017544,0.10821875929832458,0.1276359111070633,0.026460050490864542,0.023915348868620994,0.08420247584581375,0.966567873954773,0.9736842105263158
"('breastcancer', 'sens-KD', 1.0, 0.7, 8)",19,0.9450549483299255,36.620879262685776,0.06043955650958388,0.9945054945054945,0.9340659379959106,40,0.9736842105263158,0.9649122807017544,0.11095783114433289,0.1267179399728775,0.03773182473684608,0.020829697450002002,0.08842208236455917,0.9641627073287964,0.9736842105263158
"('breastcancer', 'sens-KD', 2.0, 0.3, 8)",191,0.9780219793319702,202.91758289933205,0.021978020668029785,1.0,0.9780219793319702,212,0.9736842105263158,0.9736842105263158,0.12727691233158112,0.12719959020614624,0.02277855967220507,0.02287644775290238,0.0465884655714035,0.9811544418334961,0.9736842105263158
"('breastcancer', 'sens-KD', 2.0, 0.5, 8)",216,0.9780219793319702,227.2252752482891,0.01648351517352431,0.9945054945054945,0.9780219793319702,237,0.9736842105263158,0.9736842105263158,0.12619251012802124,0.1261667162179947,0.020515440325987934,0.0200513433991817,0.046819884330034256,0.9815110564231873,0.9736842105263158
"('breastcancer', 'sens-KD', 2.0, 0.7, 8)",279,0.9780219793319702,287.950550109148,0.01648351517352431,0.9945054945054945,0.9780219793319702,300,0.9736842105263158,0.9736842105263158,0.12224413454532623,0.12476035207509995,0.026574741852910862,0.02664580418352492,0.04824792221188545,0.9798840284347534,0.9736842105263158
"('breastcancer', 'sens-KD', 4.0, 0.3, 8)",281,0.9780219793319702,290.04945108294487,0.01648351517352431,0.9945054945054945,0.9780219793319702,300,0.9649122807017544,0.9736842105263158,0.12421880662441254,0.12468437850475311,0.019824988486473988,0.01760269047921161,0.05181761085987091,0.9769783616065979,0.9736842105263158
"('breastcancer', 'sens-KD', 4.0, 0.5, 8)",299,0.9780219793319702,290.3461543619633,0.01648351517352431,0.9945054945054945,0.9780219793319702,300,0.9736842105263158,0.9736842105263158,0.1234157457947731,0.1234157457947731,0.03341370611860038,0.03341370611860038,0.053512874990701675,0.976179838180542,0.9736842105263158
"('breastcancer', 'sens-KD', 4.0, 0.7, 8)",298,0.9780219793319702,290.0164840519428,0.01648351517352431,0.9945054945054945,0.9780219793319702,300,0.9736842105263158,0.9736842105263158,0.1228538453578949,0.12281355261802673,0.026230337849834473,0.03206887161522578,0.052132800221443176,0.9773351550102234,0.9736842105263158
"('breastcancer', 'sens-LS', 0.05, 9)",159,0.9780219793319702,173.04395639896393,0.021978020668029785,1.0,0.9780219793319702,180,0.9298245614035088,0.9298245614035088,0.15933963656425476,0.1646081656217575,0.05465381814722429,0.05572487544595149,0.1560187190771103,0.9558139443397522,
"('breastcancer', 'sens-LS', 0.1, 9)",108,0.9780219793319702,123.00000029802322,0.021978020668029785,1.0,0.9780219793319702,129,0.9298245614035088,0.9298245614035088,0.158259779214859,0.1623685210943222,0.07533954371485792,0.07655746319837736,0.23414430022239685,0.9279412627220154,
"('breastcancer', 'sens-LS', 0.2, 9)",144,0.9670329689979553,157.33516523241997,0.03296703100204468,1.0,0.9670329689979553,165,0.9298245614035088,0.9298245614035088,0.19755589962005615,0.19915547966957092,0.11849095058022882,0.1194672553162826,0.34740281105041504,0.8816485404968262,
"('breastcancer', 'sens-LS', 0.3, 9)",68,0.9780219793319702,83.82417607307434,0.03296703100204468,1.0,0.9670329689979553,89,0.9298245614035088,0.9298245614035088,0.23058860003948212,0.23609453439712524,0.15558361954856337,0.14754309884288855,0.4382716715335846,0.8309476971626282,
"('breastcancer', 'sens-KD', 1.0, 0.3, 9)",37,0.9780219793319702,54.10989028215408,0.021978020668029785,1.0,0.9780219793319702,58,0.9649122807017544,0.956140350877193,0.12530241906642914,0.13839496672153473,0.015541503826777108,0.03529369674230877,0.06468477100133896,0.9733841419219971,0.956140350877193
"('breastcancer', 'sens-KD', 1.0, 0.5, 9)",46,0.9780219793319702,62.57692328095436,0.01648351517352431,0.9945054945054945,0.9780219793319702,67,0.9736842105263158,0.9736842105263158,0.12445870786905289,0.1302466094493866,0.03636818444519711,0.02387488306614387,0.06380061060190201,0.9724269509315491,0.956140350877193
"('breastcancer', 'sens-KD', 1.0, 0.7, 9)",67,0.9780219793319702,82.66483542323112,-0.01648351779350865,0.9615384615384616,0.9780219793319702,88,0.9649122807017544,0.9736842105263158,0.12232983857393265,0.12363290786743164,0.03235079269660143,0.02349061192127693,0.05862670764327049,0.9741324782371521,0.956140350877193
"('breastcancer', 'sens-KD', 2.0, 0.3, 9)",46,0.9780219793319702,62.527472734451294,0.027472525507539203,0.9945054945054945,0.9670329689979553,67,0.9736842105263158,0.9649122807017544,0.1312602460384369,0.13158640265464783,0.03305587590786448,0.02001483032577916,0.057035207748413086,0.9754445552825928,0.956140350877193
"('breastcancer', 'sens-KD', 2.0, 0.5, 9)",89,0.9670329689979553,103.47252780199051,0.010989009024022667,0.978021978021978,0.9670329689979553,110,0.9649122807017544,0.9736842105263158,0.12547528743743896,0.125130295753479,0.026573302975872105,0.02058120986871552,0.05167705938220024,0.9782724380493164,0.956140350877193
"('breastcancer', 'sens-KD', 2.0, 0.7, 9)",112,0.9560439586639404,124.95054987072945,0.005494502874521134,0.9615384615384616,0.9560439586639404,133,0.9649122807017544,0.9649122807017544,0.12346009165048599,0.12298324704170227,0.030337922928626075,0.03045810210077386,0.05120387673377991,0.9786497950553894,0.956140350877193
"('breastcancer', 'sens-KD', 4.0, 0.3, 9)",68,0.9560439586639404,83.18681347370148,0.021978020013033728,0.989010989010989,0.9670329689979553,89,0.9649122807017544,0.9649122807017544,0.12466743588447571,0.12588664889335632,0.02682748959775553,0.02872174873686673,0.05250689387321472,0.9793636202812195,0.956140350877193
"('breastcancer', 'sens-KD', 4.0, 0.5, 9)",112,0.9560439586639404,124.82967075705528,0.02197801935803756,0.978021978021978,0.9560439586639404,133,0.9649122807017544,0.9649122807017544,0.123921237885952,0.12467259168624878,0.029780549438376176,0.03013511028206139,0.049009859561920166,0.9808671474456787,0.956140350877193
"('breastcancer', 'sens-KD', 4.0, 0.7, 9)",112,0.9450549483299255,124.23076969385147,0.016483513208536027,0.9615384615384616,0.9450549483299255,133,0.9649122807017544,0.9649122807017544,0.12278450280427933,0.12253884226083755,0.03202073929602636,0.031927896173376755,0.051233287900686264,0.9796703457832336,0.956140350877193
"('breastcancer', 'sens-LS', 0.05, 10)",12,0.9780219793319702,29.961538583040237,0.05494505167007446,1.0,0.9450549483299255,33,0.9736842105263158,0.9736842105263158,0.12423306703567505,0.11512438952922821,0.04445687616080568,0.04386794828532034,0.18881767988204956,0.9323254823684692,
"('breastcancer', 'sens-LS', 0.1, 10)",10,0.9670329689979553,28.054945170879364,0.05494505167007446,1.0,0.9450549483299255,31,0.9736842105263158,0.9736842105263158,0.14878779649734497,0.1410975605249405,0.07164079839723153,0.06981553581722996,0.26544830203056335,0.9020434021949768,
"('breastcancer', 'sens-LS', 0.2, 10)",7,0.9560439586639404,25.120879232883453,0.05494505167007446,1.0,0.9450549483299255,28,0.9649122807017544,0.9736842105263158,0.19875527918338776,0.19338513910770416,0.12041664175819933,0.12354336652839393,0.368191659450531,0.8533264994621277,
"('breastcancer', 'sens-LS', 0.3, 10)",6,0.9450549483299255,24.115384727716446,0.04395604133605957,1.0,0.9560439586639404,27,0.9649122807017544,0.9736842105263158,0.24807262420654297,0.24496936798095703,0.1568363507588704,0.17062724996031373,0.4492182433605194,0.8080759048461914,
"('breastcancer', 'sens-KD', 1.0, 0.3, 10)",13,0.9670329689979553,31.285714387893677,0.03296703100204468,1.0,0.9670329689979553,34,0.9649122807017544,0.9649122807017544,0.12031100690364838,0.1397748440504074,0.026766492609392165,0.031811983438960294,0.10563139617443085,0.9609141945838928,0.9473684210526315
"('breastcancer', 'sens-KD', 1.0, 0.5, 10)",13,0.9670329689979553,31.25824186205864,0.04395604133605957,1.0,0.9560439586639404,34,0.9649122807017544,0.9649122807017544,0.12063062936067581,0.13791222870349884,0.025081981169550058,0.03147278647673757,0.1069316416978836,0.9604940414428711,0.9473684210526315
"('breastcancer', 'sens-KD', 1.0, 0.7, 10)",13,0.9670329689979553,31.247252851724625,0.03296703034704862,0.989010989010989,0.9560439586639404,34,0.9649122807017544,0.9649122807017544,0.12134853005409241,0.1358756124973297,0.033984537710223306,0.034783413012822506,0.10878325998783112,0.9597349762916565,0.9473684210526315
"('breastcancer', 'sens-KD', 2.0, 0.3, 10)",11,0.9670329689979553,29.307692408561707,0.03296703100204468,1.0,0.9670329689979553,32,0.956140350877193,0.956140350877193,0.1332423835992813,0.13713617622852325,0.038913648902324224,0.0335492449894286,0.09209500998258591,0.9652609825134277,0.9473684210526315
"('breastcancer', 'sens-KD', 2.0, 0.5, 10)",11,0.9670329689979553,29.31868141889572,0.027472525507539203,0.9945054945054945,0.9670329689979553,32,0.956140350877193,0.956140350877193,0.13936495780944824,0.13664641976356506,0.031095932450210848,0.03461637308723051,0.08602625131607056,0.9668996334075928,0.9473684210526315
"('breastcancer', 'sens-KD', 2.0, 0.7, 10)",12,0.9560439586639404,30.175824284553528,0.021978020013033728,0.989010989010989,0.9670329689979553,33,0.956140350877193,0.9649122807017544,0.14381879568099976,0.13763049244880676,0.047658108828360586,0.03659507109407797,0.07644055783748627,0.9701876640319824,0.9473684210526315
"('breastcancer', 'sens-KD', 4.0, 0.3, 10)",26,0.9670329689979553,43.73626387119293,0.03296703100204468,1.0,0.9670329689979553,47,0.9473684210526315,0.9649122807017544,0.1367354691028595,0.13484346866607666,0.035703408090691814,0.03619293685545001,0.055101700127124786,0.9770827293395996,0.9473684210526315
"('breastcancer', 'sens-KD', 4.0, 0.5, 10)",17,0.9670329689979553,35.00000011920929,0.027472525507539203,0.9945054945054945,0.9670329689979553,38,0.9473684210526315,0.9649122807017544,0.1467338353395462,0.13542334735393524,0.04136566896187635,0.034758836030960125,0.060181427747011185,0.9771882891654968,0.9473684210526315
"('breastcancer', 'sens-KD', 4.0, 0.7, 10)",16,0.9670329689979553,33.989011108875275,0.016483514518528142,0.9835164835164835,0.9670329689979553,37,0.9473684210526315,0.9649122807017544,0.1502377688884735,0.13726778328418732,0.04801450957331745,0.04208754604322872,0.06144115701317787,0.9763111472129822,0.9473684210526315
"('breastcancer', 'sens-LS', 0.05, 11)",15,0.9780219793319702,33.68681326508522,0.01648351517352431,0.9945054945054945,0.9780219793319702,36,0.9473684210526315,0.956140350877193,0.13636866211891174,0.12337925285100937,0.0641868281782719,0.07759027575191697,0.237418070435524,0.9129007458686829,
"('breastcancer', 'sens-LS', 0.1, 11)",66,0.9780219793319702,83.68681332468987,0.021978020668029785,1.0,0.9780219793319702,87,0.956140350877193,0.9649122807017544,0.13548648357391357,0.13328172266483307,0.07293658664352015,0.08632096857355352,0.27511605620384216,0.9047130942344666,
"('breastcancer', 'sens-LS', 0.2, 11)",62,0.9780219793319702,79.80769243836403,0.021978020668029785,1.0,0.9780219793319702,83,0.9736842105263158,0.9649122807017544,0.1854126900434494,0.18476468324661255,0.13003161967846386,0.12453762847080566,0.38618552684783936,0.854398787021637,
"('breastcancer', 'sens-LS', 0.3, 11)",50,0.9780219793319702,68.10439571738243,0.021978020668029785,1.0,0.9780219793319702,71,0.9649122807017544,0.9736842105263158,0.24137800931930542,0.23549047112464905,0.16260970475380881,0.16632719625506484,0.47296425700187683,0.8040773868560791,
"('breastcancer', 'sens-KD', 1.0, 0.3, 11)",20,0.9890109896659851,38.978022038936615,0.005494504839509418,0.9945054945054945,0.9890109896659851,41,0.9736842105263158,0.9736842105263158,0.08422679454088211,0.07286448776721954,0.021314338111040915,0.01478525682499531,0.11480996012687683,0.9570586085319519,0.956140350877193
"('breastcancer', 'sens-KD', 1.0, 0.5, 11)",20,0.9890109896659851,38.90659347176552,0.01648351517352431,0.9945054945054945,0.9780219793319702,41,0.9649122807017544,0.9736842105263158,0.07977797091007233,0.07032086700201035,0.03720716373962272,0.022136931879478555,0.11479652673006058,0.9568074345588684,0.956140350877193
"('breastcancer', 'sens-KD', 1.0, 0.7, 11)",19,0.9890109896659851,37.829670399427414,0.005494504184513249,0.9835164835164835,0.9780219793319702,40,0.9649122807017544,0.9824561403508771,0.07910852134227753,0.07195153087377548,0.03819026706511514,0.01954348150052522,0.11875559389591217,0.9556270241737366,0.956140350877193
"('breastcancer', 'sens-KD', 2.0, 0.3, 11)",18,0.9890109896659851,36.75824183225632,0.027472525507539203,0.9945054945054945,0.9670329689979553,39,0.9736842105263158,0.9824561403508771,0.07854492962360382,0.06803543865680695,0.021956065767689728,0.021543080346626144,0.08588468283414841,0.9663827419281006,0.956140350877193
"('breastcancer', 'sens-KD', 2.0, 0.5, 11)",15,0.9890109896659851,33.70329678058624,0.021978020013033728,0.989010989010989,0.9670329689979553,36,0.9736842105263158,0.9824561403508771,0.08782341331243515,0.06993742287158966,0.028998195602182714,0.020759129733370026,0.09307321161031723,0.963666558265686,0.956140350877193
"('breastcancer', 'sens-KD', 2.0, 0.7, 11)",14,0.9890109896659851,32.71428579092026,0.016483514518528142,0.9835164835164835,0.9670329689979553,35,0.9736842105263158,0.9824561403508771,0.09353354573249817,0.07279615849256516,0.030369293794297293,0.025845493663821273,0.09458382427692413,0.9626891016960144,0.956140350877193
"('breastcancer', 'sens-KD', 4.0, 0.3, 11)",15,0.9890109896659851,33.62637370824814,0.027472525507539203,0.9945054945054945,0.9670329689979553,36,0.9736842105263158,0.9736842105263158,0.09508638828992844,0.07288378477096558,0.02465287687485675,0.011425218561239379,0.06949674338102341,0.9711263179779053,0.956140350877193
"('breastcancer', 'sens-KD', 4.0, 0.5, 11)",15,0.9890109896659851,33.61538469791412,0.016483514518528142,0.9835164835164835,0.9670329689979553,36,0.9736842105263158,0.9736842105263158,0.09138038754463196,0.07662849873304367,0.024866943819480996,0.023723010431256207,0.06858828663825989,0.9715477228164673,0.956140350877193
"('breastcancer', 'sens-KD', 4.0, 0.7, 11)",15,0.9890109896659851,33.61538469791412,0.016483514518528142,0.9835164835164835,0.9670329689979553,36,0.9736842105263158,0.9736842105263158,0.08942092955112457,0.07925128191709518,0.023185874286450834,0.023224683184372746,0.06842978298664093,0.9715579748153687,0.956140350877193
"('breastcancer', 'sens-LS', 0.05, 12)",127,0.9780219793319702,143.12637385725975,0.021978020668029785,1.0,0.9780219793319702,148,0.9736842105263158,0.9736842105263158,0.08318346738815308,0.08342383056879044,0.0404269794623057,0.04837666739497268,0.16433677077293396,0.949485182762146,
"('breastcancer', 'sens-LS', 0.1, 12)",245,0.9670329689979553,256.5714290738106,0.03296703100204468,1.0,0.9670329689979553,266,0.9649122807017544,0.9649122807017544,0.10707218945026398,0.10932198166847229,0.07743042080025923,0.07874290566695363,0.23335835337638855,0.9266082644462585,
"('breastcancer', 'sens-LS', 0.2, 12)",107,0.9670329689979553,122.95604419708252,0.03296703100204468,1.0,0.9670329689979553,128,0.9824561403508771,0.9736842105263158,0.1522728055715561,0.15388354659080505,0.10911087195078532,0.10156610712670444,0.35071906447410583,0.8760490417480469,
"('breastcancer', 'sens-LS', 0.3, 12)",109,0.9670329689979553,125.21978044509888,0.03296703100204468,1.0,0.9670329689979553,130,0.9824561403508771,0.9649122807017544,0.20416808128356934,0.20735855400562286,0.16000074305032427,0.15512019657252124,0.4382933974266052,0.8295685648918152,
"('breastcancer', 'sens-KD', 1.0, 0.3, 12)",75,1.0,93.3021979033947,0.0,1.0,1.0,96,0.9824561403508771,0.9736842105263158,0.04845608398318291,0.049390193074941635,0.021659144184045624,0.028240155232580083,0.06250280141830444,0.9783651828765869,0.9649122807017544
"('breastcancer', 'sens-KD', 1.0, 0.5, 12)",95,1.0,113.54395613074303,-0.005494505494505475,0.9945054945054945,1.0,116,0.9736842105263158,0.9736842105263158,0.05058322474360466,0.050893791019916534,0.027450874186398688,0.027237296104431152,0.05779058113694191,0.980063259601593,0.9649122807017544
"('breastcancer', 'sens-KD', 1.0, 0.7, 12)",67,1.0,85.79120886325836,-0.03296703296703296,0.967032967032967,1.0,88,0.9736842105263158,0.9736842105263158,0.05110993981361389,0.05237293615937233,0.024049262728607447,0.02598846899835687,0.07152292877435684,0.9742146134376526,0.9649122807017544
"('breastcancer', 'sens-KD', 2.0, 0.3, 12)",73,1.0,91.14285725355148,0.010989010334014893,1.0,0.9890109896659851,94,0.9736842105263158,0.9736842105263158,0.043693214654922485,0.04819869250059128,0.025920128613187553,0.021837516312013593,0.055553920567035675,0.9801050424575806,0.9649122807017544
"('breastcancer', 'sens-KD', 2.0, 0.5, 12)",73,1.0,91.28021988272667,-0.02197802263301807,0.967032967032967,0.9890109896659851,94,0.9736842105263158,0.9736842105263158,0.04480118677020073,0.04670895263552666,0.029839390725420228,0.029674143121953597,0.05509281903505325,0.9812989234924316,0.9649122807017544
"('breastcancer', 'sens-KD', 2.0, 0.7, 12)",174,1.0,192.26373636722565,-0.03296703296703296,0.967032967032967,1.0,195,0.9736842105263158,0.9736842105263158,0.04661970213055611,0.04704463109374046,0.01890997248783446,0.01878881663606878,0.05315835401415825,0.9809085726737976,0.9649122807017544
"('breastcancer', 'sens-KD', 4.0, 0.3, 12)",154,1.0,172.29120889306068,-0.01098901098901095,0.989010989010989,1.0,175,0.9649122807017544,0.9649122807017544,0.048900339752435684,0.05306680127978325,0.030538805744104214,0.02732356180224502,0.046198293566703796,0.9818563461303711,0.9649122807017544
"('breastcancer', 'sens-KD', 4.0, 0.5, 12)",166,1.0,183.73076936602592,-0.03296703296703296,0.967032967032967,1.0,187,0.9736842105263158,0.9736842105263158,0.0451437383890152,0.04586300253868103,0.02491099688044765,0.025141917822653785,0.049101270735263824,0.982321560382843,0.9649122807017544
"('breastcancer', 'sens-KD', 4.0, 0.7, 12)",64,1.0,82.06593418121338,-0.03296703296703296,0.967032967032967,1.0,85,0.9736842105263158,0.9736842105263158,0.043880634009838104,0.04528188332915306,0.02565249486973411,0.021488511771486515,0.052644092589616776,0.9805757999420166,0.9649122807017544
"('breastcancer', 'sens-LS', 0.05, 13)",35,0.9890109896659851,53.697802275419235,0.010989010334014893,1.0,0.9890109896659851,56,1.0,1.0,0.04832549765706062,0.04533825069665909,0.04384639493206091,0.041462822964316914,0.14273598790168762,0.9561536312103271,
"('breastcancer', 'sens-LS', 0.1, 13)",117,0.9890109896659851,134.84065946936607,0.010989010334014893,1.0,0.9890109896659851,138,0.9912280701754386,0.9912280701754386,0.0690823346376419,0.07129717618227005,0.06296666515500922,0.05881071718115555,0.21257087588310242,0.9393419623374939,
"('breastcancer', 'sens-LS', 0.2, 13)",82,0.9890109896659851,100.29120889306068,0.010989010334014893,1.0,0.9890109896659851,103,0.9912280701754386,0.9912280701754386,0.12393824756145477,0.1261521279811859,0.10478483009756656,0.10639469613108718,0.33285123109817505,0.888242244720459,
"('breastcancer', 'sens-LS', 0.3, 13)",77,0.9890109896659851,95.39010998606682,0.010989010334014893,1.0,0.9890109896659851,98,0.9912280701754386,0.9912280701754386,0.1774141937494278,0.179042786359787,0.15196904906055383,0.1505882347884931,0.4238739311695099,0.8414842486381531,
"('breastcancer', 'sens-KD', 1.0, 0.3, 13)",175,1.0,194.15934070944786,0.0,1.0,1.0,196,0.9736842105263158,0.9736842105263158,0.11431818455457687,0.11524814367294312,0.026486137457061226,0.019838018898378336,0.049584511667490005,0.9787501096725464,0.9385964912280702
"('breastcancer', 'sens-KD', 1.0, 0.5, 13)",141,1.0,159.7362638115883,0.010989010334014893,1.0,0.9890109896659851,162,0.9736842105263158,0.9736842105263158,0.10911868512630463,0.11010327190160751,0.03273585857006538,0.01982659990327397,0.05780155956745148,0.9751698970794678,0.9385964912280702
"('breastcancer', 'sens-KD', 1.0, 0.7, 13)",112,0.9890109896659851,129.91208803653717,-0.016483517138512593,0.9725274725274725,0.9890109896659851,133,0.9736842105263158,0.9736842105263158,0.11568880081176758,0.11728251725435257,0.021423486763970892,0.03339544147775884,0.0630032867193222,0.973720371723175,0.9385964912280702
"('breastcancer', 'sens-KD', 2.0, 0.3, 13)",79,1.0,98.01098906993866,0.0,1.0,1.0,100,0.9736842105263158,0.956140350877193,0.10915781557559967,0.1190057247877121,0.018669377293503042,0.023511727650960254,0.06010155379772186,0.9727499485015869,0.9385964912280702
"('breastcancer', 'sens-KD', 2.0, 0.5, 13)",51,1.0,69.51098909974098,-0.005494506149501643,0.9835164835164835,0.9890109896659851,72,0.9736842105263158,0.9736842105263158,0.0979282408952713,0.11250922828912735,0.0177589911117888,0.021954072149176312,0.060812562704086304,0.9744468927383423,0.9385964912280702
"('breastcancer', 'sens-KD', 2.0, 0.7, 13)",41,0.9890109896659851,59.56593415141106,-0.016483517138512593,0.9725274725274725,0.9890109896659851,62,0.9649122807017544,0.9649122807017544,0.10756001621484756,0.11753794550895691,0.03347747420009811,0.02653385202089945,0.06051476299762726,0.9758579730987549,0.9385964912280702
"('breastcancer', 'sens-KD', 4.0, 0.3, 13)",51,1.0,69.92307698726654,0.0,1.0,1.0,72,0.9736842105263158,0.9736842105263158,0.10468953847885132,0.11819087713956833,0.02248988496629812,0.03362339473607244,0.057716019451618195,0.975638747215271,0.9385964912280702
"('breastcancer', 'sens-KD', 4.0, 0.5, 13)",36,0.9890109896659851,54.56593415141106,-0.005494506149501643,0.9835164835164835,0.9890109896659851,57,0.9649122807017544,0.9649122807017544,0.10867179930210114,0.1183866634964943,0.024690601909369718,0.022489308788065293,0.056838084012269974,0.9770956039428711,0.9385964912280702
"('breastcancer', 'sens-KD', 4.0, 0.7, 13)",30,0.9890109896659851,48.61538469791412,-0.016483517138512593,0.9725274725274725,0.9890109896659851,51,0.9649122807017544,0.9649122807017544,0.11766090989112854,0.12820802628993988,0.02575685998849698,0.03235808851426107,0.05670778453350067,0.9783945679664612,0.9385964912280702
"('breastcancer', 'sens-LS', 0.05, 14)",35,0.9780219793319702,53.269230872392654,0.021978020668029785,1.0,0.9780219793319702,56,0.956140350877193,0.956140350877193,0.13075323402881622,0.14358565211296082,0.038530976625911005,0.03422645361799946,0.17683346569538116,0.9373626112937927,
"('breastcancer', 'sens-LS', 0.1, 14)",48,0.9780219793319702,65.93956056237221,0.021978020668029785,1.0,0.9780219793319702,69,0.9649122807017544,0.956140350877193,0.15602917969226837,0.14864784479141235,0.052274400727790715,0.05901586382012617,0.2452889084815979,0.914721667766571,
"('breastcancer', 'sens-LS', 0.2, 14)",65,0.9780219793319702,82.59890124201775,0.021978020668029785,1.0,0.9780219793319702,86,0.9649122807017544,0.9649122807017544,0.17795158922672272,0.18157558143138885,0.1077899692351358,0.1046731492929291,0.3527483642101288,0.8730468153953552,
"('breastcancer', 'sens-LS', 0.3, 14)",65,0.9780219793319702,82.63186827301979,0.021978020668029785,1.0,0.9780219793319702,86,0.9649122807017544,0.9649122807017544,0.221419557929039,0.22276364266872406,0.1438953505273451,0.14710015790504322,0.4372948110103607,0.8279036283493042,
"('breastcancer', 'sens-KD', 1.0, 0.3, 14)",34,0.9780219793319702,52.40109899640083,0.01648351517352431,0.9945054945054945,0.9780219793319702,55,0.9649122807017544,0.9649122807017544,0.1052342876791954,0.10205913335084915,0.026786143319648577,0.03715176435939049,0.07256076484918594,0.9698366522789001,0.9824561403508771
"('breastcancer', 'sens-KD', 1.0, 0.5, 14)",39,0.9780219793319702,57.203296810388565,0.010989009679018835,0.989010989010989,0.9780219793319702,60,0.9649122807017544,0.9649122807017544,0.08314695954322815,0.07584209740161896,0.03237834363652946,0.02346863506133093,0.07364442944526672,0.9710432291030884,0.9824561403508771
"('breastcancer', 'sens-KD', 1.0, 0.7, 14)",135,0.9780219793319702,150.89560464024544,-0.005494506804497701,0.9725274725274725,0.9780219793319702,156,0.9649122807017544,0.9736842105263158,0.07407382130622864,0.0729738399386406,0.026512914582302663,0.03235514854129989,0.05978511646389961,0.9750937223434448,0.9824561403508771
"('breastcancer', 'sens-KD', 2.0, 0.3, 14)",80,0.9780219793319702,97.25824192166328,0.01648351517352431,0.9945054945054945,0.9780219793319702,101,0.9649122807017544,0.9649122807017544,0.09486409276723862,0.09122376888990402,0.030233671790675078,0.029493358051567713,0.05748777464032173,0.9784015417098999,0.9824561403508771
"('breastcancer', 'sens-KD', 2.0, 0.5, 14)",135,0.9780219793319702,150.54395630955696,0.010989009679018835,0.989010989010989,0.9780219793319702,156,0.9736842105263158,0.9736842105263158,0.0745091363787651,0.06860636174678802,0.03302936282074239,0.03365285459317659,0.05971100181341171,0.9751157164573669,0.9824561403508771
"('breastcancer', 'sens-KD', 2.0, 0.7, 14)",293,0.9780219793319702,290.09340712428093,-0.005494506804497701,0.9725274725274725,0.9780219793319702,300,0.9736842105263158,0.9736842105263158,0.053795211017131805,0.05360595881938934,0.030893017325484957,0.03084680490326463,0.06276783347129822,0.9745233654975891,0.9824561403508771
"('breastcancer', 'sens-KD', 4.0, 0.3, 14)",161,0.9780219793319702,175.50000032782555,0.01648351517352431,0.9945054945054945,0.9780219793319702,182,0.9649122807017544,0.9649122807017544,0.07126393169164658,0.06426501274108887,0.024141106166337634,0.02087557315826416,0.05711609497666359,0.9776791930198669,0.9824561403508771
"('breastcancer', 'sens-KD', 4.0, 0.5, 14)",20,0.9670329689979553,38.505494594573975,0.010989009024022667,0.978021978021978,0.9670329689979553,41,0.9736842105263158,0.9649122807017544,0.09561570733785629,0.09407207369804382,0.02956292817467134,0.027682391175052546,0.06860517710447311,0.9721296429634094,0.9824561403508771
"('breastcancer', 'sens-KD', 4.0, 0.7, 14)",16,0.9670329689979553,34.62087920308113,0.005494503529517192,0.9725274725274725,0.9670329689979553,37,0.9736842105263158,0.9736842105263158,0.10173220187425613,0.09498553723096848,0.03144251254566925,0.029411351471616477,0.0729372426867485,0.968661904335022,0.9824561403508771
"('breastcancer', 'sens-LS', 0.05, 15)",14,0.9670329689979553,32.159340769052505,0.038461535841554095,0.9945054945054945,0.9560439586639404,35,0.956140350877193,0.9649122807017544,0.11911198496818542,0.11915086954832077,0.04917983004921361,0.04653681527104293,0.20824560523033142,0.92106032371521,
"('breastcancer', 'sens-LS', 0.1, 15)",13,0.9670329689979553,31.203296810388565,0.038461535841554095,0.9945054945054945,0.9560439586639404,34,0.956140350877193,0.9649122807017544,0.14944353699684143,0.1468658447265625,0.07735689428814671,0.06672116904927973,0.28621235489845276,0.8888360857963562,
"('breastcancer', 'sens-LS', 0.2, 15)",28,0.9560439586639404,45.406593561172485,0.04945054617556899,0.9945054945054945,0.9450549483299255,49,0.9649122807017544,0.9649122807017544,0.19910584390163422,0.19160506129264832,0.1278347508949146,0.11390558303448192,0.39056241512298584,0.8467656970024109,
"('breastcancer', 'sens-LS', 0.3, 15)",41,0.9450549483299255,57.72527492046356,0.04945054617556899,0.9945054945054945,0.9450549483299255,62,0.9649122807017544,0.9649122807017544,0.2416796088218689,0.2354642152786255,0.1575990554533507,0.1518273432003824,0.4650806486606598,0.808198094367981,
"('breastcancer', 'sens-KD', 1.0, 0.3, 15)",17,0.9670329689979553,35.203296810388565,0.027472525507539203,0.9945054945054945,0.9670329689979553,38,0.9649122807017544,0.9736842105263158,0.08047618716955185,0.06497857719659805,0.04355668185050027,0.020848422719721205,0.12294846773147583,0.9527910351753235,0.9824561403508771
"('breastcancer', 'sens-KD', 1.0, 0.5, 15)",25,0.9780219793319702,43.19780230522156,0.010989009679018835,0.989010989010989,0.9780219793319702,46,0.9912280701754386,0.9912280701754386,0.06551936268806458,0.05909081920981407,0.0372994787860335,0.028902594980440646,0.10438115149736404,0.960040271282196,0.9824561403508771
"('breastcancer', 'sens-KD', 1.0, 0.7, 15)",25,0.9670329689979553,42.69230782985687,-0.010989012953999233,0.9560439560439561,0.9670329689979553,46,0.9912280701754386,0.9912280701754386,0.06454254686832428,0.059438496828079224,0.035592971663726,0.03317412524892572,0.1037391871213913,0.9621176719665527,0.9824561403508771
"('breastcancer', 'sens-KD', 2.0, 0.3, 15)",17,0.9780219793319702,35.42857152223587,0.010989009679018835,0.989010989010989,0.9780219793319702,38,0.9736842105263158,0.9912280701754386,0.07061856240034103,0.062130920588970184,0.04588026435751663,0.028442825664553695,0.09170234948396683,0.9615404605865479,0.9824561403508771
"('breastcancer', 'sens-KD', 2.0, 0.5, 15)",25,0.9780219793319702,42.91208803653717,0.005494503529517192,0.9725274725274725,0.9670329689979553,46,0.9912280701754386,0.9912280701754386,0.06145647168159485,0.06053407862782478,0.028399733074924365,0.027287535500108154,0.08206845074892044,0.9686177968978882,0.9824561403508771
"('breastcancer', 'sens-KD', 2.0, 0.7, 15)",25,0.9670329689979553,42.61538475751877,-0.01648351844850482,0.9505494505494505,0.9670329689979553,46,0.9912280701754386,0.9912280701754386,0.062087856233119965,0.06134926155209541,0.027079716063382303,0.02529410416619819,0.0775008276104927,0.9708490967750549,0.9824561403508771
"('breastcancer', 'sens-KD', 4.0, 0.3, 15)",17,0.9890109896659851,35.417582511901855,-1.3099922258064112e-09,0.978021978021978,0.9780219793319702,38,0.9912280701754386,0.9912280701754386,0.06754626333713531,0.06295598298311234,0.0405463205094923,0.027858672434823522,0.08356207609176636,0.9635592103004456,0.9824561403508771
"('breastcancer', 'sens-KD', 4.0, 0.5, 15)",17,0.9780219793319702,35.076923191547394,-0.005494507459493758,0.9615384615384616,0.9670329689979553,38,0.9912280701754386,0.9912280701754386,0.06628098338842392,0.06255687773227692,0.030972210984481004,0.026922569463127502,0.08127565681934357,0.9664999842643738,0.9824561403508771
"('breastcancer', 'sens-KD', 4.0, 0.7, 15)",17,0.9670329689979553,34.91208803653717,-0.010989012953999233,0.9560439560439561,0.9670329689979553,38,0.9824561403508771,0.9912280701754386,0.06723898649215698,0.06309405714273453,0.029565432092599694,0.026711046172861436,0.07874332368373871,0.9690132737159729,0.9824561403508771
"('breastcancer', 'sens-LS', 0.05, 16)",47,1.0,66.19780224561691,0.021978020668029785,1.0,0.9780219793319702,68,0.9649122807017544,0.9649122807017544,0.12236077338457108,0.11775674670934677,0.047593575820588235,0.05047856715687534,0.18542838096618652,0.933059573173523,
"('breastcancer', 'sens-LS', 0.1, 16)",47,1.0,66.08791214227676,0.021978020668029785,1.0,0.9780219793319702,68,0.9649122807017544,0.9736842105263158,0.13800229132175446,0.1338275820016861,0.06384316191338657,0.06446741547500878,0.25817328691482544,0.9057378768920898,
"('breastcancer', 'sens-LS', 0.2, 16)",83,0.9890109896659851,101.42307701706886,0.03296703100204468,1.0,0.9670329689979553,104,0.9649122807017544,0.9649122807017544,0.17147758603096008,0.1773056536912918,0.10085895605254594,0.103900414809846,0.3511420488357544,0.8741718530654907,
"('breastcancer', 'sens-LS', 0.3, 16)",55,0.9890109896659851,74.1153846681118,0.010989010334014893,1.0,0.9890109896659851,76,0.9649122807017544,0.9649122807017544,0.22577504813671112,0.22660063207149506,0.15456108409061767,0.1418946730463128,0.44600778818130493,0.8196598291397095,
"('breastcancer', 'sens-KD', 1.0, 0.3, 16)",208,1.0,227.21428576111794,0.0,1.0,1.0,229,0.956140350877193,0.9649122807017544,0.14246515929698944,0.14030036330223083,0.03818712579576596,0.02875729872469317,0.059804681688547134,0.9766097068786621,0.9649122807017544
"('breastcancer', 'sens-KD', 1.0, 0.5, 16)",134,1.0,153.14835169911385,-0.01098901098901095,0.989010989010989,1.0,155,0.956140350877193,0.956140350877193,0.13332946598529816,0.13127049803733826,0.030725989425391488,0.02596801257970041,0.06964016705751419,0.9721040725708008,0.9649122807017544
"('breastcancer', 'sens-KD', 1.0, 0.7, 16)",136,1.0,155.0494506061077,-0.016483516483516536,0.9835164835164835,1.0,157,0.9649122807017544,0.9649122807017544,0.12318214774131775,0.12201320379972458,0.013825829614672751,0.03789152021993671,0.07924888283014297,0.9653124213218689,0.9649122807017544
"('breastcancer', 'sens-KD', 2.0, 0.3, 16)",101,1.0,120.1153846681118,0.0,1.0,1.0,122,0.956140350877193,0.9649122807017544,0.12378479540348053,0.12124906480312347,0.03800301698216221,0.030380286145628547,0.07096842676401138,0.9726167917251587,0.9649122807017544
"('breastcancer', 'sens-KD', 2.0, 0.5, 16)",190,0.9890109896659851,207.16483533382416,-0.005494506149501643,0.9835164835164835,0.9890109896659851,211,0.9736842105263158,0.9649122807017544,0.1166214793920517,0.11689627170562744,0.02585531640471074,0.024762722483852462,0.07900375872850418,0.9661815166473389,0.9649122807017544
"('breastcancer', 'sens-KD', 2.0, 0.7, 16)",43,0.9780219793319702,61.3791209757328,-0.010989011644007118,0.978021978021978,0.9890109896659851,64,0.9649122807017544,0.9649122807017544,0.12799131870269775,0.12526069581508636,0.03429003765708517,0.042944379543003244,0.08355309069156647,0.9624645709991455,0.9649122807017544
"('breastcancer', 'sens-KD', 4.0, 0.3, 16)",168,1.0,185.37912103533745,-0.005494506149501643,0.9835164835164835,0.9890109896659851,189,0.9649122807017544,0.9649122807017544,0.11677686870098114,0.11782576143741608,0.03604627753558912,0.033981815764778545,0.06860785186290741,0.9735617637634277,0.9649122807017544
"('breastcancer', 'sens-KD', 4.0, 0.5, 16)",290,1.0,296.3626375198364,-0.016483516483516536,0.9835164835164835,1.0,300,0.9736842105263158,0.9736842105263158,0.12038347870111465,0.120913565158844,0.02926862448976751,0.03803665282433494,0.07433965802192688,0.9667348265647888,0.9649122807017544
"('breastcancer', 'sens-KD', 4.0, 0.7, 16)",39,0.9780219793319702,57.47252756357193,-1.3099922258064112e-09,0.978021978021978,0.9780219793319702,60,0.9649122807017544,0.9649122807017544,0.12810306251049042,0.12439560145139694,0.030253479878107715,0.01933186514335767,0.08284921944141388,0.9637451767921448,0.9649122807017544
"('breastcancer', 'sens-LS', 0.05, 17)",60,0.9890109896659851,78.64835172891617,0.010989010334014893,1.0,0.9890109896659851,81,0.9649122807017544,0.9649122807017544,0.10168493539094925,0.10415513068437576,0.060394287632222765,0.050325696405611534,0.19932974874973297,0.9286362528800964,
"('breastcancer', 'sens-LS', 0.1, 17)",73,0.9890109896659851,91.521978110075,0.010989010334014893,1.0,0.9890109896659851,94,0.9736842105263158,0.9649122807017544,0.12712426483631134,0.1302170753479004,0.0780775384944782,0.07018816471099854,0.2659831941127777,0.9053076505661011,
"('breastcancer', 'sens-LS', 0.2, 17)",92,0.9890109896659851,110.32417592406273,0.010989010334014893,1.0,0.9890109896659851,113,0.9649122807017544,0.9649122807017544,0.17434921860694885,0.1797630786895752,0.11218536998096265,0.122418121810545,0.3741949200630188,0.8617101907730103,
"('breastcancer', 'sens-LS', 0.3, 17)",119,0.9890109896659851,137.05494517087936,0.010989010334014893,1.0,0.9890109896659851,140,0.9736842105263158,0.9736842105263158,0.2243524193763733,0.22924178838729858,0.16519866282479806,0.16136975455702396,0.4570051431655884,0.8167120814323425,
"('breastcancer', 'sens-KD', 1.0, 0.3, 17)",30,0.9780219793319702,48.631868213415146,0.01648351517352431,0.9945054945054945,0.9780219793319702,51,0.9736842105263158,0.9736842105263158,0.07931693643331528,0.07930414378643036,0.036079628425732,0.021237371260659704,0.08839929103851318,0.9661356806755066,0.9824561403508771
"('breastcancer', 'sens-KD', 1.0, 0.5, 17)",28,0.9780219793319702,46.675824254751205,0.01648351517352431,0.9945054945054945,0.9780219793319702,49,0.9736842105263158,0.9736842105263158,0.08280865103006363,0.08213738352060318,0.037192566352978094,0.0282199267755475,0.09308288991451263,0.962573230266571,0.9824561403508771
"('breastcancer', 'sens-KD', 1.0, 0.7, 17)",21,0.9780219793319702,39.84065940976143,-0.005494506804497701,0.9725274725274725,0.9780219793319702,42,0.9824561403508771,0.9649122807017544,0.09023051708936691,0.08784622699022293,0.032578452114473265,0.021968744825898525,0.10729353129863739,0.9556220769882202,0.9824561403508771
"('breastcancer', 'sens-KD', 2.0, 0.3, 17)",18,0.9780219793319702,36.868131935596466,0.01648351517352431,0.9945054945054945,0.9780219793319702,39,0.9649122807017544,0.9736842105263158,0.08746405690908432,0.0811963677406311,0.02679918837129021,0.03620109694045888,0.0831092894077301,0.964813768863678,0.9824561403508771
"('breastcancer', 'sens-KD', 2.0, 0.5, 17)",17,0.9780219793319702,35.87912094593048,0.005494504184513249,0.9835164835164835,0.9780219793319702,38,0.9649122807017544,0.9736842105263158,0.0914660394191742,0.08932895213365555,0.02365407033970482,0.020597347564864546,0.08333063125610352,0.9635345935821533,0.9824561403508771
"('breastcancer', 'sens-KD', 2.0, 0.7, 17)",17,0.9780219793319702,35.868131935596466,-0.005494506804497701,0.9725274725274725,0.9780219793319702,38,0.9649122807017544,0.9736842105263158,0.09454531222581863,0.09514005482196808,0.020307145620647237,0.020414026682836976,0.08342338353395462,0.9626471996307373,0.9824561403508771
"('breastcancer', 'sens-KD', 4.0, 0.3, 17)",18,0.9780219793319702,36.8956044614315,0.01648351517352431,0.9945054945054945,0.9780219793319702,39,0.956140350877193,0.9824561403508771,0.09102199226617813,0.08880186080932617,0.0247687624211897,0.026157059690408532,0.07436370104551315,0.9673045873641968,0.9824561403508771
"('breastcancer', 'sens-KD', 4.0, 0.5, 17)",18,0.9780219793319702,36.8956044614315,0.005494504184513249,0.9835164835164835,0.9780219793319702,39,0.9649122807017544,0.9736842105263158,0.09416840970516205,0.09539815783500671,0.029611042717046912,0.030039596453047605,0.07671555131673813,0.9651989936828613,0.9824561403508771
"('breastcancer', 'sens-KD', 4.0, 0.7, 17)",18,0.9890109896659851,37.109890162944794,-0.016483517138512593,0.9725274725274725,0.9890109896659851,39,0.9649122807017544,0.9736842105263158,0.09752219170331955,0.10037274658679962,0.023389213963558763,0.01989289595369704,0.07838984578847885,0.9635022282600403,0.9824561403508771
"('breastcancer', 'sens-LS', 0.05, 18)",37,0.9670329689979553,54.60989025235176,0.03296703100204468,1.0,0.9670329689979553,58,0.9649122807017544,0.9649122807017544,0.11013855785131454,0.1026429831981659,0.04933849395367137,0.034984310990885684,0.18467465043067932,0.9332770109176636,
"('breastcancer', 'sens-LS', 0.1, 18)",44,0.9670329689979553,61.148351818323135,0.05494505167007446,1.0,0.9450549483299255,65,0.9649122807017544,0.9649122807017544,0.1292266547679901,0.1252584159374237,0.06676861957499855,0.06069551016155042,0.25243571400642395,0.9100940823554993,
"('breastcancer', 'sens-LS', 0.2, 18)",62,0.9450549483299255,77.98351672291756,0.04395604133605957,1.0,0.9560439586639404,83,0.9649122807017544,0.9649122807017544,0.1729479432106018,0.17964878678321838,0.11113352315467699,0.10484368497865242,0.35851556062698364,0.8666159510612488,
"('breastcancer', 'sens-LS', 0.3, 18)",62,0.9450549483299255,78.00549474358559,0.04395604133605957,1.0,0.9560439586639404,83,0.9649122807017544,0.9473684210526315,0.22439846396446228,0.22985075414180756,0.14924226413693342,0.15079994944103978,0.4450860023498535,0.8204715251922607,
"('breastcancer', 'sens-KD', 1.0, 0.3, 18)",33,0.9670329689979553,50.87362650036812,0.027472525507539203,0.9945054945054945,0.9670329689979553,54,0.9649122807017544,0.9649122807017544,0.09379437565803528,0.10266135632991791,0.027697091562706166,0.03877352465663039,0.07483525574207306,0.9723805785179138,0.9649122807017544
"('breastcancer', 'sens-KD', 1.0, 0.5, 18)",38,0.9780219793319702,55.989011108875275,0.01648351517352431,0.9945054945054945,0.9780219793319702,59,0.9649122807017544,0.9649122807017544,0.09752197563648224,0.10121307522058487,0.0371504012952771,0.032482981681823724,0.07093436270952225,0.9744046926498413,0.9649122807017544
"('breastcancer', 'sens-KD', 1.0, 0.7, 18)",52,0.9890109896659851,70.31318691372871,-0.010989011644007118,0.978021978021978,0.9890109896659851,73,0.9649122807017544,0.9649122807017544,0.09997734427452087,0.09963054955005646,0.030734403091564506,0.024426019505450598,0.06665584444999695,0.9770395755767822,0.9649122807017544
"('breastcancer', 'sens-KD', 2.0, 0.3, 18)",47,0.9780219793319702,64.87912100553513,0.01648351517352431,0.9945054945054945,0.9780219793319702,68,0.9649122807017544,0.9649122807017544,0.09109217673540115,0.09011756628751755,0.03211046729171489,0.031213599338866152,0.0545172244310379,0.9814442992210388,0.9649122807017544
"('breastcancer', 'sens-KD', 2.0, 0.5, 18)",52,0.9890109896659851,70.20329681038857,0.005494504839509418,0.9945054945054945,0.9890109896659851,73,0.9649122807017544,0.9649122807017544,0.09041989594697952,0.0900048315525055,0.03116574883460998,0.028986263170576933,0.0505659282207489,0.9834097027778625,0.9649122807017544
"('breastcancer', 'sens-KD', 2.0, 0.7, 18)",52,0.9890109896659851,70.24725285172462,-0.010989011644007118,0.978021978021978,0.9890109896659851,73,0.9649122807017544,0.9649122807017544,0.092799112200737,0.09265792369842529,0.032306943023413935,0.03184685215615389,0.04826058819890022,0.9842167496681213,0.9649122807017544
"('breastcancer', 'sens-KD', 4.0, 0.3, 18)",41,0.9890109896659851,59.269230872392654,0.005494504839509418,0.9945054945054945,0.9890109896659851,62,0.9649122807017544,0.9649122807017544,0.08911596238613129,0.0896659791469574,0.03022277302909316,0.028163107863643684,0.046641234308481216,0.9844260215759277,0.9649122807017544
"('breastcancer', 'sens-KD', 4.0, 0.5, 18)",34,0.9780219793319702,52.17032977938652,-0.005494506149501643,0.9835164835164835,0.9890109896659851,55,0.9649122807017544,0.9649122807017544,0.09266272932291031,0.09394422173500061,0.02659030598506593,0.033706530667187914,0.048000264912843704,0.9832268357276917,0.9649122807017544
"('breastcancer', 'sens-KD', 4.0, 0.7, 18)",34,0.9780219793319702,52.10989022254944,-1.3099922258064112e-09,0.978021978021978,0.9780219793319702,55,0.9649122807017544,0.9649122807017544,0.0947289988398552,0.0967194065451622,0.028093503232587844,0.03125419323904476,0.04787464812397957,0.983169674873352,0.9649122807017544
"('breastcancer', 'sens-LS', 0.05, 19)",27,0.9890109896659851,45.846153914928436,0.010989010334014893,1.0,0.9890109896659851,48,0.9649122807017544,0.956140350877193,0.10632819682359695,0.11610709875822067,0.053231769486477495,0.046330038915600696,0.1948043406009674,0.9295740723609924,
"('breastcancer', 'sens-LS', 0.1, 19)",64,0.9890109896659851,82.28021988272667,0.021978020668029785,1.0,0.9780219793319702,85,0.956140350877193,0.956140350877193,0.13942234218120575,0.1402711570262909,0.06760966150384201,0.0662966605864073,0.2596038579940796,0.9080280661582947,
"('breastcancer', 'sens-LS', 0.2, 19)",52,0.9890109896659851,70.36263746023178,0.010989010334014893,1.0,0.9890109896659851,73,0.956140350877193,0.956140350877193,0.18292680382728577,0.18241824209690094,0.10745040837087129,0.10658856285245795,0.364480584859848,0.8612902164459229,
"('breastcancer', 'sens-LS', 0.3, 19)",42,0.9890109896659851,60.521978110075,0.010989010334014893,1.0,0.9890109896659851,63,0.956140350877193,0.956140350877193,0.22877226769924164,0.23427283763885498,0.1563817398589954,0.15426147925226313,0.4478844106197357,0.8158178329467773,
"('breastcancer', 'sens-KD', 1.0, 0.3, 19)",21,0.9890109896659851,39.741758316755295,0.010989009679018835,0.989010989010989,0.9780219793319702,42,0.9649122807017544,0.9649122807017544,0.07848268747329712,0.07687607407569885,0.02520747195210373,0.02391791448258517,0.09906336665153503,0.967108964920044,0.956140350877193
"('breastcancer', 'sens-KD', 1.0, 0.5, 19)",19,0.9890109896659851,37.521978110075,0.027472524852543034,0.9835164835164835,0.9560439586639404,40,0.9649122807017544,0.9649122807017544,0.07771607488393784,0.0742582306265831,0.04110936376086452,0.03347406889262952,0.10444179177284241,0.9646618366241455,0.956140350877193
"('breastcancer', 'sens-KD', 1.0, 0.7, 19)",19,0.9890109896659851,37.32417592406273,0.016483513863532084,0.9725274725274725,0.9560439586639404,40,0.9649122807017544,0.956140350877193,0.07633493840694427,0.07413418591022491,0.04829564324596472,0.035860198631621244,0.1012529507279396,0.9650855660438538,0.956140350877193
"('breastcancer', 'sens-KD', 2.0, 0.3, 19)",20,0.9890109896659851,38.58241766691208,0.016483514518528142,0.9835164835164835,0.9670329689979553,41,0.9649122807017544,0.9649122807017544,0.07818662375211716,0.07843416929244995,0.03541658949433711,0.0338869361500991,0.07077105343341827,0.9765702486038208,0.956140350877193
"('breastcancer', 'sens-KD', 2.0, 0.5, 19)",14,0.9890109896659851,32.7472528219223,0.016483514518528142,0.9835164835164835,0.9670329689979553,35,0.9649122807017544,0.956140350877193,0.08064426481723785,0.07947437465190887,0.03229813774426778,0.03274401813222651,0.0893341526389122,0.968218207359314,0.956140350877193
"('breastcancer', 'sens-KD', 2.0, 0.7, 19)",13,0.9890109896659851,31.77472534775734,-0.005494506804497701,0.9725274725274725,0.9780219793319702,34,0.9649122807017544,0.956140350877193,0.08157459646463394,0.08109768480062485,0.025594502687454227,0.03325392697986804,0.0922524631023407,0.9660453200340271,0.956140350877193
"('breastcancer', 'sens-KD', 4.0, 0.3, 19)",13,0.9890109896659851,31.77472534775734,0.005494504184513249,0.9835164835164835,0.9780219793319702,34,0.9649122807017544,0.9649122807017544,0.08228424191474915,0.08714312314987183,0.029600046182933607,0.03759465510385078,0.07901012152433395,0.9707353115081787,0.956140350877193
"('breastcancer', 'sens-KD', 4.0, 0.5, 19)",13,0.9890109896659851,31.75274732708931,0.005494504184513249,0.9835164835164835,0.9780219793319702,34,0.9649122807017544,0.956140350877193,0.08218301087617874,0.08728720247745514,0.024603479786923052,0.040524606119122425,0.07599136233329773,0.9715919494628906,0.956140350877193
"('breastcancer', 'sens-KD', 4.0, 0.7, 19)",12,0.9890109896659851,30.719780296087265,-1.3099922258064112e-09,0.978021978021978,0.9780219793319702,33,0.9736842105263158,0.956140350877193,0.08261563628911972,0.08725376427173615,0.027988442726302562,0.03488291355601528,0.08050429821014404,0.9690449237823486,0.956140350877193
"('digits', 'sens-LS', 0.05, 0)",117,0.9825783967971802,132.11324109137058,0.020905911922454834,1.0,0.9790940880775452,138,0.9694444444444444,0.975,0.15567122399806976,0.1531071662902832,0.07915500874320665,0.0848556101322174,0.48047760128974915,0.8902894854545593,
"('digits', 'sens-LS', 0.1, 0)",82,0.9790940880775452,98.01045334339142,0.017421603202819824,1.0,0.9825783967971802,103,0.9694444444444444,0.975,0.22217288613319397,0.22160275280475616,0.13012489303946498,0.1408967883222633,0.6944972276687622,0.8393195271492004,
"('digits', 'sens-LS', 0.2, 0)",62,0.9756097793579102,78.33275201916695,0.020905911922454834,1.0,0.9790940880775452,83,0.9666666666666667,0.9722222222222222,0.3442319333553314,0.34063291549682617,0.2257554395745198,0.22802108753886488,1.0418591499328613,0.7447893023490906,
"('digits', 'sens-LS', 0.3, 0)",41,0.9756097793579102,57.996515691280365,0.024390220642089844,1.0,0.9756097793579102,62,0.9694444444444444,0.9722222222222222,0.4628808796405792,0.4693675637245178,0.3085508033633232,0.31791799196766485,1.3091315031051636,0.6608937382698059,
"('digits', 'sens-KD', 1.0, 0.3, 0)",83,0.9651567935943604,97.82229915261269,0.02787458896636963,1.0,0.9721254110336304,104,0.9666666666666667,0.9666666666666667,0.10953916609287262,0.11003907769918442,0.02249603801303436,0.019451175298955715,0.11882935464382172,0.960216760635376,0.9472222222222222
"('digits', 'sens-KD', 1.0, 0.5, 0)",111,0.9686411023139954,124.66550551354885,0.015712771623030974,0.9808695652173913,0.9651567935943604,132,0.9638888888888889,0.9638888888888889,0.11758143454790115,0.11702387034893036,0.01679759265647992,0.021289007903801085,0.12820890545845032,0.9572404623031616,0.9472222222222222
"('digits', 'sens-KD', 1.0, 0.7, 0)",197,0.9616724848747253,206.97038587927818,-0.00515074574429053,0.9565217391304348,0.9616724848747253,218,0.9555555555555556,0.9583333333333334,0.12219160050153732,0.12413807213306427,0.015116188137067717,0.016770152623454746,0.13365419209003448,0.9561415910720825,0.9472222222222222
"('digits', 'sens-KD', 2.0, 0.3, 0)",197,0.9756097793579102,209.37979114055634,0.024390220642089844,1.0,0.9756097793579102,218,0.9694444444444444,0.9694444444444444,0.09450315684080124,0.0961230993270874,0.014131057096852197,0.0116137729750739,0.11384888738393784,0.9628777503967285,0.9472222222222222
"('digits', 'sens-KD', 2.0, 0.5, 0)",196,0.9651567935943604,207.13240239024162,0.008744154183760955,0.9808695652173913,0.9721254110336304,217,0.9611111111111111,0.9666666666666667,0.10923045128583908,0.10847380012273788,0.01182467159297734,0.015131020132038327,0.1177377700805664,0.9612659215927124,0.9472222222222222
"('digits', 'sens-KD', 2.0, 0.7, 0)",166,0.9651567935943604,177.20209047198296,-0.010374184898708227,0.9547826086956521,0.9651567935943604,187,0.9583333333333334,0.9583333333333334,0.12092495709657669,0.12119857221841812,0.02025807971755663,0.016129811935954606,0.119734987616539,0.9596188068389893,0.9472222222222222
"('digits', 'sens-KD', 4.0, 0.3, 0)",115,0.9756097793579102,129.39721134305,0.02265719766202179,0.9947826086956522,0.9721254110336304,136,0.9722222222222222,0.9722222222222222,0.09613671898841858,0.09431179612874985,0.013270363542768672,0.013879773351881267,0.107636958360672,0.966316282749176,0.9472222222222222
"('digits', 'sens-KD', 4.0, 0.5, 0)",150,0.9721254110336304,162.34320509433746,0.012222415053326108,0.9843478260869565,0.9721254110336304,171,0.9722222222222222,0.9638888888888889,0.10215796530246735,0.10484851896762848,0.02189418309264713,0.021390503396590585,0.11304603517055511,0.9620330929756165,0.9472222222222222
"('digits', 'sens-KD', 4.0, 0.7, 0)",166,0.9651567935943604,177.07491356134415,-0.0016785327247951232,0.9634782608695652,0.9651567935943604,187,0.9611111111111111,0.9611111111111111,0.10947081446647644,0.11069860309362411,0.02338014013237422,0.02445233431127339,0.11529384553432465,0.9605401754379272,0.9472222222222222
"('digits', 'sens-LS', 0.05, 1)",57,0.9790940880775452,74.18641151487827,0.017421603202819824,1.0,0.9825783967971802,78,0.9583333333333334,0.9583333333333334,0.21970698237419128,0.20606189966201782,0.08227830371922917,0.08381838632954493,0.48458874225616455,0.8810558915138245,
"('digits', 'sens-LS', 0.1, 1)",43,0.9825783967971802,60.46689909696579,0.017421603202819824,1.0,0.9825783967971802,64,0.9583333333333334,0.9583333333333334,0.27279800176620483,0.25845664739608765,0.1369759624203046,0.13412820229099856,0.6984983086585999,0.8293160200119019,
"('digits', 'sens-LS', 0.2, 1)",43,0.9860627055168152,60.77874532341957,0.017421603202819824,1.0,0.9825783967971802,64,0.9583333333333334,0.9638888888888889,0.37434837222099304,0.366128534078598,0.2225164192832179,0.22182116342915426,1.039837121963501,0.7397223711013794,
"('digits', 'sens-LS', 0.3, 1)",48,0.9860627055168152,65.83101013302803,0.013937294483184814,1.0,0.9860627055168152,69,0.9666666666666667,0.9722222222222222,0.48657089471817017,0.4850311279296875,0.31121309585869317,0.31664864971405926,1.3167532682418823,0.656482994556427,
"('digits', 'sens-KD', 1.0, 0.3, 1)",135,0.9790940880775452,150.04878149926662,0.024390220642089844,1.0,0.9756097793579102,156,0.9472222222222222,0.9472222222222222,0.19186528027057648,0.19043636322021484,0.019705782913499368,0.023960133973095116,0.12026330828666687,0.9586838483810425,0.9472222222222222
"('digits', 'sens-KD', 1.0, 0.5, 1)",97,0.9756097793579102,112.54703728854656,0.019172829337742003,0.9947826086956522,0.9756097793579102,118,0.9444444444444444,0.9416666666666667,0.1944555938243866,0.18897274136543274,0.024518884883986583,0.018940505468183107,0.13908110558986664,0.9546873569488525,0.9472222222222222
"('digits', 'sens-KD', 1.0, 0.7, 1)",74,0.9721254110336304,89.73867537081242,0.010507476018822737,0.9686956521739131,0.9581881761550903,95,0.9416666666666667,0.9444444444444444,0.20843519270420074,0.2014598846435547,0.0252481562395891,0.022747721274693815,0.1557237207889557,0.9514414668083191,0.9472222222222222
"('digits', 'sens-KD', 2.0, 0.3, 1)",52,0.9651567935943604,68.25958177447319,0.03484320640563965,1.0,0.9651567935943604,73,0.9527777777777777,0.9472222222222222,0.1819029003381729,0.1716150939464569,0.026861943387322958,0.021626445733838588,0.14533911645412445,0.9534094929695129,0.9472222222222222
"('digits', 'sens-KD', 2.0, 0.5, 1)",52,0.9651567935943604,67.75609837472439,0.024414471647013825,0.9860869565217392,0.9616724848747253,73,0.9444444444444444,0.95,0.18529891967773438,0.17816106975078583,0.023185254633426626,0.026249667257070543,0.14821258187294006,0.9526360630989075,0.9472222222222222
"('digits', 'sens-KD', 2.0, 0.7, 1)",56,0.9547038078308105,71.14808289706707,0.022687496517015515,0.9773913043478261,0.9547038078308105,77,0.9472222222222222,0.9472222222222222,0.18733231723308563,0.18362070620059967,0.02458566576242444,0.02565984618332648,0.14899496734142303,0.9530961513519287,0.9472222222222222
"('digits', 'sens-KD', 4.0, 0.3, 1)",30,0.9651567935943604,46.601045325398445,0.034849254255709394,0.9965217391304347,0.9616724848747253,51,0.95,0.9555555555555556,0.1926610767841339,0.17638647556304932,0.02915085380276041,0.018131760590606262,0.1438870131969452,0.9535556435585022,0.9472222222222222
"('digits', 'sens-KD', 4.0, 0.5, 1)",30,0.9616724848747253,45.973867297172546,0.02963791080143141,0.9878260869565217,0.9581881761550903,51,0.9472222222222222,0.95,0.20066331326961517,0.182199165225029,0.01795511841773984,0.023140045007069933,0.1458360105752945,0.9538033604621887,0.9472222222222222
"('digits', 'sens-KD', 4.0, 0.7, 1)",30,0.9547038078308105,45.52787418663502,0.019221331347589854,0.9669565217391304,0.9477351903915405,51,0.9472222222222222,0.9527777777777777,0.20668643712997437,0.18640457093715668,0.02047614513172044,0.01402418083614771,0.14755822718143463,0.9538495540618896,0.9472222222222222
"('digits', 'sens-LS', 0.05, 2)",126,0.9756097793579102,139.53310005366802,0.02787458896636963,1.0,0.9721254110336304,147,0.9666666666666667,0.9638888888888889,0.18102115392684937,0.18040697276592255,0.08343421949280634,0.08318833518359395,0.49439939856529236,0.8866085410118103,
"('digits', 'sens-LS', 0.1, 2)",83,0.9721254110336304,98.13588799536228,0.020905911922454834,1.0,0.9790940880775452,104,0.9694444444444444,0.9666666666666667,0.24287495017051697,0.2488909810781479,0.13975957503749264,0.14305332613488037,0.7161287069320679,0.8314454555511475,
"('digits', 'sens-LS', 0.2, 2)",123,0.9790940880775452,137.69512204825878,0.017421603202819824,1.0,0.9825783967971802,144,0.9722222222222222,0.975,0.35257813334465027,0.3608885407447815,0.23388108234438632,0.23823352141512763,1.0582343339920044,0.7421335577964783,
"('digits', 'sens-LS', 0.3, 2)",77,0.9790940880775452,92.811846986413,0.024390220642089844,1.0,0.9756097793579102,98,0.9722222222222222,0.9722222222222222,0.47532254457473755,0.4811848998069763,0.3178759596414036,0.3192101147439744,1.330101728439331,0.6564261317253113,
"('digits', 'sens-KD', 1.0, 0.3, 2)",216,0.9547038078308105,222.10801370441914,0.050525679173676896,0.9982608695652174,0.9477351903915405,237,0.9777777777777777,0.9722222222222222,0.08645398169755936,0.08803550153970718,0.015515234900845451,0.014353007243739271,0.10065339505672455,0.9701124429702759,0.975
"('digits', 'sens-KD', 1.0, 0.5, 2)",107,0.9547038078308105,118.34494844079018,0.0453143357193988,0.9895652173913043,0.9442508816719055,128,0.9722222222222222,0.9722222222222222,0.1050548106431961,0.10569138079881668,0.018604409777455814,0.026815265582667468,0.12519218027591705,0.9604748487472534,0.975
"('digits', 'sens-KD', 1.0, 0.7, 2)",71,0.9547038078308105,84.62891970574856,0.012258761758389691,0.9634782608695652,0.9512194991111755,92,0.9694444444444444,0.9666666666666667,0.11403098702430725,0.10818155109882355,0.027524719056155927,0.029871261947684823,0.15016138553619385,0.9522345066070557,0.975
"('digits', 'sens-KD', 2.0, 0.3, 2)",102,0.9616724848747253,114.84669065475464,0.03832751512527466,1.0,0.9616724848747253,123,0.9805555555555555,0.9805555555555555,0.08916827291250229,0.08575567603111267,0.02156186923384666,0.020633801072835887,0.11500311642885208,0.9654986262321472,0.975
"('digits', 'sens-KD', 2.0, 0.5, 2)",86,0.9616724848747253,99.5296174287796,0.01920312819273573,0.9773913043478261,0.9581881761550903,107,0.9777777777777777,0.9777777777777777,0.091351717710495,0.09059840440750122,0.018252940393156482,0.02117826011445788,0.12249551713466644,0.9615193605422974,0.975
"('digits', 'sens-KD', 2.0, 0.7, 2)",101,0.9616724848747253,113.98083689808846,-0.0034116153095079538,0.9582608695652174,0.9616724848747253,122,0.9694444444444444,0.9722222222222222,0.09561491757631302,0.09394501894712448,0.02333015087578032,0.022201722363630938,0.12447931617498398,0.9593557715415955,0.975
"('digits', 'sens-KD', 4.0, 0.3, 2)",86,0.9651567935943604,99.88153314590454,0.031364945536074385,0.9965217391304347,0.9651567935943604,107,0.9833333333333333,0.9833333333333333,0.08409684151411057,0.08869297057390213,0.022988177670372856,0.0224738081296285,0.11092802882194519,0.9677003622055054,0.975
"('digits', 'sens-KD', 4.0, 0.5, 2)",75,0.9651567935943604,89.08362352848053,0.008756249883900558,0.9739130434782609,0.9651567935943604,96,0.9833333333333333,0.9833333333333333,0.0941089540719986,0.09406451880931854,0.027001988059944595,0.02110809402333364,0.1171497330069542,0.9635330438613892,0.975
"('digits', 'sens-KD', 4.0, 0.7, 2)",79,0.9651567935943604,92.67073167860508,-0.005156793594360387,0.96,0.9651567935943604,100,0.9805555555555555,0.9777777777777777,0.09637855738401413,0.09916551411151886,0.022898105945852083,0.018281259553300025,0.11938607692718506,0.9624508619308472,0.975
"('digits', 'sens-LS', 0.05, 3)",143,0.9651567935943604,154.94076718389988,0.03135889768600464,1.0,0.9686411023139954,164,0.975,0.975,0.16563256084918976,0.16244567930698395,0.0785978282077445,0.08417919903165764,0.46168288588523865,0.8976797461509705,
"('digits', 'sens-LS', 0.1, 3)",158,0.9721254110336304,170.0574907809496,0.024390220642089844,1.0,0.9756097793579102,179,0.9694444444444444,0.9694444444444444,0.22028698027133942,0.2231738269329071,0.12615767597324318,0.12488244138658047,0.6766932606697083,0.8479475378990173,
"('digits', 'sens-LS', 0.2, 3)",83,0.9651567935943604,97.5243901014328,0.03484320640563965,1.0,0.9651567935943604,104,0.9694444444444444,0.9694444444444444,0.337505966424942,0.33658367395401,0.2194842924674352,0.21994187124073503,1.0240025520324707,0.7528468370437622,
"('digits', 'sens-LS', 0.3, 3)",74,0.9651567935943604,89.0435540676117,0.02787458896636963,1.0,0.9721254110336304,95,0.9666666666666667,0.9666666666666667,0.45867919921875,0.4695091247558594,0.2994994753350814,0.307093379770716,1.3003218173980713,0.6680898070335388,
"('digits', 'sens-KD', 1.0, 0.3, 3)",183,0.9651567935943604,193.23345036804676,0.04007269341012709,0.9982608695652174,0.9581881761550903,204,0.9611111111111111,0.9583333333333334,0.1601896435022354,0.16535672545433044,0.025564079069428938,0.023690879510508613,0.09516389667987823,0.9695717692375183,0.9583333333333334
"('digits', 'sens-KD', 1.0, 0.5, 3)",167,0.9616724848747253,177.87979185581207,0.03137099338614424,0.9930434782608696,0.9616724848747253,188,0.9638888888888889,0.9555555555555556,0.1661296784877777,0.16948363184928894,0.03161463571919335,0.02222477065192328,0.11171884834766388,0.9649921655654907,0.9583333333333334
"('digits', 'sens-KD', 1.0, 0.7, 3)",173,0.9651567935943604,183.70906072854996,0.012240558603535567,0.9739130434782609,0.9616724848747253,194,0.9527777777777777,0.9527777777777777,0.17050927877426147,0.1739347279071808,0.022742280115683834,0.023494149827294877,0.12015458941459656,0.9618476033210754,0.9583333333333334
"('digits', 'sens-KD', 2.0, 0.3, 3)",178,0.9616724848747253,187.98432199656963,0.03832751512527466,1.0,0.9616724848747253,199,0.9583333333333334,0.9611111111111111,0.14791414141654968,0.14265593886375427,0.024895456847217307,0.020837176260021028,0.10888069123029709,0.9655905961990356,0.9583333333333334
"('digits', 'sens-KD', 2.0, 0.5, 3)",111,0.9581881761550903,123.67247560620308,0.029631862951361665,0.991304347826087,0.9616724848747253,132,0.95,0.95,0.1606210321187973,0.15790733695030212,0.031080507155921686,0.020427947574191637,0.11569233238697052,0.9640492796897888,0.9583333333333334
"('digits', 'sens-KD', 2.0, 0.7, 3)",123,0.9616724848747253,135.22996601462364,0.013979689038318144,0.9756521739130435,0.9616724848747253,144,0.95,0.9527777777777777,0.162268728017807,0.16172555088996887,0.02752048638131883,0.01899339432517689,0.11845938116312027,0.9635379314422607,0.9583333333333334
"('digits', 'sens-KD', 4.0, 0.3, 3)",109,0.9616724848747253,121.53135968744755,0.03832751512527466,1.0,0.9616724848747253,130,0.9555555555555556,0.9555555555555556,0.14548808336257935,0.14154398441314697,0.02484922193818622,0.022882091253995894,0.11172571033239365,0.9639946818351746,0.9583333333333334
"('digits', 'sens-KD', 4.0, 0.5, 3)",127,0.9616724848747253,138.96515817940235,0.03658838469049208,0.9982608695652174,0.9616724848747253,148,0.9527777777777777,0.9555555555555556,0.1545739322900772,0.15188592672348022,0.02921284668975402,0.031754967570304854,0.11737662553787231,0.96223384141922,0.9583333333333334
"('digits', 'sens-KD', 4.0, 0.7, 3)",98,0.9616724848747253,110.65679517388344,0.013979689038318144,0.9756521739130435,0.9616724848747253,119,0.9527777777777777,0.9527777777777777,0.16404296457767487,0.1605531871318817,0.027526895205179827,0.018408287978834554,0.12133193761110306,0.9599360227584839,0.9583333333333334
"('digits', 'sens-LS', 0.05, 4)",127,0.9825783967971802,143.02787451446056,0.013937294483184814,1.0,0.9860627055168152,148,0.9583333333333334,0.9583333333333334,0.1965215653181076,0.19780142605304718,0.08609814445177714,0.08940632256368797,0.5163905620574951,0.8761837482452393,
"('digits', 'sens-LS', 0.1, 4)",80,0.9825783967971802,96.90418121218681,0.010452985763549805,1.0,0.9895470142364502,101,0.9638888888888889,0.9638888888888889,0.2576107084751129,0.25807127356529236,0.1405950317780177,0.14128264205323326,0.7238081097602844,0.8243111371994019,
"('digits', 'sens-LS', 0.2, 4)",68,0.9860627055168152,85.38501685857773,0.013937294483184814,1.0,0.9860627055168152,89,0.9583333333333334,0.95,0.372572124004364,0.3788767158985138,0.22239138794442015,0.2193444682078229,1.0559970140457153,0.7359418869018555,
"('digits', 'sens-LS', 0.3, 4)",79,0.9895470142364502,96.45818680524826,0.010452985763549805,1.0,0.9895470142364502,100,0.9638888888888889,0.9583333333333334,0.49187156558036804,0.5015596747398376,0.3103365470551782,0.31103132317463555,1.3271281719207764,0.6535523533821106,
"('digits', 'sens-KD', 1.0, 0.3, 4)",105,0.9790940880775452,120.56620328128338,0.026135458531587052,0.9982608695652174,0.9721254110336304,126,0.9555555555555556,0.9555555555555556,0.16414563357830048,0.1589902937412262,0.01692333122094474,0.01980851987997694,0.13104349374771118,0.9584140181541443,0.9472222222222222
"('digits', 'sens-KD', 1.0, 0.5, 4)",172,0.9756097793579102,184.28397141397,0.02265719766202179,0.9947826086956522,0.9721254110336304,193,0.9527777777777777,0.95,0.16542212665081024,0.1653345376253128,0.00934910774230955,0.018255809777312833,0.14721953868865967,0.9545484781265259,0.9472222222222222
"('digits', 'sens-KD', 1.0, 0.7, 4)",108,0.9651567935943604,122.05923382937908,0.010495380318683134,0.9756521739130435,0.9651567935943604,129,0.95,0.9527777777777777,0.17197966575622559,0.175560861825943,0.022631394366423255,0.031162694013781054,0.16128189861774445,0.95112144947052,0.9472222222222222
"('digits', 'sens-KD', 2.0, 0.3, 4)",50,0.9651567935943604,66.10104598104954,0.04007269341012709,0.9982608695652174,0.9581881761550903,71,0.95,0.9527777777777777,0.16941773891448975,0.16964946687221527,0.015519238842858206,0.02404251794020334,0.15021871030330658,0.9526045918464661,0.9472222222222222
"('digits', 'sens-KD', 2.0, 0.5, 4)",50,0.9547038078308105,65.57142822444439,0.03486745741056363,0.9860869565217392,0.9512194991111755,71,0.9527777777777777,0.95,0.1810193806886673,0.1791822612285614,0.026029670321279105,0.02507065617375903,0.15314672887325287,0.9519736170768738,0.9472222222222222
"('digits', 'sens-KD', 2.0, 0.7, 4)",146,0.9616724848747253,157.09930258989334,0.022687496517015515,0.9773913043478261,0.9547038078308105,167,0.9472222222222222,0.9472222222222222,0.18392473459243774,0.18588320910930634,0.021861245110631016,0.017229263070556833,0.15409570932388306,0.9496557712554932,0.9472222222222222
"('digits', 'sens-KD', 4.0, 0.3, 4)",107,0.9616724848747253,120.03658474981785,0.03832751512527466,1.0,0.9616724848747253,128,0.9444444444444444,0.9472222222222222,0.17494630813598633,0.17514389753341675,0.019392398413684637,0.021985173887676637,0.14851747453212738,0.9513285160064697,0.9472222222222222
"('digits', 'sens-KD', 4.0, 0.5, 4)",114,0.9581881761550903,126.53832682967186,0.026147554231726655,0.991304347826087,0.9651567935943604,135,0.9416666666666667,0.9444444444444444,0.17612683773040771,0.17749640345573425,0.019265882091389772,0.029908907661835328,0.15290631353855133,0.9493077397346497,0.9472222222222222
"('digits', 'sens-KD', 4.0, 0.7, 4)",114,0.9547038078308105,126.21776789426804,0.022687496517015515,0.9773913043478261,0.9547038078308105,135,0.9388888888888889,0.9388888888888889,0.1911536306142807,0.1916796863079071,0.02083475449019013,0.027153564410077175,0.1550082266330719,0.9483700394630432,0.9472222222222222
"('digits', 'sens-LS', 0.05, 5)",43,0.9790940880775452,59.81358852982521,0.02787458896636963,1.0,0.9721254110336304,64,0.9416666666666667,0.9416666666666667,0.2363392561674118,0.23003768920898438,0.0792651837070783,0.08081526441706553,0.5255298018455505,0.8677273988723755,
"('digits', 'sens-LS', 0.1, 5)",39,0.9721254110336304,55.942508548498154,0.02787458896636963,1.0,0.9721254110336304,60,0.9444444444444444,0.9472222222222222,0.29477548599243164,0.288247287273407,0.13771432638168338,0.13612515148189336,0.7499757409095764,0.8137335181236267,
"('digits', 'sens-LS', 0.2, 5)",33,0.9756097793579102,50.21080109477043,0.02787458896636963,1.0,0.9721254110336304,54,0.95,0.9472222222222222,0.4121253192424774,0.40263357758522034,0.23135720710787508,0.22601901781227854,1.0985573530197144,0.7186428308486938,
"('digits', 'sens-LS', 0.3, 5)",33,0.9721254110336304,50.320557087659836,0.02787458896636963,1.0,0.9721254110336304,54,0.9472222222222222,0.9472222222222222,0.5309873819351196,0.5234987735748291,0.31208234963317716,0.30909965435663866,1.3684910535812378,0.6351398825645447,
"('digits', 'sens-KD', 1.0, 0.3, 5)",43,0.9721254110336304,59.50696778297424,0.02787458896636963,1.0,0.9721254110336304,64,0.9277777777777778,0.9305555555555556,0.21636511385440826,0.20050805807113647,0.03113930945595106,0.03144324786133237,0.14996705949306488,0.9518558979034424,0.9694444444444444
"('digits', 'sens-KD', 1.0, 0.5, 5)",70,0.9686411023139954,85.68292546272278,0.027880636816439375,0.9965217391304347,0.9686411023139954,91,0.9388888888888889,0.9361111111111111,0.18618223071098328,0.18220354616641998,0.018977836685048224,0.024372955494456786,0.15005771815776825,0.9532191157341003,0.9694444444444444
"('digits', 'sens-KD', 1.0, 0.7, 5)",70,0.9686411023139954,85.44425016641617,0.001787632444630538,0.9739130434782609,0.9721254110336304,91,0.9388888888888889,0.9388888888888889,0.18723267316818237,0.18521016836166382,0.02223503349555865,0.02394588001900245,0.16377153992652893,0.9489188194274902,0.9694444444444444
"('digits', 'sens-KD', 2.0, 0.3, 5)",49,0.9651567935943604,64.85540068149567,0.03484320640563965,1.0,0.9651567935943604,70,0.9472222222222222,0.9555555555555556,0.1718539595603943,0.16721080243587494,0.01880167126655575,0.024791976975070126,0.15343540906906128,0.9513182640075684,0.9694444444444444
"('digits', 'sens-KD', 2.0, 0.5, 5)",52,0.9651567935943604,67.52439045906067,0.029631862951361665,0.991304347826087,0.9616724848747253,73,0.9472222222222222,0.9527777777777777,0.1777966022491455,0.17459039390087128,0.01442567871676554,0.009227828764253165,0.15409719944000244,0.9504428505897522,0.9694444444444444
"('digits', 'sens-KD', 2.0, 0.7, 5)",49,0.9616724848747253,64.45993053913116,0.017457949907883408,0.9791304347826087,0.9616724848747253,70,0.9388888888888889,0.9527777777777777,0.1865270882844925,0.18260043859481812,0.017421618766254813,0.019619375136163464,0.1596614271402359,0.9480865597724915,0.9694444444444444
"('digits', 'sens-KD', 4.0, 0.3, 5)",34,0.9616724848747253,50.04355415701866,0.03484320640563965,1.0,0.9651567935943604,55,0.9444444444444444,0.9555555555555556,0.17707663774490356,0.1643684208393097,0.01644404149717751,0.01500675413343641,0.15801534056663513,0.9471817016601562,0.9694444444444444
"('digits', 'sens-KD', 4.0, 0.5, 5)",34,0.9616724848747253,49.813588976860046,0.024408423796943968,0.9895652173913043,0.9651567935943604,55,0.9416666666666667,0.9555555555555556,0.1831197589635849,0.17327800393104553,0.01819538763827744,0.017127013620403076,0.16184929013252258,0.945397675037384,0.9694444444444444
"('digits', 'sens-KD', 4.0, 0.7, 5)",35,0.9651567935943604,50.60452979803085,0.015712771623030974,0.9808695652173913,0.9651567935943604,56,0.9388888888888889,0.9555555555555556,0.19013626873493195,0.17853832244873047,0.022242121564017368,0.021428262856271495,0.16299590468406677,0.9458258748054504,0.9694444444444444
"('digits', 'sens-LS', 0.05, 6)",32,0.9477351903915405,47.78397184610367,0.04878050088882446,1.0,0.9512194991111755,53,0.9527777777777777,0.9527777777777777,0.2225126326084137,0.21118324995040894,0.07475551226072841,0.07765155335267386,0.4781920611858368,0.8840338587760925,
"('digits', 'sens-LS', 0.1, 6)",78,0.9547038078308105,91.82926747202873,0.04181182384490967,1.0,0.9581881761550903,99,0.9638888888888889,0.9638888888888889,0.25625279545783997,0.25609248876571655,0.1291243925690651,0.13334107738402157,0.7053412795066833,0.8376261591911316,
"('digits', 'sens-LS', 0.2, 6)",79,0.9581881761550903,93.04006929695606,0.04181182384490967,1.0,0.9581881761550903,100,0.9666666666666667,0.9666666666666667,0.365140438079834,0.36684650182724,0.22111924058861201,0.22220263042383723,1.04850435256958,0.7455474734306335,
"('digits', 'sens-LS', 0.3, 6)",107,0.9547038078308105,119.98606272041798,0.04529619216918945,1.0,0.9547038078308105,128,0.9694444444444444,0.9694444444444444,0.4767191708087921,0.48029235005378723,0.30788307156827716,0.3110485558708509,1.3258298635482788,0.6615613102912903,
"('digits', 'sens-KD', 1.0, 0.3, 6)",76,0.9547038078308105,89.59581857919693,0.04878050088882446,1.0,0.9512194991111755,97,0.95,0.9527777777777777,0.19144600629806519,0.20052313804626465,0.01972719687554572,0.02195291850301953,0.13088160753250122,0.9591718912124634,0.9388888888888889
"('digits', 'sens-KD', 1.0, 0.5, 6)",85,0.9512194991111755,97.94947680830956,0.05226480960845947,1.0,0.9477351903915405,106,0.9472222222222222,0.95,0.20015811920166016,0.21272093057632446,0.0335178333852026,0.03448088694777755,0.15014450252056122,0.9546200037002563,0.9388888888888889
"('digits', 'sens-KD', 1.0, 0.7, 6)",85,0.9512194991111755,97.90766540169716,0.0331343748258508,0.9808695652173913,0.9477351903915405,106,0.95,0.95,0.21562595665454865,0.23082703351974487,0.030072066684563914,0.028819706787665683,0.1671624332666397,0.9486363530158997,0.9388888888888889
"('digits', 'sens-KD', 2.0, 0.3, 6)",52,0.9547038078308105,66.73867517709732,0.05226480960845947,1.0,0.9477351903915405,73,0.9555555555555556,0.9555555555555556,0.21937988698482513,0.22369857132434845,0.025484115133682924,0.027917373180389362,0.14682714641094208,0.9550303220748901,0.9388888888888889
"('digits', 'sens-KD', 2.0, 0.5, 6)",50,0.9547038078308105,64.53484272956848,0.0453143357193988,0.9895652173913043,0.9442508816719055,71,0.95,0.9472222222222222,0.23606181144714355,0.234649658203125,0.039469305011961234,0.030546768754720725,0.15522390604019165,0.9514685869216919,0.9388888888888889
"('digits', 'sens-KD', 2.0, 0.7, 6)",34,0.9512194991111755,49.12717753648758,0.04358125313468597,0.9843478260869565,0.9407665729522705,55,0.9388888888888889,0.9444444444444444,0.24986085295677185,0.25413089990615845,0.03192553230457837,0.032616514547003615,0.16394980251789093,0.948197066783905,0.9388888888888889
"('digits', 'sens-KD', 4.0, 0.3, 6)",85,0.9547038078308105,97.84320545196533,0.04181182384490967,1.0,0.9581881761550903,106,0.9527777777777777,0.9527777777777777,0.2386389821767807,0.24783892929553986,0.018995161602894425,0.02347867687543232,0.13639749586582184,0.9576976299285889,0.9388888888888889
"('digits', 'sens-KD', 4.0, 0.5, 6)",85,0.9512194991111755,97.29616709053516,0.04007880086484161,0.9947826086956522,0.9547038078308105,106,0.9472222222222222,0.95,0.24879807233810425,0.2531657814979553,0.029082420633898882,0.029412217686573688,0.14609940350055695,0.953914999961853,0.9388888888888889
"('digits', 'sens-KD', 4.0, 0.7, 6)",131,0.9512194991111755,140.72473825514317,0.03834571828012878,0.9895652173913043,0.9512194991111755,152,0.9388888888888889,0.9333333333333333,0.2657797932624817,0.26393163204193115,0.03707782038384015,0.03453344305356342,0.1476740539073944,0.9533162713050842,0.9388888888888889
"('digits', 'sens-LS', 0.05, 7)",141,0.9721254110336304,142.2804865092039,0.02787458896636963,1.0,0.9721254110336304,150,0.9694444444444444,0.9722222222222222,0.2967580556869507,0.30874761939048767,0.0684448082413938,0.07424600041574904,0.4480273425579071,0.9009996056556702,
"('digits', 'sens-LS', 0.1, 7)",111,0.9790940880775452,125.49651657044888,0.020905911922454834,1.0,0.9790940880775452,132,0.9722222222222222,0.975,0.342826247215271,0.3483561873435974,0.12587040124668017,0.12786126327183514,0.6692426800727844,0.8491703271865845,
"('digits', 'sens-LS', 0.2, 7)",95,0.9721254110336304,109.63414539396763,0.02787458896636963,1.0,0.9721254110336304,116,0.9722222222222222,0.975,0.4492928385734558,0.4607500433921814,0.227279046509001,0.2364009196559588,1.0033339262008667,0.7612820267677307,
"('digits', 'sens-LS', 0.3, 7)",128,0.9756097793579102,142.0627183318138,0.024390220642089844,1.0,0.9756097793579102,149,0.975,0.975,0.5640711188316345,0.5752455592155457,0.31333642941382195,0.31914635602798724,1.2735174894332886,0.6801629662513733,
"('digits', 'sens-KD', 1.0, 0.3, 7)",153,0.9686411023139954,164.56968648731709,0.02787458896636963,1.0,0.9721254110336304,174,0.9611111111111111,0.9583333333333334,0.12934671342372894,0.12421733140945435,0.026591357837120685,0.01979484909938443,0.10912159830331802,0.964616060256958,0.9472222222222222
"('digits', 'sens-KD', 1.0, 0.5, 7)",123,0.9721254110336304,135.0261323750019,0.026135458531587052,0.9982608695652174,0.9721254110336304,144,0.9611111111111111,0.9555555555555556,0.14091259241104126,0.1404079645872116,0.01942692382468115,0.024594196925560616,0.1255566030740738,0.9607840776443481,0.9472222222222222
"('digits', 'sens-KD', 1.0, 0.7, 7)",136,0.9651567935943604,147.25261318683624,0.01050142816875288,0.9721739130434782,0.9616724848747253,157,0.9555555555555556,0.9583333333333334,0.14022542536258698,0.14266128838062286,0.019875482469797166,0.02798416167497631,0.1370946317911148,0.9561648964881897,0.9472222222222222
"('digits', 'sens-KD', 2.0, 0.3, 7)",100,0.9756097793579102,113.80487793684006,0.024390220642089844,1.0,0.9756097793579102,121,0.9611111111111111,0.9611111111111111,0.12231161445379257,0.1271214634180069,0.015718558554848005,0.014802007459931862,0.13467174768447876,0.9583965539932251,0.9472222222222222
"('digits', 'sens-KD', 2.0, 0.5, 7)",113,0.9651567935943604,125.70383247733116,0.027892732516578977,0.9895652173913043,0.9616724848747253,134,0.9611111111111111,0.9611111111111111,0.1394878625869751,0.14744220674037933,0.017387171255217618,0.012866884676946494,0.13646601140499115,0.9572173953056335,0.9472222222222222
"('digits', 'sens-KD', 2.0, 0.7, 7)",152,0.9616724848747253,162.35017482936382,0.013979689038318144,0.9756521739130435,0.9616724848747253,173,0.9638888888888889,0.9611111111111111,0.14331232011318207,0.14310124516487122,0.02510735516746841,0.018018027726146926,0.14166058599948883,0.9542892575263977,0.9472222222222222
"('digits', 'sens-KD', 4.0, 0.3, 7)",122,0.9756097793579102,134.38327400386333,0.026135458531587052,0.9982608695652174,0.9721254110336304,143,0.9583333333333334,0.9583333333333334,0.13160549104213715,0.13872955739498138,0.022009517045484615,0.014571541051069909,0.12624701857566833,0.9604772925376892,0.9472222222222222
"('digits', 'sens-KD', 4.0, 0.5, 7)",122,0.9686411023139954,133.6428578197956,0.020924115077308958,0.9895652173913043,0.9686411023139954,143,0.9583333333333334,0.9555555555555556,0.14470578730106354,0.15052247047424316,0.01812836701671281,0.019108334845966725,0.1292792111635208,0.9598643183708191,0.9472222222222222
"('digits', 'sens-KD', 4.0, 0.7, 7)",168,0.9616724848747253,177.15157052874565,0.01571881947310072,0.9773913043478261,0.9616724848747253,189,0.9583333333333334,0.9527777777777777,0.17792361974716187,0.19269289076328278,0.02717704259686999,0.021662006278832725,0.13100488483905792,0.9585086107254028,0.9472222222222222
"('digits', 'sens-LS', 0.05, 8)",112,0.9651567935943604,124.99303153157234,0.03484320640563965,1.0,0.9651567935943604,133,0.9666666666666667,0.9638888888888889,0.20600265264511108,0.20965838432312012,0.09519911230438283,0.0914041455421183,0.5197181701660156,0.8772169351577759,
"('digits', 'sens-LS', 0.1, 8)",112,0.9651567935943604,125.00348506867886,0.03135889768600464,1.0,0.9686411023139954,133,0.9583333333333334,0.9555555555555556,0.2690179944038391,0.2736871838569641,0.13552023400035165,0.13556726417607728,0.747056245803833,0.822813093662262,
"('digits', 'sens-LS', 0.2, 8)",88,0.9651567935943604,102.07839791476727,0.03832751512527466,1.0,0.9616724848747253,109,0.9583333333333334,0.9583333333333334,0.3924432396888733,0.39329421520233154,0.23189410695599183,0.23461391197310552,1.080162525177002,0.7319942712783813,
"('digits', 'sens-LS', 0.3, 8)",62,0.9581881761550903,77.03658640384674,0.03832751512527466,1.0,0.9616724848747253,83,0.9611111111111111,0.9583333333333334,0.514489471912384,0.5249285101890564,0.3131551865074369,0.31405672232309984,1.3291387557983398,0.6535114049911499,
"('digits', 'sens-KD', 1.0, 0.3, 8)",29,0.9372822046279907,44.155052453279495,0.05574911832809448,1.0,0.9442508816719055,50,0.9472222222222222,0.95,0.15517717599868774,0.14731697738170624,0.030595186932219375,0.028036085681782865,0.15478108823299408,0.9537285566329956,0.9666666666666667
"('digits', 'sens-KD', 1.0, 0.5, 8)",183,0.9477351903915405,189.5905929505825,0.05053172702374664,0.9947826086956522,0.9442508816719055,204,0.9694444444444444,0.9694444444444444,0.12753577530384064,0.1252780556678772,0.016617070635159787,0.013971675270133528,0.11857806146144867,0.9627169966697693,0.9666666666666667
"('digits', 'sens-KD', 1.0, 0.7, 8)",157,0.9407665729522705,163.7944238036871,0.05228906061338345,0.9860869565217392,0.9337978959083557,178,0.9638888888888889,0.9694444444444444,0.1267055869102478,0.12874053418636322,0.017544467167721876,0.017704608788092893,0.12955091893672943,0.9597578048706055,0.9666666666666667
"('digits', 'sens-KD', 2.0, 0.3, 8)",267,0.9512194991111755,267.8414621800184,0.05226480960845947,1.0,0.9477351903915405,288,0.9638888888888889,0.9583333333333334,0.13683544099330902,0.13695022463798523,0.017421280841032647,0.01590423782666524,0.11946524679660797,0.9612151384353638,0.9666666666666667
"('digits', 'sens-KD', 2.0, 0.5, 8)",191,0.9407665729522705,194.85365699231625,0.0609786649372267,0.9982608695652174,0.9372822046279907,212,0.9611111111111111,0.9583333333333334,0.14823241531848907,0.15114910900592804,0.015285823411411704,0.01885145496990943,0.12235336005687714,0.9604768753051758,0.9666666666666667
"('digits', 'sens-KD', 2.0, 0.7, 8)",215,0.9477351903915405,216.62369348108768,0.04358125313468597,0.9843478260869565,0.9407665729522705,236,0.9666666666666667,0.9638888888888889,0.17396554350852966,0.17118708789348602,0.013836094737052933,0.027162293344736074,0.11961667984724045,0.9620100259780884,0.9666666666666667
"('digits', 'sens-KD', 4.0, 0.3, 8)",141,0.9477351903915405,149.32404217123985,0.04878050088882446,1.0,0.9512194991111755,162,0.9666666666666667,0.9638888888888889,0.14249853789806366,0.1484101265668869,0.01764550242159103,0.016061455176936256,0.1165698692202568,0.9614044427871704,0.9666666666666667
"('digits', 'sens-KD', 4.0, 0.5, 8)",267,0.9477351903915405,268.0139370262623,0.04878050088882446,1.0,0.9512194991111755,288,0.9666666666666667,0.9722222222222222,0.16942724585533142,0.1721459925174713,0.013896726071834578,0.015934491571452877,0.1142193153500557,0.96356600522995,0.9666666666666667
"('digits', 'sens-KD', 4.0, 0.7, 8)",165,0.9407665729522705,170.71428588032722,0.048804751893748444,0.9860869565217392,0.9372822046279907,186,0.9583333333333334,0.9611111111111111,0.17422226071357727,0.18544235825538635,0.016916097203890444,0.02617913674977087,0.11682523787021637,0.9625037908554077,0.9666666666666667
"('digits', 'sens-LS', 0.05, 9)",42,0.9721254110336304,57.89024320244789,0.03135889768600464,1.0,0.9686411023139954,63,0.9638888888888889,0.9611111111111111,0.20181484520435333,0.20309579372406006,0.07955999275048575,0.077655794719855,0.47817450761795044,0.8843289017677307,
"('digits', 'sens-LS', 0.1, 9)",167,0.9721254110336304,178.98083475232124,0.024390220642089844,1.0,0.9756097793579102,188,0.9611111111111111,0.9611111111111111,0.24913516640663147,0.2545846700668335,0.12548394256995785,0.12512149599691233,0.7040978074073792,0.8388046026229858,
"('digits', 'sens-LS', 0.2, 9)",103,0.9721254110336304,117.41811606287956,0.02787458896636963,1.0,0.9721254110336304,124,0.9638888888888889,0.9611111111111111,0.3677854835987091,0.3712902367115021,0.2177237920463085,0.2165033482429054,1.0403426885604858,0.747271716594696,
"('digits', 'sens-LS', 0.3, 9)",111,0.9686411023139954,125.1358867585659,0.03135889768600464,1.0,0.9686411023139954,132,0.9638888888888889,0.9666666666666667,0.4767937660217285,0.4885585904121399,0.2976377643644809,0.30747614589830236,1.3063266277313232,0.6662511229515076,
"('digits', 'sens-KD', 1.0, 0.3, 9)",141,0.9756097793579102,154.67421793937683,0.024390220642089844,1.0,0.9756097793579102,162,0.9694444444444444,0.9611111111111111,0.12016438692808151,0.12135937809944153,0.01499193509419759,0.02335265883141094,0.10922213643789291,0.9654248356819153,0.9555555555555556
"('digits', 'sens-KD', 1.0, 0.5, 9)",117,0.9756097793579102,131.252613812685,0.02091195977252458,0.9965217391304347,0.9756097793579102,138,0.9611111111111111,0.9638888888888889,0.13970667123794556,0.12950080633163452,0.013742202189233589,0.02167412506209477,0.1285673826932907,0.9589165449142456,0.9555555555555556
"('digits', 'sens-KD', 1.0, 0.7, 9)",152,0.9686411023139954,164.96689900755882,0.007011071599048124,0.9756521739130435,0.9686411023139954,173,0.9694444444444444,0.9583333333333334,0.12617602944374084,0.13086257874965668,0.017882363912132077,0.029438297284974005,0.13795146346092224,0.9578225016593933,0.9555555555555556
"('digits', 'sens-KD', 2.0, 0.3, 9)",42,0.9756097793579102,57.61498272418976,0.022651090207307267,0.9982608695652174,0.9756097793579102,63,0.9638888888888889,0.9638888888888889,0.11261089891195297,0.11019333451986313,0.0165198754105303,0.018698651426368316,0.13473135232925415,0.9583974480628967,0.9555555555555556
"('digits', 'sens-KD', 2.0, 0.5, 9)",36,0.9756097793579102,51.51742139458656,0.013967593338178541,0.9826086956521739,0.9686411023139954,57,0.9638888888888889,0.9638888888888889,0.11487619578838348,0.11593551933765411,0.019940214686923557,0.023910325600041263,0.1424936056137085,0.9561213254928589,0.9555555555555556
"('digits', 'sens-KD', 2.0, 0.7, 9)",32,0.9721254110336304,47.318815007805824,0.01050142816875288,0.9721739130434782,0.9616724848747253,53,0.9611111111111111,0.9638888888888889,0.12458354234695435,0.12517619132995605,0.028108002079857718,0.021173870894644002,0.15072868764400482,0.9528049230575562,0.9555555555555556
"('digits', 'sens-KD', 4.0, 0.3, 9)",60,0.9616724848747253,74.3780488371849,0.03658838469049208,0.9982608695652174,0.9616724848747253,81,0.9666666666666667,0.9666666666666667,0.11510251462459564,0.11478669196367264,0.012923696223232453,0.017358301414383794,0.11766664683818817,0.9646592736244202,0.9555555555555556
"('digits', 'sens-KD', 4.0, 0.5, 9)",58,0.9616724848747253,72.08362371474504,0.024414471647013825,0.9860869565217392,0.9616724848747253,79,0.9611111111111111,0.9611111111111111,0.13272039592266083,0.1338011622428894,0.008619367331266363,0.011359476049741109,0.12471557408571243,0.9620472192764282,0.9555555555555556
"('digits', 'sens-KD', 4.0, 0.7, 9)",41,0.9616724848747253,55.270035080611706,0.01398573688838789,0.9721739130434782,0.9581881761550903,62,0.9583333333333334,0.9527777777777777,0.1422021985054016,0.1436242163181305,0.02100601692994438,0.024243674344486692,0.1331048160791397,0.958396852016449,0.9555555555555556
"('digits', 'sens-LS', 0.05, 10)",170,0.9721254110336304,180.78571397066116,0.02787458896636963,1.0,0.9721254110336304,191,0.9722222222222222,0.9722222222222222,0.1841421276330948,0.18487095832824707,0.09022359831465615,0.08925231860743629,0.5117003321647644,0.8841444253921509,
"('digits', 'sens-LS', 0.1, 10)",78,0.9651567935943604,92.2578396499157,0.03135889768600464,1.0,0.9686411023139954,99,0.9694444444444444,0.9722222222222222,0.25698360800743103,0.258396178483963,0.14237361508939,0.14563056197431354,0.7239795923233032,0.8285775184631348,
"('digits', 'sens-LS', 0.2, 10)",68,0.9651567935943604,82.91811835765839,0.03484320640563965,1.0,0.9651567935943604,89,0.9694444444444444,0.9666666666666667,0.3786773383617401,0.3799256682395935,0.23390545952651234,0.233175800078445,1.0666847229003906,0.735538899898529,
"('digits', 'sens-LS', 0.3, 10)",72,0.9581881761550903,86.72996562719345,0.04181182384490967,1.0,0.9581881761550903,93,0.9611111111111111,0.9638888888888889,0.5005060434341431,0.5047269463539124,0.3140709922959407,0.31730483691725464,1.3435059785842896,0.6500080823898315,
"('digits', 'sens-KD', 1.0, 0.3, 10)",112,0.9616724848747253,123.99303013086319,0.047041370454041886,0.9982608695652174,0.9512194991111755,133,0.9444444444444444,0.9416666666666667,0.18919368088245392,0.19589199125766754,0.026349247246980664,0.02481009637316069,0.113347128033638,0.9618160724639893,0.9583333333333334
"('digits', 'sens-KD', 1.0, 0.5, 10)",158,0.9651567935943604,168.50174203515053,0.0261415063816568,0.9947826086956522,0.9686411023139954,179,0.9416666666666667,0.9444444444444444,0.19254077970981598,0.1963520646095276,0.0331360352536043,0.030744925638039954,0.12484312802553177,0.9578437805175781,0.9583333333333334
"('digits', 'sens-KD', 1.0, 0.7, 10)",49,0.9581881761550903,64.24041809141636,0.017463997757953154,0.9756521739130435,0.9581881761550903,70,0.9416666666666667,0.9416666666666667,0.19778230786323547,0.20624949038028717,0.034214359687434324,0.03223551395866607,0.15306968986988068,0.9497367739677429,0.9583333333333334
"('digits', 'sens-KD', 2.0, 0.3, 10)",154,0.9721254110336304,165.55749118328094,0.02787458896636963,1.0,0.9721254110336304,175,0.9611111111111111,0.9611111111111111,0.1726924329996109,0.16821300983428955,0.029688474453157893,0.027769960794183934,0.12501733005046844,0.9607706665992737,0.9583333333333334
"('digits', 'sens-KD', 2.0, 0.5, 10)",131,0.9686411023139954,142.83797888457775,0.03659443254056183,0.9947826086956522,0.9581881761550903,152,0.9527777777777777,0.9583333333333334,0.1876913458108902,0.1788056194782257,0.02480380030141939,0.024478274914953472,0.13304565846920013,0.9573389887809753,0.9583333333333334
"('digits', 'sens-KD', 2.0, 0.7, 10)",112,0.9686411023139954,124.40418100357056,0.017463997757953154,0.9756521739130435,0.9581881761550903,133,0.9527777777777777,0.9527777777777777,0.1962965577840805,0.1910340040922165,0.02689421582553123,0.03613005313608384,0.13297636806964874,0.9572888612747192,0.9583333333333334
"('digits', 'sens-KD', 4.0, 0.3, 10)",97,0.9651567935943604,110.503483787179,0.03135889768600464,1.0,0.9686411023139954,118,0.9611111111111111,0.9611111111111111,0.1767655909061432,0.17614029347896576,0.023325948334402533,0.019521822614802217,0.12793658673763275,0.9597538709640503,0.9583333333333334
"('digits', 'sens-KD', 4.0, 0.5, 10)",84,0.9686411023139954,97.59756095707417,0.024402375946874222,0.9930434782608696,0.9686411023139954,105,0.9555555555555556,0.9583333333333334,0.1866687536239624,0.18510667979717255,0.027235357794496793,0.024474304914474502,0.1306513249874115,0.9578247666358948,0.9583333333333334
"('digits', 'sens-KD', 4.0, 0.7, 10)",74,0.9651567935943604,87.71602815389633,0.02093621077744856,0.9826086956521739,0.9616724848747253,95,0.9527777777777777,0.9555555555555556,0.19848847389221191,0.1935659795999527,0.026961524950133445,0.02797576826479698,0.13373149931430817,0.9568939208984375,0.9583333333333334
"('digits', 'sens-LS', 0.05, 11)",127,0.9616724848747253,139.533102363348,0.03832751512527466,1.0,0.9616724848747253,148,0.9722222222222222,0.9722222222222222,0.174576997756958,0.1732947677373886,0.09273636117577552,0.09044618573453692,0.4996781647205353,0.887735903263092,
"('digits', 'sens-LS', 0.1, 11)",78,0.9686411023139954,93.24738648533821,0.02787458896636963,1.0,0.9721254110336304,99,0.9722222222222222,0.9722222222222222,0.24073170125484467,0.2406388223171234,0.13908046955863634,0.14329530538784133,0.7124966382980347,0.8331417441368103,
"('digits', 'sens-LS', 0.2, 11)",61,0.9721254110336304,76.91637609899044,0.02787458896636963,1.0,0.9721254110336304,82,0.9694444444444444,0.9666666666666667,0.3592561185359955,0.3594719469547272,0.23354136376745172,0.2313436703549491,1.055242896080017,0.7399685382843018,
"('digits', 'sens-LS', 0.3, 11)",61,0.9651567935943604,76.86411148309708,0.03484320640563965,1.0,0.9651567935943604,82,0.9694444444444444,0.9694444444444444,0.4783748984336853,0.4787846803665161,0.31535762560864294,0.31636587745613526,1.3301842212677002,0.655194878578186,
"('digits', 'sens-KD', 1.0, 0.3, 11)",107,0.9547038078308105,120.29442502558231,0.04529619216918945,1.0,0.9547038078308105,128,0.9694444444444444,0.9666666666666667,0.10166437178850174,0.10580185800790787,0.02116035703155728,0.01946158392561805,0.10936237126588821,0.9663541913032532,0.9666666666666667
"('digits', 'sens-KD', 1.0, 0.5, 11)",88,0.9581881761550903,101.97038312256336,0.04007880086484161,0.9947826086956522,0.9547038078308105,109,0.9694444444444444,0.9694444444444444,0.1090301126241684,0.10798068344593048,0.02362465345197257,0.016201866666475974,0.12914714217185974,0.9608134031295776,0.9666666666666667
"('digits', 'sens-KD', 1.0, 0.7, 11)",113,0.9477351903915405,125.18292616307735,0.027904887821363356,0.9826086956521739,0.9547038078308105,134,0.9611111111111111,0.9611111111111111,0.11496087908744812,0.11654068529605865,0.01881338316533297,0.021257476674185892,0.14682303369045258,0.9549568891525269,0.9666666666666667
"('digits', 'sens-KD', 2.0, 0.3, 11)",81,0.9616724848747253,95.45644725859165,0.04007269341012709,0.9982608695652174,0.9581881761550903,102,0.975,0.9694444444444444,0.09961697459220886,0.09734495729207993,0.02494966793391443,0.02339535661869579,0.13869954645633698,0.9569469690322876,0.9666666666666667
"('digits', 'sens-KD', 2.0, 0.5, 11)",203,0.9581881761550903,211.50696800649166,0.03659443254056183,0.9947826086956522,0.9581881761550903,224,0.9666666666666667,0.9666666666666667,0.09264246374368668,0.0907391831278801,0.019779108464717858,0.023802693022621998,0.14163991808891296,0.955733597278595,0.9666666666666667
"('digits', 'sens-KD', 2.0, 0.7, 11)",206,0.9547038078308105,213.7735163718462,0.01920312819273573,0.9773913043478261,0.9581881761550903,227,0.9694444444444444,0.9666666666666667,0.08846095204353333,0.09343472868204117,0.028244350519445207,0.023496360000636842,0.1413310170173645,0.9549570083618164,0.9666666666666667
"('digits', 'sens-KD', 4.0, 0.3, 11)",84,0.9581881761550903,98.22996619343758,0.04007269341012709,0.9982608695652174,0.9581881761550903,105,0.9777777777777777,0.9694444444444444,0.09080193936824799,0.08913316577672958,0.021601692421568765,0.02753236177894804,0.13984271883964539,0.9561761021614075,0.9666666666666667
"('digits', 'sens-KD', 4.0, 0.5, 11)",84,0.9581881761550903,97.83623719215393,0.038339670430059036,0.9930434782608696,0.9547038078308105,105,0.9694444444444444,0.9722222222222222,0.09424849599599838,0.09257643669843674,0.02472849802838432,0.02391650610499912,0.14255376160144806,0.9552071690559387,0.9666666666666667
"('digits', 'sens-KD', 4.0, 0.7, 11)",84,0.9547038078308105,97.28048653900623,0.03312832697578094,0.9843478260869565,0.9512194991111755,105,0.9638888888888889,0.9611111111111111,0.10467983782291412,0.10390888154506683,0.019654324319627547,0.02332307009233369,0.14799433946609497,0.9537964463233948,0.9666666666666667
"('digits', 'sens-LS', 0.05, 12)",100,0.9651567935943604,113.62892061471939,0.03484320640563965,1.0,0.9651567935943604,121,0.9638888888888889,0.9666666666666667,0.17751258611679077,0.1764950156211853,0.08260291789968809,0.0770915320350064,0.4676860272884369,0.8912400007247925,
"('digits', 'sens-LS', 0.1, 12)",65,0.9581881761550903,79.89024484157562,0.04181182384490967,1.0,0.9581881761550903,86,0.9722222222222222,0.9638888888888889,0.23387086391448975,0.23382629454135895,0.13227143031027583,0.12328051684631242,0.677773654460907,0.8411549925804138,
"('digits', 'sens-LS', 0.2, 12)",100,0.9616724848747253,113.57665491104126,0.03135889768600464,1.0,0.9686411023139954,121,0.9694444444444444,0.9666666666666667,0.3343973159790039,0.338459849357605,0.21674272223479216,0.2160481207486656,1.0159010887145996,0.7564062476158142,
"('digits', 'sens-LS', 0.3, 12)",71,0.9581881761550903,85.749128729105,0.03484320640563965,1.0,0.9651567935943604,92,0.9694444444444444,0.9722222222222222,0.455191969871521,0.45276719331741333,0.3021111980494526,0.30496044634944863,1.2970538139343262,0.6683046221733093,
"('digits', 'sens-KD', 1.0, 0.3, 12)",135,0.9616724848747253,146.70557716488838,0.03832751512527466,1.0,0.9616724848747253,156,0.9638888888888889,0.9666666666666667,0.1375589221715927,0.133612722158432,0.017002572036451735,0.01846076125899946,0.0803273394703865,0.9756551384925842,0.95
"('digits', 'sens-KD', 1.0, 0.5, 12)",67,0.9581881761550903,81.5993041396141,0.03485530210577925,0.9930434782608696,0.9581881761550903,88,0.9611111111111111,0.9638888888888889,0.1438330113887787,0.14111126959323883,0.026007080492046163,0.028051299684577518,0.10424546152353287,0.9690995812416077,0.95
"('digits', 'sens-KD', 1.0, 0.7, 12)",132,0.9581881761550903,143.75435557961464,0.01398573688838789,0.9721739130434782,0.9581881761550903,153,0.9638888888888889,0.9638888888888889,0.13158810138702393,0.13187921047210693,0.015655724869834083,0.01474481498201685,0.1062263697385788,0.9670767784118652,0.95
"('digits', 'sens-KD', 2.0, 0.3, 12)",137,0.9651567935943604,149.2090606689453,0.031364945536074385,0.9965217391304347,0.9651567935943604,158,0.9666666666666667,0.9638888888888889,0.12303724139928818,0.12294122576713562,0.014469331006209035,0.014112201664182873,0.0964810699224472,0.9703406691551208,0.95
"('digits', 'sens-KD', 2.0, 0.5, 12)",143,0.9616724848747253,154.6898974776268,0.027892732516578977,0.9895652173913043,0.9616724848747253,164,0.9666666666666667,0.9694444444444444,0.11968855559825897,0.11937989294528961,0.02361094239685271,0.021980840961138365,0.10424402356147766,0.9668619632720947,0.95
"('digits', 'sens-KD', 2.0, 0.7, 12)",143,0.9547038078308105,153.90592089295387,0.022693544367085372,0.9739130434782609,0.9512194991111755,164,0.9694444444444444,0.9694444444444444,0.12082754820585251,0.1218777745962143,0.0220170167585214,0.014482572343614396,0.1064295694231987,0.9662764072418213,0.95
"('digits', 'sens-KD', 4.0, 0.3, 12)",135,0.9686411023139954,147.4425094127655,0.03832751512527466,1.0,0.9616724848747253,156,0.9694444444444444,0.9666666666666667,0.11046307533979416,0.11136824637651443,0.013206088211801314,0.018229996412992472,0.10299024730920792,0.9666043519973755,0.95
"('digits', 'sens-KD', 4.0, 0.5, 12)",239,0.9581881761550903,246.45993223786354,0.02963791080143141,0.9878260869565217,0.9581881761550903,260,0.9611111111111111,0.9611111111111111,0.11557797342538834,0.11641008406877518,0.021204513725307256,0.012060518893930606,0.10818815231323242,0.9634816646575928,0.95
"('digits', 'sens-KD', 4.0, 0.7, 12)",166,0.9547038078308105,176.20906004309654,0.024426626951798203,0.9791304347826087,0.9547038078308105,187,0.9638888888888889,0.9583333333333334,0.11424575746059418,0.11456082761287689,0.01620272729131909,0.021882286833392238,0.10942007601261139,0.9627329707145691,0.95
"('digits', 'sens-LS', 0.05, 13)",74,0.9686411023139954,88.86236888170242,0.03135889768600464,1.0,0.9686411023139954,95,0.9694444444444444,0.975,0.17078256607055664,0.16690881550312042,0.09239113132158916,0.09276245368851557,0.4971764385700226,0.8811025023460388,
"('digits', 'sens-LS', 0.1, 13)",76,0.9686411023139954,90.87630607187748,0.03484320640563965,1.0,0.9651567935943604,97,0.975,0.9777777777777777,0.22989603877067566,0.22709724307060242,0.1468855373561382,0.14833619039919643,0.7189497947692871,0.829528272151947,
"('digits', 'sens-LS', 0.2, 13)",98,0.9651567935943604,111.837980017066,0.03832751512527466,1.0,0.9616724848747253,119,0.975,0.975,0.3423035442829132,0.3525087237358093,0.23424341806934942,0.24049566901392408,1.0593546628952026,0.7407565712928772,
"('digits', 'sens-LS', 0.3, 13)",51,0.9581881761550903,66.60627235472202,0.04181182384490967,1.0,0.9581881761550903,72,0.975,0.975,0.4739014804363251,0.4749140739440918,0.32260202012128303,0.32386289536952967,1.3323231935501099,0.6523979902267456,
"('digits', 'sens-KD', 1.0, 0.3, 13)",65,0.9686411023139954,80.33449453115463,0.029619767251222062,0.9982608695652174,0.9686411023139954,86,0.95,0.95,0.13827843964099884,0.13080400228500366,0.017909087902969793,0.02464075378245775,0.13639140129089355,0.9573454260826111,0.9638888888888889
"('digits', 'sens-KD', 1.0, 0.5, 13)",37,0.9651567935943604,53.30662025511265,0.03311012382092682,0.9947826086956522,0.9616724848747253,58,0.95,0.95,0.14842742681503296,0.1379280686378479,0.02684878442022537,0.02183344769808979,0.17781363427639008,0.9446879029273987,0.9638888888888889
"('digits', 'sens-KD', 1.0, 0.7, 13)",37,0.9651567935943604,53.28571440279484,0.01745190205781355,0.9826086956521739,0.9651567935943604,58,0.9555555555555556,0.9583333333333334,0.14953607320785522,0.1385411024093628,0.033861499528090165,0.017197939422395492,0.1896175593137741,0.9420453310012817,0.9638888888888889
"('digits', 'sens-KD', 2.0, 0.3, 13)",28,0.9651567935943604,44.49999985098839,0.03310407597085707,0.9982608695652174,0.9651567935943604,49,0.9555555555555556,0.9583333333333334,0.14066550135612488,0.12159966677427292,0.017876497242185804,0.021999904182222155,0.16257159411907196,0.9490713477134705,0.9638888888888889
"('digits', 'sens-KD', 2.0, 0.5, 13)",32,0.9651567935943604,48.280487805604935,0.02788668466650923,0.9930434782608696,0.9651567935943604,53,0.9583333333333334,0.9583333333333334,0.13722704350948334,0.12241782993078232,0.017598357465532094,0.014308039264546504,0.15857753157615662,0.9507492184638977,0.9638888888888889
"('digits', 'sens-KD', 2.0, 0.7, 13)",34,0.9651567935943604,50.13763055205345,0.013973641188248398,0.9791304347826087,0.9651567935943604,55,0.9583333333333334,0.9611111111111111,0.14142735302448273,0.1288403421640396,0.01504826330476338,0.02484950878553918,0.15704163908958435,0.951586902141571,0.9638888888888889
"('digits', 'sens-KD', 4.0, 0.3, 13)",68,0.9651567935943604,82.79094098508358,0.03310407597085707,0.9982608695652174,0.9651567935943604,89,0.9583333333333334,0.9638888888888889,0.10288311541080475,0.10025230795145035,0.02328920463720957,0.017070728209283646,0.13243992626667023,0.9567248821258545,0.9638888888888889
"('digits', 'sens-KD', 4.0, 0.5, 13)",41,0.9581881761550903,56.400697603821754,0.026147554231726655,0.991304347826087,0.9651567935943604,62,0.9555555555555556,0.9583333333333334,0.12491032481193542,0.11582496762275696,0.019210344966914934,0.01475317709975774,0.14120164513587952,0.9545881748199463,0.9638888888888889
"('digits', 'sens-KD', 4.0, 0.7, 13)",33,0.9581881761550903,48.541812524199486,0.019197080342665984,0.9808695652173913,0.9616724848747253,54,0.9527777777777777,0.9583333333333334,0.1416161060333252,0.13155677914619446,0.01510439862807589,0.017193968925211134,0.14594824612140656,0.9529503583908081,0.9638888888888889
"('digits', 'sens-LS', 0.05, 14)",99,0.9756097793579102,113.12369425594807,0.024390220642089844,1.0,0.9756097793579102,120,0.9583333333333334,0.9638888888888889,0.19753968715667725,0.1994333118200302,0.06868098047044542,0.07505472434891594,0.46109920740127563,0.8963635563850403,
"('digits', 'sens-LS', 0.1, 14)",72,0.9756097793579102,87.10975666344166,0.024390220642089844,1.0,0.9756097793579102,93,0.9611111111111111,0.9583333333333334,0.2558971643447876,0.26012399792671204,0.12119702307714356,0.12716960029469596,0.6826170682907104,0.8418295383453369,
"('digits', 'sens-LS', 0.2, 14)",50,0.9756097793579102,65.91289186477661,0.024390220642089844,1.0,0.9756097793579102,71,0.9555555555555556,0.9583333333333334,0.3641449809074402,0.3686875104904175,0.20335532174342208,0.20967271245188185,1.01731276512146,0.7522002458572388,
"('digits', 'sens-LS', 0.3, 14)",47,0.9756097793579102,63.158536195755005,0.02787458896636963,1.0,0.9721254110336304,68,0.9527777777777777,0.9555555555555556,0.48429417610168457,0.493500679731369,0.28465152639481756,0.2911961797210905,1.2921322584152222,0.6681262254714966,
"('digits', 'sens-KD', 1.0, 0.3, 14)",182,0.9616724848747253,192.39895389974117,0.02787458896636963,1.0,0.9721254110336304,203,0.9666666666666667,0.9638888888888889,0.15034523606300354,0.15657123923301697,0.01628288883301948,0.02018086628781421,0.10040592402219772,0.9680221676826477,0.9583333333333334
"('digits', 'sens-KD', 1.0, 0.5, 14)",131,0.9686411023139954,142.94076704978943,0.0261536020817964,0.9878260869565217,0.9616724848747253,152,0.9611111111111111,0.9611111111111111,0.17587429285049438,0.1763855367898941,0.016167709562513594,0.02431469998425911,0.11798886209726334,0.9635295271873474,0.9583333333333334
"('digits', 'sens-KD', 1.0, 0.7, 14)",104,0.9616724848747253,116.82055792212486,0.003544906429622463,0.9652173913043478,0.9616724848747253,125,0.9583333333333334,0.9583333333333334,0.18606525659561157,0.18333876132965088,0.01742267848716844,0.019738630784882458,0.12856625020503998,0.9601560831069946,0.9583333333333334
"('digits', 'sens-KD', 2.0, 0.3, 14)",160,0.9721254110336304,171.48954471945763,0.029619767251222062,0.9982608695652174,0.9686411023139954,181,0.9611111111111111,0.9583333333333334,0.18410137295722961,0.18997777998447418,0.013620647042989773,0.02125281608766978,0.11627046763896942,0.963977575302124,0.9583333333333334
"('digits', 'sens-KD', 2.0, 0.5, 14)",63,0.9686411023139954,77.02961678802967,0.02963791080143141,0.9878260869565217,0.9581881761550903,84,0.9583333333333334,0.9583333333333334,0.20039096474647522,0.2038627415895462,0.015900139427847362,0.021708051198058687,0.12624825537204742,0.9617179036140442,0.9583333333333334
"('digits', 'sens-KD', 2.0, 0.7, 14)",63,0.9581881761550903,76.77177691459656,0.005290084714474896,0.9634782608695652,0.9581881761550903,84,0.9555555555555556,0.9527777777777777,0.2330618053674698,0.23090213537216187,0.02303249463438983,0.016680111322138,0.12499980628490448,0.962717592716217,0.9583333333333334
"('digits', 'sens-KD', 4.0, 0.3, 14)",181,0.9651567935943604,191.07839712500572,0.03135889768600464,1.0,0.9686411023139954,202,0.9555555555555556,0.9555555555555556,0.18245427310466766,0.19062262773513794,0.022849098510212395,0.03022026419639587,0.11464430391788483,0.9653356075286865,0.9583333333333334
"('digits', 'sens-KD', 4.0, 0.5, 14)",126,0.9581881761550903,137.47212624549866,0.03660053999527646,0.991304347826087,0.9547038078308105,147,0.9555555555555556,0.9527777777777777,0.18567883968353271,0.18769995868206024,0.024784495350387372,0.025192175350255433,0.12082119286060333,0.9621996283531189,0.9583333333333334
"('digits', 'sens-KD', 4.0, 0.7, 14)",63,0.9616724848747253,76.7665508389473,0.003544906429622463,0.9652173913043478,0.9616724848747253,84,0.9527777777777777,0.95,0.2647853493690491,0.2632070481777191,0.031503773646222206,0.029051586406098513,0.12549039721488953,0.9609273076057434,0.9583333333333334
"('digits', 'sens-LS', 0.05, 15)",109,0.9790940880775452,124.97212575376034,0.013937294483184814,1.0,0.9860627055168152,130,0.975,0.975,0.16115792095661163,0.16063377261161804,0.08000374527441131,0.08125620889994833,0.4621165692806244,0.8961268067359924,
"('digits', 'sens-LS', 0.1, 15)",82,0.9825783967971802,98.59407624602318,0.013937294483184814,1.0,0.9860627055168152,103,0.975,0.975,0.21995066106319427,0.21876831352710724,0.13141772713926103,0.13307126843267017,0.6796485781669617,0.8446765542030334,
"('digits', 'sens-LS', 0.2, 15)",54,0.9825783967971802,71.1445992141962,0.017421603202819824,1.0,0.9825783967971802,75,0.975,0.975,0.3312111496925354,0.3313170373439789,0.21897049306167496,0.22146531517306964,1.0087149143218994,0.7560294270515442,
"('digits', 'sens-LS', 0.3, 15)",54,0.9790940880775452,71.17595812678337,0.017421603202819824,1.0,0.9825783967971802,75,0.9722222222222222,0.9777777777777777,0.45201340317726135,0.4529155194759369,0.30437520121534667,0.31093617081642155,1.2947165966033936,0.6689409613609314,
"('digits', 'sens-KD', 1.0, 0.3, 15)",64,0.9756097793579102,80.1167233735323,0.03135889768600464,1.0,0.9686411023139954,85,0.9805555555555555,0.975,0.09415871649980545,0.09630147367715836,0.014731704360908964,0.012030888762738993,0.1079522892832756,0.9662618041038513,0.9638888888888889
"('digits', 'sens-KD', 1.0, 0.5, 15)",105,0.9686411023139954,119.57665379345417,0.0261415063816568,0.9947826086956522,0.9686411023139954,126,0.9722222222222222,0.975,0.09933564811944962,0.10131865739822388,0.01634828514522979,0.014447797338167855,0.11250951886177063,0.964662492275238,0.9638888888888889
"('digits', 'sens-KD', 1.0, 0.7, 15)",98,0.9721254110336304,112.4198604375124,-0.00168458057486498,0.9669565217391304,0.9686411023139954,119,0.9694444444444444,0.9722222222222222,0.10743175446987152,0.1059286966919899,0.018661599523491366,0.01932512347896891,0.12437704205513,0.9607306718826294,0.9638888888888889
"('digits', 'sens-KD', 2.0, 0.3, 15)",59,0.9721254110336304,74.84494687616825,0.02787458896636963,1.0,0.9721254110336304,80,0.9666666666666667,0.9666666666666667,0.10392327606678009,0.10746632516384125,0.017246843294964898,0.016562449352608755,0.1147354319691658,0.9644926190376282,0.9638888888888889
"('digits', 'sens-KD', 2.0, 0.5, 15)",44,0.9686411023139954,60.01742170751095,0.017445854207743805,0.9860869565217392,0.9686411023139954,65,0.9694444444444444,0.9694444444444444,0.10741731524467468,0.10804612934589386,0.018588688555690958,0.023208659390608472,0.12123743444681168,0.9619550704956055,0.9638888888888889
"('digits', 'sens-KD', 2.0, 0.7, 15)",44,0.9651567935943604,59.71951235830784,0.005277989014335294,0.9704347826086956,0.9651567935943604,65,0.9638888888888889,0.9638888888888889,0.112030990421772,0.11281592398881912,0.015567832936843278,0.014111913243929524,0.12242268770933151,0.9617964029312134,0.9638888888888889
"('digits', 'sens-KD', 4.0, 0.3, 15)",186,0.9686411023139954,197.63588635623455,0.029619767251222062,0.9982608695652174,0.9686411023139954,207,0.9638888888888889,0.9638888888888889,0.10981253534555435,0.1113516241312027,0.018363309072123597,0.018746401866277088,0.10271291434764862,0.9685533046722412,0.9638888888888889
"('digits', 'sens-KD', 4.0, 0.5, 15)",121,0.9686411023139954,134.13763031363487,0.022663245512091645,0.991304347826087,0.9686411023139954,142,0.9666666666666667,0.9666666666666667,0.11472290754318237,0.11547663062810898,0.009818674127260826,0.017346916430526275,0.10780397802591324,0.9677397012710571,0.9638888888888889
"('digits', 'sens-KD', 4.0, 0.7, 15)",121,0.9686411023139954,134.06620199978352,0.010495380318683134,0.9756521739130435,0.9651567935943604,142,0.9666666666666667,0.9666666666666667,0.11817929893732071,0.12028989940881729,0.008768712811999816,0.015041481951872507,0.11163190007209778,0.9665166139602661,0.9638888888888889
"('digits', 'sens-LS', 0.05, 16)",158,0.9686411023139954,170.82055607438087,0.03484320640563965,1.0,0.9651567935943604,179,0.9777777777777777,0.9777777777777777,0.1599133014678955,0.16125886142253876,0.09151541251275275,0.09312897076209388,0.4946499168872833,0.8878107070922852,
"('digits', 'sens-LS', 0.1, 16)",154,0.9756097793579102,167.32926833629608,0.024390220642089844,1.0,0.9756097793579102,175,0.9777777777777777,0.975,0.22312532365322113,0.22615955770015717,0.14644270572397441,0.14612780354089205,0.7261294722557068,0.8323269486427307,
"('digits', 'sens-LS', 0.2, 16)",87,0.9721254110336304,102.23519086837769,0.024390220642089844,1.0,0.9756097793579102,108,0.9805555555555555,0.9777777777777777,0.33851101994514465,0.34365230798721313,0.23520547151565552,0.23696392240623632,1.0424480438232422,0.7462326288223267,
"('digits', 'sens-LS', 0.3, 16)",87,0.9686411023139954,102.11323934793472,0.03135889768600464,1.0,0.9686411023139954,108,0.9777777777777777,0.9777777777777777,0.4664819538593292,0.47121483087539673,0.3212519179201788,0.32340216620100865,1.327170491218567,0.6574056148529053,
"('digits', 'sens-KD', 1.0, 0.3, 16)",79,0.9721254110336304,94.135887414217,0.03135889768600464,1.0,0.9686411023139954,100,0.9611111111111111,0.9666666666666667,0.09911816567182541,0.09580664336681366,0.025385806875096412,0.01992157134744856,0.1150917261838913,0.9615331888198853,0.9694444444444444
"('digits', 'sens-KD', 1.0, 0.5, 16)",78,0.9651567935943604,93.11672401428223,0.03659443254056183,0.9947826086956522,0.9581881761550903,99,0.9583333333333334,0.9694444444444444,0.1063721552491188,0.10154706984758377,0.01882504365510414,0.02557976353499628,0.12960289418697357,0.9572150111198425,0.9694444444444444
"('digits', 'sens-KD', 1.0, 0.7, 16)",59,0.9616724848747253,74.35017451643944,0.005277989014335294,0.9704347826086956,0.9651567935943604,80,0.9638888888888889,0.9722222222222222,0.1096854880452156,0.1037842333316803,0.02899157793985473,0.0203468417127927,0.14828941226005554,0.95268315076828,0.9694444444444444
"('digits', 'sens-KD', 2.0, 0.3, 16)",173,0.9581881761550903,183.09233370423317,0.04007269341012709,0.9982608695652174,0.9581881761550903,194,0.9694444444444444,0.9694444444444444,0.10035046190023422,0.09673753380775452,0.024583962642484237,0.023052839355336294,0.12764239311218262,0.9589160680770874,0.9694444444444444
"('digits', 'sens-KD', 2.0, 0.5, 16)",73,0.9547038078308105,87.26480934023857,0.027898780366648834,0.9860869565217392,0.9581881761550903,94,0.9666666666666667,0.9694444444444444,0.10718338936567307,0.10323682427406311,0.037683698866102434,0.024229329079389576,0.13290877640247345,0.9560673832893372,0.9694444444444444
"('digits', 'sens-KD', 2.0, 0.7, 16)",102,0.9512194991111755,114.62020763754845,0.015724867323170577,0.9739130434782609,0.9581881761550903,123,0.9666666666666667,0.9666666666666667,0.108219675719738,0.1096222996711731,0.018575988461573916,0.015141026344564223,0.13499705493450165,0.9560323357582092,0.9694444444444444
"('digits', 'sens-KD', 4.0, 0.3, 16)",208,0.9651567935943604,216.96341681480408,0.031364945536074385,0.9965217391304347,0.9651567935943604,229,0.9666666666666667,0.9694444444444444,0.09603309631347656,0.09542058408260345,0.019928598238362204,0.019610902832614047,0.12269467115402222,0.9606953859329224,0.9694444444444444
"('digits', 'sens-KD', 4.0, 0.5, 16)",194,0.9616724848747253,202.9163758456707,0.029631862951361665,0.991304347826087,0.9616724848747253,215,0.9638888888888889,0.9666666666666667,0.10762369632720947,0.11303836852312088,0.028586445169316382,0.015510581268204569,0.12577156722545624,0.9592958092689514,0.9694444444444444
"('digits', 'sens-KD', 4.0, 0.7, 16)",192,0.9581881761550903,200.34843188524246,0.01920312819273573,0.9773913043478261,0.9581881761550903,213,0.975,0.975,0.10505000501871109,0.10337094962596893,0.02336587334672614,0.018856716404358508,0.12673622369766235,0.9603767991065979,0.9694444444444444
"('digits', 'sens-LS', 0.05, 17)",154,0.9651567935943604,165.4372830837965,0.03484320640563965,1.0,0.9651567935943604,175,0.9722222222222222,0.9722222222222222,0.17186762392520905,0.17254407703876495,0.08268379386928346,0.0835546107755767,0.48434269428253174,0.8895384073257446,
"('digits', 'sens-LS', 0.1, 17)",158,0.9686411023139954,170.18989543616772,0.03484320640563965,1.0,0.9651567935943604,179,0.975,0.9694444444444444,0.22826270759105682,0.23655007779598236,0.13703890935414365,0.13706784041391476,0.7009881138801575,0.8379610776901245,
"('digits', 'sens-LS', 0.2, 17)",123,0.9756097793579102,136.89198599755764,0.024390220642089844,1.0,0.9756097793579102,144,0.975,0.9694444444444444,0.3454139232635498,0.3538911044597626,0.2305910107576185,0.23052488892442652,1.0480427742004395,0.7444090247154236,
"('digits', 'sens-LS', 0.3, 17)",56,0.9686411023139954,71.96689836680889,0.02787458896636963,1.0,0.9721254110336304,77,0.9694444444444444,0.9694444444444444,0.46467268466949463,0.4694783389568329,0.3077187455362744,0.3114900201559067,1.3098751306533813,0.6617257595062256,
"('digits', 'sens-KD', 1.0, 0.3, 17)",140,0.9477351903915405,149.90940761566162,0.05226480960845947,1.0,0.9477351903915405,161,0.9555555555555556,0.9555555555555556,0.1501172035932541,0.14463672041893005,0.010462746603621358,0.014477931045823627,0.11150309443473816,0.9623655676841736,0.9638888888888889
"('digits', 'sens-KD', 1.0, 0.5, 17)",128,0.9512194991111755,138.29965211451054,0.04355706173440688,0.9982608695652174,0.9547038078308105,149,0.9583333333333334,0.9527777777777777,0.1535886973142624,0.14208906888961792,0.025517128904660492,0.018964958190917935,0.12731888890266418,0.9573010206222534,0.9638888888888889
"('digits', 'sens-KD', 1.0, 0.7, 17)",187,0.9547038078308105,194.85191547870636,0.020954413932302685,0.9721739130434782,0.9512194991111755,208,0.95,0.9555555555555556,0.1442994922399521,0.14441047608852386,0.020320048431555403,0.02152378923363153,0.13681425154209137,0.9556859135627747,0.9638888888888889
"('digits', 'sens-KD', 2.0, 0.3, 17)",154,0.9616724848747253,164.1271784454584,0.03832751512527466,1.0,0.9616724848747253,175,0.9694444444444444,0.9694444444444444,0.12007562816143036,0.11787670105695724,0.034218259818024115,0.03357521477672789,0.12887921929359436,0.9593811631202698,0.9638888888888889
"('digits', 'sens-KD', 2.0, 0.5, 17)",177,0.9581881761550903,185.45818626880646,0.03486140956049377,0.9895652173913043,0.9547038078308105,198,0.9666666666666667,0.9638888888888889,0.12230511754751205,0.12014231085777283,0.023484966655572252,0.021813710861735877,0.13197888433933258,0.9575904011726379,0.9638888888888889
"('digits', 'sens-KD', 2.0, 0.7, 17)",187,0.9477351903915405,194.64982360601425,0.02443267480186795,0.9756521739130435,0.9512194991111755,208,0.9638888888888889,0.9638888888888889,0.1268320530653,0.12832936644554138,0.015473388632138546,0.01362221000923048,0.13546597957611084,0.9564799070358276,0.9638888888888889
"('digits', 'sens-KD', 4.0, 0.3, 17)",208,0.9616724848747253,216.40592551231384,0.04007269341012709,0.9982608695652174,0.9581881761550903,229,0.9638888888888889,0.9638888888888889,0.11377239227294922,0.1136939600110054,0.027279803239636954,0.01986199965079626,0.12730859220027924,0.9569059014320374,0.9638888888888889
"('digits', 'sens-KD', 4.0, 0.5, 17)",163,0.9581881761550903,172.6027883142233,0.033116171670996675,0.991304347826087,0.9581881761550903,184,0.9583333333333334,0.9638888888888889,0.11755413562059402,0.11762307584285736,0.021220664597219864,0.019808750847975388,0.13453684747219086,0.9537794589996338,0.9638888888888889
"('digits', 'sens-KD', 4.0, 0.7, 17)",129,0.9547038078308105,139.2508695870638,0.02094836608223294,0.9756521739130435,0.9547038078308105,150,0.9611111111111111,0.9611111111111111,0.12224450707435608,0.1227591410279274,0.023471897509362988,0.021111586110459414,0.13929645717144012,0.9520975947380066,0.9638888888888889
"('digits', 'sens-LS', 0.05, 18)",68,0.99303138256073,85.22996547818184,0.0069686174392700195,1.0,0.99303138256073,89,0.9611111111111111,0.9694444444444444,0.1629238724708557,0.16056741774082184,0.07766778262125121,0.0791999208016528,0.4573492705821991,0.8921279907226562,
"('digits', 'sens-LS', 0.1, 18)",46,0.99303138256073,63.56271789968014,0.010452985763549805,1.0,0.9895470142364502,67,0.9666666666666667,0.9638888888888889,0.2276965230703354,0.2231341004371643,0.13142786402669218,0.1285625041359001,0.6778588891029358,0.8385226130485535,
"('digits', 'sens-LS', 0.2, 18)",90,0.9895470142364502,107.23519168794155,0.010452985763549805,1.0,0.9895470142364502,111,0.9722222222222222,0.975,0.32709234952926636,0.3311181664466858,0.21937559445699054,0.22594126785794894,1.0233453512191772,0.7528465986251831,
"('digits', 'sens-LS', 0.3, 18)",57,0.99303138256073,74.68292650580406,0.013937294483184814,1.0,0.9860627055168152,78,0.9666666666666667,0.9722222222222222,0.45421186089515686,0.4554724097251892,0.30485786423087124,0.3120089355442259,1.3041120767593384,0.6648074388504028,
"('digits', 'sens-KD', 1.0, 0.3, 18)",148,0.9825783967971802,161.96864131093025,0.03135889768600464,1.0,0.9686411023139954,169,0.9611111111111111,0.9694444444444444,0.12240204215049744,0.12058372795581818,0.017421407749255477,0.0227898605167866,0.1206028014421463,0.9564459919929504,0.9416666666666667
"('digits', 'sens-KD', 1.0, 0.5, 18)",108,0.9790940880775452,122.55923247337341,0.02265719766202179,0.9947826086956522,0.9721254110336304,129,0.9611111111111111,0.9666666666666667,0.13585533201694489,0.13652245700359344,0.02306187997261688,0.028768035935031015,0.14113429188728333,0.9496893882751465,0.9416666666666667
"('digits', 'sens-KD', 1.0, 0.7, 18)",125,0.9756097793579102,138.73170672357082,-0.00516888929449999,0.9669565217391304,0.9721254110336304,146,0.9583333333333334,0.9583333333333334,0.1412232220172882,0.14214281737804413,0.01940921048323313,0.022319125218523864,0.1548088639974594,0.946469783782959,0.9416666666666667
"('digits', 'sens-KD', 2.0, 0.3, 18)",178,0.9756097793579102,190.9494785964489,0.019166781487672258,0.9982608695652174,0.9790940880775452,199,0.9722222222222222,0.9722222222222222,0.13104799389839172,0.1331324279308319,0.030726385737458863,0.03109697078665094,0.13965246081352234,0.9527356624603271,0.9416666666666667
"('digits', 'sens-KD', 2.0, 0.5, 18)",150,0.9756097793579102,163.40940915048122,0.012216307598611587,0.9878260869565217,0.9756097793579102,171,0.9611111111111111,0.9583333333333334,0.14685197174549103,0.14887738227844238,0.02618339459101355,0.03091608170006007,0.1468726247549057,0.9498334527015686,0.9416666666666667
"('digits', 'sens-KD', 2.0, 0.7, 18)",92,0.9756097793579102,106.38675956428051,4.850200984785058e-05,0.9721739130434782,0.9721254110336304,113,0.9555555555555556,0.9583333333333334,0.16197018325328827,0.1619722992181778,0.029412181013160288,0.02876784528295203,0.15399277210235596,0.9473254680633545,0.9416666666666667
"('digits', 'sens-KD', 4.0, 0.3, 18)",106,0.9790940880775452,120.53658565878868,0.019166781487672258,0.9982608695652174,0.9790940880775452,127,0.9694444444444444,0.9694444444444444,0.1306784451007843,0.1308891773223877,0.021878131561809167,0.02966838843292657,0.1385023146867752,0.9529183506965637,0.9416666666666667
"('digits', 'sens-KD', 4.0, 0.5, 18)",132,0.9825783967971802,146.06620359420776,0.010471129313759153,0.9895652173913043,0.9790940880775452,153,0.9638888888888889,0.9666666666666667,0.15044260025024414,0.15089918673038483,0.02641019696990649,0.02384884142213399,0.14331631362438202,0.9508957862854004,0.9416666666666667
"('digits', 'sens-KD', 4.0, 0.7, 18)",98,0.9790940880775452,112.24912922084332,0.00525978585948117,0.9808695652173913,0.9756097793579102,119,0.9555555555555556,0.9583333333333334,0.1738397777080536,0.1724551022052765,0.02625324428081508,0.018906356559859387,0.1493964046239853,0.9479713439941406,0.9416666666666667
"('digits', 'sens-LS', 0.05, 19)",110,0.9651567935943604,123.52264781296253,0.03832751512527466,1.0,0.9616724848747253,131,0.9694444444444444,0.9694444444444444,0.1759670078754425,0.17733241617679596,0.084225868102577,0.08453551191422676,0.4963151812553406,0.8852185010910034,
"('digits', 'sens-LS', 0.1, 19)",80,0.9686411023139954,94.93379665911198,0.03135889768600464,1.0,0.9686411023139954,101,0.9638888888888889,0.9611111111111111,0.2459823191165924,0.25245147943496704,0.1310640955136882,0.13697766909996667,0.7129870653152466,0.8328247666358948,
"('digits', 'sens-LS', 0.2, 19)",80,0.9651567935943604,94.95121902227402,0.02787458896636963,1.0,0.9721254110336304,101,0.9611111111111111,0.9611111111111111,0.37417730689048767,0.37945556640625,0.22479043934080334,0.23180854734447268,1.059022068977356,0.7400293350219727,
"('digits', 'sens-LS', 0.3, 19)",80,0.9686411023139954,95.07142823934555,0.03135889768600464,1.0,0.9686411023139954,101,0.9638888888888889,0.9666666666666667,0.4937872886657715,0.5004233717918396,0.30924076375861964,0.31733960939778216,1.3322678804397583,0.6546481251716614,
"('digits', 'sens-KD', 1.0, 0.3, 19)",137,0.9581881761550903,148.02787292003632,0.04181182384490967,1.0,0.9581881761550903,158,0.9555555555555556,0.9527777777777777,0.13698172569274902,0.13903653621673584,0.010853311171134335,0.018857109132740232,0.1153823658823967,0.9616929888725281,0.95
"('digits', 'sens-KD', 1.0, 0.5, 19)",105,0.9581881761550903,117.65853607654572,0.04007269341012709,0.9982608695652174,0.9581881761550903,126,0.9444444444444444,0.95,0.1526241898536682,0.1530345380306244,0.028574336899651394,0.01931948049200908,0.1379174292087555,0.955413818359375,0.95
"('digits', 'sens-KD', 1.0, 0.7, 19)",112,0.9651567935943604,124.82752637565136,0.005277989014335294,0.9704347826086956,0.9651567935943604,133,0.9472222222222222,0.9444444444444444,0.16793055832386017,0.1643386334180832,0.017515297151274117,0.024102650665574613,0.15006837248802185,0.9524644017219543,0.95
"('digits', 'sens-KD', 2.0, 0.3, 19)",159,0.9721254110336304,170.44599175453186,0.03135889768600464,1.0,0.9686411023139954,180,0.9583333333333334,0.9583333333333334,0.14796243607997894,0.14714786410331726,0.01837453254395061,0.02061065245005819,0.1303204894065857,0.9593722820281982,0.95
"('digits', 'sens-KD', 2.0, 0.5, 19)",149,0.9721254110336304,161.3118443787098,0.019178936792456636,0.991304347826087,0.9721254110336304,170,0.9555555555555556,0.9583333333333334,0.15537096560001373,0.15244805812835693,0.018195886909961746,0.02019313085410335,0.13670022785663605,0.9569653272628784,0.95
"('digits', 'sens-KD', 2.0, 0.7, 19)",126,0.9651567935943604,138.73344863951206,0.005277989014335294,0.9704347826086956,0.9651567935943604,147,0.95,0.95,0.17033445835113525,0.16616660356521606,0.01770208891895081,0.017064507305622072,0.140471950173378,0.9554206132888794,0.95
"('digits', 'sens-KD', 4.0, 0.3, 19)",116,0.9721254110336304,129.6254340261221,0.03135889768600464,1.0,0.9686411023139954,137,0.9611111111111111,0.9583333333333334,0.14725661277770996,0.1449228674173355,0.016954593443208293,0.011118880079852228,0.12781491875648499,0.9590179324150085,0.95
"('digits', 'sens-KD', 4.0, 0.5, 19)",88,0.9686411023139954,101.97212460637093,0.020924115077308958,0.9895652173913043,0.9686411023139954,109,0.9527777777777777,0.9527777777777777,0.16116736829280853,0.15844622254371643,0.017056676165925103,0.019448233478599107,0.13375794887542725,0.9567304849624634,0.95
"('digits', 'sens-KD', 4.0, 0.7, 19)",114,0.9651567935943604,126.98780417442322,0.010495380318683134,0.9756521739130435,0.9651567935943604,135,0.9472222222222222,0.95,0.1779482364654541,0.17554453015327454,0.019344963464472002,0.02166557676262324,0.1401466429233551,0.9549427628517151,0.95
"('glass', 'sens-LS', 0.05, 0)",153,0.6764705777168274,98.29411942511797,0.22208014692085376,0.8985507246376812,0.6764705777168274,174,0.5813953488372093,0.5581395348837209,1.272975206375122,1.2484500408172607,0.21105337212252062,0.2005407720111137,0.8375009298324585,0.6949508190155029,
"('glass', 'sens-LS', 0.1, 0)",167,0.6764705777168274,108.48529583960772,0.1926683541657268,0.8985507246376812,0.7058823704719543,188,0.5813953488372093,0.5116279069767442,1.1983827352523804,1.1896401643753052,0.2210469238979872,0.24429613143898715,0.9471786022186279,0.6656055450439453,
"('glass', 'sens-LS', 0.2, 0)",186,0.7058823704719543,123.07353103905916,0.236146615035292,0.9420289855072463,0.7058823704719543,207,0.5581395348837209,0.5348837209302325,1.165925145149231,1.1897999048233032,0.1151688764261645,0.1890797920005266,1.1157405376434326,0.610197901725769,
"('glass', 'sens-LS', 0.3, 0)",284,0.7058823704719543,190.1029448583722,0.2796248759048573,0.9855072463768116,0.7058823704719543,300,0.5581395348837209,0.5581395348837209,1.2214082479476929,1.2388041019439697,0.13520613451336705,0.20473103675731397,1.2107962369918823,0.5823125243186951,
"('glass', 'sens-KD', 1.0, 0.3, 0)",136,0.6176470518112183,87.64706084877253,0.19309463967447693,0.8695652173913043,0.6764705777168274,157,0.5813953488372093,0.6046511627906976,1.3062469959259033,1.2829629182815552,0.1864122318667035,0.22966620880503988,0.6809876561164856,0.7411699295043945,0.6046511627906976
"('glass', 'sens-KD', 1.0, 0.5, 0)",152,0.6470588445663452,96.0000014975667,0.19394715108733251,0.8115942028985508,0.6176470518112183,173,0.6511627906976745,0.6511627906976745,1.176578164100647,1.1817052364349365,0.16715554581132047,0.18564808576606037,0.6332462430000305,0.7669094204902649,0.6046511627906976
"('glass', 'sens-KD', 1.0, 0.7, 0)",22,0.5,20.352941371500492,0.23913043478260865,0.7391304347826086,0.5,43,0.37209302325581395,0.4883720930232558,1.5090008974075317,1.500276803970337,0.17605952883875645,0.16448803557906036,1.3709087371826172,0.4403723478317261,0.6046511627906976
"('glass', 'sens-KD', 2.0, 0.3, 0)",21,0.47058823704719543,20.132353208959103,0.22506393686584802,0.6956521739130435,0.47058823704719543,42,0.3488372093023256,0.4186046511627907,1.533735990524292,1.600998044013977,0.13870992979338,0.2124164229215577,1.3807735443115234,0.43528619408607483,0.6046511627906976
"('glass', 'sens-KD', 2.0, 0.5, 0)",20,0.529411792755127,19.500000275671482,0.19565217391304346,0.6956521739130435,0.5,41,0.3488372093023256,0.4883720930232558,1.524023175239563,1.666219711303711,0.1973663783350656,0.26364253565322526,1.3935010433197021,0.41755810379981995,0.6046511627906976
"('glass', 'sens-KD', 2.0, 0.7, 0)",20,0.529411792755127,19.38235319405794,0.21014492753623193,0.7101449275362319,0.5,41,0.3488372093023256,0.4883720930232558,1.5283327102661133,1.7489012479782104,0.11350676348043043,0.22756723435812218,1.3792474269866943,0.41930708289146423,0.6046511627906976
"('glass', 'sens-KD', 4.0, 0.3, 0)",20,0.5,19.529412038624287,0.19565217391304346,0.6956521739130435,0.5,41,0.37209302325581395,0.4418604651162791,1.5250458717346191,1.6648977994918823,0.15044125498727312,0.1959299313467602,1.3904722929000854,0.421953946352005,0.6046511627906976
"('glass', 'sens-KD', 4.0, 0.5, 0)",20,0.5588235259056091,19.602941520512104,0.1662403811579165,0.6956521739130435,0.529411792755127,41,0.32558139534883723,0.46511627906976744,1.5309655666351318,1.7551720142364502,0.18155107664507486,0.2172670336656792,1.3570114374160767,0.42799460887908936,0.6046511627906976
"('glass', 'sens-KD', 4.0, 0.7, 0)",20,0.5,19.470588617026806,0.15174762753472815,0.6811594202898551,0.529411792755127,41,0.32558139534883723,0.4418604651162791,1.5363112688064575,1.8195078372955322,0.14077846116797865,0.282011744934459,1.347169280052185,0.43048956990242004,0.6046511627906976
"('glass', 'sens-LS', 0.05, 1)",90,0.6764705777168274,70.45588279515505,0.14919009329616162,0.855072463768116,0.7058823704719543,111,0.7441860465116279,0.7674418604651163,0.8065290451049805,0.7754510641098022,0.1749270523703375,0.16199199266211928,0.8411372900009155,0.6980366110801697,
"('glass', 'sens-LS', 0.1, 1)",90,0.6764705777168274,70.66176510602236,0.14919009329616162,0.855072463768116,0.7058823704719543,111,0.7441860465116279,0.7674418604651163,0.7986239790916443,0.7641263604164124,0.2207050711609597,0.14905619205430493,0.9458730220794678,0.6657745838165283,
"('glass', 'sens-LS', 0.2, 1)",90,0.6764705777168274,69.80882380157709,0.16368284691934998,0.8695652173913043,0.7058823704719543,111,0.7209302325581395,0.7441860465116279,0.836984395980835,0.8051903247833252,0.24265879808470256,0.21603470902110253,1.1299713850021362,0.6077103018760681,
"('glass', 'sens-LS', 0.3, 1)",89,0.6764705777168274,68.76470623165369,0.19309463967447693,0.8695652173913043,0.6764705777168274,110,0.7441860465116279,0.7441860465116279,0.8915021419525146,0.8600355386734009,0.21306073942849804,0.24961392442847405,1.2759838104248047,0.5532236099243164,
"('glass', 'sens-KD', 1.0, 0.3, 1)",89,0.6470588445663452,66.42647186666727,0.2225063728249591,0.8695652173913043,0.6470588445663452,110,0.7209302325581395,0.7674418604651163,0.8393005728721619,0.8127886652946472,0.18387491204017817,0.14748737077380333,0.8046494126319885,0.6892257332801819,0.7441860465116279
"('glass', 'sens-KD', 1.0, 0.5, 1)",89,0.6176470518112183,67.2647063806653,0.12063087155853491,0.7971014492753623,0.6764705777168274,110,0.6744186046511628,0.7441860465116279,0.8534957766532898,0.8237186670303345,0.14509147682855295,0.16391621911248494,0.8259012699127197,0.6708070039749146,0.7441860465116279
"('glass', 'sens-KD', 1.0, 0.7, 1)",108,0.6470588445663452,75.57353063300252,0.03452686123226001,0.6521739130434783,0.6176470518112183,129,0.6744186046511628,0.6744186046511628,0.8554747700691223,0.8523614406585693,0.17358856145725698,0.1735018422437269,0.7917397022247314,0.6815046072006226,0.7441860465116279
"('glass', 'sens-KD', 2.0, 0.3, 1)",67,0.6470588445663452,53.32352990657091,0.09164536431215808,0.7681159420289855,0.6764705777168274,88,0.7209302325581395,0.6744186046511628,0.9301167130470276,0.8775385618209839,0.14844293026036995,0.256125163893367,0.8840070962905884,0.6356638669967651,0.7441860465116279
"('glass', 'sens-KD', 2.0, 0.5, 1)",89,0.7058823704719543,67.26470701768994,0.1065643438394519,0.7536231884057971,0.6470588445663452,110,0.6976744186046512,0.7209302325581395,0.8883941173553467,0.8348434567451477,0.18701546621877096,0.11375352393749148,0.77292799949646,0.6843072175979614,0.7441860465116279
"('glass', 'sens-KD', 2.0, 0.7, 1)",89,0.7058823704719543,63.92647172883153,0.004688842573027707,0.6811594202898551,0.6764705777168274,110,0.6744186046511628,0.6976744186046512,0.9374945163726807,0.8786197304725647,0.12373415051504623,0.15778533802476039,0.7728770971298218,0.6760820746421814,0.7441860465116279
"('glass', 'sens-KD', 4.0, 0.3, 1)",67,0.7058823704719543,53.3970597460866,0.06223357155703113,0.7681159420289855,0.7058823704719543,88,0.7209302325581395,0.6976744186046512,0.9594694375991821,0.8926005959510803,0.13707799273867938,0.1853061075820479,0.8480942249298096,0.641357958316803,0.7441860465116279
"('glass', 'sens-KD', 4.0, 0.5, 1)",108,0.7058823704719543,78.66176562383771,0.06265985706578125,0.7391304347826086,0.6764705777168274,129,0.7209302325581395,0.6976744186046512,0.8381847143173218,0.8075824975967407,0.15143137338549592,0.16967166024585104,0.7319992780685425,0.6980364918708801,0.7441860465116279
"('glass', 'sens-KD', 4.0, 0.7, 1)",57,0.5882353186607361,42.19117807224393,0.0055413539858831795,0.6231884057971014,0.6176470518112183,78,0.5813953488372093,0.6046511627906976,1.1876189708709717,1.040220856666565,0.21586726016776503,0.17081554892451264,0.8862698674201965,0.6058551073074341,0.7441860465116279
"('glass', 'sens-LS', 0.05, 2)",64,0.7058823704719543,49.82353010028601,0.0468883065209873,0.8115942028985508,0.7647058963775635,85,0.5813953488372093,0.627906976744186,1.0993400812149048,1.1621935367584229,0.17182112987651382,0.15382756188858385,0.9840490818023682,0.5963656902313232,
"('glass', 'sens-LS', 0.1, 2)",63,0.6764705777168274,49.10294186323881,0.07630009927611425,0.8115942028985508,0.7352941036224365,84,0.5813953488372093,0.627906976744186,1.080038070678711,1.1257381439208984,0.1595110040764476,0.15836723252784374,1.0564430952072144,0.5742861032485962,
"('glass', 'sens-LS', 0.2, 2)",63,0.6764705777168274,49.69117733091116,0.07630009927611425,0.8115942028985508,0.7352941036224365,84,0.5813953488372093,0.627906976744186,1.0873794555664062,1.1237506866455078,0.13399295959361765,0.1923593241114949,1.1955102682113647,0.5330638289451599,
"('glass', 'sens-LS', 0.3, 2)",62,0.7058823704719543,49.80882429331541,0.07630009927611425,0.8115942028985508,0.7352941036224365,83,0.5581395348837209,0.6511627906976745,1.1161235570907593,1.1443368196487427,0.16787520674772038,0.22076859585074493,1.3213059902191162,0.490539014339447,
"('glass', 'sens-KD', 1.0, 0.3, 2)",62,0.7352941036224365,48.86764768511057,0.14919009329616162,0.855072463768116,0.7058823704719543,83,0.627906976744186,0.627906976744186,0.9669970273971558,1.0167542695999146,0.17127855988435967,0.1763749240442764,0.9484409689903259,0.5898650288581848,0.6511627906976745
"('glass', 'sens-KD', 1.0, 0.5, 2)",61,0.6764705777168274,47.35294183343649,0.06265985706578125,0.7391304347826086,0.6764705777168274,82,0.6744186046511628,0.6744186046511628,0.903102457523346,0.9389480948448181,0.15645751842232639,0.17869557960088867,0.9672157168388367,0.5771276354789734,0.6511627906976745
"('glass', 'sens-KD', 1.0, 0.7, 2)",61,0.6176470518112183,45.882353730499744,-0.009377685146055414,0.6376811594202898,0.6470588445663452,82,0.6046511627906976,0.6744186046511628,0.8961777091026306,0.9147483706474304,0.14455540928729743,0.15279780016389002,0.9761247634887695,0.5653674006462097,0.6511627906976745
"('glass', 'sens-KD', 2.0, 0.3, 2)",62,0.7058823704719543,47.205882765352726,0.07630009927611425,0.8115942028985508,0.7352941036224365,83,0.627906976744186,0.6511627906976745,0.9367279410362244,0.9918556213378906,0.12623910016791764,0.19475039909052294,0.8734726905822754,0.6062527298927307,0.6511627906976745
"('glass', 'sens-KD', 2.0, 0.5, 2)",61,0.6470588445663452,45.911765433847904,-0.03878941829653759,0.6376811594202898,0.6764705777168274,82,0.6046511627906976,0.6744186046511628,0.9211381673812866,0.9760064482688904,0.1679708451725716,0.1511206127876459,0.8731756806373596,0.6036176085472107,0.6511627906976745
"('glass', 'sens-KD', 2.0, 0.7, 2)",60,0.529411792755127,42.544118620455265,-0.023870438769243774,0.6231884057971014,0.6470588445663452,81,0.5581395348837209,0.6976744186046512,0.939739465713501,0.9884873032569885,0.09769942594128986,0.195876503406569,0.8816690444946289,0.5989172458648682,0.6511627906976745
"('glass', 'sens-KD', 4.0, 0.3, 2)",61,0.6764705777168274,46.20588285475969,-0.025149176086204594,0.7101449275362319,0.7352941036224365,82,0.6046511627906976,0.6744186046511628,0.9577069878578186,1.0265445709228516,0.13891391768011938,0.177820659654085,0.8380356431007385,0.6182923913002014,0.6511627906976745
"('glass', 'sens-KD', 4.0, 0.5, 2)",61,0.5588235259056091,44.26470633596182,-0.06820121105166455,0.6376811594202898,0.7058823704719543,82,0.6046511627906976,0.627906976744186,0.9683585166931152,1.0105352401733398,0.1060289345508398,0.11783594031666601,0.8535138368606567,0.6086354851722717,0.6511627906976745
"('glass', 'sens-KD', 4.0, 0.7, 2)",102,0.6764705777168274,70.66176531463861,-0.03878941829653759,0.6376811594202898,0.6764705777168274,123,0.7441860465116279,0.6976744186046512,1.0084723234176636,1.0180914402008057,0.20794235135233682,0.10566833892533946,0.8011970520019531,0.6411298513412476,0.6511627906976745
"('glass', 'sens-LS', 0.05, 3)",64,0.5588235259056091,38.11764767207205,0.23870414927385852,0.7681159420289855,0.529411792755127,85,0.5813953488372093,0.6511627906976745,0.8954914212226868,0.8601265549659729,0.11984965828962106,0.11547452904457269,1.0147656202316284,0.5901618599891663,
"('glass', 'sens-LS', 0.1, 3)",64,0.529411792755127,37.970589036121964,0.23870414927385852,0.7681159420289855,0.529411792755127,85,0.5581395348837209,0.6046511627906976,0.9059656858444214,0.8828798532485962,0.14138822361480358,0.13374367425608083,1.10640287399292,0.5680130124092102,
"('glass', 'sens-LS', 0.2, 3)",64,0.529411792755127,38.176471242681146,0.23870414927385852,0.7681159420289855,0.529411792755127,85,0.5581395348837209,0.6744186046511628,0.9526474475860596,0.9301843643188477,0.14766797977824542,0.20988665001336915,1.255542278289795,0.527644693851471,
"('glass', 'sens-LS', 0.3, 3)",64,0.529411792755127,38.23529491759837,0.23870414927385852,0.7681159420289855,0.529411792755127,85,0.5581395348837209,0.6511627906976745,1.0145784616470337,0.989627480506897,0.13976895393327224,0.14929320576579072,1.3860981464385986,0.4813280701637268,
"('glass', 'sens-KD', 1.0, 0.3, 3)",64,0.5588235259056091,39.88235383667052,0.22421139565067016,0.7536231884057971,0.529411792755127,85,0.5813953488372093,0.627906976744186,0.830970823764801,0.8093443512916565,0.09102995451106581,0.12705296832461688,0.9286898374557495,0.6138100028038025,0.7209302325581395
"('glass', 'sens-KD', 1.0, 0.5, 3)",63,0.5,37.42647130228579,0.1811594202898551,0.6811594202898551,0.5,84,0.5813953488372093,0.6976744186046512,0.8483181595802307,0.8299359083175659,0.13498963796815208,0.21295557465664178,0.9086529016494751,0.6237869262695312,0.7209302325581395
"('glass', 'sens-KD', 1.0, 0.7, 3)",63,0.47058823704719543,38.29411822743714,0.07928385941878613,0.6086956521739131,0.529411792755127,84,0.6744186046511628,0.7209302325581395,0.8844884037971497,0.8902609348297119,0.24797247523485227,0.253555882808774,0.8827225565910339,0.6446806192398071,0.7209302325581395
"('glass', 'sens-KD', 2.0, 0.3, 3)",64,0.529411792755127,39.89705967344344,0.1513214016306228,0.7101449275362319,0.5588235259056091,85,0.5813953488372093,0.6511627906976745,0.8513855338096619,0.8303303122520447,0.12493840206501095,0.21390918798224873,0.8395904898643494,0.6431980133056641,0.7209302325581395
"('glass', 'sens-KD', 2.0, 0.5, 3)",63,0.529411792755127,37.926471346989274,0.09335038713786914,0.6521739130434783,0.5588235259056091,84,0.6046511627906976,0.6976744186046512,0.9018547534942627,0.8838210105895996,0.16612295910369518,0.16804451443428217,0.7970590591430664,0.6635422110557556,0.7209302325581395
"('glass', 'sens-KD', 2.0, 0.7, 3)",63,0.5,37.55882409401238,0.09377661304197449,0.6231884057971014,0.529411792755127,84,0.5813953488372093,0.6511627906976745,1.004328727722168,0.974770724773407,0.24461731591890024,0.2658169657685036,0.7487349510192871,0.6908867359161377,0.7209302325581395
"('glass', 'sens-KD', 4.0, 0.3, 3)",64,0.5882353186607361,38.8088243547827,0.1513214016306228,0.7101449275362319,0.5588235259056091,85,0.5581395348837209,0.6511627906976745,0.849023163318634,0.8340203166007996,0.1762949976810189,0.17199112786803133,0.8116587996482849,0.6524532437324524,0.7209302325581395
"('glass', 'sens-KD', 4.0, 0.5, 3)",64,0.529411792755127,37.69117748178542,0.03537937264511548,0.5942028985507246,0.5588235259056091,85,0.5581395348837209,0.6511627906976745,0.9571249485015869,0.9508947134017944,0.16574242087297658,0.14868955972582795,0.762597382068634,0.6778905987739563,0.7209302325581395
"('glass', 'sens-KD', 4.0, 0.7, 3)",63,0.47058823704719543,35.17647108621895,-0.03665816956672113,0.4927536231884058,0.529411792755127,84,0.5348837209302325,0.6046511627906976,1.139098882675171,1.1185964345932007,0.2129421351953994,0.19939124792121177,0.7073261141777039,0.7160462141036987,0.7209302325581395
"('glass', 'sens-LS', 0.05, 4)",61,0.6470588445663452,44.61764765530825,0.19352086557858228,0.8405797101449275,0.6470588445663452,82,0.6046511627906976,0.627906976744186,0.9482717514038086,0.9918770790100098,0.11357368286265884,0.12160730015399844,0.9096254110336304,0.6658350229263306,
"('glass', 'sens-LS', 0.1, 4)",61,0.6470588445663452,44.80882418900728,0.1641091324281001,0.8405797101449275,0.6764705777168274,82,0.6046511627906976,0.6511627906976745,0.9538704752922058,0.9895904660224915,0.11915613329687783,0.13913172206213312,1.0044429302215576,0.6355912089347839,
"('glass', 'sens-LS', 0.2, 4)",61,0.6764705777168274,45.323529936373234,0.19352086557858228,0.8405797101449275,0.6470588445663452,82,0.627906976744186,0.6511627906976745,0.9874856472015381,1.0109397172927856,0.2009954230729924,0.1764531461305397,1.1779522895812988,0.5740696787834167,
"('glass', 'sens-LS', 0.3, 4)",61,0.7058823704719543,46.000000424683094,0.19352086557858228,0.8405797101449275,0.6470588445663452,82,0.627906976744186,0.6511627906976745,1.040132761001587,1.045026421546936,0.2123881093291349,0.09361934592557505,1.3157368898391724,0.5211173892021179,
"('glass', 'sens-KD', 1.0, 0.3, 4)",60,0.6176470518112183,43.61764816194773,0.13554985108582873,0.782608695652174,0.6470588445663452,81,0.6511627906976745,0.6511627906976745,0.9729103446006775,1.0152877569198608,0.23021902594455454,0.17808581091636835,0.8625869154930115,0.6846629977226257,0.6511627906976745
"('glass', 'sens-KD', 1.0, 0.5, 4)",60,0.5588235259056091,42.39705929160118,0.19437337699143786,0.782608695652174,0.5882353186607361,81,0.6976744186046512,0.6744186046511628,0.9787695407867432,1.0173219442367554,0.11627611795137097,0.19442619833835337,0.8782973885536194,0.6787477731704712,0.6511627906976745
"('glass', 'sens-KD', 1.0, 0.7, 4)",61,0.5588235259056091,42.970588475465775,0.1513214016306228,0.7101449275362319,0.5588235259056091,82,0.6976744186046512,0.6976744186046512,1.0168818235397339,1.0465269088745117,0.23484948762627533,0.17636698900267134,0.883645236492157,0.6759609580039978,0.6511627906976745
"('glass', 'sens-KD', 2.0, 0.3, 4)",12,0.4117647111415863,14.779412120580673,0.1364023624986842,0.7246376811594203,0.5882353186607361,33,0.5348837209302325,0.6744186046511628,1.3610501289367676,1.0606869459152222,0.24727143867071286,0.12926138140434443,1.638351321220398,0.3268370032310486,0.6511627906976745
"('glass', 'sens-KD', 2.0, 0.5, 4)",11,0.4117647111415863,14.250000327825546,0.1364023624986842,0.7246376811594203,0.5882353186607361,32,0.4883720930232558,0.6744186046511628,1.3880361318588257,1.1080164909362793,0.21554948978645855,0.10566802704057028,1.6527647972106934,0.3174375593662262,0.6511627906976745
"('glass', 'sens-KD', 2.0, 0.7, 4)",10,0.4117647111415863,13.426470875740051,0.12190960887549585,0.7101449275362319,0.5882353186607361,31,0.4883720930232558,0.6744186046511628,1.421670913696289,1.1602585315704346,0.18625242973482886,0.20215069138726524,1.6761271953582764,0.3021196722984314,0.6511627906976745
"('glass', 'sens-KD', 4.0, 0.3, 4)",11,0.4117647111415863,13.926470845937729,0.15089511612187256,0.7391304347826086,0.5882353186607361,32,0.46511627906976744,0.6511627906976745,1.3872445821762085,1.1068408489227295,0.203181735304899,0.16989356972450437,1.6532793045043945,0.3183059096336365,0.6511627906976745
"('glass', 'sens-KD', 4.0, 0.5, 4)",10,0.38235294818878174,13.0147061124444,0.16581415525381116,0.7246376811594203,0.5588235259056091,31,0.5116279069767442,0.6511627906976745,1.4165786504745483,1.1741511821746826,0.20383848215258396,0.16556119087130525,1.670814871788025,0.3077893853187561,0.6511627906976745
"('glass', 'sens-KD', 4.0, 0.7, 4)",9,0.38235294818878174,12.235294312238693,0.2246376811594203,0.7246376811594203,0.5,30,0.5116279069767442,0.6511627906976745,1.4506962299346924,1.2201991081237793,0.22271622717380524,0.11325823290403499,1.6929103136062622,0.29321154952049255,0.6511627906976745
"('glass', 'sens-LS', 0.05, 5)",57,0.5588235259056091,37.3235302940011,0.2233588842378147,0.8115942028985508,0.5882353186607361,78,0.7674418604651163,0.7441860465116279,0.9778055548667908,0.9394872188568115,0.25303998242977055,0.20014090177624727,1.0545350313186646,0.5942003130912781,
"('glass', 'sens-LS', 0.1, 5)",76,0.6176470518112183,48.602942533791065,0.25191816558008606,0.8695652173913043,0.6176470518112183,97,0.7209302325581395,0.7441860465116279,0.9611647725105286,0.9161340594291687,0.2220796318941338,0.14643667672955712,1.0415900945663452,0.6091960072517395,
"('glass', 'sens-LS', 0.2, 5)",123,0.6470588445663452,78.29411902278662,0.25149188007133594,0.8985507246376812,0.6470588445663452,144,0.6744186046511628,0.6976744186046512,0.8933904767036438,0.8922800421714783,0.21272597063419435,0.15684558970983636,1.079869270324707,0.6237943768501282,
"('glass', 'sens-LS', 0.3, 5)",123,0.6470588445663452,77.76470714062452,0.25149188007133594,0.8985507246376812,0.6470588445663452,144,0.6744186046511628,0.6976744186046512,0.9453660845756531,0.940722644329071,0.13277151141055796,0.16016185352968618,1.2399415969848633,0.5682125091552734,
"('glass', 'sens-KD', 1.0, 0.3, 5)",71,0.6470588445663452,47.0294124558568,0.1500426047090171,0.7971014492753623,0.6470588445663452,92,0.7209302325581395,0.6976744186046512,0.9501811265945435,0.927512526512146,0.2126224207323651,0.20439814966778422,0.8463563323020935,0.6632320284843445,0.7209302325581395
"('glass', 'sens-KD', 1.0, 0.5, 5)",234,0.6764705777168274,151.8382361754775,0.14961637880491174,0.8260869565217391,0.6764705777168274,255,0.6744186046511628,0.6744186046511628,0.9619407057762146,1.0114200115203857,0.18893185049988503,0.2233191437499468,0.4810599982738495,0.8248018622398376,0.7209302325581395
"('glass', 'sens-KD', 1.0, 0.7, 5)",207,0.6470588445663452,131.38235538452864,0.034100575723509885,0.6811594202898551,0.6470588445663452,228,0.6744186046511628,0.6744186046511628,1.0965099334716797,1.1191072463989258,0.21969606710034748,0.2570717792178309,0.45841190218925476,0.8448361158370972,0.7209302325581395
"('glass', 'sens-KD', 2.0, 0.3, 5)",63,0.5882353186607361,40.01470696181059,0.16581415525381116,0.7246376811594203,0.5588235259056091,84,0.7209302325581395,0.7441860465116279,0.960639238357544,0.9383460879325867,0.12317345100779868,0.15498858898185022,0.739739179611206,0.6821293234825134,0.7209302325581395
"('glass', 'sens-KD', 2.0, 0.5, 5)",92,0.5588235259056091,56.14706026762724,0.12190960887549585,0.7101449275362319,0.5882353186607361,113,0.6744186046511628,0.6511627906976745,1.0111669301986694,1.0951216220855713,0.15692488190739654,0.23548086992529932,0.6005738973617554,0.7538257837295532,0.7209302325581395
"('glass', 'sens-KD', 2.0, 0.7, 5)",13,0.29411765933036804,10.500000335276127,0.0366581397643988,0.5072463768115942,0.47058823704719543,34,0.3953488372093023,0.5813953488372093,1.4906104803085327,1.4015498161315918,0.18939260202784874,0.23855740109155343,1.5595808029174805,0.38274455070495605,0.7209302325581395
"('glass', 'sens-KD', 4.0, 0.3, 5)",64,0.5588235259056091,39.8382359072566,0.09249787572501367,0.7101449275362319,0.6176470518112183,85,0.7209302325581395,0.7441860465116279,0.9684110283851624,0.9424487352371216,0.11010273667268974,0.10861106251561366,0.6880844235420227,0.6888430118560791,0.7209302325581395
"('glass', 'sens-KD', 4.0, 0.5, 5)",13,0.29411765933036804,10.544117979705334,0.021739130434782594,0.5217391304347826,0.5,34,0.3953488372093023,0.6046511627906976,1.4865120649337769,1.422676920890808,0.1892276052818742,0.23583503517993665,1.5679539442062378,0.3773766756057739,0.7209302325581395
"('glass', 'sens-KD', 4.0, 0.7, 5)",12,0.29411765933036804,9.50000036507845,0.03751065117725427,0.4492753623188406,0.4117647111415863,33,0.3953488372093023,0.4418604651162791,1.5061053037643433,1.5919603109359741,0.12422487209009568,0.19821899990702785,1.5905671119689941,0.3645840585231781,0.7209302325581395
"('glass', 'sens-LS', 0.05, 6)",49,0.5588235259056091,30.191177047789097,0.26896845344184106,0.7101449275362319,0.44117647409439087,70,0.6744186046511628,0.6046511627906976,0.9119721055030823,0.8316782712936401,0.11931955814361572,0.14939086936240972,1.0241804122924805,0.5594631433486938,
"('glass', 'sens-LS', 0.1, 6)",81,0.44117647409439087,44.985294707119465,0.3704177288041599,0.8115942028985508,0.44117647409439087,102,0.7209302325581395,0.6976744186046512,0.820898711681366,0.7714184522628784,0.16322170648463935,0.10761199163836102,0.9896594882011414,0.6001043319702148,
"('glass', 'sens-LS', 0.2, 6)",81,0.47058823704719543,45.47058891505003,0.32651321222816687,0.7971014492753623,0.47058823704719543,102,0.7209302325581395,0.6976744186046512,0.8780074715614319,0.829771101474762,0.18181631870047993,0.1753081388251726,1.1590907573699951,0.5500960946083069,
"('glass', 'sens-LS', 0.3, 6)",48,0.5588235259056091,30.220588721334934,0.31244671431140625,0.7536231884057971,0.44117647409439087,69,0.6744186046511628,0.5581395348837209,1.00542151927948,0.9592541456222534,0.21003471210945482,0.22083747040393742,1.342345952987671,0.46438390016555786,
"('glass', 'sens-KD', 1.0, 0.3, 6)",80,0.5,46.95588278025389,0.32608695652173914,0.8260869565217391,0.5,101,0.7906976744186046,0.813953488372093,0.7659832239151001,0.7285500168800354,0.17036950934764955,0.1732235329095707,0.7890022397041321,0.6629230380058289,0.6976744186046512
"('glass', 'sens-KD', 1.0, 0.5, 6)",57,0.5,35.42647098749876,0.25404944411222485,0.7246376811594203,0.47058823704719543,78,0.7674418604651163,0.7674418604651163,0.8572645783424377,0.7919186353683472,0.15855450131172355,0.14236684386120285,0.8650361895561218,0.625371515750885,0.6976744186046512
"('glass', 'sens-KD', 1.0, 0.7, 6)",19,0.47058823704719543,16.17647072672844,0.21142369465551514,0.6231884057971014,0.4117647111415863,40,0.627906976744186,0.6744186046511628,1.2027498483657837,0.9859827756881714,0.22826845285504366,0.14387560098670252,1.4848953485488892,0.3996385633945465,0.6976744186046512
"('glass', 'sens-KD', 2.0, 0.3, 6)",19,0.4117647111415863,15.132353149354458,0.12233589438424597,0.6811594202898551,0.5588235259056091,40,0.5813953488372093,0.7441860465116279,1.2087197303771973,0.987373948097229,0.1785763224890066,0.22833891178286356,1.486640214920044,0.4059974253177643,0.6976744186046512
"('glass', 'sens-KD', 2.0, 0.5, 6)",3,0.23529411852359772,7.500000186264515,0.1960784296194712,0.6666666666666666,0.47058823704719543,24,0.3488372093023256,0.6744186046511628,1.7045189142227173,1.1071879863739014,0.14496796214303306,0.25220927457476777,1.775099277496338,0.20386923849582672,0.6976744186046512
"('glass', 'sens-KD', 2.0, 0.7, 6)",2,0.20588235557079315,6.9264707788825035,0.1675191780795222,0.6086956521739131,0.44117647409439087,23,0.27906976744186046,0.627906976744186,1.7362974882125854,1.1312413215637207,0.07709981466448584,0.21852236362390742,1.776019811630249,0.2019699662923813,0.6976744186046512
"('glass', 'sens-KD', 4.0, 0.3, 6)",5,0.3235294222831726,7.602941416203976,0.2851662298907405,0.6086956521739131,0.3235294222831726,26,0.4883720930232558,0.5813953488372093,1.6438714265823364,1.1008213758468628,0.28283537820328114,0.17041661573010822,1.7681423425674438,0.21822653710842133,0.6976744186046512
"('glass', 'sens-KD', 4.0, 0.5, 6)",2,0.20588235557079315,6.308823756873608,0.21270246177479846,0.5362318840579711,0.3235294222831726,23,0.27906976744186046,0.5581395348837209,1.7371463775634766,1.1623507738113403,0.07694750989592351,0.11369514603947484,1.7761905193328857,0.20212224125862122,0.6976744186046512
"('glass', 'sens-KD', 4.0, 0.7, 6)",2,0.20588235557079315,5.7941178902983665,0.2131287174812262,0.5072463768115942,0.29411765933036804,23,0.27906976744186046,0.5348837209302325,1.7370539903640747,1.18736732006073,0.07685963844144066,0.11039949988209921,1.7761633396148682,0.20221011340618134,0.6976744186046512
"('glass', 'sens-LS', 0.05, 7)",84,0.6176470518112183,55.52941305190325,0.3107416914856952,0.8695652173913043,0.5588235259056091,105,0.6976744186046512,0.6744186046511628,0.9618127346038818,0.9575709104537964,0.13668073540510137,0.1351678641729577,0.823208212852478,0.6670747995376587,
"('glass', 'sens-LS', 0.1, 7)",85,0.5882353186607361,55.970589466392994,0.3107416914856952,0.8695652173913043,0.5588235259056091,106,0.6744186046511628,0.6511627906976745,0.9366148114204407,0.9370173811912537,0.11692841801532479,0.12871316560479096,0.9161580204963684,0.64521723985672,
"('glass', 'sens-LS', 0.2, 7)",85,0.5882353186607361,55.61764753609896,0.32523444510888366,0.8840579710144928,0.5588235259056091,106,0.6511627906976745,0.6511627906976745,0.9416137337684631,0.9430450797080994,0.12149247596430222,0.15950504361197004,1.0941343307495117,0.5962775945663452,
"('glass', 'sens-LS', 0.3, 7)",85,0.5588235259056091,55.617647506296635,0.32523444510888366,0.8840579710144928,0.5588235259056091,106,0.6511627906976745,0.6511627906976745,0.9850542545318604,0.9830778241157532,0.21394399397594985,0.15727663663930672,1.2414425611495972,0.5480911135673523,
"('glass', 'sens-KD', 1.0, 0.3, 7)",54,0.5882353186607361,37.17647115141153,0.28175618423931836,0.8405797101449275,0.5588235259056091,75,0.6744186046511628,0.6744186046511628,0.9589526057243347,0.9250102639198303,0.17615037428778274,0.1795070725818013,0.9288018941879272,0.60446697473526,0.6511627906976745
"('glass', 'sens-KD', 1.0, 0.5, 7)",53,0.5882353186607361,36.26470647007227,0.26726343061613,0.8260869565217391,0.5588235259056091,74,0.6744186046511628,0.6976744186046512,0.9325941205024719,0.8992767333984375,0.13302568987358449,0.12988045465114503,0.9364909529685974,0.611166775226593,0.6511627906976745
"('glass', 'sens-KD', 1.0, 0.7, 7)",53,0.529411792755127,34.11764771491289,0.12233589438424597,0.6811594202898551,0.5588235259056091,74,0.6744186046511628,0.6976744186046512,0.940787136554718,0.9121447801589966,0.15238346540650652,0.1726223015507986,0.9361181855201721,0.6226207613945007,0.6511627906976745
"('glass', 'sens-KD', 2.0, 0.3, 7)",33,0.47058823704719543,24.397059209644794,0.26768965652023535,0.7971014492753623,0.529411792755127,54,0.6976744186046512,0.7209302325581395,1.0753564834594727,0.9283838272094727,0.19137352774309557,0.13095146972079608,1.0385690927505493,0.5428698658943176,0.6511627906976745
"('glass', 'sens-KD', 2.0, 0.5, 7)",33,0.47058823704719543,24.41176501661539,0.1513214016306228,0.7101449275362319,0.5588235259056091,54,0.6976744186046512,0.6744186046511628,1.0411410331726074,0.9222260117530823,0.18541283940159997,0.21881818563439126,0.9897765517234802,0.5653002262115479,0.6511627906976745
"('glass', 'sens-KD', 2.0, 0.7, 7)",34,0.47058823704719543,24.16176525503397,0.13725487391153968,0.6666666666666666,0.529411792755127,55,0.7209302325581395,0.6744186046511628,1.0241811275482178,0.9320563673973083,0.18988743077876957,0.26275967997173927,0.9419406652450562,0.5765933990478516,0.6511627906976745
"('glass', 'sens-KD', 4.0, 0.3, 7)",33,0.529411792755127,24.470588542521,0.23913043478260865,0.7391304347826086,0.5,54,0.6976744186046512,0.6976744186046512,1.0678679943084717,0.9348868727684021,0.24906179308891294,0.14067216113556263,0.9653427600860596,0.5664275884628296,0.6511627906976745
"('glass', 'sens-KD', 4.0, 0.5, 7)",33,0.5,24.485294468700886,0.1662403811579165,0.6956521739130435,0.529411792755127,54,0.7441860465116279,0.7209302325581395,1.0382717847824097,0.927420437335968,0.1566249187602553,0.17186687505522433,0.900628924369812,0.5875611305236816,0.6511627906976745
"('glass', 'sens-KD', 4.0, 0.7, 7)",33,0.5,23.911765106022358,0.1078431407610575,0.6666666666666666,0.5588235259056091,54,0.7441860465116279,0.7209302325581395,1.0522189140319824,0.939431369304657,0.18758255381916844,0.1259883060011753,0.8748310208320618,0.5917099118232727,0.6511627906976745
"('glass', 'sens-LS', 0.05, 8)",64,0.5588235259056091,44.088236067444086,0.28132989873056824,0.8695652173913043,0.5882353186607361,85,0.627906976744186,0.6744186046511628,1.1133357286453247,1.0719552040100098,0.1437371504861255,0.17853966840477878,0.9808116555213928,0.6281240582466125,
"('glass', 'sens-LS', 0.1, 8)",65,0.5588235259056091,44.50000089779496,0.2958226523537567,0.8840579710144928,0.5882353186607361,86,0.627906976744186,0.6744186046511628,1.0970053672790527,1.0526717901229858,0.15003607716671258,0.18041073167046837,1.054966688156128,0.6077554821968079,
"('glass', 'sens-LS', 0.2, 8)",64,0.5588235259056091,43.794118497520685,0.2958226523537567,0.8840579710144928,0.5882353186607361,85,0.627906976744186,0.6744186046511628,1.1021206378936768,1.054471492767334,0.19476685551709907,0.22150406726571018,1.2051771879196167,0.5577182173728943,
"('glass', 'sens-LS', 0.3, 8)",64,0.5882353186607361,43.691177401691675,0.32523444510888366,0.8840579710144928,0.5588235259056091,85,0.6046511627906976,0.6744186046511628,1.125619888305664,1.0817151069641113,0.2076277642749077,0.2436133796392485,1.3357354402542114,0.5100347995758057,
"('glass', 'sens-KD', 1.0, 0.3, 8)",57,0.5588235259056091,40.36764803901315,0.28175618423931836,0.8405797101449275,0.5588235259056091,78,0.6744186046511628,0.6744186046511628,1.1655259132385254,1.1615287065505981,0.17708836669145628,0.2066103656624639,0.9731534123420715,0.619020938873291,0.6511627906976745
"('glass', 'sens-KD', 1.0, 0.5, 8)",58,0.5588235259056091,41.25000071898103,0.22378516974656482,0.782608695652174,0.5588235259056091,79,0.6046511627906976,0.5813953488372093,1.2199828624725342,1.2236164808273315,0.22159777131191524,0.248058769592019,0.9655569195747375,0.6191179752349854,0.6511627906976745
"('glass', 'sens-KD', 1.0, 0.7, 8)",57,0.529411792755127,40.83823612704873,0.16581415525381116,0.7246376811594203,0.5588235259056091,78,0.5581395348837209,0.5813953488372093,1.3194067478179932,1.3081610202789307,0.1413251882375673,0.14951378661532738,0.9444238543510437,0.6326971054077148,0.6511627906976745
"('glass', 'sens-KD', 2.0, 0.3, 8)",58,0.5882353186607361,40.47058913484216,0.253196902897047,0.782608695652174,0.529411792755127,79,0.6511627906976745,0.6511627906976745,1.2580891847610474,1.2902979850769043,0.1399872330732124,0.24938068279000217,0.8238187432289124,0.6605435013771057,0.6511627906976745
"('glass', 'sens-KD', 2.0, 0.5, 8)",58,0.5588235259056091,40.3235301412642,0.2097186420274817,0.7391304347826086,0.529411792755127,79,0.6046511627906976,0.6046511627906976,1.4105510711669922,1.4223856925964355,0.20742597344309788,0.16548329868982004,0.7814778089523315,0.6645305752754211,0.6511627906976745
"('glass', 'sens-KD', 2.0, 0.7, 8)",20,0.529411792755127,19.867647670209408,0.1662403811579165,0.6956521739130435,0.529411792755127,41,0.3953488372093023,0.5348837209302325,1.5316565036773682,1.7417320013046265,0.15120420067809345,0.23015329588291256,1.4043643474578857,0.43917417526245117,0.6511627906976745
"('glass', 'sens-KD', 4.0, 0.3, 8)",22,0.5588235259056091,20.89705938473344,0.13682864800743433,0.6956521739130435,0.5588235259056091,43,0.4418604651162791,0.46511627906976744,1.4867116212844849,1.5301650762557983,0.10430391098177709,0.26114848464034324,1.3505812883377075,0.46306291222572327,0.6511627906976745
"('glass', 'sens-KD', 4.0, 0.5, 8)",20,0.5588235259056091,20.04411808028817,0.12233589438424597,0.6811594202898551,0.5588235259056091,41,0.4186046511627907,0.5116279069767442,1.5185292959213257,1.765763521194458,0.1371635628301044,0.22827613284421525,1.4106287956237793,0.4322960376739502,0.6511627906976745
"('glass', 'sens-KD', 4.0, 0.7, 8)",19,0.5588235259056091,19.64705902710557,0.07843134800593055,0.6666666666666666,0.5882353186607361,40,0.4186046511627907,0.4418604651162791,1.5367863178253174,1.9298491477966309,0.12030756473541263,0.24667641451192457,1.4479206800460815,0.41326668858528137,0.6511627906976745
"('glass', 'sens-LS', 0.05, 9)",76,0.7058823704719543,61.30882404744625,0.16325662101524463,0.8985507246376812,0.7352941036224365,97,0.5813953488372093,0.5813953488372093,1.1218723058700562,1.1814451217651367,0.13622997112052385,0.18885894778162932,0.8875552415847778,0.6554509997367859,
"('glass', 'sens-LS', 0.1, 9)",76,0.7058823704719543,60.85294188559055,0.1926683541657268,0.8985507246376812,0.7058823704719543,97,0.5581395348837209,0.5581395348837209,1.1077333688735962,1.1352015733718872,0.18031246509662896,0.17630323767662048,0.9890347719192505,0.6241060495376587,
"('glass', 'sens-LS', 0.2, 9)",79,0.7352941036224365,63.14705954492092,0.1926683541657268,0.8985507246376812,0.7058823704719543,100,0.5813953488372093,0.5581395348837209,1.113537311553955,1.1231812238693237,0.16764363299968632,0.18426976924718813,1.1230041980743408,0.5890097618103027,
"('glass', 'sens-LS', 0.3, 9)",79,0.7352941036224365,63.05882407724857,0.1926683541657268,0.8985507246376812,0.7058823704719543,100,0.5813953488372093,0.5581395348837209,1.1386462450027466,1.1478197574615479,0.18442807294601618,0.26946557469146193,1.2662858963012695,0.5401821732521057,
"('glass', 'sens-KD', 1.0, 0.3, 9)",72,0.7647058963775635,60.58823627233505,0.16325662101524463,0.8985507246376812,0.7352941036224365,93,0.5116279069767442,0.5116279069767442,1.1977230310440063,1.3151565790176392,0.2048124885836313,0.21806778464206433,0.8596512675285339,0.6443281173706055,0.5581395348837209
"('glass', 'sens-KD', 1.0, 0.5, 9)",71,0.7647058963775635,61.19117648899555,0.14961637880491174,0.8260869565217391,0.6764705777168274,92,0.5116279069767442,0.5348837209302325,1.2160722017288208,1.3121047019958496,0.17448214874711146,0.15492581073627915,0.8848944306373596,0.6337565779685974,0.5581395348837209
"('glass', 'sens-KD', 1.0, 0.7, 9)",69,0.7058823704719543,57.073530212044716,0.004688842573027707,0.6811594202898551,0.6764705777168274,90,0.5116279069767442,0.5348837209302325,1.2649649381637573,1.3933660984039307,0.15518704264662989,0.31919503073359645,0.8884638547897339,0.6342445015907288,0.5581395348837209
"('glass', 'sens-KD', 2.0, 0.3, 9)",71,0.7647058963775635,60.36764754354954,0.17860188605128857,0.855072463768116,0.6764705777168274,92,0.5348837209302325,0.5348837209302325,1.2367810010910034,1.3854975700378418,0.18251352185426756,0.19903600354527318,0.800780177116394,0.655800998210907,0.5581395348837209
"('glass', 'sens-KD', 2.0, 0.5, 9)",69,0.7058823704719543,57.661765202879906,0.09164536431215808,0.7681159420289855,0.6764705777168274,90,0.5116279069767442,0.5116279069767442,1.2861098051071167,1.4845197200775146,0.1628495038941849,0.34043057574782254,0.7851175665855408,0.6679795980453491,0.5581395348837209
"('glass', 'sens-KD', 2.0, 0.7, 9)",83,0.7058823704719543,64.02941219508648,0.0332480643106543,0.7391304347826086,0.7058823704719543,104,0.5348837209302325,0.4883720930232558,1.4397761821746826,1.569017767906189,0.24194086984146473,0.29907609695612,0.7186245322227478,0.6959342360496521,0.5581395348837209
"('glass', 'sens-KD', 4.0, 0.3, 9)",71,0.7058823704719543,59.764706149697304,0.14919009329616162,0.855072463768116,0.7058823704719543,92,0.5581395348837209,0.5116279069767442,1.2991338968276978,1.5055886507034302,0.13664694442305453,0.2362995009089625,0.7663245797157288,0.6670411229133606,0.5581395348837209
"('glass', 'sens-KD', 4.0, 0.5, 9)",83,0.7058823704719543,66.85294181108475,0.018329084783360594,0.7536231884057971,0.7352941036224365,104,0.5348837209302325,0.5348837209302325,1.504656434059143,1.6535543203353882,0.2910053632980169,0.2615182884903841,0.6933189034461975,0.7092111706733704,0.5581395348837209
"('glass', 'sens-KD', 4.0, 0.7, 9)",14,0.44117647409439087,16.014706000685692,0.06564364701077563,0.5362318840579711,0.47058823704719543,35,0.32558139534883723,0.3953488372093023,1.4427436590194702,1.4961496591567993,0.2099006571048914,0.22996613660524057,1.5449784994125366,0.38782116770744324,0.5581395348837209
"('glass', 'sens-LS', 0.05, 10)",110,0.6764705777168274,87.92647086828947,0.09079285289930261,0.8260869565217391,0.7352941036224365,131,0.627906976744186,0.627906976744186,0.9940283894538879,0.966106653213501,0.15876171131466707,0.16441027092379196,0.7301506996154785,0.738286554813385,
"('glass', 'sens-LS', 0.1, 10)",110,0.7058823704719543,88.01470636576414,0.09079285289930261,0.8260869565217391,0.7352941036224365,131,0.627906976744186,0.627906976744186,0.9658016562461853,0.9282315373420715,0.13571826385897262,0.14235062169474225,0.846064031124115,0.7059852480888367,
"('glass', 'sens-LS', 0.2, 10)",110,0.7352941036224365,88.4264714345336,0.09079285289930261,0.8260869565217391,0.7352941036224365,131,0.627906976744186,0.627906976744186,0.9580724835395813,0.931054413318634,0.12882598472196002,0.15756777691286664,1.0436691045761108,0.6449381709098816,
"('glass', 'sens-LS', 0.3, 10)",110,0.7352941036224365,88.60294219106436,0.09079285289930261,0.8260869565217391,0.7352941036224365,131,0.627906976744186,0.6511627906976745,0.9888849258422852,0.969897449016571,0.09353555427041166,0.21330151724260907,1.2146143913269043,0.5831328630447388,
"('glass', 'sens-KD', 1.0, 0.3, 10)",110,0.7647058963775635,91.38235295563936,0.03239555289779883,0.7971014492753623,0.7647058963775635,131,0.6511627906976745,0.6511627906976745,0.9962819814682007,0.9978795647621155,0.12959020359571588,0.12055956970813662,0.6465643644332886,0.7518211007118225,0.6744186046511628
"('glass', 'sens-KD', 1.0, 0.5, 10)",110,0.7941176295280457,92.52941184490919,-0.026001687499060178,0.7681159420289855,0.7941176295280457,131,0.6511627906976745,0.6511627906976745,0.9768316745758057,0.9780807495117188,0.12457698514295179,0.13357998603998228,0.6578682065010071,0.7454860806465149,0.6744186046511628
"('glass', 'sens-KD', 1.0, 0.7, 10)",109,0.7941176295280457,92.41176468878984,0.003410045651422,0.7681159420289855,0.7647058963775635,130,0.627906976744186,0.6744186046511628,0.9639297127723694,0.9710558652877808,0.1712151058884554,0.18757765514906063,0.679612934589386,0.7294097542762756,0.6744186046511628
"('glass', 'sens-KD', 2.0, 0.3, 10)",130,0.7647058963775635,105.86764795333147,0.017476573370505122,0.8115942028985508,0.7941176295280457,151,0.6511627906976745,0.6511627906976745,1.04439115524292,1.0626565217971802,0.14802194819893946,0.22948227996049925,0.5772969126701355,0.7702963948249817,0.6744186046511628
"('glass', 'sens-KD', 2.0, 0.5, 10)",129,0.8235294222831726,107.05882403999567,-0.06990623387737549,0.7536231884057971,0.8235294222831726,150,0.6511627906976745,0.627906976744186,1.0803567171096802,1.1054986715316772,0.16564001316247984,0.2096071672994037,0.561331033706665,0.7789159417152405,0.6744186046511628
"('glass', 'sens-KD', 2.0, 0.7, 10)",128,0.8235294222831726,104.7205882743001,-0.06947994836862537,0.7246376811594203,0.7941176295280457,149,0.6511627906976745,0.6046511627906976,1.0941743850708008,1.1262456178665161,0.1873604281004085,0.23968142548272775,0.5548319220542908,0.7725958824157715,0.6744186046511628
"('glass', 'sens-KD', 4.0, 0.3, 10)",103,0.7647058963775635,83.77941168099642,-0.04049444112224854,0.7536231884057971,0.7941176295280457,124,0.6511627906976745,0.6744186046511628,1.0922263860702515,1.0468382835388184,0.1880613877329715,0.17970219254493713,0.56801438331604,0.7766895890235901,0.6744186046511628
"('glass', 'sens-KD', 4.0, 0.5, 10)",97,0.7647058963775635,78.91176486760378,-0.04006821521814319,0.7246376811594203,0.7647058963775635,118,0.6744186046511628,0.6744186046511628,1.146195650100708,1.1334893703460693,0.18364021528598873,0.2101579932279365,0.5586545467376709,0.7763164639472961,0.6744186046511628
"('glass', 'sens-KD', 4.0, 0.7, 10)",97,0.7352941036224365,77.45588284730911,-0.05456096884133155,0.7101449275362319,0.7647058963775635,118,0.6511627906976745,0.6511627906976745,1.2674728631973267,1.2114533185958862,0.1864641197892123,0.1990625317706618,0.5167133212089539,0.7972719669342041,0.6744186046511628
"('glass', 'sens-LS', 0.05, 11)",28,0.529411792755127,23.911765340715647,0.19437337699143786,0.782608695652174,0.5882353186607361,49,0.3488372093023256,0.5348837209302325,1.3734503984451294,1.379164695739746,0.22375289437382723,0.19980306888735572,1.285596489906311,0.4940120279788971,
"('glass', 'sens-LS', 0.1, 11)",28,0.529411792755127,23.882353622466326,0.19437337699143786,0.782608695652174,0.5882353186607361,49,0.3488372093023256,0.5348837209302325,1.3679094314575195,1.3717864751815796,0.22450426567432488,0.18404316694237466,1.312723159790039,0.4856596291065216,
"('glass', 'sens-LS', 0.2, 11)",29,0.529411792755127,24.676471281796694,0.20886613061462622,0.7971014492753623,0.5882353186607361,50,0.3488372093023256,0.5116279069767442,1.3585221767425537,1.3847867250442505,0.22300700531449433,0.23892027555510054,1.3491393327713013,0.4761698842048645,
"('glass', 'sens-LS', 0.3, 11)",33,0.529411792755127,27.41176550462842,0.19437337699143786,0.782608695652174,0.5882353186607361,54,0.37209302325581395,0.5116279069767442,1.3674979209899902,1.403403401374817,0.18945076299268143,0.17279850189075915,1.3614892959594727,0.4850772023200989,
"('glass', 'sens-KD', 1.0, 0.3, 11)",27,0.6176470518112183,24.514706410467625,0.1798806233682494,0.7681159420289855,0.5882353186607361,48,0.5116279069767442,0.5813953488372093,1.3515620231628418,1.3560149669647217,0.12721516988998235,0.2077482848666435,1.216274619102478,0.4983239769935608,0.627906976744186
"('glass', 'sens-KD', 1.0, 0.5, 11)",27,0.5882353186607361,24.470588643103838,0.12190960887549585,0.7101449275362319,0.5882353186607361,48,0.5581395348837209,0.5813953488372093,1.3404786586761475,1.331480622291565,0.22242437407027843,0.2537211616371954,1.185548186302185,0.5118524432182312,0.627906976744186
"('glass', 'sens-KD', 1.0, 0.7, 11)",28,0.44117647409439087,22.73529425635934,0.03452686123226001,0.6521739130434783,0.6176470518112183,49,0.5581395348837209,0.5813953488372093,1.3278446197509766,1.310886263847351,0.20416121566018394,0.22855093451433406,1.1284353733062744,0.5373579859733582,0.627906976744186
"('glass', 'sens-KD', 2.0, 0.3, 11)",26,0.5882353186607361,22.75000048428774,0.1364023624986842,0.7246376811594203,0.5882353186607361,47,0.46511627906976744,0.5813953488372093,1.3694369792938232,1.386806607246399,0.1633297690125399,0.21535380080688832,1.1464751958847046,0.509093165397644,0.627906976744186
"('glass', 'sens-KD', 2.0, 0.5, 11)",26,0.529411792755127,22.029412038624287,0.04901961485544837,0.6666666666666666,0.6176470518112183,47,0.5116279069767442,0.5813953488372093,1.379858374595642,1.3838801383972168,0.178534451958745,0.22734248014383535,1.0653424263000488,0.5277138352394104,0.627906976744186
"('glass', 'sens-KD', 2.0, 0.7, 11)",17,0.3235294222831726,15.088235471397638,0.08013640063396399,0.5507246376811594,0.47058823704719543,38,0.4418604651162791,0.5348837209302325,1.3844716548919678,1.3749388456344604,0.22966593850490657,0.15971798813620278,1.334513783454895,0.42825326323509216,0.627906976744186
"('glass', 'sens-KD', 4.0, 0.3, 11)",25,0.44117647409439087,20.367647536098957,0.12190960887549585,0.7101449275362319,0.5882353186607361,46,0.37209302325581395,0.5813953488372093,1.391586422920227,1.4200586080551147,0.23042298541512599,0.17671270772468212,1.1090244054794312,0.5087112784385681,0.627906976744186
"('glass', 'sens-KD', 4.0, 0.5, 11)",17,0.38235294818878174,15.014706082642078,0.07928385941878613,0.6086956521739131,0.529411792755127,38,0.3488372093023256,0.5116279069767442,1.3779677152633667,1.449112057685852,0.14064327298208726,0.11738314046416173,1.3426175117492676,0.42214441299438477,0.627906976744186
"('glass', 'sens-KD', 4.0, 0.7, 11)",15,0.38235294818878174,13.455882582813501,0.09420289855072461,0.5942028985507246,0.5,36,0.32558139534883723,0.5813953488372093,1.3939062356948853,1.5040284395217896,0.09476495412893071,0.2231585826984671,1.4144970178604126,0.40968674421310425,0.627906976744186
"('glass', 'sens-LS', 0.05, 12)",35,0.529411792755127,23.470588747411966,0.34100596585135534,0.8115942028985508,0.47058823704719543,56,0.5581395348837209,0.5813953488372093,1.0118904113769531,0.9675692319869995,0.15178474991820576,0.11040504796560421,1.0997933149337769,0.5386135578155518,
"('glass', 'sens-LS', 0.1, 12)",44,0.5,27.36764757707715,0.2971014492753623,0.7971014492753623,0.5,65,0.6511627906976745,0.6744186046511628,0.9716794490814209,0.9621992707252502,0.1629472471946894,0.14262678179630012,1.1355963945388794,0.540020227432251,
"('glass', 'sens-LS', 0.2, 12)",53,0.5,31.544118005782366,0.2971014492753623,0.7971014492753623,0.5,74,0.6511627906976745,0.627906976744186,0.9881603121757507,1.0118411779403687,0.18616566547127658,0.16725994750510814,1.2525891065597534,0.5260651111602783,
"('glass', 'sens-LS', 0.3, 12)",63,0.5,36.45588271692395,0.3115942028985508,0.8115942028985508,0.5,84,0.6744186046511628,0.6511627906976745,1.0435999631881714,1.0814861059188843,0.2184817614250405,0.16849785280782123,1.3487251996994019,0.5078917741775513,
"('glass', 'sens-KD', 1.0, 0.3, 12)",30,0.5,21.48529450967908,0.28260869565217395,0.782608695652174,0.5,51,0.6511627906976745,0.6511627906976745,1.0526620149612427,0.9965094923973083,0.24551380581633986,0.17711047862851342,1.090351939201355,0.5423426032066345,0.6976744186046512
"('glass', 'sens-KD', 1.0, 0.5, 12)",35,0.5,24.13235319033265,0.2246376811594203,0.7246376811594203,0.5,56,0.6511627906976745,0.6046511627906976,1.0597306489944458,1.06626558303833,0.22556322605110876,0.16758837325628415,1.0058598518371582,0.5872304439544678,0.6976744186046512
"('glass', 'sens-KD', 1.0, 0.7, 12)",35,0.529411792755127,25.250000957399607,0.21014492753623193,0.7101449275362319,0.5,56,0.627906976744186,0.6046511627906976,1.146751046180725,1.1585545539855957,0.27492966970732047,0.21638958121454993,0.9673187136650085,0.6132205724716187,0.6976744186046512
"('glass', 'sens-KD', 2.0, 0.3, 12)",26,0.5,19.367647264152765,0.2681159420289855,0.7681159420289855,0.5,47,0.6976744186046512,0.6046511627906976,1.1291117668151855,1.0531278848648071,0.24962558857230252,0.16194790393807168,1.075456976890564,0.5449433922767639,0.6976744186046512
"('glass', 'sens-KD', 2.0, 0.5, 12)",18,0.38235294818878174,15.117647249251604,0.22506393686584802,0.6956521739130435,0.47058823704719543,39,0.4883720930232558,0.627906976744186,1.301332950592041,1.2269984483718872,0.12157012175681978,0.20316768940104993,1.3840668201446533,0.44318971037864685,0.6976744186046512
"('glass', 'sens-KD', 2.0, 0.7, 12)",18,0.38235294818878174,15.338235560804605,0.21057118324265967,0.6811594202898551,0.47058823704719543,39,0.4883720930232558,0.6046511627906976,1.3421568870544434,1.3952685594558716,0.24110269615816513,0.21558653615241824,1.3655784130096436,0.45720618963241577,0.6976744186046512
"('glass', 'sens-KD', 4.0, 0.3, 12)",18,0.38235294818878174,15.294117826968431,0.1960784296194712,0.6666666666666666,0.47058823704719543,39,0.5348837209302325,0.627906976744186,1.294837474822998,1.2699981927871704,0.16651302125564843,0.16925568012304085,1.3812507390975952,0.4408348500728607,0.6976744186046512
"('glass', 'sens-KD', 4.0, 0.5, 12)",17,0.38235294818878174,14.029411990195513,0.2259164482787035,0.6376811594202898,0.4117647111415863,38,0.5116279069767442,0.6046511627906976,1.3563354015350342,1.476133108139038,0.12275920808315278,0.16672999082609663,1.4064379930496216,0.43749311566352844,0.6976744186046512
"('glass', 'sens-KD', 4.0, 0.7, 12)",17,0.3529411852359772,13.67647084966302,0.2259164482787035,0.6376811594202898,0.4117647111415863,38,0.4883720930232558,0.5581395348837209,1.3814327716827393,1.635124921798706,0.22101242043251212,0.2109051554702049,1.3926738500595093,0.4475165605545044,0.6976744186046512
"('glass', 'sens-LS', 0.05, 13)",58,0.7647058963775635,50.67647083103657,0.06138106014417566,0.8260869565217391,0.7647058963775635,79,0.5581395348837209,0.5813953488372093,1.101744532585144,1.0760759115219116,0.14929212941679845,0.12090708142103153,0.9888815879821777,0.5969213247299194,
"('glass', 'sens-LS', 0.1, 13)",58,0.7647058963775635,51.00000037252903,0.06138106014417566,0.8260869565217391,0.7647058963775635,79,0.5581395348837209,0.5813953488372093,1.096181035041809,1.0685662031173706,0.09817854332369426,0.2009631326032239,1.0625810623168945,0.5768833756446838,
"('glass', 'sens-LS', 0.2, 13)",58,0.7647058963775635,51.23529423773289,0.13469733967297315,0.8405797101449275,0.7058823704719543,79,0.5581395348837209,0.5813953488372093,1.1236522197723389,1.0951441526412964,0.16765097546022992,0.18575636384099034,1.2092137336730957,0.5344136953353882,
"('glass', 'sens-LS', 0.3, 13)",114,0.7352941036224365,92.05882351100445,0.236146615035292,0.9420289855072463,0.7058823704719543,135,0.5581395348837209,0.627906976744186,1.1357853412628174,1.120157241821289,0.17738496772078582,0.2215902237005012,1.2477514743804932,0.5515477657318115,
"('glass', 'sens-KD', 1.0, 0.3, 13)",112,0.7941176295280457,93.41176487505436,0.06138106014417566,0.8260869565217391,0.7647058963775635,133,0.5348837209302325,0.6046511627906976,1.2232931852340698,1.2248502969741821,0.22026056120562,0.18647920669511306,0.7080616354942322,0.7046861052513123,0.5581395348837209
"('glass', 'sens-KD', 1.0, 0.5, 13)",129,0.7352941036224365,103.9117652028799,0.09121907880340796,0.7971014492753623,0.7058823704719543,150,0.5581395348837209,0.5581395348837209,1.2734850645065308,1.283509612083435,0.22312783432561295,0.2149377742479014,0.6738711595535278,0.7188261151313782,0.5581395348837209
"('glass', 'sens-KD', 1.0, 0.7, 13)",147,0.6764705777168274,110.19117732346058,0.03367434981940454,0.7101449275362319,0.6764705777168274,168,0.5581395348837209,0.5581395348837209,1.3221508264541626,1.310378909111023,0.2188031548677489,0.23927080215409746,0.6344444751739502,0.7415133118629456,0.5581395348837209
"('glass', 'sens-KD', 2.0, 0.3, 13)",71,0.7058823704719543,60.54411809146404,-0.04049444112224854,0.7536231884057971,0.7941176295280457,92,0.5348837209302325,0.5813953488372093,1.257125973701477,1.2926067113876343,0.18419772247935454,0.16289716127306916,0.7313517928123474,0.6990501880645752,0.5581395348837209
"('glass', 'sens-KD', 2.0, 0.5, 13)",138,0.7058823704719543,107.8088243752718,0.018329084783360594,0.7536231884057971,0.7352941036224365,159,0.5581395348837209,0.5581395348837209,1.3726091384887695,1.4358859062194824,0.25318661124207253,0.2584271320076876,0.5799403190612793,0.7614814639091492,0.5581395348837209
"('glass', 'sens-KD', 2.0, 0.7, 13)",138,0.7058823704719543,103.20588354766369,-0.010230196558910887,0.6956521739130435,0.7058823704719543,159,0.5581395348837209,0.5581395348837209,1.5615878105163574,1.6094629764556885,0.2700446303500686,0.30047949663428375,0.5313544273376465,0.768895149230957,0.5581395348837209
"('glass', 'sens-KD', 4.0, 0.3, 13)",171,0.7058823704719543,134.323529407382,0.10571183242659643,0.8115942028985508,0.7058823704719543,192,0.5813953488372093,0.5581395348837209,1.3477532863616943,1.3631341457366943,0.21296951659890107,0.2737331154734589,0.5911436080932617,0.7597765326499939,0.5581395348837209
"('glass', 'sens-KD', 4.0, 0.5, 13)",171,0.7352941036224365,131.85294170677662,-0.011082707971766359,0.7536231884057971,0.7647058963775635,192,0.5348837209302325,0.5581395348837209,1.5524535179138184,1.561245083808899,0.2531634333521821,0.22866227599077446,0.521629273891449,0.7827442288398743,0.5581395348837209
"('glass', 'sens-KD', 4.0, 0.7, 13)",138,0.6764705777168274,101.83823610842228,0.03367434981940454,0.7101449275362319,0.6764705777168274,159,0.5348837209302325,0.5348837209302325,1.7502137422561646,1.7956351041793823,0.26430458454198613,0.2925226910169734,0.5121109485626221,0.7721768617630005,0.5581395348837209
"('glass', 'sens-LS', 0.05, 14)",61,0.5588235259056091,44.970589036121964,0.16453535833220556,0.8115942028985508,0.6470588445663452,82,0.6744186046511628,0.6976744186046512,0.9572582840919495,0.9524514079093933,0.2122146667436112,0.24368766920511115,0.8224347233772278,0.7053391933441162,
"('glass', 'sens-LS', 0.1, 14)",61,0.5882353186607361,45.38235362805426,0.16453535833220556,0.8115942028985508,0.6470588445663452,82,0.6744186046511628,0.6744186046511628,0.9500356912612915,0.9529340863227844,0.20093903430672583,0.18363977033038473,0.914242148399353,0.6772385239601135,
"('glass', 'sens-LS', 0.2, 14)",96,0.6176470518112183,67.36764758266509,0.22293265833370923,0.8405797101449275,0.6176470518112183,117,0.6511627906976745,0.6511627906976745,0.9379627108573914,0.9672349691390991,0.23975548356078394,0.14207573131073353,1.0193039178848267,0.6548662185668945,
"('glass', 'sens-LS', 0.3, 14)",97,0.6470588445663452,68.95588316954672,0.2374254119568977,0.855072463768116,0.6176470518112183,118,0.6511627906976745,0.6744186046511628,0.999204158782959,1.0083718299865723,0.19408704028573145,0.14398425263027811,1.1720374822616577,0.599625289440155,
"('glass', 'sens-KD', 1.0, 0.3, 14)",124,0.6176470518112183,86.26470773853362,0.23699912644814758,0.8840579710144928,0.6470588445663452,145,0.6744186046511628,0.7209302325581395,0.7875128388404846,0.7608019113540649,0.1769743741944779,0.1153784657633582,0.5949779152870178,0.7601131200790405,0.6744186046511628
"('glass', 'sens-KD', 1.0, 0.5, 14)",111,0.6470588445663452,78.17647239007056,0.13554985108582873,0.782608695652174,0.6470588445663452,132,0.6976744186046512,0.6976744186046512,0.7540575265884399,0.7146129012107849,0.12044660019320111,0.1481493503548378,0.6007972955703735,0.7636945843696594,0.6744186046511628
"('glass', 'sens-KD', 1.0, 0.7, 14)",133,0.6764705777168274,93.51470693387091,0.048167103442592896,0.7246376811594203,0.6764705777168274,154,0.6976744186046512,0.6976744186046512,0.7149893641471863,0.7263273000717163,0.10642186430997627,0.14700616861498633,0.5522558689117432,0.7888243794441223,0.6744186046511628
"('glass', 'sens-KD', 2.0, 0.3, 14)",77,0.6176470518112183,55.16176577843726,0.19394715108733251,0.8115942028985508,0.6176470518112183,98,0.6511627906976745,0.6744186046511628,0.8987157344818115,0.8739144206047058,0.20720512922420062,0.2320501755836398,0.594150960445404,0.7769407033920288,0.6744186046511628
"('glass', 'sens-KD', 2.0, 0.5, 14)",61,0.6176470518112183,44.19117688573897,0.16496164384095569,0.782608695652174,0.6176470518112183,82,0.627906976744186,0.6511627906976745,0.9779832363128662,0.9515917301177979,0.20064075533733813,0.2150579961233361,0.6033331155776978,0.7607549428939819,0.6744186046511628
"('glass', 'sens-KD', 2.0, 0.7, 14)",61,0.6176470518112183,43.75000027753413,0.09249787572501367,0.7101449275362319,0.6176470518112183,82,0.6511627906976745,0.6511627906976745,1.0639972686767578,1.0403646230697632,0.13050012671670247,0.20560810870902485,0.5742944478988647,0.7692146897315979,0.6744186046511628
"('glass', 'sens-KD', 4.0, 0.3, 14)",50,0.6176470518112183,36.73529457487166,0.20886613061462622,0.7971014492753623,0.5882353186607361,71,0.627906976744186,0.627906976744186,1.0349587202072144,0.993683934211731,0.25107537729795587,0.1989482086758281,0.6178706288337708,0.7509498000144958,0.6744186046511628
"('glass', 'sens-KD', 4.0, 0.5, 14)",51,0.5882353186607361,35.67647142149508,0.15089511612187256,0.7391304347826086,0.5882353186607361,72,0.627906976744186,0.6744186046511628,1.1060210466384888,1.0785833597183228,0.2031213405520417,0.23981605851373006,0.5720869302749634,0.7590882778167725,0.6744186046511628
"('glass', 'sens-KD', 4.0, 0.7, 14)",51,0.5882353186607361,33.69117693044245,0.1078431407610575,0.6666666666666666,0.5588235259056091,72,0.627906976744186,0.6976744186046512,1.18767511844635,1.1859980821609497,0.15790444751118504,0.21865233501722647,0.5511463284492493,0.7551577091217041,0.6744186046511628
"('glass', 'sens-LS', 0.05, 15)",47,0.5882353186607361,34.16176498681307,0.2374254119568977,0.855072463768116,0.6176470518112183,68,0.5581395348837209,0.6046511627906976,1.1286464929580688,1.1704710721969604,0.13537109383316925,0.1679943349472312,1.073958158493042,0.5574149489402771,
"('glass', 'sens-LS', 0.1, 15)",45,0.5882353186607361,33.23529437929392,0.23785163786100305,0.8260869565217391,0.5882353186607361,66,0.5581395348837209,0.5581395348837209,1.134719967842102,1.1604646444320679,0.13195471708164658,0.15316393624904542,1.1501253843307495,0.5324584245681763,
"('glass', 'sens-LS', 0.2, 15)",45,0.6176470518112183,33.470588482916355,0.23785163786100305,0.8260869565217391,0.5882353186607361,66,0.5348837209302325,0.5581395348837209,1.1652917861938477,1.1806813478469849,0.18374640581219695,0.19512999612231588,1.2814610004425049,0.49171674251556396,
"('glass', 'sens-LS', 0.3, 15)",45,0.6176470518112183,33.85294149070978,0.20886613061462622,0.7971014492753623,0.5882353186607361,66,0.5348837209302325,0.5581395348837209,1.2048184871673584,1.2256824970245361,0.17570737073587817,0.19816684376361754,1.3948841094970703,0.45284631848335266,
"('glass', 'sens-KD', 1.0, 0.3, 15)",53,0.6470588445663452,39.19117686897516,0.12105709746264026,0.7681159420289855,0.6470588445663452,74,0.6511627906976745,0.6046511627906976,1.149560570716858,1.216729760169983,0.21213928072951563,0.1977222222228383,0.9571802616119385,0.5948788523674011,0.6744186046511628
"('glass', 'sens-KD', 1.0, 0.5, 15)",54,0.6176470518112183,41.029412515461445,0.15046889021776721,0.7681159420289855,0.6176470518112183,75,0.627906976744186,0.6511627906976745,1.1771657466888428,1.254302978515625,0.1815560661083044,0.17375943272612818,0.9535476565361023,0.6036025881767273,0.6744186046511628
"('glass', 'sens-KD', 1.0, 0.7, 15)",55,0.7058823704719543,42.85294162482023,0.048167103442592896,0.7246376811594203,0.6764705777168274,76,0.6046511627906976,0.627906976744186,1.2215936183929443,1.3048205375671387,0.16100724977116251,0.2083582760289658,0.9383751749992371,0.6241932511329651,0.6744186046511628
"('glass', 'sens-KD', 2.0, 0.3, 15)",54,0.6176470518112183,40.13235343247652,0.12105709746264026,0.7681159420289855,0.6470588445663452,75,0.6744186046511628,0.6511627906976745,1.1749768257141113,1.2583742141723633,0.22532981148985928,0.19029395178306932,0.863927960395813,0.6180155277252197,0.6744186046511628
"('glass', 'sens-KD', 2.0, 0.5, 15)",55,0.6470588445663452,41.1323532089591,0.1065643438394519,0.7536231884057971,0.6470588445663452,76,0.6046511627906976,0.6511627906976745,1.2461508512496948,1.346231460571289,0.18875051099200582,0.10464930257131887,0.8276397585868835,0.6391014456748962,0.6744186046511628
"('glass', 'sens-KD', 2.0, 0.7, 15)",56,0.6470588445663452,41.7500004991889,-0.010230196558910887,0.6956521739130435,0.7058823704719543,77,0.627906976744186,0.6511627906976745,1.3238765001296997,1.4459654092788696,0.1711381382720415,0.12735502525817516,0.796883225440979,0.6690245866775513,0.6744186046511628
"('glass', 'sens-KD', 4.0, 0.3, 15)",54,0.6176470518112183,39.88235304504633,0.12148338297139039,0.7391304347826086,0.6176470518112183,75,0.627906976744186,0.6511627906976745,1.1920890808105469,1.275368571281433,0.12799547855244126,0.14907711605693016,0.8157366514205933,0.629467785358429,0.6744186046511628
"('glass', 'sens-KD', 4.0, 0.5, 15)",56,0.6470588445663452,40.23529460281134,0.12148338297139039,0.7391304347826086,0.6176470518112183,77,0.6511627906976745,0.6511627906976745,1.279434323310852,1.3783639669418335,0.19953651345053391,0.10883852631546731,0.7809319496154785,0.6503586769104004,0.6744186046511628
"('glass', 'sens-KD', 4.0, 0.7, 15)",59,0.6176470518112183,41.44117694348097,0.019181596196216066,0.6956521739130435,0.6764705777168274,80,0.5581395348837209,0.6511627906976745,1.3657279014587402,1.4464389085769653,0.1844790453134581,0.12348660826683046,0.7506919503211975,0.6847886443138123,0.6744186046511628
"('glass', 'sens-LS', 0.05, 16)",91,0.6764705777168274,60.014707177877426,0.20801361920177075,0.855072463768116,0.6470588445663452,112,0.6511627906976745,0.6511627906976745,0.9845592379570007,0.9926910400390625,0.17663421880367192,0.1770609866741092,0.7717130780220032,0.7079105377197266,
"('glass', 'sens-LS', 0.1, 16)",110,0.6176470518112183,71.72058966755867,0.2225063728249591,0.8695652173913043,0.6470588445663452,131,0.6511627906976745,0.6511627906976745,0.9564069509506226,0.9764300584793091,0.21088296175003055,0.24318652236184407,0.8428753018379211,0.6962671279907227,
"('glass', 'sens-LS', 0.2, 16)",110,0.6176470518112183,71.39706033468246,0.2225063728249591,0.8695652173913043,0.6470588445663452,131,0.6511627906976745,0.6511627906976745,0.9618156552314758,0.970056414604187,0.2649217358855314,0.23897078148154327,1.0438607931137085,0.637577474117279,
"('glass', 'sens-LS', 0.3, 16)",110,0.6176470518112183,71.67647179961205,0.25191816558008606,0.8695652173913043,0.6176470518112183,131,0.6976744186046512,0.6976744186046512,0.9847446084022522,0.9818938374519348,0.25525683511135194,0.2310535838437635,1.1908949613571167,0.5878662467002869,
"('glass', 'sens-KD', 1.0, 0.3, 16)",110,0.6470588445663452,73.48529535531998,0.19352086557858228,0.8405797101449275,0.6470588445663452,131,0.6744186046511628,0.6511627906976745,0.963740885257721,0.9756611585617065,0.14280595335849497,0.19301310736079552,0.6180322170257568,0.7697484493255615,0.6511627906976745
"('glass', 'sens-KD', 1.0, 0.5, 16)",110,0.6470588445663452,75.22058901190758,0.1500426047090171,0.7971014492753623,0.6470588445663452,131,0.6744186046511628,0.6744186046511628,0.9729011654853821,0.9907130599021912,0.16263371844624364,0.18563028823497685,0.6306994557380676,0.7778156399726868,0.6511627906976745
"('glass', 'sens-KD', 1.0, 0.7, 16)",33,0.5588235259056091,25.441176772117615,0.06351236847863684,0.6811594202898551,0.6176470518112183,54,0.5813953488372093,0.6511627906976745,1.1456189155578613,1.1477705240249634,0.25554457861323693,0.1352296520111173,1.1385139226913452,0.5717998147010803,0.6511627906976745
"('glass', 'sens-KD', 2.0, 0.3, 16)",83,0.6470588445663452,55.500000804662704,0.17860188605128857,0.855072463768116,0.6764705777168274,104,0.6744186046511628,0.6744186046511628,1.038848638534546,1.0823317766189575,0.2587833293648653,0.24777277195176414,0.5970293283462524,0.7872512340545654,0.6511627906976745
"('glass', 'sens-KD', 2.0, 0.5, 16)",33,0.5,24.308823883533478,0.1364023624986842,0.7246376811594203,0.5882353186607361,54,0.5348837209302325,0.627906976744186,1.1440091133117676,1.1631453037261963,0.11215782304142798,0.18309060224266938,0.9558432698249817,0.6218875050544739,0.6511627906976745
"('glass', 'sens-KD', 2.0, 0.7, 16)",33,0.5588235259056091,24.36764746904373,0.09292410162911902,0.6811594202898551,0.5882353186607361,54,0.5581395348837209,0.627906976744186,1.191748023033142,1.3079396486282349,0.14210373024607814,0.21378768460695136,0.9285434484481812,0.6358473896980286,0.6511627906976745
"('glass', 'sens-KD', 4.0, 0.3, 16)",37,0.529411792755127,27.04411792755127,0.1798806233682494,0.7681159420289855,0.5882353186607361,58,0.627906976744186,0.6511627906976745,1.0938441753387451,1.0992554426193237,0.1726392299629921,0.2140559900638669,0.8546954393386841,0.6497480869293213,0.6511627906976745
"('glass', 'sens-KD', 4.0, 0.5, 16)",34,0.5588235259056091,24.79411804676056,0.1513214016306228,0.7101449275362319,0.5588235259056091,55,0.5581395348837209,0.6511627906976745,1.146750569343567,1.2504050731658936,0.1360791582007741,0.22322913796402688,0.8870385885238647,0.6389426589012146,0.6511627906976745
"('glass', 'sens-KD', 4.0, 0.7, 16)",34,0.529411792755127,24.382353246212006,0.12233589438424597,0.6811594202898551,0.5588235259056091,55,0.5813953488372093,0.627906976744186,1.218788981437683,1.40738046169281,0.1439315690550693,0.24894951803739682,0.8587441444396973,0.6590777635574341,0.6511627906976745
"('glass', 'sens-LS', 0.05, 17)",66,0.47058823704719543,37.60294149816036,0.3994032360505366,0.8405797101449275,0.44117647409439087,87,0.627906976744186,0.6511627906976745,0.9149566292762756,0.8506312966346741,0.16076300310534103,0.18040563547334004,0.8921457529067993,0.6652316451072693,
"('glass', 'sens-LS', 0.1, 17)",166,0.5588235259056091,86.75000055134296,0.36871270597844885,0.927536231884058,0.5588235259056091,187,0.7441860465116279,0.7209302325581395,0.7980591654777527,0.812429666519165,0.17257162512734878,0.17956243697987048,0.8043421506881714,0.725964367389679,
"('glass', 'sens-LS', 0.2, 17)",82,0.47058823704719543,44.89705918729305,0.42838874329691345,0.8695652173913043,0.44117647409439087,103,0.6976744186046512,0.6976744186046512,0.8878207802772522,0.8662109971046448,0.2066808398379836,0.14638579446215963,1.1384788751602173,0.6028331518173218,
"('glass', 'sens-LS', 0.3, 17)",95,0.44117647409439087,50.632353350520134,0.4573742505432903,0.8985507246376812,0.44117647409439087,116,0.6976744186046512,0.6976744186046512,0.9142798781394958,0.8927004337310791,0.14666521133378496,0.1283354218616042,1.2452044486999512,0.5722910165786743,
"('glass', 'sens-KD', 1.0, 0.3, 17)",53,0.44117647409439087,30.82352975010872,0.3120204586049785,0.782608695652174,0.47058823704719543,74,0.627906976744186,0.6511627906976745,0.9626367092132568,0.9288437366485596,0.10267551416574523,0.2009209061777869,0.8491267561912537,0.6708887219429016,0.7209302325581395
"('glass', 'sens-KD', 1.0, 0.5, 17)",53,0.44117647409439087,30.426470950245857,0.31244671431140625,0.7536231884057971,0.44117647409439087,74,0.627906976744186,0.6744186046511628,0.9869709610939026,0.9609622359275818,0.13690204675807507,0.1970251708529716,0.8023900985717773,0.6927763223648071,0.7209302325581395
"('glass', 'sens-KD', 1.0, 0.7, 17)",13,0.38235294818878174,13.058823734521866,0.2549019555250803,0.6666666666666666,0.4117647111415863,34,0.46511627906976744,0.5348837209302325,1.4119503498077393,1.137503743171692,0.11896170086638871,0.18832783782204915,1.5587971210479736,0.3997125029563904,0.7209302325581395
"('glass', 'sens-KD', 2.0, 0.3, 17)",16,0.4117647111415863,14.220588460564613,0.2408354576083197,0.6231884057971014,0.38235294818878174,37,0.4883720930232558,0.5348837209302325,1.3328392505645752,1.1185791492462158,0.10196551541949428,0.156022671350213,1.4553030729293823,0.457165390253067,0.7209302325581395
"('glass', 'sens-KD', 2.0, 0.5, 17)",12,0.38235294818878174,12.529411971569061,0.19693094103232678,0.6086956521739131,0.4117647111415863,33,0.4418604651162791,0.5581395348837209,1.4434285163879395,1.2336235046386719,0.13048340761384297,0.17403116960858192,1.5813521146774292,0.3876004219055176,0.7209302325581395
"('glass', 'sens-KD', 2.0, 0.7, 17)",12,0.38235294818878174,12.500000208616257,0.21142369465551514,0.6231884057971014,0.4117647111415863,33,0.4186046511627907,0.5581395348837209,1.4500235319137573,1.3448807001113892,0.12797439999358598,0.18978349136751754,1.5664170980453491,0.393679678440094,0.7209302325581395
"('glass', 'sens-KD', 4.0, 0.3, 17)",14,0.38235294818878174,13.485294327139854,0.25532821123150806,0.6376811594202898,0.38235294818878174,35,0.4418604651162791,0.5581395348837209,1.3961158990859985,1.2256606817245483,0.1051127231398294,0.14053554590358294,1.5164703130722046,0.4282297194004059,0.7209302325581395
"('glass', 'sens-KD', 4.0, 0.5, 17)",12,0.38235294818878174,12.441176682710648,0.2259164482787035,0.6376811594202898,0.4117647111415863,33,0.4186046511627907,0.5581395348837209,1.4500148296356201,1.360703468322754,0.1046803240166154,0.18664128004118458,1.5743248462677002,0.3920382261276245,0.7209302325581395
"('glass', 'sens-KD', 4.0, 0.7, 17)",12,0.38235294818878174,12.26470610499382,0.2259164482787035,0.6376811594202898,0.4117647111415863,33,0.3953488372093023,0.5581395348837209,1.4580332040786743,1.4682008028030396,0.12906290764032408,0.1283831028051155,1.5640931129455566,0.39621397852897644,0.7209302325581395
"('glass', 'sens-LS', 0.05, 18)",98,0.7058823704719543,74.8382362909615,0.19309463967447693,0.8695652173913043,0.6764705777168274,119,0.6511627906976745,0.6511627906976745,0.7993009090423584,0.8281900882720947,0.1887643981811612,0.2057109856328299,0.9185131192207336,0.6252686977386475,
"('glass', 'sens-LS', 0.1, 18)",98,0.7352941036224365,74.35294203832746,0.2225063728249591,0.8695652173913043,0.6470588445663452,119,0.6511627906976745,0.6511627906976745,0.8282768726348877,0.857691764831543,0.14683904724065647,0.20142726288285367,1.0219454765319824,0.5962668657302856,
"('glass', 'sens-LS', 0.2, 18)",98,0.6764705777168274,72.41176604107022,0.2225063728249591,0.8695652173913043,0.6470588445663452,119,0.6511627906976745,0.6511627906976745,0.9104750752449036,0.9420747756958008,0.25194565224093063,0.21583648719066797,1.2044200897216797,0.5411568284034729,
"('glass', 'sens-LS', 0.3, 18)",99,0.6764705777168274,71.5588245280087,0.23699912644814758,0.8840579710144928,0.6470588445663452,120,0.627906976744186,0.6511627906976745,0.9768943190574646,0.993325412273407,0.20315174827742022,0.2559400034505268,1.3357511758804321,0.5000110268592834,
"('glass', 'sens-KD', 1.0, 0.3, 18)",123,0.7647058963775635,96.48529440537095,0.1342711137688678,0.8695652173913043,0.7352941036224365,144,0.6744186046511628,0.627906976744186,0.8194584250450134,0.8392640948295593,0.19504812151886697,0.1649038417394771,0.7440484762191772,0.701686441898346,0.627906976744186
"('glass', 'sens-KD', 1.0, 0.5, 18)",127,0.7352941036224365,98.77941206470132,0.06180734565292578,0.7971014492753623,0.7352941036224365,148,0.6511627906976745,0.6511627906976745,0.8522927165031433,0.8847076296806335,0.2109479294266812,0.20986371608667598,0.7340716123580933,0.7104655504226685,0.627906976744186
"('glass', 'sens-KD', 1.0, 0.7, 18)",124,0.7352941036224365,93.80882355943322,0.03282183840654895,0.7681159420289855,0.7352941036224365,145,0.627906976744186,0.627906976744186,0.9022613167762756,0.9073377251625061,0.10869262662044794,0.1797653526760811,0.7283859848976135,0.7208337783813477,0.627906976744186
"('glass', 'sens-KD', 2.0, 0.3, 18)",97,0.7647058963775635,74.76470637694001,0.12020458604978479,0.8260869565217391,0.7058823704719543,118,0.6744186046511628,0.6511627906976745,0.857304036617279,0.9135857224464417,0.1444572633089021,0.21308596744093786,0.751168429851532,0.6977505087852478,0.627906976744186
"('glass', 'sens-KD', 2.0, 0.5, 18)",198,0.7647058963775635,149.35294115915895,0.03239555289779883,0.7971014492753623,0.7647058963775635,219,0.6046511627906976,0.627906976744186,0.9463075399398804,0.9385861158370972,0.19747477146082149,0.1956074660600618,0.591516375541687,0.7651811838150024,0.627906976744186
"('glass', 'sens-KD', 2.0, 0.7, 18)",124,0.6764705777168274,91.3529413677752,0.0332480643106543,0.7391304347826086,0.7058823704719543,145,0.6511627906976745,0.6511627906976745,1.0506205558776855,1.0447882413864136,0.14375011726867323,0.1945742091467214,0.5901737809181213,0.777691125869751,0.627906976744186
"('glass', 'sens-KD', 4.0, 0.3, 18)",136,0.7941176295280457,102.51470590010285,0.07630009927611425,0.8115942028985508,0.7352941036224365,157,0.6511627906976745,0.6744186046511628,0.9084621071815491,0.9407919049263,0.22735687327939408,0.23243782755940462,0.6598453521728516,0.7399899959564209,0.627906976744186
"('glass', 'sens-KD', 4.0, 0.5, 18)",27,0.5,25.20588270202279,0.034100575723509885,0.6811594202898551,0.6470588445663452,48,0.3953488372093023,0.5581395348837209,1.1456221342086792,1.131570816040039,0.19947173567705379,0.26861740406169454,1.049182415008545,0.5611322522163391,0.627906976744186
"('glass', 'sens-KD', 4.0, 0.7, 18)",27,0.5,24.779412243515253,0.06351236847863684,0.6811594202898551,0.6176470518112183,48,0.4186046511627907,0.5348837209302325,1.1863112449645996,1.2129226922988892,0.21262318034504735,0.2411556077557941,1.0005640983581543,0.5794588327407837,0.627906976744186
"('glass', 'sens-LS', 0.05, 19)",118,0.6470588445663452,82.36764799430966,0.14919009329616162,0.855072463768116,0.7058823704719543,139,0.6744186046511628,0.6744186046511628,0.8467561602592468,0.8589248657226562,0.12351118340048681,0.1290279661500177,0.800009548664093,0.7251289486885071,
"('glass', 'sens-LS', 0.1, 19)",118,0.6764705777168274,82.72058917954564,0.14919009329616162,0.855072463768116,0.7058823704719543,139,0.6744186046511628,0.6744186046511628,0.8663349747657776,0.876984715461731,0.12011179258657056,0.1505179280458495,0.9109672904014587,0.6929892301559448,
"('glass', 'sens-LS', 0.2, 19)",162,0.6764705777168274,113.70588387921453,0.2075873932976654,0.8840579710144928,0.6764705777168274,183,0.7209302325581395,0.6976744186046512,0.8817770481109619,0.9199466109275818,0.15055335746255033,0.12653341404227325,1.0483671426773071,0.6450546383857727,
"('glass', 'sens-LS', 0.3, 19)",161,0.6764705777168274,115.50000135973096,0.16325662101524463,0.8985507246376812,0.7352941036224365,182,0.7209302325581395,0.6976744186046512,0.9284904599189758,0.9751068949699402,0.1825903203598289,0.1613492237967114,1.2018214464187622,0.5887200236320496,
"('glass', 'sens-KD', 1.0, 0.3, 19)",118,0.7058823704719543,82.89705919101834,0.14919009329616162,0.855072463768116,0.7058823704719543,139,0.6976744186046512,0.6976744186046512,0.8100324869155884,0.8116262555122375,0.09096882509630784,0.14026149414306463,0.7035831809043884,0.7411001920700073,0.6744186046511628
"('glass', 'sens-KD', 1.0, 0.5, 19)",163,0.6764705777168274,112.13235247507691,0.12105709746264026,0.7681159420289855,0.6470588445663452,184,0.6976744186046512,0.6744186046511628,0.7727851271629333,0.7847086787223816,0.16285258670185887,0.15225154369376426,0.6235203742980957,0.7529584169387817,0.6744186046511628
"('glass', 'sens-KD', 1.0, 0.7, 19)",163,0.6470588445663452,110.66176578775048,0.06308608296988671,0.7101449275362319,0.6470588445663452,184,0.7441860465116279,0.7441860465116279,0.7657301425933838,0.7676315307617188,0.15251293570496316,0.13287928492523904,0.6183682084083557,0.7643983364105225,0.6744186046511628
"('glass', 'sens-KD', 2.0, 0.3, 19)",164,0.6764705777168274,112.17647177353501,0.20801361920177075,0.855072463768116,0.6470588445663452,185,0.6976744186046512,0.7209302325581395,0.7772845029830933,0.7816811203956604,0.16287843224614168,0.16789607599724174,0.5606908798217773,0.7752887606620789,0.6744186046511628
"('glass', 'sens-KD', 2.0, 0.5, 19)",151,0.6764705777168274,101.45588288083673,0.034100575723509885,0.6811594202898551,0.6470588445663452,172,0.6744186046511628,0.7441860465116279,0.8073320388793945,0.7837658524513245,0.2151429978914039,0.18801339837007747,0.5512491464614868,0.7879442572593689,0.6744186046511628
"('glass', 'sens-KD', 2.0, 0.7, 19)",150,0.6470588445663452,96.14705995097756,0.04901961485544837,0.6666666666666666,0.6176470518112183,171,0.7209302325581395,0.6976744186046512,0.8336937427520752,0.8269816637039185,0.1804174524407054,0.1717366797979488,0.5129119157791138,0.8086394667625427,0.6744186046511628
"('glass', 'sens-KD', 4.0, 0.3, 19)",163,0.6470588445663452,108.50000138953328,0.13512362518172338,0.8115942028985508,0.6764705777168274,184,0.6976744186046512,0.7209302325581395,0.7481422424316406,0.7637538313865662,0.201682448387146,0.16980092470035996,0.5387001037597656,0.7869240641593933,0.6744186046511628
"('glass', 'sens-KD', 4.0, 0.5, 19)",151,0.6470588445663452,97.23529616370797,0.06351236847863684,0.6811594202898551,0.6176470518112183,172,0.6744186046511628,0.6976744186046512,0.7833048701286316,0.7639135122299194,0.17002750551977824,0.1895135613374932,0.524681806564331,0.7985649108886719,0.6744186046511628
"('glass', 'sens-KD', 4.0, 0.7, 19)",150,0.6176470518112183,91.73529491201043,0.0055413539858831795,0.6231884057971014,0.6176470518112183,171,0.6976744186046512,0.6976744186046512,0.8212165832519531,0.8166168332099915,0.22867303878762,0.16365773663964384,0.4878107011318207,0.812298595905304,0.6744186046511628
