[wine] seed=0 Baseline-Half: val=1.0000 test=0.9722 gap=0.0000 (1s)
[wine] seed=0 Baseline-LS: val=1.0000 test=0.9722 gap=0.0000 (1s)
[wine] seed=0 Baseline-Full: val=1.0000 test=1.0000 gap=0.0000 (1s)
[wine] seed=0 Distill-S a=0.0: val=1.0000 test=1.0000 gap=0.0000 | teacher=0.9722 agree_ov=nan agree_nov=0.947 (1s)
[wine] seed=0 Distill-S a=0.2: val=1.0000 test=1.0000 gap=0.0000 | teacher=0.9722 agree_ov=1.000 agree_nov=0.978 (1s)
[wine] seed=0 Distill-S a=0.4: val=1.0000 test=1.0000 gap=0.0000 | teacher=1.0000 agree_ov=1.000 agree_nov=0.971 (1s)
[wine] seed=0 Distill-S a=0.6: val=1.0000 test=0.9722 gap=0.0000 | teacher=0.9722 agree_ov=1.000 agree_nov=0.913 (1s)
[wine] seed=0 Distill-S a=0.8: val=1.0000 test=0.9722 gap=0.0000 | teacher=1.0000 agree_ov=1.000 agree_nov=1.000 (1s)
[wine] seed=0 Distill-S a=1.0: val=1.0000 test=1.0000 gap=0.0000 | teacher=1.0000 agree_ov=1.000 agree_nov=nan (2s)
[wine] seed=1 Baseline-Half: val=0.8929 test=0.9722 gap=0.1071 (0s)
[wine] seed=1 Baseline-LS: val=0.9643 test=0.9722 gap=0.0357 (1s)
[wine] seed=1 Baseline-Full: val=1.0000 test=0.9167 gap=0.0000 (2s)
[wine] seed=1 Distill-S a=0.0: val=0.8929 test=0.9722 gap=0.1071 | teacher=0.9167 agree_ov=nan agree_nov=1.000 (0s)
[wine] seed=1 Distill-S a=0.2: val=0.8929 test=0.9722 gap=0.1071 | teacher=0.8889 agree_ov=1.000 agree_nov=0.978 (0s)
[wine] seed=1 Distill-S a=0.4: val=0.8929 test=0.9722 gap=0.1071 | teacher=0.8889 agree_ov=1.000 agree_nov=1.000 (0s)
[wine] seed=1 Distill-S a=0.6: val=0.8929 test=0.9722 gap=0.1071 | teacher=0.9167 agree_ov=1.000 agree_nov=1.000 (0s)
[wine] seed=1 Distill-S a=0.8: val=0.8929 test=0.9722 gap=0.1071 | teacher=0.9722 agree_ov=1.000 agree_nov=1.000 (0s)
[wine] seed=1 Distill-S a=1.0: val=0.8929 test=0.9722 gap=0.1071 | teacher=0.9722 agree_ov=1.000 agree_nov=nan (0s)
[wine] seed=2 Baseline-Half: val=1.0000 test=1.0000 gap=0.0000 (1s)
[wine] seed=2 Baseline-LS: val=1.0000 test=0.9722 gap=0.0000 (0s)
[wine] seed=2 Baseline-Full: val=1.0000 test=1.0000 gap=0.0000 (2s)
[wine] seed=2 Distill-S a=0.0: val=1.0000 test=0.9722 gap=0.0000 | teacher=0.9722 agree_ov=nan agree_nov=0.982 (1s)
[wine] seed=2 Distill-S a=0.2: val=1.0000 test=0.9722 gap=0.0000 | teacher=1.0000 agree_ov=1.000 agree_nov=0.978 (1s)
[wine] seed=2 Distill-S a=0.4: val=1.0000 test=0.9722 gap=0.0000 | teacher=0.9722 agree_ov=1.000 agree_nov=0.971 (1s)
[wine] seed=2 Distill-S a=0.6: val=1.0000 test=0.9722 gap=0.0000 | teacher=1.0000 agree_ov=1.000 agree_nov=0.870 (1s)
[wine] seed=2 Distill-S a=0.8: val=1.0000 test=0.9722 gap=0.0000 | teacher=1.0000 agree_ov=1.000 agree_nov=0.917 (1s)
[wine] seed=2 Distill-S a=1.0: val=1.0000 test=1.0000 gap=0.0000 | teacher=1.0000 agree_ov=1.000 agree_nov=nan (1s)
[wine] seed=3 Baseline-Half: val=1.0000 test=1.0000 gap=0.0000 (1s)
[wine] seed=3 Baseline-LS: val=1.0000 test=1.0000 gap=0.0000 (0s)
[wine] seed=3 Baseline-Full: val=1.0000 test=1.0000 gap=0.0000 (2s)
[wine] seed=3 Distill-S a=0.0: val=1.0000 test=1.0000 gap=0.0000 | teacher=0.9722 agree_ov=nan agree_nov=0.947 (2s)
[wine] seed=3 Distill-S a=0.2: val=1.0000 test=1.0000 gap=0.0000 | teacher=0.9444 agree_ov=1.000 agree_nov=0.891 (2s)
[wine] seed=3 Distill-S a=0.4: val=1.0000 test=1.0000 gap=0.0000 | teacher=0.9722 agree_ov=1.000 agree_nov=0.943 (2s)
[wine] seed=3 Distill-S a=0.6: val=1.0000 test=1.0000 gap=0.0000 | teacher=1.0000 agree_ov=1.000 agree_nov=0.957 (2s)
[wine] seed=3 Distill-S a=0.8: val=1.0000 test=1.0000 gap=0.0000 | teacher=1.0000 agree_ov=1.000 agree_nov=0.833 (2s)
[wine] seed=3 Distill-S a=1.0: val=1.0000 test=1.0000 gap=0.0000 | teacher=1.0000 agree_ov=1.000 agree_nov=nan (2s)
[wine] seed=4 Baseline-Half: val=0.8929 test=0.9722 gap=0.1071 (0s)
[wine] seed=4 Baseline-LS: val=0.8929 test=0.9722 gap=0.1071 (0s)
[wine] seed=4 Baseline-Full: val=0.8929 test=0.9722 gap=0.1071 (0s)
[wine] seed=4 Distill-S a=0.0: val=0.9286 test=0.9722 gap=0.0714 | teacher=1.0000 agree_ov=nan agree_nov=0.965 (0s)
[wine] seed=4 Distill-S a=0.2: val=0.9286 test=0.9722 gap=0.1071 | teacher=1.0000 agree_ov=1.000 agree_nov=0.978 (0s)
[wine] seed=4 Distill-S a=0.4: val=0.8929 test=0.9722 gap=0.1071 | teacher=0.9444 agree_ov=1.000 agree_nov=0.971 (0s)
[wine] seed=4 Distill-S a=0.6: val=0.8929 test=0.9722 gap=0.1071 | teacher=1.0000 agree_ov=1.000 agree_nov=1.000 (0s)
[wine] seed=4 Distill-S a=0.8: val=0.8929 test=0.9722 gap=0.1071 | teacher=0.9722 agree_ov=1.000 agree_nov=1.000 (0s)
[wine] seed=4 Distill-S a=1.0: val=0.8929 test=0.9722 gap=0.1071 | teacher=0.9722 agree_ov=1.000 agree_nov=nan (0s)
[wine] seed=5 Baseline-Half: val=1.0000 test=0.9444 gap=0.0000 (2s)
[wine] seed=5 Baseline-LS: val=1.0000 test=0.9444 gap=0.0000 (1s)
[wine] seed=5 Baseline-Full: val=1.0000 test=1.0000 gap=0.0000 (1s)
[wine] seed=5 Distill-S a=0.0: val=1.0000 test=0.9444 gap=0.0000 | teacher=0.9444 agree_ov=nan agree_nov=1.000 (2s)
[wine] seed=5 Distill-S a=0.2: val=0.9643 test=0.9444 gap=0.0357 | teacher=0.9167 agree_ov=1.000 agree_nov=1.000 (1s)
[wine] seed=5 Distill-S a=0.4: val=1.0000 test=0.9444 gap=0.0000 | teacher=0.9167 agree_ov=1.000 agree_nov=1.000 (1s)
[wine] seed=5 Distill-S a=0.6: val=1.0000 test=0.9167 gap=0.0000 | teacher=0.8889 agree_ov=1.000 agree_nov=1.000 (2s)
[wine] seed=5 Distill-S a=0.8: val=1.0000 test=0.9167 gap=0.0000 | teacher=0.8889 agree_ov=1.000 agree_nov=1.000 (2s)
[wine] seed=5 Distill-S a=1.0: val=1.0000 test=0.9167 gap=0.0000 | teacher=0.9167 agree_ov=1.000 agree_nov=nan (2s)
[wine] seed=6 Baseline-Half: val=1.0000 test=0.9444 gap=0.0000 (1s)
[wine] seed=6 Baseline-LS: val=1.0000 test=0.9444 gap=0.0000 (0s)
[wine] seed=6 Baseline-Full: val=1.0000 test=0.9722 gap=0.0000 (3s)
[wine] seed=6 Distill-S a=0.0: val=0.9643 test=0.9722 gap=0.0357 | teacher=0.9722 agree_ov=nan agree_nov=0.982 (1s)
[wine] seed=6 Distill-S a=0.2: val=1.0000 test=0.9444 gap=0.0000 | teacher=0.9722 agree_ov=1.000 agree_nov=0.978 (2s)
[wine] seed=6 Distill-S a=0.4: val=1.0000 test=0.9444 gap=0.0000 | teacher=0.9722 agree_ov=1.000 agree_nov=1.000 (2s)
[wine] seed=6 Distill-S a=0.6: val=1.0000 test=0.9444 gap=0.0000 | teacher=1.0000 agree_ov=1.000 agree_nov=1.000 (2s)
[wine] seed=6 Distill-S a=0.8: val=1.0000 test=0.9444 gap=0.0000 | teacher=0.9722 agree_ov=1.000 agree_nov=1.000 (2s)
[wine] seed=6 Distill-S a=1.0: val=1.0000 test=0.9722 gap=0.0000 | teacher=0.9722 agree_ov=1.000 agree_nov=nan (2s)
[wine] seed=7 Baseline-Half: val=1.0000 test=0.9444 gap=0.0000 (1s)
[wine] seed=7 Baseline-LS: val=1.0000 test=0.9444 gap=0.0000 (0s)
[wine] seed=7 Baseline-Full: val=1.0000 test=0.9722 gap=0.0000 (3s)
[wine] seed=7 Distill-S a=0.0: val=0.9643 test=0.9444 gap=0.0182 | teacher=0.9444 agree_ov=nan agree_nov=0.965 (1s)
[wine] seed=7 Distill-S a=0.2: val=1.0000 test=0.9444 gap=0.0000 | teacher=0.9444 agree_ov=1.000 agree_nov=0.957 (1s)
[wine] seed=7 Distill-S a=0.4: val=1.0000 test=0.9722 gap=0.0000 | teacher=0.9444 agree_ov=1.000 agree_nov=0.971 (1s)
[wine] seed=7 Distill-S a=0.6: val=1.0000 test=0.9722 gap=0.0000 | teacher=0.8889 agree_ov=1.000 agree_nov=1.000 (1s)
[wine] seed=7 Distill-S a=0.8: val=1.0000 test=0.9444 gap=0.0000 | teacher=0.9167 agree_ov=1.000 agree_nov=1.000 (2s)
[wine] seed=7 Distill-S a=1.0: val=1.0000 test=0.9444 gap=0.0000 | teacher=0.9444 agree_ov=1.000 agree_nov=nan (2s)
[wine] seed=8 Baseline-Half: val=1.0000 test=0.9444 gap=0.0000 (1s)
[wine] seed=8 Baseline-LS: val=1.0000 test=0.8889 gap=0.0000 (1s)
[wine] seed=8 Baseline-Full: val=1.0000 test=0.9722 gap=0.0000 (2s)
[wine] seed=8 Distill-S a=0.0: val=1.0000 test=0.9722 gap=0.0000 | teacher=0.9722 agree_ov=nan agree_nov=0.965 (1s)
[wine] seed=8 Distill-S a=0.2: val=1.0000 test=0.9722 gap=0.0000 | teacher=0.9444 agree_ov=1.000 agree_nov=0.935 (1s)
[wine] seed=8 Distill-S a=0.4: val=1.0000 test=0.9444 gap=0.0000 | teacher=0.9167 agree_ov=1.000 agree_nov=0.943 (1s)
[wine] seed=8 Distill-S a=0.6: val=0.9643 test=0.9444 gap=0.0357 | teacher=0.8889 agree_ov=1.000 agree_nov=0.913 (1s)
[wine] seed=8 Distill-S a=0.8: val=1.0000 test=0.9167 gap=0.0000 | teacher=0.9167 agree_ov=1.000 agree_nov=1.000 (1s)
[wine] seed=8 Distill-S a=1.0: val=1.0000 test=0.9167 gap=0.0000 | teacher=0.9167 agree_ov=1.000 agree_nov=nan (1s)
[wine] seed=9 Baseline-Half: val=0.9643 test=1.0000 gap=0.0357 (1s)
[wine] seed=9 Baseline-LS: val=0.9643 test=1.0000 gap=0.0357 (1s)
[wine] seed=9 Baseline-Full: val=1.0000 test=1.0000 gap=0.0357 (2s)
[wine] seed=9 Distill-S a=0.0: val=0.9643 test=1.0000 gap=0.0357 | teacher=1.0000 agree_ov=nan agree_nov=0.982 (1s)
[wine] seed=9 Distill-S a=0.2: val=1.0000 test=1.0000 gap=0.0000 | teacher=1.0000 agree_ov=1.000 agree_nov=0.978 (2s)
[wine] seed=9 Distill-S a=0.4: val=1.0000 test=1.0000 gap=-0.0175 | teacher=1.0000 agree_ov=1.000 agree_nov=1.000 (2s)
[wine] seed=9 Distill-S a=0.6: val=1.0000 test=1.0000 gap=0.0000 | teacher=1.0000 agree_ov=1.000 agree_nov=0.957 (2s)
[wine] seed=9 Distill-S a=0.8: val=1.0000 test=1.0000 gap=0.0000 | teacher=1.0000 agree_ov=1.000 agree_nov=0.917 (2s)
[wine] seed=9 Distill-S a=1.0: val=0.9643 test=1.0000 gap=0.0357 | teacher=1.0000 agree_ov=1.000 agree_nov=nan (2s)
[wine] seed=10 Baseline-Half: val=0.9286 test=1.0000 gap=0.0714 (0s)
[wine] seed=10 Baseline-LS: val=0.8929 test=1.0000 gap=0.1071 (0s)
[wine] seed=10 Baseline-Full: val=0.9286 test=1.0000 gap=0.0714 (0s)
[wine] seed=10 Distill-S a=0.0: val=0.9286 test=0.9722 gap=0.0714 | teacher=0.9722 agree_ov=nan agree_nov=0.947 (1s)
[wine] seed=10 Distill-S a=0.2: val=0.9643 test=1.0000 gap=0.0357 | teacher=0.9722 agree_ov=1.000 agree_nov=0.957 (1s)
[wine] seed=10 Distill-S a=0.4: val=0.9286 test=1.0000 gap=0.0714 | teacher=0.9722 agree_ov=1.000 agree_nov=0.971 (0s)
[wine] seed=10 Distill-S a=0.6: val=0.9286 test=1.0000 gap=0.0714 | teacher=0.9722 agree_ov=1.000 agree_nov=1.000 (0s)
[wine] seed=10 Distill-S a=0.8: val=0.9286 test=1.0000 gap=0.0714 | teacher=1.0000 agree_ov=1.000 agree_nov=1.000 (0s)
[wine] seed=10 Distill-S a=1.0: val=0.9286 test=1.0000 gap=0.0714 | teacher=1.0000 agree_ov=1.000 agree_nov=nan (1s)
[wine] seed=11 Baseline-Half: val=1.0000 test=0.9444 gap=0.0000 (1s)
[wine] seed=11 Baseline-LS: val=1.0000 test=0.9444 gap=0.0000 (0s)
[wine] seed=11 Baseline-Full: val=1.0000 test=0.9722 gap=0.0000 (2s)
[wine] seed=11 Distill-S a=0.0: val=0.9643 test=1.0000 gap=0.0357 | teacher=0.9444 agree_ov=nan agree_nov=0.982 (1s)
[wine] seed=11 Distill-S a=0.2: val=1.0000 test=1.0000 gap=0.0000 | teacher=1.0000 agree_ov=1.000 agree_nov=1.000 (1s)
[wine] seed=11 Distill-S a=0.4: val=0.9643 test=0.9722 gap=0.0357 | teacher=0.9722 agree_ov=1.000 agree_nov=0.971 (1s)
[wine] seed=11 Distill-S a=0.6: val=1.0000 test=0.9444 gap=0.0000 | teacher=0.9167 agree_ov=1.000 agree_nov=1.000 (1s)
[wine] seed=11 Distill-S a=0.8: val=1.0000 test=0.9444 gap=0.0000 | teacher=1.0000 agree_ov=1.000 agree_nov=0.917 (1s)
[wine] seed=11 Distill-S a=1.0: val=1.0000 test=0.9444 gap=0.0000 | teacher=0.9444 agree_ov=1.000 agree_nov=nan (1s)
[wine] seed=12 Baseline-Half: val=0.9643 test=0.9444 gap=0.0357 (0s)
[wine] seed=12 Baseline-LS: val=0.9643 test=0.9444 gap=0.0357 (0s)
[wine] seed=12 Baseline-Full: val=0.9643 test=1.0000 gap=0.0357 (0s)
[wine] seed=12 Distill-S a=0.0: val=0.9643 test=0.9444 gap=0.0357 | teacher=0.9167 agree_ov=nan agree_nov=1.000 (0s)
[wine] seed=12 Distill-S a=0.2: val=0.9643 test=0.9444 gap=0.0357 | teacher=0.8889 agree_ov=1.000 agree_nov=1.000 (0s)
[wine] seed=12 Distill-S a=0.4: val=0.9643 test=0.9722 gap=0.0357 | teacher=0.9444 agree_ov=1.000 agree_nov=0.971 (0s)
[wine] seed=12 Distill-S a=0.6: val=0.9643 test=0.9444 gap=0.0357 | teacher=0.8889 agree_ov=1.000 agree_nov=1.000 (0s)
[wine] seed=12 Distill-S a=0.8: val=0.9643 test=0.9444 gap=0.0357 | teacher=0.9444 agree_ov=1.000 agree_nov=1.000 (0s)
[wine] seed=12 Distill-S a=1.0: val=0.9643 test=0.9444 gap=0.0357 | teacher=0.9444 agree_ov=1.000 agree_nov=nan (0s)
[wine] seed=13 Baseline-Half: val=0.9643 test=0.9444 gap=0.0357 (1s)
[wine] seed=13 Baseline-LS: val=1.0000 test=0.9722 gap=0.0000 (1s)
[wine] seed=13 Baseline-Full: val=0.9643 test=0.9722 gap=0.0357 (0s)
[wine] seed=13 Distill-S a=0.0: val=0.9643 test=0.9444 gap=0.0357 | teacher=0.9722 agree_ov=nan agree_nov=0.982 (1s)
[wine] seed=13 Distill-S a=0.2: val=0.9643 test=0.9444 gap=0.0357 | teacher=0.9722 agree_ov=1.000 agree_nov=0.957 (0s)
[wine] seed=13 Distill-S a=0.4: val=0.9643 test=0.9444 gap=0.0357 | teacher=0.9444 agree_ov=1.000 agree_nov=0.886 (0s)
[wine] seed=13 Distill-S a=0.6: val=0.9643 test=0.9444 gap=0.0357 | teacher=0.9722 agree_ov=1.000 agree_nov=0.957 (1s)
[wine] seed=13 Distill-S a=0.8: val=0.9643 test=0.9722 gap=0.0357 | teacher=0.9722 agree_ov=1.000 agree_nov=1.000 (1s)
[wine] seed=13 Distill-S a=1.0: val=0.9643 test=0.9444 gap=0.0357 | teacher=1.0000 agree_ov=1.000 agree_nov=nan (1s)
[wine] seed=14 Baseline-Half: val=1.0000 test=0.9444 gap=0.0000 (1s)
[wine] seed=14 Baseline-LS: val=1.0000 test=0.9722 gap=0.0000 (0s)
[wine] seed=14 Baseline-Full: val=1.0000 test=0.9444 gap=0.0000 (2s)
[wine] seed=14 Distill-S a=0.0: val=1.0000 test=0.9444 gap=0.0000 | teacher=0.9444 agree_ov=nan agree_nov=0.912 (2s)
[wine] seed=14 Distill-S a=0.2: val=1.0000 test=0.9722 gap=0.0000 | teacher=0.9722 agree_ov=1.000 agree_nov=0.891 (1s)
[wine] seed=14 Distill-S a=0.4: val=1.0000 test=0.9444 gap=0.0000 | teacher=0.8889 agree_ov=1.000 agree_nov=0.914 (1s)
[wine] seed=14 Distill-S a=0.6: val=1.0000 test=0.9444 gap=0.0000 | teacher=0.9444 agree_ov=1.000 agree_nov=1.000 (1s)
[wine] seed=14 Distill-S a=0.8: val=1.0000 test=0.9444 gap=0.0000 | teacher=0.9444 agree_ov=1.000 agree_nov=1.000 (1s)
[wine] seed=14 Distill-S a=1.0: val=1.0000 test=0.9444 gap=0.0000 | teacher=0.9444 agree_ov=1.000 agree_nov=nan (1s)
[wine] seed=15 Baseline-Half: val=0.9286 test=0.9722 gap=0.0714 (0s)
[wine] seed=15 Baseline-LS: val=0.8929 test=0.9722 gap=0.1071 (0s)
[wine] seed=15 Baseline-Full: val=0.9643 test=1.0000 gap=0.0357 (1s)
[wine] seed=15 Distill-S a=0.0: val=0.9643 test=0.9722 gap=0.0357 | teacher=1.0000 agree_ov=nan agree_nov=0.947 (1s)
[wine] seed=15 Distill-S a=0.2: val=0.9643 test=1.0000 gap=0.0357 | teacher=0.9722 agree_ov=1.000 agree_nov=0.913 (1s)
[wine] seed=15 Distill-S a=0.4: val=0.8929 test=0.9722 gap=0.1071 | teacher=1.0000 agree_ov=1.000 agree_nov=0.971 (0s)
[wine] seed=15 Distill-S a=0.6: val=0.9643 test=1.0000 gap=0.0000 | teacher=1.0000 agree_ov=1.000 agree_nov=0.957 (1s)
[wine] seed=15 Distill-S a=0.8: val=0.9286 test=0.9722 gap=0.0714 | teacher=0.9722 agree_ov=1.000 agree_nov=0.917 (0s)
[wine] seed=15 Distill-S a=1.0: val=0.9286 test=0.9722 gap=0.0714 | teacher=0.9722 agree_ov=1.000 agree_nov=nan (1s)
[wine] seed=16 Baseline-Half: val=0.9643 test=1.0000 gap=0.0357 (1s)
[wine] seed=16 Baseline-LS: val=1.0000 test=1.0000 gap=0.0000 (0s)
[wine] seed=16 Baseline-Full: val=0.9643 test=1.0000 gap=0.0357 (0s)
[wine] seed=16 Distill-S a=0.0: val=1.0000 test=1.0000 gap=0.0000 | teacher=1.0000 agree_ov=nan agree_nov=0.982 (1s)
[wine] seed=16 Distill-S a=0.2: val=0.9643 test=1.0000 gap=0.0357 | teacher=1.0000 agree_ov=1.000 agree_nov=0.978 (0s)
[wine] seed=16 Distill-S a=0.4: val=0.9643 test=1.0000 gap=0.0357 | teacher=1.0000 agree_ov=1.000 agree_nov=0.971 (1s)
[wine] seed=16 Distill-S a=0.6: val=0.9643 test=0.9722 gap=0.0357 | teacher=0.9444 agree_ov=1.000 agree_nov=0.957 (0s)
[wine] seed=16 Distill-S a=0.8: val=0.9286 test=1.0000 gap=0.0714 | teacher=1.0000 agree_ov=1.000 agree_nov=1.000 (1s)
[wine] seed=16 Distill-S a=1.0: val=0.9643 test=1.0000 gap=0.0357 | teacher=0.9722 agree_ov=1.000 agree_nov=nan (1s)
[wine] seed=17 Baseline-Half: val=0.9286 test=0.9167 gap=0.0714 (0s)
[wine] seed=17 Baseline-LS: val=0.9286 test=0.9167 gap=0.0714 (0s)
[wine] seed=17 Baseline-Full: val=0.9643 test=0.9167 gap=0.0357 (1s)
[wine] seed=17 Distill-S a=0.0: val=0.9643 test=0.9167 gap=0.0357 | teacher=0.9444 agree_ov=nan agree_nov=0.982 (1s)
[wine] seed=17 Distill-S a=0.2: val=0.9643 test=0.9167 gap=0.0357 | teacher=0.9722 agree_ov=1.000 agree_nov=0.978 (1s)
[wine] seed=17 Distill-S a=0.4: val=0.9643 test=0.9167 gap=0.0357 | teacher=0.9444 agree_ov=1.000 agree_nov=1.000 (1s)
[wine] seed=17 Distill-S a=0.6: val=0.9286 test=0.9167 gap=0.0714 | teacher=0.9444 agree_ov=1.000 agree_nov=1.000 (1s)
[wine] seed=17 Distill-S a=0.8: val=0.9286 test=0.9167 gap=0.0714 | teacher=0.9444 agree_ov=1.000 agree_nov=1.000 (0s)
[wine] seed=17 Distill-S a=1.0: val=0.9286 test=0.9167 gap=0.0714 | teacher=0.8889 agree_ov=1.000 agree_nov=nan (0s)
[wine] seed=18 Baseline-Half: val=0.9286 test=0.9444 gap=0.0714 (0s)
[wine] seed=18 Baseline-LS: val=0.9286 test=0.9444 gap=0.0714 (0s)
[wine] seed=18 Baseline-Full: val=0.9643 test=0.9444 gap=0.0357 (2s)
[wine] seed=18 Distill-S a=0.0: val=0.9286 test=0.9722 gap=0.0714 | teacher=0.9722 agree_ov=nan agree_nov=0.947 (2s)
[wine] seed=18 Distill-S a=0.2: val=0.9286 test=0.9444 gap=0.0714 | teacher=0.9444 agree_ov=1.000 agree_nov=0.978 (2s)
[wine] seed=18 Distill-S a=0.4: val=0.9286 test=0.9444 gap=0.0714 | teacher=0.9444 agree_ov=1.000 agree_nov=0.971 (2s)
[wine] seed=18 Distill-S a=0.6: val=0.9286 test=0.9444 gap=0.0714 | teacher=0.9722 agree_ov=1.000 agree_nov=0.957 (2s)
[wine] seed=18 Distill-S a=0.8: val=0.9286 test=0.9444 gap=0.0714 | teacher=0.9722 agree_ov=1.000 agree_nov=1.000 (1s)
[wine] seed=18 Distill-S a=1.0: val=0.9286 test=0.9444 gap=0.0714 | teacher=0.9444 agree_ov=1.000 agree_nov=nan (1s)
[wine] seed=19 Baseline-Half: val=0.9643 test=0.9722 gap=0.0357 (1s)
[wine] seed=19 Baseline-LS: val=1.0000 test=0.9444 gap=0.0357 (0s)
[wine] seed=19 Baseline-Full: val=0.9643 test=1.0000 gap=0.0357 (1s)
[wine] seed=19 Distill-S a=0.0: val=1.0000 test=1.0000 gap=0.0000 | teacher=0.9722 agree_ov=nan agree_nov=0.965 (2s)
[wine] seed=19 Distill-S a=0.2: val=1.0000 test=1.0000 gap=0.0000 | teacher=0.9722 agree_ov=1.000 agree_nov=0.957 (2s)
[wine] seed=19 Distill-S a=0.4: val=1.0000 test=0.9722 gap=0.0000 | teacher=1.0000 agree_ov=1.000 agree_nov=1.000 (1s)
[wine] seed=19 Distill-S a=0.6: val=1.0000 test=1.0000 gap=0.0000 | teacher=1.0000 agree_ov=1.000 agree_nov=0.957 (1s)
[wine] seed=19 Distill-S a=0.8: val=0.9643 test=0.9722 gap=0.0357 | teacher=1.0000 agree_ov=1.000 agree_nov=1.000 (2s)
[wine] seed=19 Distill-S a=1.0: val=0.9643 test=0.9444 gap=0.0357 | teacher=0.9722 agree_ov=1.000 agree_nov=nan (1s)
[wine] seed=0 beta=0.2 Distill-S: test=1.0000 gap=0.0140 | teacher=1.0000 (0s)
[wine] seed=0 beta=0.3 Distill-S: test=1.0000 gap=0.0232 | teacher=1.0000 (0s)
[wine] seed=0 beta=0.4 Distill-S: test=1.0000 gap=0.0000 | teacher=0.9722 (1s)
[wine] seed=0 beta=0.5 Distill-S: test=1.0000 gap=0.0000 | teacher=0.9722 (1s)
[wine] seed=0 beta=0.6 Distill-S: test=1.0000 gap=0.0357 | teacher=0.9722 (1s)
[wine] seed=0 beta=0.7 Distill-S: test=1.0000 gap=0.0357 | teacher=1.0000 (1s)
[wine] seed=0 beta=0.8 Distill-S: test=1.0000 gap=0.0714 | teacher=1.0000 (0s)
[wine] seed=1 beta=0.2 Distill-S: test=1.0000 gap=0.0357 | teacher=0.9444 (2s)
[wine] seed=1 beta=0.3 Distill-S: test=0.9722 gap=0.0946 | teacher=1.0000 (0s)
[wine] seed=1 beta=0.4 Distill-S: test=0.9722 gap=0.0212 | teacher=1.0000 (0s)
[wine] seed=1 beta=0.5 Distill-S: test=0.9722 gap=0.1071 | teacher=0.9167 (0s)
[wine] seed=1 beta=0.6 Distill-S: test=0.9722 gap=0.0714 | teacher=0.9444 (0s)
[wine] seed=1 beta=0.7 Distill-S: test=0.9444 gap=0.1071 | teacher=0.9167 (0s)
[wine] seed=1 beta=0.8 Distill-S: test=0.8889 gap=0.0714 | teacher=0.9722 (0s)
[wine] seed=2 beta=0.2 Distill-S: test=0.9722 gap=0.0000 | teacher=1.0000 (1s)
[wine] seed=2 beta=0.3 Distill-S: test=0.9722 gap=0.0232 | teacher=0.9722 (1s)
[wine] seed=2 beta=0.4 Distill-S: test=0.9722 gap=0.0000 | teacher=0.9722 (1s)
[wine] seed=2 beta=0.5 Distill-S: test=0.9722 gap=0.0000 | teacher=0.9722 (1s)
[wine] seed=2 beta=0.6 Distill-S: test=0.9722 gap=0.0000 | teacher=1.0000 (1s)
[wine] seed=2 beta=0.7 Distill-S: test=0.9722 gap=0.0000 | teacher=1.0000 (2s)
[wine] seed=2 beta=0.8 Distill-S: test=0.9722 gap=0.0000 | teacher=1.0000 (1s)
[wine] seed=3 beta=0.2 Distill-S: test=1.0000 gap=-0.0109 | teacher=0.9167 (2s)
[wine] seed=3 beta=0.3 Distill-S: test=0.9722 gap=0.0000 | teacher=0.9167 (2s)
[wine] seed=3 beta=0.4 Distill-S: test=1.0000 gap=0.0000 | teacher=0.9722 (2s)
[wine] seed=3 beta=0.5 Distill-S: test=1.0000 gap=0.0000 | teacher=0.9722 (2s)
[wine] seed=3 beta=0.6 Distill-S: test=1.0000 gap=0.0000 | teacher=0.9444 (1s)
[wine] seed=3 beta=0.7 Distill-S: test=1.0000 gap=0.0000 | teacher=1.0000 (1s)
[wine] seed=3 beta=0.8 Distill-S: test=1.0000 gap=0.0000 | teacher=1.0000 (1s)
[wine] seed=4 beta=0.2 Distill-S: test=0.9722 gap=0.0714 | teacher=1.0000 (1s)
[wine] seed=4 beta=0.3 Distill-S: test=0.9722 gap=0.0714 | teacher=1.0000 (0s)
[wine] seed=4 beta=0.4 Distill-S: test=1.0000 gap=0.0714 | teacher=1.0000 (1s)
[wine] seed=4 beta=0.5 Distill-S: test=0.9722 gap=0.0714 | teacher=1.0000 (0s)
[wine] seed=4 beta=0.6 Distill-S: test=0.9722 gap=0.1071 | teacher=1.0000 (1s)
[wine] seed=4 beta=0.7 Distill-S: test=0.9722 gap=0.1071 | teacher=1.0000 (1s)
[wine] seed=4 beta=0.8 Distill-S: test=0.9722 gap=0.1071 | teacher=1.0000 (1s)
[wine] seed=5 beta=0.2 Distill-S: test=0.9722 gap=0.0248 | teacher=0.8889 (1s)
[wine] seed=5 beta=0.3 Distill-S: test=0.9444 gap=0.0357 | teacher=0.9444 (1s)
[wine] seed=5 beta=0.4 Distill-S: test=0.9444 gap=0.0357 | teacher=0.9167 (1s)
[wine] seed=5 beta=0.5 Distill-S: test=0.9444 gap=0.0000 | teacher=0.9444 (2s)
[wine] seed=5 beta=0.6 Distill-S: test=0.9444 gap=0.0000 | teacher=0.9722 (2s)
[wine] seed=5 beta=0.7 Distill-S: test=0.9444 gap=0.0000 | teacher=0.9444 (2s)
[wine] seed=5 beta=0.8 Distill-S: test=0.9444 gap=0.0000 | teacher=0.9444 (1s)
[wine] seed=6 beta=0.2 Distill-S: test=0.9722 gap=0.0606 | teacher=0.8889 (1s)
[wine] seed=6 beta=0.3 Distill-S: test=1.0000 gap=0.0357 | teacher=0.9167 (1s)
[wine] seed=6 beta=0.4 Distill-S: test=1.0000 gap=0.0357 | teacher=0.9444 (1s)
[wine] seed=6 beta=0.5 Distill-S: test=0.9722 gap=0.0357 | teacher=0.9722 (1s)
[wine] seed=6 beta=0.6 Distill-S: test=1.0000 gap=0.0357 | teacher=1.0000 (1s)
[wine] seed=6 beta=0.7 Distill-S: test=1.0000 gap=0.0357 | teacher=1.0000 (1s)
[wine] seed=6 beta=0.8 Distill-S: test=0.9444 gap=0.0714 | teacher=1.0000 (0s)
[wine] seed=7 beta=0.2 Distill-S: test=0.9444 gap=0.0031 | teacher=0.8611 (0s)
[wine] seed=7 beta=0.3 Distill-S: test=0.9444 gap=0.0232 | teacher=0.9444 (1s)
[wine] seed=7 beta=0.4 Distill-S: test=0.9722 gap=0.0212 | teacher=0.9444 (1s)
[wine] seed=7 beta=0.5 Distill-S: test=0.9444 gap=0.0182 | teacher=0.9444 (1s)
[wine] seed=7 beta=0.6 Distill-S: test=0.9444 gap=0.0000 | teacher=0.9444 (1s)
[wine] seed=7 beta=0.7 Distill-S: test=0.9444 gap=0.0000 | teacher=0.9444 (1s)
[wine] seed=7 beta=0.8 Distill-S: test=0.9444 gap=0.0357 | teacher=0.9167 (1s)
[wine] seed=8 beta=0.2 Distill-S: test=0.9444 gap=0.0000 | teacher=0.9444 (1s)
[wine] seed=8 beta=0.3 Distill-S: test=0.9444 gap=-0.0125 | teacher=0.9167 (1s)
[wine] seed=8 beta=0.4 Distill-S: test=0.9444 gap=0.0000 | teacher=0.9444 (1s)
[wine] seed=8 beta=0.5 Distill-S: test=0.9722 gap=0.0000 | teacher=0.9722 (1s)
[wine] seed=8 beta=0.6 Distill-S: test=0.9722 gap=0.0357 | teacher=0.9722 (1s)
[wine] seed=8 beta=0.7 Distill-S: test=0.9444 gap=0.0357 | teacher=0.9722 (1s)
[wine] seed=8 beta=0.8 Distill-S: test=0.9167 gap=0.0714 | teacher=0.9444 (1s)
[wine] seed=9 beta=0.2 Distill-S: test=1.0000 gap=0.0000 | teacher=1.0000 (2s)
[wine] seed=9 beta=0.3 Distill-S: test=1.0000 gap=0.0000 | teacher=1.0000 (2s)
[wine] seed=9 beta=0.4 Distill-S: test=1.0000 gap=0.0000 | teacher=1.0000 (2s)
[wine] seed=9 beta=0.5 Distill-S: test=1.0000 gap=0.0357 | teacher=1.0000 (2s)
[wine] seed=9 beta=0.6 Distill-S: test=1.0000 gap=0.0497 | teacher=1.0000 (0s)
[wine] seed=9 beta=0.7 Distill-S: test=1.0000 gap=0.0786 | teacher=1.0000 (0s)
[wine] seed=9 beta=0.8 Distill-S: test=0.9444 gap=0.0637 | teacher=1.0000 (0s)
[wine] seed=10 beta=0.2 Distill-S: test=0.9722 gap=0.0606 | teacher=0.9444 (1s)
[wine] seed=10 beta=0.3 Distill-S: test=0.9722 gap=0.0714 | teacher=0.9444 (1s)
[wine] seed=10 beta=0.4 Distill-S: test=0.9722 gap=0.0357 | teacher=0.9722 (2s)
[wine] seed=10 beta=0.5 Distill-S: test=0.9722 gap=0.0714 | teacher=0.9722 (2s)
[wine] seed=10 beta=0.6 Distill-S: test=1.0000 gap=0.0357 | teacher=0.9722 (2s)
[wine] seed=10 beta=0.7 Distill-S: test=1.0000 gap=0.0357 | teacher=0.9722 (2s)
[wine] seed=10 beta=0.8 Distill-S: test=1.0000 gap=0.0357 | teacher=0.9722 (1s)
[wine] seed=11 beta=0.2 Distill-S: test=1.0000 gap=0.0248 | teacher=0.8889 (2s)
[wine] seed=11 beta=0.3 Distill-S: test=1.0000 gap=0.0357 | teacher=0.9444 (2s)
[wine] seed=11 beta=0.4 Distill-S: test=1.0000 gap=0.0357 | teacher=0.9444 (2s)
[wine] seed=11 beta=0.5 Distill-S: test=1.0000 gap=0.0357 | teacher=0.9444 (2s)
[wine] seed=11 beta=0.6 Distill-S: test=1.0000 gap=0.0000 | teacher=0.9722 (2s)
[wine] seed=11 beta=0.7 Distill-S: test=0.9444 gap=0.0357 | teacher=0.9444 (2s)
[wine] seed=11 beta=0.8 Distill-S: test=0.9167 gap=0.0000 | teacher=0.9722 (1s)
[wine] seed=12 beta=0.2 Distill-S: test=0.9722 gap=0.0357 | teacher=1.0000 (3s)
[wine] seed=12 beta=0.3 Distill-S: test=0.9444 gap=0.0357 | teacher=0.9444 (3s)
[wine] seed=12 beta=0.4 Distill-S: test=0.9167 gap=0.0357 | teacher=0.9167 (3s)
[wine] seed=12 beta=0.5 Distill-S: test=0.9444 gap=0.0357 | teacher=0.9167 (1s)
[wine] seed=12 beta=0.6 Distill-S: test=0.9444 gap=0.0357 | teacher=0.9167 (1s)
[wine] seed=12 beta=0.7 Distill-S: test=0.9167 gap=0.0357 | teacher=0.9167 (1s)
[wine] seed=12 beta=0.8 Distill-S: test=0.8889 gap=0.0357 | teacher=0.8889 (1s)
[wine] seed=13 beta=0.2 Distill-S: test=0.9722 gap=0.0357 | teacher=0.9722 (1s)
[wine] seed=13 beta=0.3 Distill-S: test=0.9722 gap=0.0357 | teacher=0.9722 (1s)
[wine] seed=13 beta=0.4 Distill-S: test=0.9722 gap=0.0357 | teacher=0.9722 (1s)
[wine] seed=13 beta=0.5 Distill-S: test=0.9444 gap=0.0357 | teacher=0.9722 (1s)
[wine] seed=13 beta=0.6 Distill-S: test=0.9444 gap=0.0357 | teacher=0.9722 (1s)
[wine] seed=13 beta=0.7 Distill-S: test=0.9444 gap=0.0357 | teacher=0.9722 (2s)
[wine] seed=13 beta=0.8 Distill-S: test=0.9167 gap=0.0357 | teacher=0.9722 (1s)
[wine] seed=14 beta=0.2 Distill-S: test=1.0000 gap=-0.0217 | teacher=1.0000 (1s)
[wine] seed=14 beta=0.3 Distill-S: test=0.9722 gap=-0.0125 | teacher=0.9722 (1s)
[wine] seed=14 beta=0.4 Distill-S: test=0.9444 gap=-0.0290 | teacher=0.9444 (2s)
[wine] seed=14 beta=0.5 Distill-S: test=0.9444 gap=0.0000 | teacher=0.9444 (2s)
[wine] seed=14 beta=0.6 Distill-S: test=1.0000 gap=0.0000 | teacher=0.9722 (2s)
[wine] seed=14 beta=0.7 Distill-S: test=0.9722 gap=0.0000 | teacher=0.9167 (2s)
[wine] seed=14 beta=0.8 Distill-S: test=1.0000 gap=0.0000 | teacher=0.9167 (1s)
[wine] seed=15 beta=0.2 Distill-S: test=1.0000 gap=0.0248 | teacher=0.9167 (1s)
[wine] seed=15 beta=0.3 Distill-S: test=0.9722 gap=0.0232 | teacher=0.9444 (1s)
[wine] seed=15 beta=0.4 Distill-S: test=1.0000 gap=0.0357 | teacher=0.9444 (1s)
[wine] seed=15 beta=0.5 Distill-S: test=0.9722 gap=0.0357 | teacher=1.0000 (1s)
[wine] seed=15 beta=0.6 Distill-S: test=0.9722 gap=0.0357 | teacher=1.0000 (2s)
[wine] seed=15 beta=0.7 Distill-S: test=0.9722 gap=0.0357 | teacher=1.0000 (2s)
[wine] seed=15 beta=0.8 Distill-S: test=0.9444 gap=0.0000 | teacher=1.0000 (1s)
[wine] seed=16 beta=0.2 Distill-S: test=0.9167 gap=0.0714 | teacher=0.8889 (1s)
[wine] seed=16 beta=0.3 Distill-S: test=1.0000 gap=0.0000 | teacher=0.9444 (2s)
[wine] seed=16 beta=0.4 Distill-S: test=1.0000 gap=0.0000 | teacher=0.9444 (1s)
[wine] seed=16 beta=0.5 Distill-S: test=1.0000 gap=0.0000 | teacher=1.0000 (1s)
[wine] seed=16 beta=0.6 Distill-S: test=1.0000 gap=0.0000 | teacher=1.0000 (2s)
[wine] seed=16 beta=0.7 Distill-S: test=1.0000 gap=0.0000 | teacher=1.0000 (1s)
[wine] seed=16 beta=0.8 Distill-S: test=0.9722 gap=0.0000 | teacher=1.0000 (1s)
[wine] seed=17 beta=0.2 Distill-S: test=0.9167 gap=0.0000 | teacher=0.9722 (3s)
[wine] seed=17 beta=0.3 Distill-S: test=0.9167 gap=0.0000 | teacher=0.9722 (4s)
[wine] seed=17 beta=0.4 Distill-S: test=0.9167 gap=0.0714 | teacher=0.9722 (1s)
[wine] seed=17 beta=0.5 Distill-S: test=0.9167 gap=0.0357 | teacher=0.9444 (2s)
[wine] seed=17 beta=0.6 Distill-S: test=0.9167 gap=0.0714 | teacher=0.9444 (2s)
[wine] seed=17 beta=0.7 Distill-S: test=0.9167 gap=0.0714 | teacher=0.9444 (2s)
[wine] seed=17 beta=0.8 Distill-S: test=0.8889 gap=0.1071 | teacher=0.9444 (1s)
[wine] seed=18 beta=0.2 Distill-S: test=1.0000 gap=0.0606 | teacher=0.9444 (1s)
[wine] seed=18 beta=0.3 Distill-S: test=1.0000 gap=0.0589 | teacher=0.9722 (1s)
[wine] seed=18 beta=0.4 Distill-S: test=0.9722 gap=0.0569 | teacher=0.9722 (1s)
[wine] seed=18 beta=0.5 Distill-S: test=0.9722 gap=0.0714 | teacher=0.9722 (1s)
[wine] seed=18 beta=0.6 Distill-S: test=0.9167 gap=0.0497 | teacher=0.9444 (0s)
[wine] seed=18 beta=0.7 Distill-S: test=0.9444 gap=0.0714 | teacher=0.9722 (1s)
[wine] seed=18 beta=0.8 Distill-S: test=0.9444 gap=0.0714 | teacher=0.9722 (1s)
[wine] seed=19 beta=0.2 Distill-S: test=0.9722 gap=0.0000 | teacher=0.8611 (1s)
[wine] seed=19 beta=0.3 Distill-S: test=1.0000 gap=0.0000 | teacher=0.9444 (1s)
[wine] seed=19 beta=0.4 Distill-S: test=1.0000 gap=0.0000 | teacher=0.9722 (1s)
[wine] seed=19 beta=0.5 Distill-S: test=1.0000 gap=0.0000 | teacher=0.9722 (2s)
[wine] seed=19 beta=0.6 Distill-S: test=1.0000 gap=0.0000 | teacher=0.9722 (2s)
[wine] seed=19 beta=0.7 Distill-S: test=1.0000 gap=0.0000 | teacher=0.9722 (2s)
[wine] seed=19 beta=0.8 Distill-S: test=0.9444 gap=0.0000 | teacher=0.9722 (1s)
[breastcancer] seed=0 Baseline-Half: val=0.9670 test=0.9825 gap=0.0440 (1s)
[breastcancer] seed=0 Baseline-LS: val=0.9780 test=0.9737 gap=0.0440 (1s)
[breastcancer] seed=0 Baseline-Full: val=0.9670 test=0.9912 gap=0.0275 (1s)
[breastcancer] seed=0 Distill-S a=0.0: val=0.9670 test=0.9737 gap=0.0275 | teacher=1.0000 agree_ov=nan agree_nov=0.978 (1s)
[breastcancer] seed=0 Distill-S a=0.2: val=0.9560 test=0.9737 gap=0.0330 | teacher=0.9825 agree_ov=0.917 agree_nov=0.973 (1s)
[breastcancer] seed=0 Distill-S a=0.4: val=0.9670 test=0.9737 gap=0.0495 | teacher=0.9737 agree_ov=0.958 agree_nov=0.973 (1s)
[breastcancer] seed=0 Distill-S a=0.6: val=0.9560 test=0.9737 gap=0.0330 | teacher=0.9474 agree_ov=0.963 agree_nov=0.986 (1s)
[breastcancer] seed=0 Distill-S a=0.8: val=0.9670 test=0.9737 gap=0.0440 | teacher=0.9474 agree_ov=0.979 agree_nov=0.973 (1s)
[breastcancer] seed=0 Distill-S a=1.0: val=0.9670 test=0.9825 gap=0.0440 | teacher=0.9474 agree_ov=0.984 agree_nov=nan (1s)
[breastcancer] seed=1 Baseline-Half: val=0.9560 test=0.9825 gap=0.0440 (1s)
[breastcancer] seed=1 Baseline-LS: val=0.9890 test=0.9825 gap=0.0110 (2s)
[breastcancer] seed=1 Baseline-Full: val=0.9780 test=0.9825 gap=0.0192 (1s)
[breastcancer] seed=1 Distill-S a=0.0: val=0.9780 test=0.9825 gap=0.0165 | teacher=0.9561 agree_ov=nan agree_nov=0.984 (1s)
[breastcancer] seed=1 Distill-S a=0.2: val=0.9560 test=0.9825 gap=0.0385 | teacher=0.9649 agree_ov=1.000 agree_nov=1.000 (1s)
[breastcancer] seed=1 Distill-S a=0.4: val=0.9670 test=0.9825 gap=0.0275 | teacher=0.9825 agree_ov=0.986 agree_nov=0.982 (1s)
[breastcancer] seed=1 Distill-S a=0.6: val=0.9560 test=0.9825 gap=0.0275 | teacher=0.9825 agree_ov=0.991 agree_nov=0.973 (1s)
[breastcancer] seed=1 Distill-S a=0.8: val=0.9560 test=0.9825 gap=0.0330 | teacher=0.9825 agree_ov=0.993 agree_nov=0.946 (1s)
[breastcancer] seed=1 Distill-S a=1.0: val=0.9560 test=0.9825 gap=0.0440 | teacher=0.9912 agree_ov=0.995 agree_nov=nan (1s)
[breastcancer] seed=2 Baseline-Half: val=0.9560 test=0.9649 gap=0.0549 (1s)
[breastcancer] seed=2 Baseline-LS: val=0.9560 test=0.9561 gap=0.0440 (2s)
[breastcancer] seed=2 Baseline-Full: val=0.9341 test=0.9649 gap=0.0659 (1s)
[breastcancer] seed=2 Distill-S a=0.0: val=0.9451 test=0.9561 gap=0.0549 | teacher=0.9912 agree_ov=nan agree_nov=0.995 (1s)
[breastcancer] seed=2 Distill-S a=0.2: val=0.9451 test=0.9561 gap=0.0549 | teacher=0.9912 agree_ov=1.000 agree_nov=0.986 (1s)
[breastcancer] seed=2 Distill-S a=0.4: val=0.9451 test=0.9649 gap=0.0549 | teacher=0.9912 agree_ov=1.000 agree_nov=0.964 (1s)
[breastcancer] seed=2 Distill-S a=0.6: val=0.9451 test=0.9649 gap=0.0549 | teacher=0.9912 agree_ov=1.000 agree_nov=1.000 (1s)
[breastcancer] seed=2 Distill-S a=0.8: val=0.9560 test=0.9649 gap=0.0549 | teacher=0.9561 agree_ov=1.000 agree_nov=0.946 (1s)
[breastcancer] seed=2 Distill-S a=1.0: val=0.9560 test=0.9649 gap=0.0549 | teacher=0.9649 agree_ov=1.000 agree_nov=nan (1s)
[breastcancer] seed=3 Baseline-Half: val=0.9670 test=0.9737 gap=0.0330 (1s)
[breastcancer] seed=3 Baseline-LS: val=0.9780 test=0.9737 gap=0.0440 (1s)
[breastcancer] seed=3 Baseline-Full: val=0.9670 test=0.9737 gap=0.0220 (1s)
[breastcancer] seed=3 Distill-S a=0.0: val=0.9780 test=0.9649 gap=0.0385 | teacher=0.9561 agree_ov=nan agree_nov=0.962 (1s)
[breastcancer] seed=3 Distill-S a=0.2: val=0.9670 test=0.9737 gap=0.0220 | teacher=0.9737 agree_ov=1.000 agree_nov=0.966 (1s)
[breastcancer] seed=3 Distill-S a=0.4: val=0.9670 test=0.9649 gap=0.0275 | teacher=0.9737 agree_ov=1.000 agree_nov=0.973 (1s)
[breastcancer] seed=3 Distill-S a=0.6: val=0.9670 test=0.9737 gap=0.0275 | teacher=0.9737 agree_ov=1.000 agree_nov=0.959 (1s)
[breastcancer] seed=3 Distill-S a=0.8: val=0.9560 test=0.9737 gap=0.0275 | teacher=0.9825 agree_ov=1.000 agree_nov=1.000 (1s)
[breastcancer] seed=3 Distill-S a=1.0: val=0.9670 test=0.9737 gap=0.0330 | teacher=0.9737 agree_ov=0.989 agree_nov=nan (1s)
[breastcancer] seed=4 Baseline-Half: val=0.9560 test=0.9561 gap=0.0659 (1s)
[breastcancer] seed=4 Baseline-LS: val=0.9560 test=0.9561 gap=0.0440 (1s)
[breastcancer] seed=4 Baseline-Full: val=0.9560 test=0.9737 gap=0.0440 (1s)
[breastcancer] seed=4 Distill-S a=0.0: val=0.9560 test=0.9561 gap=0.0330 | teacher=0.9737 agree_ov=nan agree_nov=0.989 (1s)
[breastcancer] seed=4 Distill-S a=0.2: val=0.9560 test=0.9561 gap=0.0385 | teacher=0.9649 agree_ov=1.000 agree_nov=0.993 (1s)
[breastcancer] seed=4 Distill-S a=0.4: val=0.9560 test=0.9561 gap=0.0385 | teacher=0.9737 agree_ov=1.000 agree_nov=0.982 (1s)
[breastcancer] seed=4 Distill-S a=0.6: val=0.9560 test=0.9649 gap=0.0549 | teacher=0.9737 agree_ov=0.991 agree_nov=1.000 (1s)
[breastcancer] seed=4 Distill-S a=0.8: val=0.9560 test=0.9737 gap=0.0549 | teacher=0.9737 agree_ov=0.993 agree_nov=1.000 (1s)
[breastcancer] seed=4 Distill-S a=1.0: val=0.9560 test=0.9561 gap=0.0659 | teacher=0.9649 agree_ov=0.995 agree_nov=nan (1s)
[breastcancer] seed=5 Baseline-Half: val=0.9890 test=0.9211 gap=0.0110 (1s)
[breastcancer] seed=5 Baseline-LS: val=1.0000 test=0.9561 gap=0.0110 (1s)
[breastcancer] seed=5 Baseline-Full: val=1.0000 test=0.9561 gap=0.0000 (7s)
[breastcancer] seed=5 Distill-S a=0.0: val=0.9780 test=0.9561 gap=0.0165 | teacher=0.9737 agree_ov=nan agree_nov=0.978 (2s)
[breastcancer] seed=5 Distill-S a=0.2: val=1.0000 test=0.9386 gap=-0.0055 | teacher=0.9474 agree_ov=1.000 agree_nov=0.979 (3s)
[breastcancer] seed=5 Distill-S a=0.4: val=0.9780 test=0.9386 gap=0.0220 | teacher=0.9561 agree_ov=1.000 agree_nov=0.973 (1s)
[breastcancer] seed=5 Distill-S a=0.6: val=1.0000 test=0.9386 gap=0.0000 | teacher=0.9649 agree_ov=1.000 agree_nov=0.973 (4s)
[breastcancer] seed=5 Distill-S a=0.8: val=0.9780 test=0.9211 gap=0.0220 | teacher=0.9561 agree_ov=1.000 agree_nov=1.000 (1s)
[breastcancer] seed=5 Distill-S a=1.0: val=0.9890 test=0.9123 gap=0.0110 | teacher=0.9561 agree_ov=1.000 agree_nov=nan (1s)
[breastcancer] seed=6 Baseline-Half: val=0.9670 test=0.9737 gap=0.0330 (1s)
[breastcancer] seed=6 Baseline-LS: val=0.9780 test=0.9474 gap=0.0220 (1s)
[breastcancer] seed=6 Baseline-Full: val=0.9670 test=1.0000 gap=0.0330 (1s)
[breastcancer] seed=6 Distill-S a=0.0: val=0.9451 test=0.9912 gap=0.0330 | teacher=0.9912 agree_ov=nan agree_nov=0.951 (1s)
[breastcancer] seed=6 Distill-S a=0.2: val=0.9560 test=0.9825 gap=0.0165 | teacher=1.0000 agree_ov=0.972 agree_nov=0.973 (1s)
[breastcancer] seed=6 Distill-S a=0.4: val=0.9670 test=0.9737 gap=0.0165 | teacher=1.0000 agree_ov=1.000 agree_nov=0.973 (1s)
[breastcancer] seed=6 Distill-S a=0.6: val=0.9670 test=0.9825 gap=0.0220 | teacher=0.9825 agree_ov=0.991 agree_nov=1.000 (1s)
[breastcancer] seed=6 Distill-S a=0.8: val=0.9670 test=0.9649 gap=0.0220 | teacher=0.9737 agree_ov=0.986 agree_nov=0.973 (1s)
[breastcancer] seed=6 Distill-S a=1.0: val=0.9670 test=0.9737 gap=0.0330 | teacher=0.9386 agree_ov=0.984 agree_nov=nan (1s)
[breastcancer] seed=7 Baseline-Half: val=0.9670 test=0.9825 gap=0.0330 (1s)
[breastcancer] seed=7 Baseline-LS: val=0.9670 test=0.9825 gap=0.0330 (1s)
[breastcancer] seed=7 Baseline-Full: val=0.9780 test=0.9825 gap=0.0192 (1s)
[breastcancer] seed=7 Distill-S a=0.0: val=0.9890 test=0.9825 gap=-0.0000 | teacher=0.9825 agree_ov=nan agree_nov=0.978 (2s)
[breastcancer] seed=7 Distill-S a=0.2: val=0.9560 test=0.9825 gap=0.0330 | teacher=0.9737 agree_ov=1.000 agree_nov=0.966 (1s)
[breastcancer] seed=7 Distill-S a=0.4: val=0.9780 test=0.9649 gap=0.0110 | teacher=0.9825 agree_ov=1.000 agree_nov=0.955 (3s)
[breastcancer] seed=7 Distill-S a=0.6: val=0.9560 test=0.9825 gap=0.0275 | teacher=0.9912 agree_ov=1.000 agree_nov=1.000 (1s)
[breastcancer] seed=7 Distill-S a=0.8: val=0.9560 test=0.9825 gap=0.0275 | teacher=0.9737 agree_ov=0.986 agree_nov=1.000 (1s)
[breastcancer] seed=7 Distill-S a=1.0: val=0.9670 test=0.9825 gap=0.0330 | teacher=0.9737 agree_ov=0.978 agree_nov=nan (1s)
[breastcancer] seed=8 Baseline-Half: val=0.9780 test=0.9825 gap=0.0220 (1s)
[breastcancer] seed=8 Baseline-LS: val=0.9560 test=0.9649 gap=0.0549 (1s)
[breastcancer] seed=8 Baseline-Full: val=0.9890 test=0.9649 gap=0.0110 (1s)
[breastcancer] seed=8 Distill-S a=0.0: val=0.9560 test=0.9737 gap=0.0549 | teacher=0.9737 agree_ov=nan agree_nov=0.995 (1s)
[breastcancer] seed=8 Distill-S a=0.2: val=0.9451 test=0.9737 gap=0.0495 | teacher=0.9737 agree_ov=1.000 agree_nov=0.979 (1s)
[breastcancer] seed=8 Distill-S a=0.4: val=1.0000 test=0.9825 gap=0.0000 | teacher=0.9737 agree_ov=1.000 agree_nov=0.991 (4s)
[breastcancer] seed=8 Distill-S a=0.6: val=0.9560 test=0.9825 gap=0.0440 | teacher=0.9474 agree_ov=1.000 agree_nov=0.973 (1s)
[breastcancer] seed=8 Distill-S a=0.8: val=0.9670 test=0.9825 gap=0.0330 | teacher=0.9737 agree_ov=1.000 agree_nov=0.973 (4s)
[breastcancer] seed=8 Distill-S a=1.0: val=0.9780 test=0.9825 gap=0.0220 | teacher=0.9737 agree_ov=1.000 agree_nov=nan (1s)
[breastcancer] seed=9 Baseline-Half: val=0.9780 test=0.9561 gap=0.0330 (1s)
[breastcancer] seed=9 Baseline-LS: val=0.9780 test=0.9298 gap=0.0220 (2s)
[breastcancer] seed=9 Baseline-Full: val=0.9780 test=0.9561 gap=0.0330 (1s)
[breastcancer] seed=9 Distill-S a=0.0: val=0.9780 test=0.9737 gap=0.0165 | teacher=0.9561 agree_ov=nan agree_nov=0.962 (1s)
[breastcancer] seed=9 Distill-S a=0.2: val=0.9780 test=0.9561 gap=0.0220 | teacher=0.9474 agree_ov=1.000 agree_nov=0.966 (1s)
[breastcancer] seed=9 Distill-S a=0.4: val=0.9670 test=0.9561 gap=0.0330 | teacher=0.9561 agree_ov=1.000 agree_nov=0.955 (1s)
[breastcancer] seed=9 Distill-S a=0.6: val=0.9780 test=0.9474 gap=0.0275 | teacher=0.9386 agree_ov=0.991 agree_nov=0.973 (1s)
[breastcancer] seed=9 Distill-S a=0.8: val=0.9780 test=0.9561 gap=0.0330 | teacher=0.9561 agree_ov=0.993 agree_nov=0.973 (1s)
[breastcancer] seed=9 Distill-S a=1.0: val=0.9780 test=0.9561 gap=0.0330 | teacher=0.9386 agree_ov=0.995 agree_nov=nan (1s)
[breastcancer] seed=10 Baseline-Half: val=0.9670 test=0.9649 gap=0.0440 (0s)
[breastcancer] seed=10 Baseline-LS: val=0.9670 test=0.9737 gap=0.0549 (0s)
[breastcancer] seed=10 Baseline-Full: val=0.9670 test=0.9649 gap=0.0220 (1s)
[breastcancer] seed=10 Distill-S a=0.0: val=0.9670 test=0.9649 gap=0.0440 | teacher=0.9474 agree_ov=nan agree_nov=0.984 (1s)
[breastcancer] seed=10 Distill-S a=0.2: val=0.9670 test=0.9649 gap=0.0440 | teacher=0.9474 agree_ov=1.000 agree_nov=0.993 (1s)
[breastcancer] seed=10 Distill-S a=0.4: val=0.9670 test=0.9649 gap=0.0440 | teacher=0.9474 agree_ov=1.000 agree_nov=1.000 (1s)
[breastcancer] seed=10 Distill-S a=0.6: val=0.9780 test=0.9649 gap=0.0330 | teacher=0.9474 agree_ov=1.000 agree_nov=1.000 (1s)
[breastcancer] seed=10 Distill-S a=0.8: val=0.9670 test=0.9649 gap=0.0440 | teacher=0.9474 agree_ov=1.000 agree_nov=1.000 (1s)
[breastcancer] seed=10 Distill-S a=1.0: val=0.9670 test=0.9649 gap=0.0440 | teacher=0.9474 agree_ov=1.000 agree_nov=nan (1s)
[breastcancer] seed=11 Baseline-Half: val=0.9780 test=0.9737 gap=0.0275 (1s)
[breastcancer] seed=11 Baseline-LS: val=0.9780 test=0.9561 gap=0.0220 (1s)
[breastcancer] seed=11 Baseline-Full: val=0.9780 test=0.9737 gap=0.0165 (1s)
[breastcancer] seed=11 Distill-S a=0.0: val=0.9890 test=0.9649 gap=0.0165 | teacher=0.9561 agree_ov=nan agree_nov=0.989 (1s)
[breastcancer] seed=11 Distill-S a=0.2: val=0.9890 test=0.9737 gap=0.0165 | teacher=0.9474 agree_ov=0.972 agree_nov=0.986 (1s)
[breastcancer] seed=11 Distill-S a=0.4: val=0.9780 test=0.9649 gap=0.0385 | teacher=0.9649 agree_ov=0.986 agree_nov=0.991 (1s)
[breastcancer] seed=11 Distill-S a=0.6: val=0.9780 test=0.9561 gap=0.0275 | teacher=0.9474 agree_ov=0.991 agree_nov=0.986 (1s)
[breastcancer] seed=11 Distill-S a=0.8: val=0.9780 test=0.9561 gap=0.0110 | teacher=0.9474 agree_ov=0.993 agree_nov=1.000 (1s)
[breastcancer] seed=11 Distill-S a=1.0: val=0.9780 test=0.9737 gap=0.0165 | teacher=0.9386 agree_ov=0.995 agree_nov=nan (1s)
[breastcancer] seed=12 Baseline-Half: val=0.9780 test=0.9737 gap=0.0110 (1s)
[breastcancer] seed=12 Baseline-LS: val=0.9670 test=0.9649 gap=0.0330 (4s)
[breastcancer] seed=12 Baseline-Full: val=1.0000 test=0.9912 gap=0.0220 (1s)
[breastcancer] seed=12 Distill-S a=0.0: val=1.0000 test=0.9737 gap=-0.0055 | teacher=0.9649 agree_ov=nan agree_nov=0.978 (2s)
[breastcancer] seed=12 Distill-S a=0.2: val=0.9890 test=0.9912 gap=-0.0000 | teacher=0.9561 agree_ov=1.000 agree_nov=0.993 (2s)
[breastcancer] seed=12 Distill-S a=0.4: val=0.9780 test=0.9737 gap=0.0220 | teacher=0.9737 agree_ov=0.958 agree_nov=1.000 (1s)
[breastcancer] seed=12 Distill-S a=0.6: val=0.9780 test=0.9737 gap=0.0220 | teacher=0.9737 agree_ov=0.972 agree_nov=1.000 (1s)
[breastcancer] seed=12 Distill-S a=0.8: val=0.9780 test=0.9737 gap=0.0110 | teacher=0.9649 agree_ov=0.979 agree_nov=1.000 (1s)
[breastcancer] seed=12 Distill-S a=1.0: val=0.9780 test=0.9737 gap=0.0110 | teacher=0.9825 agree_ov=0.984 agree_nov=nan (1s)
[breastcancer] seed=13 Baseline-Half: val=0.9890 test=1.0000 gap=0.0110 (1s)
[breastcancer] seed=13 Baseline-LS: val=0.9890 test=0.9912 gap=0.0110 (2s)
[breastcancer] seed=13 Baseline-Full: val=1.0000 test=0.9649 gap=0.0000 (3s)
[breastcancer] seed=13 Distill-S a=0.0: val=1.0000 test=0.9737 gap=0.0110 | teacher=0.9386 agree_ov=nan agree_nov=0.962 (3s)
[breastcancer] seed=13 Distill-S a=0.2: val=1.0000 test=0.9912 gap=0.0000 | teacher=0.9649 agree_ov=1.000 agree_nov=0.979 (4s)
[breastcancer] seed=13 Distill-S a=0.4: val=1.0000 test=0.9825 gap=0.0000 | teacher=0.9474 agree_ov=1.000 agree_nov=0.973 (2s)
[breastcancer] seed=13 Distill-S a=0.6: val=1.0000 test=0.9825 gap=0.0000 | teacher=0.9737 agree_ov=1.000 agree_nov=0.973 (4s)
[breastcancer] seed=13 Distill-S a=0.8: val=0.9890 test=1.0000 gap=0.0110 | teacher=0.9825 agree_ov=1.000 agree_nov=0.973 (1s)
[breastcancer] seed=13 Distill-S a=1.0: val=0.9890 test=1.0000 gap=0.0110 | teacher=0.9825 agree_ov=1.000 agree_nov=nan (1s)
[breastcancer] seed=14 Baseline-Half: val=0.9670 test=0.9561 gap=0.0220 (1s)
[breastcancer] seed=14 Baseline-LS: val=0.9780 test=0.9649 gap=0.0220 (1s)
[breastcancer] seed=14 Baseline-Full: val=0.9780 test=0.9737 gap=0.0192 (1s)
[breastcancer] seed=14 Distill-S a=0.0: val=0.9780 test=0.9649 gap=0.0110 | teacher=0.9825 agree_ov=nan agree_nov=0.973 (1s)
[breastcancer] seed=14 Distill-S a=0.2: val=0.9780 test=0.9649 gap=0.0165 | teacher=0.9737 agree_ov=1.000 agree_nov=0.979 (1s)
[breastcancer] seed=14 Distill-S a=0.4: val=0.9780 test=0.9649 gap=0.0165 | teacher=0.9825 agree_ov=1.000 agree_nov=0.964 (1s)
[breastcancer] seed=14 Distill-S a=0.6: val=0.9670 test=0.9561 gap=0.0165 | teacher=0.9649 agree_ov=0.991 agree_nov=0.945 (1s)
[breastcancer] seed=14 Distill-S a=0.8: val=0.9780 test=0.9561 gap=0.0165 | teacher=0.9649 agree_ov=0.993 agree_nov=1.000 (1s)
[breastcancer] seed=14 Distill-S a=1.0: val=0.9780 test=0.9561 gap=0.0165 | teacher=0.9561 agree_ov=0.995 agree_nov=nan (1s)
[breastcancer] seed=15 Baseline-Half: val=0.9560 test=0.9561 gap=0.0385 (0s)
[breastcancer] seed=15 Baseline-LS: val=0.9670 test=0.9561 gap=0.0385 (0s)
[breastcancer] seed=15 Baseline-Full: val=0.9780 test=0.9649 gap=0.0275 (1s)
[breastcancer] seed=15 Distill-S a=0.0: val=0.9780 test=0.9912 gap=0.0110 | teacher=0.9825 agree_ov=nan agree_nov=0.945 (1s)
[breastcancer] seed=15 Distill-S a=0.2: val=0.9560 test=0.9561 gap=0.0330 | teacher=0.9825 agree_ov=1.000 agree_nov=0.945 (1s)
[breastcancer] seed=15 Distill-S a=0.4: val=0.9780 test=0.9649 gap=0.0275 | teacher=0.9825 agree_ov=1.000 agree_nov=0.955 (1s)
[breastcancer] seed=15 Distill-S a=0.6: val=0.9670 test=0.9561 gap=0.0440 | teacher=0.9561 agree_ov=0.972 agree_nov=0.959 (1s)
[breastcancer] seed=15 Distill-S a=0.8: val=0.9560 test=0.9561 gap=0.0330 | teacher=0.9649 agree_ov=0.979 agree_nov=0.973 (1s)
[breastcancer] seed=15 Distill-S a=1.0: val=0.9560 test=0.9561 gap=0.0385 | teacher=0.9474 agree_ov=0.984 agree_nov=nan (1s)
[breastcancer] seed=16 Baseline-Half: val=1.0000 test=0.9474 gap=0.0000 (1s)
[breastcancer] seed=16 Baseline-LS: val=1.0000 test=0.9649 gap=0.0220 (1s)
[breastcancer] seed=16 Baseline-Full: val=0.9890 test=0.9561 gap=0.0110 (1s)
[breastcancer] seed=16 Distill-S a=0.0: val=1.0000 test=0.9561 gap=-0.0110 | teacher=0.9649 agree_ov=nan agree_nov=0.984 (2s)
[breastcancer] seed=16 Distill-S a=0.2: val=1.0000 test=0.9825 gap=-0.0110 | teacher=0.9737 agree_ov=1.000 agree_nov=0.993 (4s)
[breastcancer] seed=16 Distill-S a=0.4: val=0.9890 test=0.9561 gap=0.0055 | teacher=0.9474 agree_ov=1.000 agree_nov=0.982 (2s)
[breastcancer] seed=16 Distill-S a=0.6: val=1.0000 test=0.9561 gap=-0.0055 | teacher=0.9561 agree_ov=1.000 agree_nov=1.000 (2s)
[breastcancer] seed=16 Distill-S a=0.8: val=1.0000 test=0.9561 gap=0.0000 | teacher=0.9561 agree_ov=1.000 agree_nov=1.000 (4s)
[breastcancer] seed=16 Distill-S a=1.0: val=1.0000 test=0.9561 gap=0.0000 | teacher=0.9561 agree_ov=1.000 agree_nov=nan (4s)
[breastcancer] seed=17 Baseline-Half: val=0.9890 test=0.9561 gap=0.0110 (1s)
[breastcancer] seed=17 Baseline-LS: val=0.9890 test=0.9737 gap=0.0110 (1s)
[breastcancer] seed=17 Baseline-Full: val=0.9780 test=0.9737 gap=0.0192 (1s)
[breastcancer] seed=17 Distill-S a=0.0: val=0.9780 test=0.9737 gap=0.0165 | teacher=0.9825 agree_ov=nan agree_nov=0.967 (1s)
[breastcancer] seed=17 Distill-S a=0.2: val=0.9780 test=0.9737 gap=0.0165 | teacher=0.9649 agree_ov=1.000 agree_nov=0.986 (1s)
[breastcancer] seed=17 Distill-S a=0.4: val=0.9780 test=0.9649 gap=0.0110 | teacher=0.9825 agree_ov=1.000 agree_nov=1.000 (1s)
[breastcancer] seed=17 Distill-S a=0.6: val=0.9780 test=0.9649 gap=0.0220 | teacher=0.9737 agree_ov=1.000 agree_nov=1.000 (1s)
[breastcancer] seed=17 Distill-S a=0.8: val=0.9890 test=0.9649 gap=0.0110 | teacher=0.9649 agree_ov=1.000 agree_nov=1.000 (1s)
[breastcancer] seed=17 Distill-S a=1.0: val=0.9890 test=0.9561 gap=0.0110 | teacher=0.9649 agree_ov=0.995 agree_nov=nan (1s)
[breastcancer] seed=18 Baseline-Half: val=0.9670 test=0.9649 gap=0.0275 (1s)
[breastcancer] seed=18 Baseline-LS: val=0.9670 test=0.9649 gap=0.0549 (1s)
[breastcancer] seed=18 Baseline-Full: val=0.9780 test=0.9649 gap=0.0302 (1s)
[breastcancer] seed=18 Distill-S a=0.0: val=0.9780 test=0.9649 gap=0.0165 | teacher=0.9649 agree_ov=nan agree_nov=0.984 (1s)
[breastcancer] seed=18 Distill-S a=0.2: val=0.9670 test=0.9649 gap=0.0275 | teacher=0.9561 agree_ov=1.000 agree_nov=0.966 (1s)
[breastcancer] seed=18 Distill-S a=0.4: val=0.9670 test=0.9737 gap=0.0275 | teacher=0.9649 agree_ov=1.000 agree_nov=0.982 (1s)
[breastcancer] seed=18 Distill-S a=0.6: val=0.9670 test=0.9737 gap=0.0275 | teacher=0.9649 agree_ov=1.000 agree_nov=0.986 (1s)
[breastcancer] seed=18 Distill-S a=0.8: val=0.9670 test=0.9737 gap=0.0275 | teacher=0.9649 agree_ov=0.993 agree_nov=1.000 (1s)
[breastcancer] seed=18 Distill-S a=1.0: val=0.9670 test=0.9737 gap=0.0330 | teacher=0.9649 agree_ov=0.995 agree_nov=nan (1s)
[breastcancer] seed=19 Baseline-Half: val=0.9890 test=0.9649 gap=0.0110 (1s)
[breastcancer] seed=19 Baseline-LS: val=0.9890 test=0.9561 gap=0.0220 (1s)
[breastcancer] seed=19 Baseline-Full: val=0.9890 test=0.9649 gap=0.0082 (1s)
[breastcancer] seed=19 Distill-S a=0.0: val=0.9890 test=0.9649 gap=0.0275 | teacher=0.9561 agree_ov=nan agree_nov=0.984 (1s)
[breastcancer] seed=19 Distill-S a=0.2: val=0.9890 test=0.9649 gap=-0.0000 | teacher=0.9649 agree_ov=1.000 agree_nov=0.979 (1s)
[breastcancer] seed=19 Distill-S a=0.4: val=0.9890 test=0.9649 gap=-0.0000 | teacher=0.9649 agree_ov=1.000 agree_nov=1.000 (1s)
[breastcancer] seed=19 Distill-S a=0.6: val=0.9890 test=0.9737 gap=-0.0000 | teacher=0.9737 agree_ov=0.991 agree_nov=0.973 (1s)
[breastcancer] seed=19 Distill-S a=0.8: val=0.9890 test=0.9649 gap=0.0055 | teacher=0.9649 agree_ov=0.986 agree_nov=1.000 (1s)
[breastcancer] seed=19 Distill-S a=1.0: val=0.9890 test=0.9649 gap=0.0110 | teacher=0.9649 agree_ov=0.989 agree_nov=nan (1s)
[breastcancer] seed=0 beta=0.2 Distill-S: test=0.9912 gap=0.0117 | teacher=0.9737 (2s)
[breastcancer] seed=0 beta=0.3 Distill-S: test=0.9912 gap=0.0322 | teacher=0.9737 (1s)
[breastcancer] seed=0 beta=0.4 Distill-S: test=0.9912 gap=0.0303 | teacher=1.0000 (1s)
[breastcancer] seed=0 beta=0.5 Distill-S: test=0.9737 gap=0.0275 | teacher=1.0000 (1s)
[breastcancer] seed=0 beta=0.6 Distill-S: test=0.9737 gap=0.0591 | teacher=0.9825 (1s)
[breastcancer] seed=0 beta=0.7 Distill-S: test=0.9737 gap=0.0239 | teacher=0.9825 (1s)
[breastcancer] seed=0 beta=0.8 Distill-S: test=0.9737 gap=0.0440 | teacher=0.9737 (1s)
[breastcancer] seed=1 beta=0.2 Distill-S: test=0.9825 gap=-0.0020 | teacher=0.9561 (1s)
[breastcancer] seed=1 beta=0.3 Distill-S: test=0.9737 gap=-0.0008 | teacher=0.9561 (1s)
[breastcancer] seed=1 beta=0.4 Distill-S: test=0.9737 gap=0.0019 | teacher=0.9649 (2s)
[breastcancer] seed=1 beta=0.5 Distill-S: test=0.9825 gap=0.0165 | teacher=0.9561 (1s)
[breastcancer] seed=1 beta=0.6 Distill-S: test=0.9825 gap=0.0261 | teacher=0.9561 (1s)
[breastcancer] seed=1 beta=0.7 Distill-S: test=0.9912 gap=0.0330 | teacher=0.9649 (1s)
[breastcancer] seed=1 beta=0.8 Distill-S: test=0.9825 gap=0.0330 | teacher=0.9649 (1s)
[breastcancer] seed=2 beta=0.2 Distill-S: test=0.9649 gap=0.0371 | teacher=0.9386 (1s)
[breastcancer] seed=2 beta=0.3 Distill-S: test=0.9561 gap=0.0542 | teacher=0.9474 (1s)
[breastcancer] seed=2 beta=0.4 Distill-S: test=0.9737 gap=0.0504 | teacher=0.9561 (1s)
[breastcancer] seed=2 beta=0.5 Distill-S: test=0.9561 gap=0.0549 | teacher=0.9912 (1s)
[breastcancer] seed=2 beta=0.6 Distill-S: test=0.9474 gap=0.0440 | teacher=0.9912 (1s)
[breastcancer] seed=2 beta=0.7 Distill-S: test=0.9561 gap=0.0549 | teacher=1.0000 (1s)
[breastcancer] seed=2 beta=0.8 Distill-S: test=0.9561 gap=0.0659 | teacher=0.9912 (1s)
[breastcancer] seed=3 beta=0.2 Distill-S: test=0.9474 gap=0.0344 | teacher=0.9298 (1s)
[breastcancer] seed=3 beta=0.3 Distill-S: test=0.9649 gap=0.0471 | teacher=0.9474 (1s)
[breastcancer] seed=3 beta=0.4 Distill-S: test=0.9737 gap=0.0412 | teacher=0.9561 (1s)
[breastcancer] seed=3 beta=0.5 Distill-S: test=0.9649 gap=0.0385 | teacher=0.9561 (1s)
[breastcancer] seed=3 beta=0.6 Distill-S: test=0.9737 gap=0.0151 | teacher=0.9561 (1s)
[breastcancer] seed=3 beta=0.7 Distill-S: test=0.9649 gap=0.0220 | teacher=0.9737 (1s)
[breastcancer] seed=3 beta=0.8 Distill-S: test=0.9649 gap=0.0220 | teacher=0.9737 (1s)
[breastcancer] seed=4 beta=0.2 Distill-S: test=0.9298 gap=0.0515 | teacher=0.9211 (1s)
[breastcancer] seed=4 beta=0.3 Distill-S: test=0.9649 gap=0.0400 | teacher=0.9386 (1s)
[breastcancer] seed=4 beta=0.4 Distill-S: test=0.9561 gap=0.0458 | teacher=0.9737 (1s)
[breastcancer] seed=4 beta=0.5 Distill-S: test=0.9561 gap=0.0330 | teacher=0.9737 (1s)
[breastcancer] seed=4 beta=0.6 Distill-S: test=0.9474 gap=0.0303 | teacher=0.9737 (1s)
[breastcancer] seed=4 beta=0.7 Distill-S: test=0.9561 gap=0.0478 | teacher=0.9737 (1s)
[breastcancer] seed=4 beta=0.8 Distill-S: test=0.9386 gap=0.1209 | teacher=0.9737 (0s)
[breastcancer] seed=5 beta=0.2 Distill-S: test=0.9561 gap=-0.0068 | teacher=0.9561 (2s)
[breastcancer] seed=5 beta=0.3 Distill-S: test=0.9649 gap=0.0031 | teacher=0.9561 (2s)
[breastcancer] seed=5 beta=0.4 Distill-S: test=0.9649 gap=0.0064 | teacher=0.9649 (5s)
[breastcancer] seed=5 beta=0.5 Distill-S: test=0.9561 gap=0.0165 | teacher=0.9737 (2s)
[breastcancer] seed=5 beta=0.6 Distill-S: test=0.9474 gap=0.0261 | teacher=0.9737 (1s)
[breastcancer] seed=5 beta=0.7 Distill-S: test=0.9386 gap=0.0239 | teacher=0.9649 (1s)
[breastcancer] seed=5 beta=0.8 Distill-S: test=0.9474 gap=0.0440 | teacher=0.9737 (1s)
[breastcancer] seed=6 beta=0.2 Distill-S: test=1.0000 gap=0.0310 | teacher=0.9737 (1s)
[breastcancer] seed=6 beta=0.3 Distill-S: test=1.0000 gap=0.0314 | teacher=0.9912 (1s)
[breastcancer] seed=6 beta=0.4 Distill-S: test=1.0000 gap=0.0257 | teacher=0.9912 (1s)
[breastcancer] seed=6 beta=0.5 Distill-S: test=0.9912 gap=0.0330 | teacher=0.9912 (1s)
[breastcancer] seed=6 beta=0.6 Distill-S: test=0.9825 gap=0.0344 | teacher=1.0000 (1s)
[breastcancer] seed=6 beta=0.7 Distill-S: test=0.9825 gap=0.0057 | teacher=1.0000 (1s)
[breastcancer] seed=6 beta=0.8 Distill-S: test=0.9737 gap=0.0056 | teacher=0.9912 (1s)
[breastcancer] seed=7 beta=0.2 Distill-S: test=0.9825 gap=0.0227 | teacher=0.9474 (1s)
[breastcancer] seed=7 beta=0.3 Distill-S: test=0.9825 gap=0.0102 | teacher=0.9649 (1s)
[breastcancer] seed=7 beta=0.4 Distill-S: test=0.9825 gap=-0.0027 | teacher=0.9825 (1s)
[breastcancer] seed=7 beta=0.5 Distill-S: test=0.9825 gap=-0.0000 | teacher=0.9825 (2s)
[breastcancer] seed=7 beta=0.6 Distill-S: test=0.9825 gap=-0.0027 | teacher=0.9825 (1s)
[breastcancer] seed=7 beta=0.7 Distill-S: test=0.9825 gap=-0.0072 | teacher=0.9825 (1s)
[breastcancer] seed=7 beta=0.8 Distill-S: test=0.9825 gap=-0.0274 | teacher=0.9825 (1s)
[breastcancer] seed=8 beta=0.2 Distill-S: test=0.9649 gap=-0.0103 | teacher=0.9386 (2s)
[breastcancer] seed=8 beta=0.3 Distill-S: test=0.9561 gap=-0.0078 | teacher=0.9649 (3s)
[breastcancer] seed=8 beta=0.4 Distill-S: test=0.9737 gap=-0.0046 | teacher=0.9737 (3s)
[breastcancer] seed=8 beta=0.5 Distill-S: test=0.9737 gap=0.0549 | teacher=0.9737 (1s)
[breastcancer] seed=8 beta=0.6 Distill-S: test=0.9737 gap=0.0220 | teacher=0.9737 (4s)
[breastcancer] seed=8 beta=0.7 Distill-S: test=0.9737 gap=0.0440 | teacher=0.9825 (1s)
[breastcancer] seed=8 beta=0.8 Distill-S: test=0.9649 gap=0.0440 | teacher=0.9825 (1s)
[breastcancer] seed=9 beta=0.2 Distill-S: test=0.9561 gap=0.0186 | teacher=0.9737 (1s)
[breastcancer] seed=9 beta=0.3 Distill-S: test=0.9649 gap=0.0181 | teacher=0.9561 (2s)
[breastcancer] seed=9 beta=0.4 Distill-S: test=0.9737 gap=0.0174 | teacher=0.9561 (1s)
[breastcancer] seed=9 beta=0.5 Distill-S: test=0.9737 gap=0.0165 | teacher=0.9561 (1s)
[breastcancer] seed=9 beta=0.6 Distill-S: test=0.9737 gap=0.0261 | teacher=0.9474 (1s)
[breastcancer] seed=9 beta=0.7 Distill-S: test=0.9561 gap=0.0678 | teacher=0.9737 (1s)
[breastcancer] seed=9 beta=0.8 Distill-S: test=0.9386 gap=0.0879 | teacher=0.9649 (1s)
[breastcancer] seed=10 beta=0.2 Distill-S: test=0.9474 gap=0.0557 | teacher=0.9123 (1s)
[breastcancer] seed=10 beta=0.3 Distill-S: test=0.9649 gap=0.0510 | teacher=0.9123 (1s)
[breastcancer] seed=10 beta=0.4 Distill-S: test=0.9561 gap=0.0504 | teacher=0.9386 (1s)
[breastcancer] seed=10 beta=0.5 Distill-S: test=0.9649 gap=0.0440 | teacher=0.9474 (1s)
[breastcancer] seed=10 beta=0.6 Distill-S: test=0.9737 gap=0.0220 | teacher=0.9474 (1s)
[breastcancer] seed=10 beta=0.7 Distill-S: test=0.9561 gap=0.0330 | teacher=0.9474 (1s)
[breastcancer] seed=10 beta=0.8 Distill-S: test=0.9474 gap=0.0440 | teacher=0.9474 (1s)
[breastcancer] seed=11 beta=0.2 Distill-S: test=0.9737 gap=0.0261 | teacher=0.9474 (1s)
[breastcancer] seed=11 beta=0.3 Distill-S: test=0.9737 gap=0.0361 | teacher=0.9649 (1s)
[breastcancer] seed=11 beta=0.4 Distill-S: test=0.9737 gap=0.0284 | teacher=0.9386 (1s)
[breastcancer] seed=11 beta=0.5 Distill-S: test=0.9649 gap=0.0165 | teacher=0.9561 (1s)
[breastcancer] seed=11 beta=0.6 Distill-S: test=0.9649 gap=0.0220 | teacher=0.9386 (1s)
[breastcancer] seed=11 beta=0.7 Distill-S: test=0.9474 gap=0.0220 | teacher=0.9386 (1s)
[breastcancer] seed=11 beta=0.8 Distill-S: test=0.9561 gap=0.0220 | teacher=0.9386 (1s)
[breastcancer] seed=12 beta=0.2 Distill-S: test=0.9737 gap=0.0124 | teacher=0.9474 (1s)
[breastcancer] seed=12 beta=0.3 Distill-S: test=0.9737 gap=-0.0047 | teacher=0.9386 (1s)
[breastcancer] seed=12 beta=0.4 Distill-S: test=0.9737 gap=0.0064 | teacher=0.9649 (2s)
[breastcancer] seed=12 beta=0.5 Distill-S: test=0.9737 gap=-0.0055 | teacher=0.9649 (2s)
[breastcancer] seed=12 beta=0.6 Distill-S: test=0.9737 gap=0.0110 | teacher=0.9649 (4s)
[breastcancer] seed=12 beta=0.7 Distill-S: test=0.9737 gap=0.0019 | teacher=0.9737 (4s)
[breastcancer] seed=12 beta=0.8 Distill-S: test=0.9737 gap=0.0220 | teacher=0.9825 (2s)
[breastcancer] seed=13 beta=0.2 Distill-S: test=0.9561 gap=-0.0027 | teacher=0.9474 (3s)
[breastcancer] seed=13 beta=0.3 Distill-S: test=0.9737 gap=-0.0008 | teacher=0.9561 (3s)
[breastcancer] seed=13 beta=0.4 Distill-S: test=0.9561 gap=-0.0027 | teacher=0.9561 (3s)
[breastcancer] seed=13 beta=0.5 Distill-S: test=0.9737 gap=0.0110 | teacher=0.9386 (4s)
[breastcancer] seed=13 beta=0.6 Distill-S: test=1.0000 gap=0.0041 | teacher=0.9737 (1s)
[breastcancer] seed=13 beta=0.7 Distill-S: test=1.0000 gap=0.0019 | teacher=0.9561 (1s)
[breastcancer] seed=13 beta=0.8 Distill-S: test=0.9825 gap=0.0220 | teacher=0.9474 (3s)
[breastcancer] seed=14 beta=0.2 Distill-S: test=0.9912 gap=0.0117 | teacher=0.9825 (2s)
[breastcancer] seed=14 beta=0.3 Distill-S: test=0.9825 gap=0.0141 | teacher=0.9825 (2s)
[breastcancer] seed=14 beta=0.4 Distill-S: test=0.9649 gap=0.0128 | teacher=0.9737 (2s)
[breastcancer] seed=14 beta=0.5 Distill-S: test=0.9649 gap=0.0110 | teacher=0.9825 (1s)
[breastcancer] seed=14 beta=0.6 Distill-S: test=0.9649 gap=0.0151 | teacher=0.9737 (1s)
[breastcancer] seed=14 beta=0.7 Distill-S: test=0.9649 gap=0.0129 | teacher=0.9737 (1s)
[breastcancer] seed=14 beta=0.8 Distill-S: test=0.9649 gap=0.0330 | teacher=0.9649 (1s)
[breastcancer] seed=15 beta=0.2 Distill-S: test=0.9737 gap=0.0056 | teacher=0.9298 (1s)
[breastcancer] seed=15 beta=0.3 Distill-S: test=0.9825 gap=0.0063 | teacher=0.9561 (1s)
[breastcancer] seed=15 beta=0.4 Distill-S: test=0.9912 gap=0.0238 | teacher=0.9737 (1s)
[breastcancer] seed=15 beta=0.5 Distill-S: test=0.9912 gap=0.0110 | teacher=0.9825 (1s)
[breastcancer] seed=15 beta=0.6 Distill-S: test=0.9737 gap=0.0056 | teacher=0.9737 (1s)
[breastcancer] seed=15 beta=0.7 Distill-S: test=0.9825 gap=0.0258 | teacher=0.9825 (1s)
[breastcancer] seed=15 beta=0.8 Distill-S: test=0.9737 gap=0.0083 | teacher=0.9825 (1s)
[breastcancer] seed=16 beta=0.2 Distill-S: test=0.9561 gap=0.0227 | teacher=0.9298 (3s)
[breastcancer] seed=16 beta=0.3 Distill-S: test=0.9561 gap=0.0102 | teacher=0.9211 (2s)
[breastcancer] seed=16 beta=0.4 Distill-S: test=0.9649 gap=-0.0091 | teacher=0.9649 (3s)
[breastcancer] seed=16 beta=0.5 Distill-S: test=0.9561 gap=-0.0110 | teacher=0.9649 (3s)
[breastcancer] seed=16 beta=0.6 Distill-S: test=0.9561 gap=-0.0068 | teacher=0.9649 (3s)
[breastcancer] seed=16 beta=0.7 Distill-S: test=0.9561 gap=0.0019 | teacher=0.9561 (2s)
[breastcancer] seed=16 beta=0.8 Distill-S: test=0.9561 gap=-0.0027 | teacher=0.9561 (3s)
[breastcancer] seed=17 beta=0.2 Distill-S: test=0.9737 gap=0.0117 | teacher=0.9561 (1s)
[breastcancer] seed=17 beta=0.3 Distill-S: test=0.9737 gap=0.0102 | teacher=0.9649 (2s)
[breastcancer] seed=17 beta=0.4 Distill-S: test=0.9737 gap=0.0128 | teacher=0.9649 (1s)
[breastcancer] seed=17 beta=0.5 Distill-S: test=0.9737 gap=0.0165 | teacher=0.9825 (1s)
[breastcancer] seed=17 beta=0.6 Distill-S: test=0.9737 gap=0.0220 | teacher=0.9825 (1s)
[breastcancer] seed=17 beta=0.7 Distill-S: test=0.9737 gap=0.0129 | teacher=0.9737 (2s)
[breastcancer] seed=17 beta=0.8 Distill-S: test=0.9737 gap=0.0220 | teacher=0.9912 (1s)
[breastcancer] seed=18 beta=0.2 Distill-S: test=0.9737 gap=0.0186 | teacher=0.9649 (2s)
[breastcancer] seed=18 beta=0.3 Distill-S: test=0.9649 gap=0.0071 | teacher=0.9737 (2s)
[breastcancer] seed=18 beta=0.4 Distill-S: test=0.9649 gap=0.0174 | teacher=0.9649 (1s)
[breastcancer] seed=18 beta=0.5 Distill-S: test=0.9649 gap=0.0165 | teacher=0.9649 (1s)
[breastcancer] seed=18 beta=0.6 Distill-S: test=0.9649 gap=0.0151 | teacher=0.9649 (1s)
[breastcancer] seed=18 beta=0.7 Distill-S: test=0.9649 gap=0.0129 | teacher=0.9649 (1s)
[breastcancer] seed=18 beta=0.8 Distill-S: test=0.9737 gap=0.0193 | teacher=0.9649 (1s)
[breastcancer] seed=19 beta=0.2 Distill-S: test=0.9737 gap=0.0083 | teacher=0.9649 (2s)
[breastcancer] seed=19 beta=0.3 Distill-S: test=0.9649 gap=0.0102 | teacher=0.9474 (1s)
[breastcancer] seed=19 beta=0.4 Distill-S: test=0.9649 gap=0.0193 | teacher=0.9561 (1s)
[breastcancer] seed=19 beta=0.5 Distill-S: test=0.9649 gap=0.0275 | teacher=0.9561 (1s)
[breastcancer] seed=19 beta=0.6 Distill-S: test=0.9649 gap=0.0083 | teacher=0.9649 (1s)
[breastcancer] seed=19 beta=0.7 Distill-S: test=0.9649 gap=0.0038 | teacher=0.9649 (1s)
[breastcancer] seed=19 beta=0.8 Distill-S: test=0.9649 gap=0.0440 | teacher=0.9737 (1s)
[digits] seed=0 Baseline-Half: val=0.9721 test=0.9583 gap=0.0279 (4s)
[digits] seed=0 Baseline-LS: val=0.9791 test=0.9694 gap=0.0174 (6s)
[digits] seed=0 Baseline-Full: val=0.9861 test=0.9722 gap=0.0174 (4s)
[digits] seed=0 Distill-S a=0.0: val=0.9686 test=0.9639 gap=0.0157 | teacher=0.9472 agree_ov=nan agree_nov=0.944 (7s)
[digits] seed=0 Distill-S a=0.2: val=0.9652 test=0.9667 gap=0.0244 | teacher=0.9667 agree_ov=1.000 agree_nov=0.965 (8s)
[digits] seed=0 Distill-S a=0.4: val=0.9756 test=0.9667 gap=0.0227 | teacher=0.9667 agree_ov=1.000 agree_nov=0.971 (6s)
[digits] seed=0 Distill-S a=0.6: val=0.9756 test=0.9667 gap=0.0227 | teacher=0.9556 agree_ov=1.000 agree_nov=0.974 (9s)
[digits] seed=0 Distill-S a=0.8: val=0.9721 test=0.9583 gap=0.0261 | teacher=0.9556 agree_ov=1.000 agree_nov=0.965 (7s)
[digits] seed=0 Distill-S a=1.0: val=0.9721 test=0.9694 gap=0.0279 | teacher=0.9583 agree_ov=1.000 agree_nov=nan (13s)
[digits] seed=1 Baseline-Half: val=0.9756 test=0.9472 gap=0.0244 (3s)
[digits] seed=1 Baseline-LS: val=0.9826 test=0.9583 gap=0.0174 (3s)
[digits] seed=1 Baseline-Full: val=0.9861 test=0.9667 gap=0.0139 (5s)
[digits] seed=1 Distill-S a=0.0: val=0.9756 test=0.9444 gap=0.0192 | teacher=0.9472 agree_ov=nan agree_nov=0.957 (7s)
[digits] seed=1 Distill-S a=0.2: val=0.9686 test=0.9472 gap=0.0279 | teacher=0.9528 agree_ov=1.000 agree_nov=0.965 (7s)
[digits] seed=1 Distill-S a=0.4: val=0.9686 test=0.9472 gap=0.0279 | teacher=0.9583 agree_ov=1.000 agree_nov=0.942 (5s)
[digits] seed=1 Distill-S a=0.6: val=0.9721 test=0.9556 gap=0.0279 | teacher=0.9611 agree_ov=1.000 agree_nov=0.978 (9s)
[digits] seed=1 Distill-S a=0.8: val=0.9826 test=0.9583 gap=0.0139 | teacher=0.9611 agree_ov=1.000 agree_nov=0.974 (7s)
[digits] seed=1 Distill-S a=1.0: val=0.9756 test=0.9472 gap=0.0244 | teacher=0.9500 agree_ov=1.000 agree_nov=nan (14s)
[digits] seed=2 Baseline-Half: val=0.9617 test=0.9500 gap=0.0383 (3s)
[digits] seed=2 Baseline-LS: val=0.9721 test=0.9694 gap=0.0209 (6s)
[digits] seed=2 Baseline-Full: val=0.9652 test=0.9778 gap=0.0314 (5s)
[digits] seed=2 Distill-S a=0.0: val=0.9547 test=0.9722 gap=0.0453 | teacher=0.9750 agree_ov=nan agree_nov=0.943 (7s)
[digits] seed=2 Distill-S a=0.2: val=0.9547 test=0.9583 gap=0.0436 | teacher=0.9778 agree_ov=1.000 agree_nov=0.935 (6s)
[digits] seed=2 Distill-S a=0.4: val=0.9582 test=0.9722 gap=0.0331 | teacher=0.9861 agree_ov=1.000 agree_nov=0.959 (14s)
[digits] seed=2 Distill-S a=0.6: val=0.9617 test=0.9611 gap=0.0401 | teacher=0.9722 agree_ov=1.000 agree_nov=0.952 (8s)
[digits] seed=2 Distill-S a=0.8: val=0.9617 test=0.9611 gap=0.0348 | teacher=0.9722 agree_ov=1.000 agree_nov=0.948 (7s)
[digits] seed=2 Distill-S a=1.0: val=0.9582 test=0.9528 gap=0.0418 | teacher=0.9583 agree_ov=1.000 agree_nov=nan (6s)
[digits] seed=3 Baseline-Half: val=0.9443 test=0.9611 gap=0.0523 (3s)
[digits] seed=3 Baseline-LS: val=0.9721 test=0.9694 gap=0.0244 (10s)
[digits] seed=3 Baseline-Full: val=0.9791 test=0.9722 gap=0.0209 (6s)
[digits] seed=3 Distill-S a=0.0: val=0.9617 test=0.9639 gap=0.0314 | teacher=0.9583 agree_ov=nan agree_nov=0.960 (10s)
[digits] seed=3 Distill-S a=0.2: val=0.9443 test=0.9528 gap=0.0523 | teacher=0.9500 agree_ov=1.000 agree_nov=0.967 (3s)
[digits] seed=3 Distill-S a=0.4: val=0.9443 test=0.9556 gap=0.0592 | teacher=0.9611 agree_ov=1.000 agree_nov=0.971 (3s)
[digits] seed=3 Distill-S a=0.6: val=0.9477 test=0.9556 gap=0.0523 | teacher=0.9611 agree_ov=1.000 agree_nov=0.961 (5s)
[digits] seed=3 Distill-S a=0.8: val=0.9477 test=0.9556 gap=0.0453 | teacher=0.9611 agree_ov=1.000 agree_nov=0.957 (13s)
[digits] seed=3 Distill-S a=1.0: val=0.9443 test=0.9583 gap=0.0557 | teacher=0.9694 agree_ov=1.000 agree_nov=nan (4s)
[digits] seed=4 Baseline-Half: val=0.9791 test=0.9500 gap=0.0209 (4s)
[digits] seed=4 Baseline-LS: val=0.9826 test=0.9639 gap=0.0105 (5s)
[digits] seed=4 Baseline-Full: val=0.9791 test=0.9639 gap=0.0209 (20s)
[digits] seed=4 Distill-S a=0.0: val=0.9756 test=0.9528 gap=0.0227 | teacher=0.9472 agree_ov=nan agree_nov=0.969 (11s)
[digits] seed=4 Distill-S a=0.2: val=0.9686 test=0.9444 gap=0.0366 | teacher=0.9417 agree_ov=1.000 agree_nov=0.980 (3s)
[digits] seed=4 Distill-S a=0.4: val=0.9791 test=0.9528 gap=0.0244 | teacher=0.9583 agree_ov=1.000 agree_nov=0.971 (12s)
[digits] seed=4 Distill-S a=0.6: val=0.9826 test=0.9500 gap=0.0192 | teacher=0.9389 agree_ov=1.000 agree_nov=0.970 (7s)
[digits] seed=4 Distill-S a=0.8: val=0.9756 test=0.9472 gap=0.0244 | teacher=0.9472 agree_ov=1.000 agree_nov=0.965 (3s)
[digits] seed=4 Distill-S a=1.0: val=0.9826 test=0.9500 gap=0.0174 | teacher=0.9444 agree_ov=1.000 agree_nov=nan (13s)
[digits] seed=5 Baseline-Half: val=0.9686 test=0.9306 gap=0.0314 (4s)
[digits] seed=5 Baseline-LS: val=0.9721 test=0.9444 gap=0.0279 (4s)
[digits] seed=5 Baseline-Full: val=0.9721 test=0.9694 gap=0.0244 (4s)
[digits] seed=5 Distill-S a=0.0: val=0.9686 test=0.9389 gap=0.0279 | teacher=0.9694 agree_ov=nan agree_nov=0.969 (5s)
[digits] seed=5 Distill-S a=0.2: val=0.9582 test=0.9389 gap=0.0418 | teacher=0.9639 agree_ov=1.000 agree_nov=0.952 (4s)
[digits] seed=5 Distill-S a=0.4: val=0.9721 test=0.9333 gap=0.0279 | teacher=0.9444 agree_ov=1.000 agree_nov=0.974 (4s)
[digits] seed=5 Distill-S a=0.6: val=0.9721 test=0.9222 gap=0.0261 | teacher=0.9528 agree_ov=1.000 agree_nov=0.983 (5s)
[digits] seed=5 Distill-S a=0.8: val=0.9652 test=0.9306 gap=0.0366 | teacher=0.9500 agree_ov=1.000 agree_nov=0.983 (5s)
[digits] seed=5 Distill-S a=1.0: val=0.9686 test=0.9333 gap=0.0314 | teacher=0.9333 agree_ov=1.000 agree_nov=nan (5s)
[digits] seed=6 Baseline-Half: val=0.9408 test=0.9472 gap=0.0592 (3s)
[digits] seed=6 Baseline-LS: val=0.9547 test=0.9639 gap=0.0418 (5s)
[digits] seed=6 Baseline-Full: val=0.9791 test=0.9556 gap=0.0209 (5s)
[digits] seed=6 Distill-S a=0.0: val=0.9512 test=0.9472 gap=0.0523 | teacher=0.9389 agree_ov=nan agree_nov=0.974 (6s)
[digits] seed=6 Distill-S a=0.2: val=0.9617 test=0.9444 gap=0.0383 | teacher=0.9472 agree_ov=1.000 agree_nov=0.983 (11s)
[digits] seed=6 Distill-S a=0.4: val=0.9652 test=0.9472 gap=0.0261 | teacher=0.9333 agree_ov=1.000 agree_nov=0.968 (10s)
[digits] seed=6 Distill-S a=0.6: val=0.9652 test=0.9583 gap=0.0261 | teacher=0.9389 agree_ov=1.000 agree_nov=0.983 (8s)
[digits] seed=6 Distill-S a=0.8: val=0.9408 test=0.9444 gap=0.0540 | teacher=0.9444 agree_ov=1.000 agree_nov=0.983 (3s)
[digits] seed=6 Distill-S a=1.0: val=0.9408 test=0.9444 gap=0.0592 | teacher=0.9417 agree_ov=1.000 agree_nov=nan (3s)
[digits] seed=7 Baseline-Half: val=0.9512 test=0.9500 gap=0.0523 (2s)
[digits] seed=7 Baseline-LS: val=0.9791 test=0.9722 gap=0.0209 (6s)
[digits] seed=7 Baseline-Full: val=0.9791 test=0.9667 gap=0.0244 (7s)
[digits] seed=7 Distill-S a=0.0: val=0.9721 test=0.9611 gap=0.0261 | teacher=0.9472 agree_ov=nan agree_nov=0.972 (6s)
[digits] seed=7 Distill-S a=0.2: val=0.9721 test=0.9611 gap=0.0244 | teacher=0.9528 agree_ov=1.000 agree_nov=0.972 (9s)
[digits] seed=7 Distill-S a=0.4: val=0.9652 test=0.9583 gap=0.0348 | teacher=0.9472 agree_ov=1.000 agree_nov=0.974 (11s)
[digits] seed=7 Distill-S a=0.6: val=0.9338 test=0.9583 gap=0.0610 | teacher=0.9528 agree_ov=1.000 agree_nov=0.978 (3s)
[digits] seed=7 Distill-S a=0.8: val=0.9408 test=0.9583 gap=0.0645 | teacher=0.9583 agree_ov=1.000 agree_nov=0.957 (3s)
[digits] seed=7 Distill-S a=1.0: val=0.9547 test=0.9556 gap=0.0453 | teacher=0.9583 agree_ov=1.000 agree_nov=nan (13s)
[digits] seed=8 Baseline-Half: val=0.9338 test=0.9472 gap=0.0662 (2s)
[digits] seed=8 Baseline-LS: val=0.9652 test=0.9583 gap=0.0314 (5s)
[digits] seed=8 Baseline-Full: val=0.9617 test=0.9667 gap=0.0383 (3s)
[digits] seed=8 Distill-S a=0.0: val=0.9477 test=0.9694 gap=0.0505 | teacher=0.9667 agree_ov=nan agree_nov=0.983 (9s)
[digits] seed=8 Distill-S a=0.2: val=0.9338 test=0.9500 gap=0.0540 | teacher=0.9639 agree_ov=1.000 agree_nov=0.987 (2s)
[digits] seed=8 Distill-S a=0.4: val=0.9408 test=0.9444 gap=0.0662 | teacher=0.9667 agree_ov=1.000 agree_nov=0.968 (6s)
[digits] seed=8 Distill-S a=0.6: val=0.9303 test=0.9556 gap=0.0627 | teacher=0.9694 agree_ov=1.000 agree_nov=0.991 (3s)
[digits] seed=8 Distill-S a=0.8: val=0.9547 test=0.9583 gap=0.0557 | teacher=0.9750 agree_ov=1.000 agree_nov=0.965 (5s)
[digits] seed=8 Distill-S a=1.0: val=0.9338 test=0.9500 gap=0.0627 | teacher=0.9556 agree_ov=1.000 agree_nov=nan (3s)
[digits] seed=9 Baseline-Half: val=0.9686 test=0.9528 gap=0.0348 (4s)
[digits] seed=9 Baseline-LS: val=0.9721 test=0.9611 gap=0.0244 (9s)
[digits] seed=9 Baseline-Full: val=0.9861 test=0.9750 gap=0.0139 (22s)
[digits] seed=9 Distill-S a=0.0: val=0.9756 test=0.9611 gap=0.0209 | teacher=0.9556 agree_ov=nan agree_nov=0.970 (6s)
[digits] seed=9 Distill-S a=0.2: val=0.9686 test=0.9639 gap=0.0366 | teacher=0.9611 agree_ov=1.000 agree_nov=0.978 (6s)
[digits] seed=9 Distill-S a=0.4: val=0.9652 test=0.9639 gap=0.0348 | teacher=0.9583 agree_ov=1.000 agree_nov=0.968 (6s)
[digits] seed=9 Distill-S a=0.6: val=0.9686 test=0.9611 gap=0.0279 | teacher=0.9583 agree_ov=1.000 agree_nov=0.978 (8s)
[digits] seed=9 Distill-S a=0.8: val=0.9582 test=0.9611 gap=0.0418 | teacher=0.9556 agree_ov=1.000 agree_nov=0.974 (11s)
[digits] seed=9 Distill-S a=1.0: val=0.9721 test=0.9611 gap=0.0348 | teacher=0.9528 agree_ov=1.000 agree_nov=nan (12s)
[digits] seed=10 Baseline-Half: val=0.9303 test=0.9472 gap=0.0627 (2s)
[digits] seed=10 Baseline-LS: val=0.9652 test=0.9694 gap=0.0314 (5s)
[digits] seed=10 Baseline-Full: val=0.9617 test=0.9556 gap=0.0348 (4s)
[digits] seed=10 Distill-S a=0.0: val=0.9652 test=0.9417 gap=0.0261 | teacher=0.9583 agree_ov=nan agree_nov=0.965 (9s)
[digits] seed=10 Distill-S a=0.2: val=0.9547 test=0.9417 gap=0.0366 | teacher=0.9528 agree_ov=1.000 agree_nov=0.976 (5s)
[digits] seed=10 Distill-S a=0.4: val=0.9443 test=0.9417 gap=0.0523 | teacher=0.9444 agree_ov=1.000 agree_nov=0.965 (5s)
[digits] seed=10 Distill-S a=0.6: val=0.9373 test=0.9333 gap=0.0645 | teacher=0.9361 agree_ov=1.000 agree_nov=0.965 (3s)
[digits] seed=10 Distill-S a=0.8: val=0.9303 test=0.9444 gap=0.0592 | teacher=0.9361 agree_ov=1.000 agree_nov=0.965 (3s)
[digits] seed=10 Distill-S a=1.0: val=0.9338 test=0.9472 gap=0.0627 | teacher=0.9389 agree_ov=1.000 agree_nov=nan (3s)
[digits] seed=11 Baseline-Half: val=0.9477 test=0.9639 gap=0.0557 (2s)
[digits] seed=11 Baseline-LS: val=0.9686 test=0.9722 gap=0.0279 (4s)
[digits] seed=11 Baseline-Full: val=0.9652 test=0.9861 gap=0.0418 (3s)
[digits] seed=11 Distill-S a=0.0: val=0.9582 test=0.9694 gap=0.0401 | teacher=0.9667 agree_ov=nan agree_nov=0.951 (5s)
[digits] seed=11 Distill-S a=0.2: val=0.9582 test=0.9722 gap=0.0401 | teacher=0.9611 agree_ov=1.000 agree_nov=0.957 (8s)
[digits] seed=11 Distill-S a=0.4: val=0.9477 test=0.9528 gap=0.0505 | teacher=0.9361 agree_ov=1.000 agree_nov=0.945 (8s)
[digits] seed=11 Distill-S a=0.6: val=0.9547 test=0.9722 gap=0.0366 | teacher=0.9639 agree_ov=1.000 agree_nov=0.961 (5s)
[digits] seed=11 Distill-S a=0.8: val=0.9443 test=0.9639 gap=0.0470 | teacher=0.9611 agree_ov=1.000 agree_nov=0.965 (3s)
[digits] seed=11 Distill-S a=1.0: val=0.9477 test=0.9639 gap=0.0592 | teacher=0.9583 agree_ov=1.000 agree_nov=nan (3s)
[digits] seed=12 Baseline-Half: val=0.9443 test=0.9583 gap=0.0523 (2s)
[digits] seed=12 Baseline-LS: val=0.9582 test=0.9722 gap=0.0418 (4s)
[digits] seed=12 Baseline-Full: val=0.9547 test=0.9778 gap=0.0418 (3s)
[digits] seed=12 Distill-S a=0.0: val=0.9582 test=0.9611 gap=0.0349 | teacher=0.9500 agree_ov=nan agree_nov=0.962 (5s)
[digits] seed=12 Distill-S a=0.2: val=0.9547 test=0.9611 gap=0.0470 | teacher=0.9639 agree_ov=1.000 agree_nov=0.967 (10s)
[digits] seed=12 Distill-S a=0.4: val=0.9582 test=0.9694 gap=0.0314 | teacher=0.9556 agree_ov=1.000 agree_nov=0.983 (8s)
[digits] seed=12 Distill-S a=0.6: val=0.9686 test=0.9611 gap=0.0279 | teacher=0.9472 agree_ov=1.000 agree_nov=0.943 (6s)
[digits] seed=12 Distill-S a=0.8: val=0.9721 test=0.9639 gap=0.0314 | teacher=0.9611 agree_ov=1.000 agree_nov=0.974 (10s)
[digits] seed=12 Distill-S a=1.0: val=0.9617 test=0.9639 gap=0.0383 | teacher=0.9472 agree_ov=1.000 agree_nov=nan (14s)
[digits] seed=13 Baseline-Half: val=0.9512 test=0.9417 gap=0.0453 (2s)
[digits] seed=13 Baseline-LS: val=0.9686 test=0.9750 gap=0.0348 (4s)
[digits] seed=13 Baseline-Full: val=0.9721 test=0.9694 gap=0.0279 (15s)
[digits] seed=13 Distill-S a=0.0: val=0.9652 test=0.9500 gap=0.0331 | teacher=0.9639 agree_ov=nan agree_nov=0.969 (3s)
[digits] seed=13 Distill-S a=0.2: val=0.9617 test=0.9500 gap=0.0366 | teacher=0.9528 agree_ov=1.000 agree_nov=0.972 (4s)
[digits] seed=13 Distill-S a=0.4: val=0.9617 test=0.9444 gap=0.0401 | teacher=0.9556 agree_ov=1.000 agree_nov=0.991 (8s)
[digits] seed=13 Distill-S a=0.6: val=0.9512 test=0.9472 gap=0.0488 | teacher=0.9417 agree_ov=1.000 agree_nov=0.978 (2s)
[digits] seed=13 Distill-S a=0.8: val=0.9512 test=0.9417 gap=0.0453 | teacher=0.9389 agree_ov=1.000 agree_nov=0.965 (2s)
[digits] seed=13 Distill-S a=1.0: val=0.9512 test=0.9417 gap=0.0453 | teacher=0.9444 agree_ov=1.000 agree_nov=nan (2s)
[digits] seed=14 Baseline-Half: val=0.9582 test=0.9611 gap=0.0453 (3s)
[digits] seed=14 Baseline-LS: val=0.9756 test=0.9611 gap=0.0244 (4s)
[digits] seed=14 Baseline-Full: val=0.9686 test=0.9667 gap=0.0279 (6s)
[digits] seed=14 Distill-S a=0.0: val=0.9686 test=0.9611 gap=0.0262 | teacher=0.9583 agree_ov=nan agree_nov=0.955 (7s)
[digits] seed=14 Distill-S a=0.2: val=0.9617 test=0.9611 gap=0.0383 | teacher=0.9556 agree_ov=1.000 agree_nov=0.965 (6s)
[digits] seed=14 Distill-S a=0.4: val=0.9721 test=0.9556 gap=0.0296 | teacher=0.9639 agree_ov=1.000 agree_nov=0.959 (6s)
[digits] seed=14 Distill-S a=0.6: val=0.9686 test=0.9694 gap=0.0296 | teacher=0.9639 agree_ov=1.000 agree_nov=0.957 (8s)
[digits] seed=14 Distill-S a=0.8: val=0.9617 test=0.9639 gap=0.0383 | teacher=0.9611 agree_ov=1.000 agree_nov=0.965 (7s)
[digits] seed=14 Distill-S a=1.0: val=0.9547 test=0.9639 gap=0.0418 | teacher=0.9806 agree_ov=1.000 agree_nov=nan (10s)
[digits] seed=15 Baseline-Half: val=0.9791 test=0.9722 gap=0.0209 (2s)
[digits] seed=15 Baseline-LS: val=0.9826 test=0.9750 gap=0.0139 (3s)
[digits] seed=15 Baseline-Full: val=0.9756 test=0.9778 gap=0.0244 (3s)
[digits] seed=15 Distill-S a=0.0: val=0.9686 test=0.9722 gap=0.0261 | teacher=0.9639 agree_ov=nan agree_nov=0.957 (6s)
[digits] seed=15 Distill-S a=0.2: val=0.9686 test=0.9750 gap=0.0227 | teacher=0.9667 agree_ov=1.000 agree_nov=0.963 (4s)
[digits] seed=15 Distill-S a=0.4: val=0.9686 test=0.9694 gap=0.0209 | teacher=0.9722 agree_ov=1.000 agree_nov=0.980 (3s)
[digits] seed=15 Distill-S a=0.6: val=0.9756 test=0.9667 gap=0.0244 | teacher=0.9583 agree_ov=1.000 agree_nov=0.957 (4s)
[digits] seed=15 Distill-S a=0.8: val=0.9791 test=0.9667 gap=0.0192 | teacher=0.9583 agree_ov=1.000 agree_nov=0.957 (7s)
[digits] seed=15 Distill-S a=1.0: val=0.9791 test=0.9722 gap=0.0209 | teacher=0.9611 agree_ov=1.000 agree_nov=nan (6s)
[digits] seed=16 Baseline-Half: val=0.9756 test=0.9583 gap=0.0244 (2s)
[digits] seed=16 Baseline-LS: val=0.9756 test=0.9778 gap=0.0244 (7s)
[digits] seed=16 Baseline-Full: val=0.9791 test=0.9861 gap=0.0174 (7s)
[digits] seed=16 Distill-S a=0.0: val=0.9652 test=0.9583 gap=0.0366 | teacher=0.9694 agree_ov=nan agree_nov=0.950 (5s)
[digits] seed=16 Distill-S a=0.2: val=0.9756 test=0.9556 gap=0.0209 | teacher=0.9667 agree_ov=1.000 agree_nov=0.959 (5s)
[digits] seed=16 Distill-S a=0.4: val=0.9791 test=0.9528 gap=0.0087 | teacher=0.9694 agree_ov=1.000 agree_nov=0.951 (6s)
[digits] seed=16 Distill-S a=0.6: val=0.9756 test=0.9556 gap=0.0192 | teacher=0.9500 agree_ov=1.000 agree_nov=0.957 (4s)
[digits] seed=16 Distill-S a=0.8: val=0.9721 test=0.9611 gap=0.0296 | teacher=0.9667 agree_ov=1.000 agree_nov=0.904 (5s)
[digits] seed=16 Distill-S a=1.0: val=0.9721 test=0.9667 gap=0.0279 | teacher=0.9667 agree_ov=1.000 agree_nov=nan (7s)
[digits] seed=17 Baseline-Half: val=0.9477 test=0.9417 gap=0.0523 (2s)
[digits] seed=17 Baseline-LS: val=0.9686 test=0.9750 gap=0.0348 (7s)
[digits] seed=17 Baseline-Full: val=0.9686 test=0.9833 gap=0.0279 (4s)
[digits] seed=17 Distill-S a=0.0: val=0.9512 test=0.9583 gap=0.0436 | teacher=0.9639 agree_ov=nan agree_nov=0.969 (7s)
[digits] seed=17 Distill-S a=0.2: val=0.9582 test=0.9500 gap=0.0436 | teacher=0.9611 agree_ov=1.000 agree_nov=0.980 (4s)
[digits] seed=17 Distill-S a=0.4: val=0.9512 test=0.9444 gap=0.0488 | teacher=0.9500 agree_ov=1.000 agree_nov=0.948 (4s)
[digits] seed=17 Distill-S a=0.6: val=0.9408 test=0.9528 gap=0.0523 | teacher=0.9528 agree_ov=1.000 agree_nov=0.974 (3s)
[digits] seed=17 Distill-S a=0.8: val=0.9408 test=0.9417 gap=0.0540 | teacher=0.9417 agree_ov=1.000 agree_nov=0.983 (3s)
[digits] seed=17 Distill-S a=1.0: val=0.9477 test=0.9444 gap=0.0592 | teacher=0.9500 agree_ov=1.000 agree_nov=nan (3s)
[digits] seed=18 Baseline-Half: val=0.9756 test=0.9667 gap=0.0244 (7s)
[digits] seed=18 Baseline-LS: val=0.9930 test=0.9667 gap=0.0105 (3s)
[digits] seed=18 Baseline-Full: val=0.9756 test=0.9722 gap=0.0244 (4s)
[digits] seed=18 Distill-S a=0.0: val=0.9791 test=0.9611 gap=0.0227 | teacher=0.9417 agree_ov=nan agree_nov=0.951 (6s)
[digits] seed=18 Distill-S a=0.2: val=0.9617 test=0.9583 gap=0.0331 | teacher=0.9472 agree_ov=1.000 agree_nov=0.959 (5s)
[digits] seed=18 Distill-S a=0.4: val=0.9686 test=0.9611 gap=0.0261 | teacher=0.9472 agree_ov=1.000 agree_nov=0.948 (8s)
[digits] seed=18 Distill-S a=0.6: val=0.9756 test=0.9639 gap=0.0209 | teacher=0.9611 agree_ov=1.000 agree_nov=0.948 (6s)
[digits] seed=18 Distill-S a=0.8: val=0.9721 test=0.9556 gap=0.0279 | teacher=0.9500 agree_ov=1.000 agree_nov=0.930 (5s)
[digits] seed=18 Distill-S a=1.0: val=0.9791 test=0.9611 gap=0.0209 | teacher=0.9556 agree_ov=1.000 agree_nov=nan (13s)
[digits] seed=19 Baseline-Half: val=0.9547 test=0.9444 gap=0.0453 (2s)
[digits] seed=19 Baseline-LS: val=0.9686 test=0.9639 gap=0.0314 (5s)
[digits] seed=19 Baseline-Full: val=0.9686 test=0.9639 gap=0.0314 (3s)
[digits] seed=19 Distill-S a=0.0: val=0.9582 test=0.9444 gap=0.0401 | teacher=0.9500 agree_ov=nan agree_nov=0.962 (6s)
[digits] seed=19 Distill-S a=0.2: val=0.9617 test=0.9361 gap=0.0261 | teacher=0.9500 agree_ov=1.000 agree_nov=0.959 (4s)
[digits] seed=19 Distill-S a=0.4: val=0.9512 test=0.9417 gap=0.0348 | teacher=0.9306 agree_ov=1.000 agree_nov=0.942 (3s)
[digits] seed=19 Distill-S a=0.6: val=0.9547 test=0.9250 gap=0.0349 | teacher=0.9278 agree_ov=1.000 agree_nov=0.961 (3s)
[digits] seed=19 Distill-S a=0.8: val=0.9477 test=0.9333 gap=0.0505 | teacher=0.9444 agree_ov=1.000 agree_nov=0.965 (3s)
[digits] seed=19 Distill-S a=1.0: val=0.9512 test=0.9417 gap=0.0453 | teacher=0.9389 agree_ov=1.000 agree_nov=nan (3s)
[digits] seed=0 beta=0.2 Distill-S: test=0.9556 gap=0.0229 | teacher=0.9389 (6s)
[digits] seed=0 beta=0.3 Distill-S: test=0.9611 gap=0.0294 | teacher=0.9389 (4s)
[digits] seed=0 beta=0.4 Distill-S: test=0.9639 gap=0.0256 | teacher=0.9444 (8s)
[digits] seed=0 beta=0.5 Distill-S: test=0.9694 gap=0.0314 | teacher=0.9500 (6s)
[digits] seed=0 beta=0.6 Distill-S: test=0.9667 gap=0.0200 | teacher=0.9750 (6s)
[digits] seed=0 beta=0.7 Distill-S: test=0.9639 gap=0.0221 | teacher=0.9778 (6s)
[digits] seed=0 beta=0.8 Distill-S: test=0.9361 gap=0.0557 | teacher=0.9750 (5s)
[digits] seed=1 beta=0.2 Distill-S: test=0.9611 gap=0.0161 | teacher=0.9250 (5s)
[digits] seed=1 beta=0.3 Distill-S: test=0.9472 gap=0.0274 | teacher=0.9306 (5s)
[digits] seed=1 beta=0.4 Distill-S: test=0.9472 gap=0.0256 | teacher=0.9306 (3s)
[digits] seed=1 beta=0.5 Distill-S: test=0.9500 gap=0.0139 | teacher=0.9500 (7s)
[digits] seed=1 beta=0.6 Distill-S: test=0.9444 gap=0.0144 | teacher=0.9639 (6s)
[digits] seed=1 beta=0.7 Distill-S: test=0.9389 gap=0.0383 | teacher=0.9694 (3s)
[digits] seed=1 beta=0.8 Distill-S: test=0.9222 gap=0.0348 | teacher=0.9667 (4s)
[digits] seed=2 beta=0.2 Distill-S: test=0.9667 gap=0.0425 | teacher=0.9472 (7s)
[digits] seed=2 beta=0.3 Distill-S: test=0.9722 gap=0.0433 | teacher=0.9778 (5s)
[digits] seed=2 beta=0.4 Distill-S: test=0.9722 gap=0.0238 | teacher=0.9750 (9s)
[digits] seed=2 beta=0.5 Distill-S: test=0.9722 gap=0.0418 | teacher=0.9778 (6s)
[digits] seed=2 beta=0.6 Distill-S: test=0.9611 gap=0.0336 | teacher=0.9861 (6s)
[digits] seed=2 beta=0.7 Distill-S: test=0.9472 gap=0.0505 | teacher=0.9861 (4s)
[digits] seed=2 beta=0.8 Distill-S: test=0.9500 gap=0.0384 | teacher=0.9861 (6s)
[digits] seed=3 beta=0.2 Distill-S: test=0.9528 gap=0.0420 | teacher=0.9167 (6s)
[digits] seed=3 beta=0.3 Distill-S: test=0.9556 gap=0.0286 | teacher=0.9528 (7s)
[digits] seed=3 beta=0.4 Distill-S: test=0.9500 gap=0.0317 | teacher=0.9444 (6s)
[digits] seed=3 beta=0.5 Distill-S: test=0.9583 gap=0.0366 | teacher=0.9556 (9s)
[digits] seed=3 beta=0.6 Distill-S: test=0.9500 gap=0.0444 | teacher=0.9639 (4s)
[digits] seed=3 beta=0.7 Distill-S: test=0.9444 gap=0.0592 | teacher=0.9667 (4s)
[digits] seed=3 beta=0.8 Distill-S: test=0.9389 gap=0.0758 | teacher=0.9639 (4s)
[digits] seed=4 beta=0.2 Distill-S: test=0.9611 gap=0.0425 | teacher=0.9167 (6s)
[digits] seed=4 beta=0.3 Distill-S: test=0.9583 gap=0.0428 | teacher=0.9389 (5s)
[digits] seed=4 beta=0.4 Distill-S: test=0.9500 gap=0.0302 | teacher=0.9417 (4s)
[digits] seed=4 beta=0.5 Distill-S: test=0.9472 gap=0.0261 | teacher=0.9500 (10s)
[digits] seed=4 beta=0.6 Distill-S: test=0.9417 gap=0.0292 | teacher=0.9583 (6s)
[digits] seed=4 beta=0.7 Distill-S: test=0.9528 gap=0.0215 | teacher=0.9667 (9s)
[digits] seed=4 beta=0.8 Distill-S: test=0.9472 gap=0.0488 | teacher=0.9694 (7s)
[digits] seed=5 beta=0.2 Distill-S: test=0.9556 gap=0.0275 | teacher=0.9250 (5s)
[digits] seed=5 beta=0.3 Distill-S: test=0.9556 gap=0.0321 | teacher=0.9472 (5s)
[digits] seed=5 beta=0.4 Distill-S: test=0.9500 gap=0.0247 | teacher=0.9611 (4s)
[digits] seed=5 beta=0.5 Distill-S: test=0.9389 gap=0.0209 | teacher=0.9694 (6s)
[digits] seed=5 beta=0.6 Distill-S: test=0.9278 gap=0.0318 | teacher=0.9694 (6s)
[digits] seed=5 beta=0.7 Distill-S: test=0.9250 gap=0.0523 | teacher=0.9583 (6s)
[digits] seed=5 beta=0.8 Distill-S: test=0.9167 gap=0.0732 | teacher=0.9639 (4s)
[digits] seed=6 beta=0.2 Distill-S: test=0.9194 gap=0.0390 | teacher=0.8972 (3s)
[digits] seed=6 beta=0.3 Distill-S: test=0.9389 gap=0.0575 | teacher=0.9167 (3s)
[digits] seed=6 beta=0.4 Distill-S: test=0.9417 gap=0.0421 | teacher=0.9361 (3s)
[digits] seed=6 beta=0.5 Distill-S: test=0.9528 gap=0.0470 | teacher=0.9417 (6s)
[digits] seed=6 beta=0.6 Distill-S: test=0.9500 gap=0.0348 | teacher=0.9500 (6s)
[digits] seed=6 beta=0.7 Distill-S: test=0.9472 gap=0.0354 | teacher=0.9472 (9s)
[digits] seed=6 beta=0.8 Distill-S: test=0.9361 gap=0.0383 | teacher=0.9500 (6s)
[digits] seed=7 beta=0.2 Distill-S: test=0.9500 gap=0.0438 | teacher=0.9083 (5s)
[digits] seed=7 beta=0.3 Distill-S: test=0.9583 gap=0.0296 | teacher=0.9361 (5s)
[digits] seed=7 beta=0.4 Distill-S: test=0.9583 gap=0.0270 | teacher=0.9444 (6s)
[digits] seed=7 beta=0.5 Distill-S: test=0.9611 gap=0.0192 | teacher=0.9472 (9s)
[digits] seed=7 beta=0.6 Distill-S: test=0.9500 gap=0.0157 | teacher=0.9528 (9s)
[digits] seed=7 beta=0.7 Distill-S: test=0.9444 gap=0.0500 | teacher=0.9528 (7s)
[digits] seed=7 beta=0.8 Distill-S: test=0.9361 gap=0.0697 | teacher=0.9583 (5s)
[digits] seed=8 beta=0.2 Distill-S: test=0.9583 gap=0.0481 | teacher=0.9444 (6s)
[digits] seed=8 beta=0.3 Distill-S: test=0.9528 gap=0.0565 | teacher=0.9556 (5s)
[digits] seed=8 beta=0.4 Distill-S: test=0.9667 gap=0.0578 | teacher=0.9583 (3s)
[digits] seed=8 beta=0.5 Distill-S: test=0.9778 gap=0.0557 | teacher=0.9667 (7s)
[digits] seed=8 beta=0.6 Distill-S: test=0.9556 gap=0.0605 | teacher=0.9667 (2s)
[digits] seed=8 beta=0.7 Distill-S: test=0.9583 gap=0.0732 | teacher=0.9667 (6s)
[digits] seed=8 beta=0.8 Distill-S: test=0.9278 gap=0.0976 | teacher=0.9722 (4s)
[digits] seed=9 beta=0.2 Distill-S: test=0.9639 gap=0.0379 | teacher=0.9056 (4s)
[digits] seed=9 beta=0.3 Distill-S: test=0.9639 gap=0.0344 | teacher=0.9444 (5s)
[digits] seed=9 beta=0.4 Distill-S: test=0.9583 gap=0.0296 | teacher=0.9500 (5s)
[digits] seed=9 beta=0.5 Distill-S: test=0.9667 gap=0.0192 | teacher=0.9556 (8s)
[digits] seed=9 beta=0.6 Distill-S: test=0.9583 gap=0.0340 | teacher=0.9667 (6s)
[digits] seed=9 beta=0.7 Distill-S: test=0.9583 gap=0.0285 | teacher=0.9667 (6s)
[digits] seed=9 beta=0.8 Distill-S: test=0.9278 gap=0.0523 | teacher=0.9639 (6s)
[digits] seed=10 beta=0.2 Distill-S: test=0.9444 gap=0.0327 | teacher=0.9194 (9s)
[digits] seed=10 beta=0.3 Distill-S: test=0.9500 gap=0.0175 | teacher=0.9417 (3s)
[digits] seed=10 beta=0.4 Distill-S: test=0.9389 gap=0.0401 | teacher=0.9472 (3s)
[digits] seed=10 beta=0.5 Distill-S: test=0.9361 gap=0.0453 | teacher=0.9583 (4s)
[digits] seed=10 beta=0.6 Distill-S: test=0.9500 gap=0.0375 | teacher=0.9556 (6s)
[digits] seed=10 beta=0.7 Distill-S: test=0.9472 gap=0.0557 | teacher=0.9583 (5s)
[digits] seed=10 beta=0.8 Distill-S: test=0.9278 gap=0.0592 | teacher=0.9500 (3s)
[digits] seed=11 beta=0.2 Distill-S: test=0.9667 gap=0.0368 | teacher=0.9278 (7s)
[digits] seed=11 beta=0.3 Distill-S: test=0.9639 gap=0.0381 | teacher=0.9333 (7s)
[digits] seed=11 beta=0.4 Distill-S: test=0.9694 gap=0.0360 | teacher=0.9528 (6s)
[digits] seed=11 beta=0.5 Distill-S: test=0.9694 gap=0.0418 | teacher=0.9667 (5s)
[digits] seed=11 beta=0.6 Distill-S: test=0.9694 gap=0.0436 | teacher=0.9694 (6s)
[digits] seed=11 beta=0.7 Distill-S: test=0.9528 gap=0.0442 | teacher=0.9694 (3s)
[digits] seed=11 beta=0.8 Distill-S: test=0.9472 gap=0.0592 | teacher=0.9806 (5s)
[digits] seed=12 beta=0.2 Distill-S: test=0.9583 gap=0.0414 | teacher=0.9306 (8s)
[digits] seed=12 beta=0.3 Distill-S: test=0.9722 gap=0.0296 | teacher=0.9472 (8s)
[digits] seed=12 beta=0.4 Distill-S: test=0.9667 gap=0.0360 | teacher=0.9444 (5s)
[digits] seed=12 beta=0.5 Distill-S: test=0.9611 gap=0.0331 | teacher=0.9500 (4s)
[digits] seed=12 beta=0.6 Distill-S: test=0.9583 gap=0.0396 | teacher=0.9611 (4s)
[digits] seed=12 beta=0.7 Distill-S: test=0.9611 gap=0.0424 | teacher=0.9694 (5s)
[digits] seed=12 beta=0.8 Distill-S: test=0.9528 gap=0.0619 | teacher=0.9639 (6s)
[digits] seed=13 beta=0.2 Distill-S: test=0.9444 gap=0.0242 | teacher=0.9194 (3s)
[digits] seed=13 beta=0.3 Distill-S: test=0.9472 gap=0.0334 | teacher=0.9417 (4s)
[digits] seed=13 beta=0.4 Distill-S: test=0.9417 gap=0.0270 | teacher=0.9472 (2s)
[digits] seed=13 beta=0.5 Distill-S: test=0.9528 gap=0.0279 | teacher=0.9639 (3s)
[digits] seed=13 beta=0.6 Distill-S: test=0.9500 gap=0.0283 | teacher=0.9639 (5s)
[digits] seed=13 beta=0.7 Distill-S: test=0.9528 gap=0.0285 | teacher=0.9667 (4s)
[digits] seed=13 beta=0.8 Distill-S: test=0.9333 gap=0.0453 | teacher=0.9611 (4s)
[digits] seed=14 beta=0.2 Distill-S: test=0.9500 gap=0.0390 | teacher=0.9056 (3s)
[digits] seed=14 beta=0.3 Distill-S: test=0.9472 gap=0.0466 | teacher=0.9306 (3s)
[digits] seed=14 beta=0.4 Distill-S: test=0.9583 gap=0.0317 | teacher=0.9500 (7s)
[digits] seed=14 beta=0.5 Distill-S: test=0.9611 gap=0.0331 | teacher=0.9611 (6s)
[digits] seed=14 beta=0.6 Distill-S: test=0.9472 gap=0.0466 | teacher=0.9583 (5s)
[digits] seed=14 beta=0.7 Distill-S: test=0.9472 gap=0.0534 | teacher=0.9611 (5s)
[digits] seed=14 beta=0.8 Distill-S: test=0.9417 gap=0.0828 | teacher=0.9667 (3s)
[digits] seed=15 beta=0.2 Distill-S: test=0.9556 gap=0.0347 | teacher=0.9333 (5s)
[digits] seed=15 beta=0.3 Distill-S: test=0.9667 gap=0.0331 | teacher=0.9417 (3s)
[digits] seed=15 beta=0.4 Distill-S: test=0.9722 gap=0.0241 | teacher=0.9556 (6s)
[digits] seed=15 beta=0.5 Distill-S: test=0.9722 gap=0.0279 | teacher=0.9667 (4s)
[digits] seed=15 beta=0.6 Distill-S: test=0.9694 gap=0.0305 | teacher=0.9694 (7s)
[digits] seed=15 beta=0.7 Distill-S: test=0.9639 gap=0.0354 | teacher=0.9778 (5s)
[digits] seed=15 beta=0.8 Distill-S: test=0.9528 gap=0.0409 | teacher=0.9750 (5s)
[digits] seed=16 beta=0.2 Distill-S: test=0.9500 gap=0.0453 | teacher=0.9222 (5s)
[digits] seed=16 beta=0.3 Distill-S: test=0.9639 gap=0.0344 | teacher=0.9583 (4s)
[digits] seed=16 beta=0.4 Distill-S: test=0.9639 gap=0.0282 | teacher=0.9611 (4s)
[digits] seed=16 beta=0.5 Distill-S: test=0.9639 gap=0.0366 | teacher=0.9694 (4s)
[digits] seed=16 beta=0.6 Distill-S: test=0.9528 gap=0.0318 | teacher=0.9750 (3s)
[digits] seed=16 beta=0.7 Distill-S: test=0.9583 gap=0.0418 | teacher=0.9778 (4s)
[digits] seed=16 beta=0.8 Distill-S: test=0.9389 gap=0.0444 | teacher=0.9778 (4s)
[digits] seed=17 beta=0.2 Distill-S: test=0.9694 gap=0.0484 | teacher=0.9472 (5s)
[digits] seed=17 beta=0.3 Distill-S: test=0.9639 gap=0.0461 | teacher=0.9528 (6s)
[digits] seed=17 beta=0.4 Distill-S: test=0.9722 gap=0.0340 | teacher=0.9611 (10s)
[digits] seed=17 beta=0.5 Distill-S: test=0.9556 gap=0.0401 | teacher=0.9639 (9s)
[digits] seed=17 beta=0.6 Distill-S: test=0.9611 gap=0.0479 | teacher=0.9694 (6s)
[digits] seed=17 beta=0.7 Distill-S: test=0.9528 gap=0.0557 | teacher=0.9722 (8s)
[digits] seed=17 beta=0.8 Distill-S: test=0.9333 gap=0.0732 | teacher=0.9806 (6s)
[digits] seed=18 beta=0.2 Distill-S: test=0.9556 gap=0.0192 | teacher=0.9083 (10s)
[digits] seed=18 beta=0.3 Distill-S: test=0.9639 gap=0.0142 | teacher=0.9278 (10s)
[digits] seed=18 beta=0.4 Distill-S: test=0.9722 gap=0.0340 | teacher=0.9278 (6s)
[digits] seed=18 beta=0.5 Distill-S: test=0.9639 gap=0.0227 | teacher=0.9389 (7s)
[digits] seed=18 beta=0.6 Distill-S: test=0.9583 gap=0.0248 | teacher=0.9528 (10s)
[digits] seed=18 beta=0.7 Distill-S: test=0.9500 gap=0.0337 | teacher=0.9583 (6s)
[digits] seed=18 beta=0.8 Distill-S: test=0.9528 gap=0.0409 | teacher=0.9639 (7s)
[digits] seed=19 beta=0.2 Distill-S: test=0.9361 gap=0.0355 | teacher=0.9306 (4s)
[digits] seed=19 beta=0.3 Distill-S: test=0.9444 gap=0.0438 | teacher=0.9222 (7s)
[digits] seed=19 beta=0.4 Distill-S: test=0.9528 gap=0.0352 | teacher=0.9306 (8s)
[digits] seed=19 beta=0.5 Distill-S: test=0.9556 gap=0.0383 | teacher=0.9472 (9s)
[digits] seed=19 beta=0.6 Distill-S: test=0.9500 gap=0.0261 | teacher=0.9528 (4s)
[digits] seed=19 beta=0.7 Distill-S: test=0.9417 gap=0.0563 | teacher=0.9500 (5s)
[digits] seed=19 beta=0.8 Distill-S: test=0.9444 gap=0.0584 | teacher=0.9500 (5s)
[glass] seed=0 Baseline-Half: val=0.6765 test=0.5349 gap=0.1935 (1s)
[glass] seed=0 Baseline-LS: val=0.6765 test=0.5814 gap=0.1927 (2s)
[glass] seed=0 Baseline-Full: val=0.6176 test=0.5581 gap=0.1775 (1s)
[glass] seed=0 Distill-S a=0.0: val=0.6471 test=0.6512 gap=0.1939 | teacher=0.6047 agree_ov=nan agree_nov=0.928 (2s)
[glass] seed=0 Distill-S a=0.2: val=0.6765 test=0.4884 gap=0.1057 | teacher=0.5116 agree_ov=0.692 agree_nov=0.911 (2s)
[glass] seed=0 Distill-S a=0.4: val=0.7353 test=0.5814 gap=0.0908 | teacher=0.5814 agree_ov=0.852 agree_nov=0.881 (2s)
[glass] seed=0 Distill-S a=0.6: val=0.6765 test=0.5581 gap=0.1931 | teacher=0.6279 agree_ov=0.850 agree_nov=0.862 (2s)
[glass] seed=0 Distill-S a=0.8: val=0.4118 test=0.3488 gap=0.2391 | teacher=0.5116 agree_ov=0.556 agree_nov=0.800 (1s)
[glass] seed=0 Distill-S a=1.0: val=0.6471 test=0.5349 gap=0.1641 | teacher=0.6047 agree_ov=0.882 agree_nov=1.000 (2s)
[glass] seed=1 Baseline-Half: val=0.7059 test=0.7442 gap=0.1492 (1s)
[glass] seed=1 Baseline-LS: val=0.6765 test=0.7442 gap=0.1492 (1s)
[glass] seed=1 Baseline-Full: val=0.6471 test=0.7209 gap=0.1410 (1s)
[glass] seed=1 Distill-S a=0.0: val=0.6176 test=0.6744 gap=0.1206 | teacher=0.7442 agree_ov=nan agree_nov=0.667 (1s)
[glass] seed=1 Distill-S a=0.2: val=0.6471 test=0.6744 gap=0.0916 | teacher=0.7209 agree_ov=0.846 agree_nov=0.804 (1s)
[glass] seed=1 Distill-S a=0.4: val=0.7059 test=0.6744 gap=0.1202 | teacher=0.7674 agree_ov=0.815 agree_nov=0.738 (1s)
[glass] seed=1 Distill-S a=0.6: val=0.6765 test=0.6977 gap=0.1351 | teacher=0.7442 agree_ov=0.825 agree_nov=0.828 (1s)
[glass] seed=1 Distill-S a=0.8: val=0.7059 test=0.7907 gap=0.1347 | teacher=0.7907 agree_ov=0.833 agree_nov=0.800 (1s)
[glass] seed=1 Distill-S a=1.0: val=0.6765 test=0.7442 gap=0.1492 | teacher=0.7674 agree_ov=0.897 agree_nov=1.000 (1s)
[glass] seed=2 Baseline-Half: val=0.7059 test=0.5814 gap=0.0469 (1s)
[glass] seed=2 Baseline-LS: val=0.6765 test=0.5814 gap=0.0763 (1s)
[glass] seed=2 Baseline-Full: val=0.7941 test=0.7209 gap=0.1694 (3s)
[glass] seed=2 Distill-S a=0.0: val=0.6765 test=0.6744 gap=0.0627 | teacher=0.6512 agree_ov=nan agree_nov=0.551 (1s)
[glass] seed=2 Distill-S a=0.2: val=0.6176 test=0.6744 gap=0.0477 | teacher=0.6279 agree_ov=0.923 agree_nov=0.732 (1s)
[glass] seed=2 Distill-S a=0.4: val=0.6176 test=0.5581 gap=0.0618 | teacher=0.6744 agree_ov=0.926 agree_nov=0.690 (1s)
[glass] seed=2 Distill-S a=0.6: val=0.7647 test=0.7442 gap=0.1488 | teacher=0.6977 agree_ov=0.975 agree_nov=0.828 (2s)
[glass] seed=2 Distill-S a=0.8: val=0.7059 test=0.7209 gap=0.1483 | teacher=0.6977 agree_ov=0.926 agree_nov=0.867 (2s)
[glass] seed=2 Distill-S a=1.0: val=0.7059 test=0.6977 gap=0.1483 | teacher=0.6744 agree_ov=0.912 agree_nov=1.000 (2s)
[glass] seed=3 Baseline-Half: val=0.5294 test=0.5581 gap=0.2387 (1s)
[glass] seed=3 Baseline-LS: val=0.5294 test=0.5581 gap=0.2387 (1s)
[glass] seed=3 Baseline-Full: val=0.5882 test=0.7442 gap=0.3315 (3s)
[glass] seed=3 Distill-S a=0.0: val=0.5000 test=0.5814 gap=0.1812 | teacher=0.7209 agree_ov=nan agree_nov=0.725 (1s)
[glass] seed=3 Distill-S a=0.2: val=0.5000 test=0.5814 gap=0.1812 | teacher=0.6977 agree_ov=0.923 agree_nov=0.768 (1s)
[glass] seed=3 Distill-S a=0.4: val=0.5882 test=0.7674 gap=0.1368 | teacher=0.8140 agree_ov=0.741 agree_nov=0.762 (1s)
[glass] seed=3 Distill-S a=0.6: val=0.5294 test=0.5581 gap=0.2387 | teacher=0.7209 agree_ov=0.700 agree_nov=0.793 (1s)
[glass] seed=3 Distill-S a=0.8: val=0.5294 test=0.5581 gap=0.2536 | teacher=0.6744 agree_ov=0.741 agree_nov=0.867 (1s)
[glass] seed=3 Distill-S a=1.0: val=0.5294 test=0.5349 gap=0.2830 | teacher=0.6047 agree_ov=0.765 agree_nov=1.000 (1s)
[glass] seed=4 Baseline-Half: val=0.4412 test=0.6279 gap=0.1658 (0s)
[glass] seed=4 Baseline-LS: val=0.6471 test=0.6047 gap=0.1641 (1s)
[glass] seed=4 Baseline-Full: val=0.6471 test=0.7209 gap=0.1043 (1s)
[glass] seed=4 Distill-S a=0.0: val=0.5588 test=0.6977 gap=0.1944 | teacher=0.6512 agree_ov=nan agree_nov=0.739 (1s)
[glass] seed=4 Distill-S a=0.2: val=0.4118 test=0.4884 gap=0.1368 | teacher=0.6047 agree_ov=0.538 agree_nov=0.714 (0s)
[glass] seed=4 Distill-S a=0.4: val=0.6176 test=0.6512 gap=0.1505 | teacher=0.6047 agree_ov=0.963 agree_nov=0.762 (1s)
[glass] seed=4 Distill-S a=0.6: val=0.6471 test=0.6512 gap=0.1061 | teacher=0.7674 agree_ov=0.875 agree_nov=0.828 (1s)
[glass] seed=4 Distill-S a=0.8: val=0.6176 test=0.6512 gap=0.2229 | teacher=0.5349 agree_ov=0.833 agree_nov=1.000 (1s)
[glass] seed=4 Distill-S a=1.0: val=0.4412 test=0.6512 gap=0.1658 | teacher=0.6047 agree_ov=0.662 agree_nov=1.000 (0s)
[glass] seed=5 Baseline-Half: val=0.5294 test=0.7674 gap=0.1939 (1s)
[glass] seed=5 Baseline-LS: val=0.6176 test=0.7209 gap=0.2519 (1s)
[glass] seed=5 Baseline-Full: val=0.6471 test=0.7442 gap=0.1264 (1s)
[glass] seed=5 Distill-S a=0.0: val=0.6765 test=0.6744 gap=0.1496 | teacher=0.7209 agree_ov=nan agree_nov=0.783 (2s)
[glass] seed=5 Distill-S a=0.2: val=0.5882 test=0.6744 gap=0.0916 | teacher=0.6744 agree_ov=0.769 agree_nov=0.732 (1s)
[glass] seed=5 Distill-S a=0.4: val=0.5882 test=0.6279 gap=0.1803 | teacher=0.6279 agree_ov=0.852 agree_nov=0.619 (1s)
[glass] seed=5 Distill-S a=0.6: val=0.5588 test=0.6977 gap=0.1215 | teacher=0.6977 agree_ov=0.875 agree_nov=0.586 (1s)
[glass] seed=5 Distill-S a=0.8: val=0.5588 test=0.7209 gap=0.1799 | teacher=0.6977 agree_ov=0.815 agree_nov=0.867 (1s)
[glass] seed=5 Distill-S a=1.0: val=0.5294 test=0.7674 gap=0.2379 | teacher=0.7209 agree_ov=0.794 agree_nov=1.000 (1s)
[glass] seed=6 Baseline-Half: val=0.5588 test=0.6744 gap=0.2545 (0s)
[glass] seed=6 Baseline-LS: val=0.4412 test=0.7209 gap=0.3704 (1s)
[glass] seed=6 Baseline-Full: val=0.5294 test=0.7209 gap=0.2881 (1s)
[glass] seed=6 Distill-S a=0.0: val=0.5000 test=0.7674 gap=0.2540 | teacher=0.6977 agree_ov=nan agree_nov=0.768 (1s)
[glass] seed=6 Distill-S a=0.2: val=0.5000 test=0.6977 gap=0.2540 | teacher=0.6977 agree_ov=0.692 agree_nov=0.839 (1s)
[glass] seed=6 Distill-S a=0.4: val=0.5294 test=0.7442 gap=0.2830 | teacher=0.6977 agree_ov=0.704 agree_nov=0.690 (1s)
[glass] seed=6 Distill-S a=0.6: val=0.4118 test=0.5814 gap=0.2839 | teacher=0.6512 agree_ov=0.725 agree_nov=0.724 (1s)
[glass] seed=6 Distill-S a=0.8: val=0.5000 test=0.6512 gap=0.2690 | teacher=0.6279 agree_ov=0.685 agree_nov=0.800 (1s)
[glass] seed=6 Distill-S a=1.0: val=0.5588 test=0.6744 gap=0.2545 | teacher=0.7209 agree_ov=0.676 agree_nov=0.000 (1s)
[glass] seed=7 Baseline-Half: val=0.5882 test=0.7674 gap=0.2089 (1s)
[glass] seed=7 Baseline-LS: val=0.5882 test=0.6744 gap=0.3107 (1s)
[glass] seed=7 Baseline-Full: val=0.6765 test=0.6279 gap=0.1410 (1s)
[glass] seed=7 Distill-S a=0.0: val=0.5882 test=0.6744 gap=0.2673 | teacher=0.6512 agree_ov=nan agree_nov=0.681 (1s)
[glass] seed=7 Distill-S a=0.2: val=0.5882 test=0.6279 gap=0.1654 | teacher=0.5581 agree_ov=0.769 agree_nov=0.714 (1s)
[glass] seed=7 Distill-S a=0.4: val=0.6176 test=0.6744 gap=0.3257 | teacher=0.6512 agree_ov=0.926 agree_nov=0.810 (1s)
[glass] seed=7 Distill-S a=0.6: val=0.6176 test=0.7442 gap=0.2374 | teacher=0.6512 agree_ov=0.875 agree_nov=0.793 (1s)
[glass] seed=7 Distill-S a=0.8: val=0.5882 test=0.7442 gap=0.2089 | teacher=0.5814 agree_ov=0.870 agree_nov=0.867 (1s)
[glass] seed=7 Distill-S a=1.0: val=0.5882 test=0.7674 gap=0.2234 | teacher=0.5349 agree_ov=0.809 agree_nov=1.000 (1s)
[glass] seed=8 Baseline-Half: val=0.5588 test=0.6279 gap=0.2958 (1s)
[glass] seed=8 Baseline-LS: val=0.5588 test=0.6279 gap=0.2958 (1s)
[glass] seed=8 Baseline-Full: val=0.5882 test=0.6744 gap=0.1999 (1s)
[glass] seed=8 Distill-S a=0.0: val=0.5588 test=0.6047 gap=0.2238 | teacher=0.6512 agree_ov=nan agree_nov=0.812 (1s)
[glass] seed=8 Distill-S a=0.2: val=0.5294 test=0.5814 gap=0.1948 | teacher=0.6744 agree_ov=0.769 agree_nov=0.821 (1s)
[glass] seed=8 Distill-S a=0.4: val=0.5000 test=0.6279 gap=0.3120 | teacher=0.6279 agree_ov=0.815 agree_nov=0.786 (1s)
[glass] seed=8 Distill-S a=0.6: val=0.5294 test=0.6512 gap=0.3546 | teacher=0.6744 agree_ov=0.875 agree_nov=0.828 (1s)
[glass] seed=8 Distill-S a=0.8: val=0.5882 test=0.6279 gap=0.3112 | teacher=0.7209 agree_ov=0.870 agree_nov=0.800 (1s)
[glass] seed=8 Distill-S a=1.0: val=0.5588 test=0.6279 gap=0.2813 | teacher=0.7442 agree_ov=0.853 agree_nov=1.000 (1s)
[glass] seed=9 Baseline-Half: val=0.7059 test=0.5814 gap=0.1927 (1s)
[glass] seed=9 Baseline-LS: val=0.7059 test=0.5581 gap=0.1927 (1s)
[glass] seed=9 Baseline-Full: val=0.7647 test=0.5814 gap=0.0528 (1s)
[glass] seed=9 Distill-S a=0.0: val=0.7647 test=0.5116 gap=0.1496 | teacher=0.5581 agree_ov=nan agree_nov=0.739 (1s)
[glass] seed=9 Distill-S a=0.2: val=0.7353 test=0.5349 gap=0.1053 | teacher=0.5814 agree_ov=0.846 agree_nov=0.732 (1s)
[glass] seed=9 Distill-S a=0.4: val=0.7647 test=0.5814 gap=0.0899 | teacher=0.5814 agree_ov=1.000 agree_nov=0.833 (1s)
[glass] seed=9 Distill-S a=0.6: val=0.7059 test=0.5581 gap=0.1198 | teacher=0.6512 agree_ov=0.875 agree_nov=0.966 (1s)
[glass] seed=9 Distill-S a=0.8: val=0.7059 test=0.5349 gap=0.1343 | teacher=0.5116 agree_ov=0.889 agree_nov=0.800 (1s)
[glass] seed=9 Distill-S a=1.0: val=0.7059 test=0.5814 gap=0.1927 | teacher=0.5581 agree_ov=0.868 agree_nov=1.000 (1s)
[glass] seed=10 Baseline-Half: val=0.7059 test=0.6279 gap=0.1202 (1s)
[glass] seed=10 Baseline-LS: val=0.7059 test=0.6279 gap=0.0908 (1s)
[glass] seed=10 Baseline-Full: val=0.7647 test=0.6977 gap=0.0015 (1s)
[glass] seed=10 Distill-S a=0.0: val=0.7941 test=0.6512 gap=-0.0260 | teacher=0.6744 agree_ov=nan agree_nov=0.783 (2s)
[glass] seed=10 Distill-S a=0.2: val=0.7647 test=0.6512 gap=-0.0256 | teacher=0.6512 agree_ov=0.846 agree_nov=0.857 (2s)
[glass] seed=10 Distill-S a=0.4: val=0.7059 test=0.6512 gap=-0.0550 | teacher=0.6744 agree_ov=0.852 agree_nov=0.810 (1s)
[glass] seed=10 Distill-S a=0.6: val=0.7647 test=0.6744 gap=0.0030 | teacher=0.6977 agree_ov=0.875 agree_nov=0.793 (1s)
[glass] seed=10 Distill-S a=0.8: val=0.7353 test=0.6512 gap=0.0179 | teacher=0.6744 agree_ov=0.833 agree_nov=0.733 (1s)
[glass] seed=10 Distill-S a=1.0: val=0.7353 test=0.6512 gap=0.0759 | teacher=0.6977 agree_ov=0.838 agree_nov=0.000 (1s)
[glass] seed=11 Baseline-Half: val=0.5000 test=0.3488 gap=0.2089 (0s)
[glass] seed=11 Baseline-LS: val=0.5294 test=0.3488 gap=0.1944 (1s)
[glass] seed=11 Baseline-Full: val=0.6176 test=0.6744 gap=0.1926 (1s)
[glass] seed=11 Distill-S a=0.0: val=0.5882 test=0.5581 gap=0.1219 | teacher=0.6279 agree_ov=nan agree_nov=0.739 (1s)
[glass] seed=11 Distill-S a=0.2: val=0.5588 test=0.3721 gap=0.1654 | teacher=0.5814 agree_ov=0.846 agree_nov=0.732 (1s)
[glass] seed=11 Distill-S a=0.4: val=0.4706 test=0.3721 gap=0.1799 | teacher=0.6977 agree_ov=0.815 agree_nov=0.690 (1s)
[glass] seed=11 Distill-S a=0.6: val=0.5294 test=0.3721 gap=0.1654 | teacher=0.6977 agree_ov=0.800 agree_nov=0.690 (1s)
[glass] seed=11 Distill-S a=0.8: val=0.4706 test=0.3488 gap=0.1944 | teacher=0.6047 agree_ov=0.759 agree_nov=0.800 (1s)
[glass] seed=11 Distill-S a=1.0: val=0.5294 test=0.3488 gap=0.1944 | teacher=0.6047 agree_ov=0.706 agree_nov=1.000 (1s)
[glass] seed=12 Baseline-Half: val=0.5000 test=0.5581 gap=0.3120 (0s)
[glass] seed=12 Baseline-LS: val=0.5000 test=0.6512 gap=0.2971 (1s)
[glass] seed=12 Baseline-Full: val=0.5294 test=0.6744 gap=0.2368 (1s)
[glass] seed=12 Distill-S a=0.0: val=0.5000 test=0.6512 gap=0.2246 | teacher=0.6977 agree_ov=nan agree_nov=0.841 (1s)
[glass] seed=12 Distill-S a=0.2: val=0.4706 test=0.5581 gap=0.3564 | teacher=0.6977 agree_ov=0.846 agree_nov=0.732 (1s)
[glass] seed=12 Distill-S a=0.4: val=0.5000 test=0.5581 gap=0.2830 | teacher=0.6047 agree_ov=0.778 agree_nov=0.857 (1s)
[glass] seed=12 Distill-S a=0.6: val=0.4706 test=0.5349 gap=0.3559 | teacher=0.7209 agree_ov=0.850 agree_nov=0.690 (1s)
[glass] seed=12 Distill-S a=0.8: val=0.4706 test=0.5116 gap=0.3704 | teacher=0.5581 agree_ov=0.778 agree_nov=0.733 (1s)
[glass] seed=12 Distill-S a=1.0: val=0.4706 test=0.5349 gap=0.3120 | teacher=0.6977 agree_ov=0.706 agree_nov=1.000 (1s)
[glass] seed=13 Baseline-Half: val=0.6471 test=0.5349 gap=0.0469 (1s)
[glass] seed=13 Baseline-LS: val=0.7647 test=0.5581 gap=0.0614 (1s)
[glass] seed=13 Baseline-Full: val=0.8235 test=0.5814 gap=0.0745 (1s)
[glass] seed=13 Distill-S a=0.0: val=0.7353 test=0.5581 gap=0.0912 | teacher=0.5581 agree_ov=nan agree_nov=0.797 (2s)
[glass] seed=13 Distill-S a=0.2: val=0.7059 test=0.5349 gap=0.0038 | teacher=0.5581 agree_ov=0.846 agree_nov=0.768 (1s)
[glass] seed=13 Distill-S a=0.4: val=0.6765 test=0.5349 gap=0.0328 | teacher=0.5349 agree_ov=0.852 agree_nov=0.952 (1s)
[glass] seed=13 Distill-S a=0.6: val=0.5882 test=0.4884 gap=0.1211 | teacher=0.5116 agree_ov=0.825 agree_nov=0.759 (1s)
[glass] seed=13 Distill-S a=0.8: val=0.6765 test=0.5349 gap=0.1927 | teacher=0.5814 agree_ov=0.833 agree_nov=0.600 (1s)
[glass] seed=13 Distill-S a=1.0: val=0.7059 test=0.5349 gap=0.0614 | teacher=0.6047 agree_ov=0.779 agree_nov=1.000 (1s)
[glass] seed=14 Baseline-Half: val=0.5588 test=0.6744 gap=0.2084 (1s)
[glass] seed=14 Baseline-LS: val=0.5882 test=0.6744 gap=0.1645 (1s)
[glass] seed=14 Baseline-Full: val=0.6471 test=0.7442 gap=0.1705 (1s)
[glass] seed=14 Distill-S a=0.0: val=0.6471 test=0.6977 gap=0.1355 | teacher=0.6744 agree_ov=nan agree_nov=0.754 (2s)
[glass] seed=14 Distill-S a=0.2: val=0.5882 test=0.6744 gap=0.2523 | teacher=0.7209 agree_ov=0.692 agree_nov=0.875 (2s)
[glass] seed=14 Distill-S a=0.4: val=0.6765 test=0.7209 gap=0.1641 | teacher=0.7674 agree_ov=0.852 agree_nov=0.810 (2s)
[glass] seed=14 Distill-S a=0.6: val=0.5882 test=0.6744 gap=0.2229 | teacher=0.6047 agree_ov=0.850 agree_nov=0.724 (1s)
[glass] seed=14 Distill-S a=0.8: val=0.5882 test=0.6744 gap=0.1790 | teacher=0.7209 agree_ov=0.815 agree_nov=0.733 (1s)
[glass] seed=14 Distill-S a=1.0: val=0.5588 test=0.6744 gap=0.1939 | teacher=0.6279 agree_ov=0.809 agree_nov=1.000 (1s)
[glass] seed=15 Baseline-Half: val=0.5882 test=0.5581 gap=0.2523 (1s)
[glass] seed=15 Baseline-LS: val=0.5882 test=0.5581 gap=0.2379 (1s)
[glass] seed=15 Baseline-Full: val=0.6471 test=0.6744 gap=0.1483 (1s)
[glass] seed=15 Distill-S a=0.0: val=0.6176 test=0.6279 gap=0.1505 | teacher=0.6744 agree_ov=nan agree_nov=0.783 (2s)
[glass] seed=15 Distill-S a=0.2: val=0.6471 test=0.5814 gap=0.1355 | teacher=0.6977 agree_ov=1.000 agree_nov=0.768 (1s)
[glass] seed=15 Distill-S a=0.4: val=0.6176 test=0.5581 gap=0.0921 | teacher=0.6047 agree_ov=0.815 agree_nov=0.833 (1s)
[glass] seed=15 Distill-S a=0.6: val=0.6471 test=0.6279 gap=0.1211 | teacher=0.5581 agree_ov=0.925 agree_nov=0.724 (1s)
[glass] seed=15 Distill-S a=0.8: val=0.6471 test=0.6047 gap=0.1650 | teacher=0.5581 agree_ov=0.833 agree_nov=0.600 (1s)
[glass] seed=15 Distill-S a=1.0: val=0.5882 test=0.5581 gap=0.2229 | teacher=0.4884 agree_ov=0.750 agree_nov=1.000 (1s)
[glass] seed=16 Baseline-Half: val=0.6765 test=0.6512 gap=0.1786 (1s)
[glass] seed=16 Baseline-LS: val=0.6176 test=0.6512 gap=0.2225 (2s)
[glass] seed=16 Baseline-Full: val=0.6765 test=0.7209 gap=0.1705 (1s)
[glass] seed=16 Distill-S a=0.0: val=0.6471 test=0.6744 gap=0.1500 | teacher=0.6512 agree_ov=nan agree_nov=0.783 (2s)
[glass] seed=16 Distill-S a=0.2: val=0.6765 test=0.6744 gap=0.0916 | teacher=0.6047 agree_ov=1.000 agree_nov=0.786 (2s)
[glass] seed=16 Distill-S a=0.4: val=0.6471 test=0.6744 gap=0.1790 | teacher=0.6744 agree_ov=0.889 agree_nov=0.833 (2s)
[glass] seed=16 Distill-S a=0.6: val=0.6471 test=0.6977 gap=0.1645 | teacher=0.6279 agree_ov=0.900 agree_nov=0.966 (2s)
[glass] seed=16 Distill-S a=0.8: val=0.6471 test=0.6512 gap=0.1790 | teacher=0.6279 agree_ov=0.815 agree_nov=0.933 (2s)
[glass] seed=16 Distill-S a=1.0: val=0.6765 test=0.6512 gap=0.2080 | teacher=0.6279 agree_ov=0.853 agree_nov=1.000 (2s)
[glass] seed=17 Baseline-Half: val=0.4706 test=0.6047 gap=0.3414 (1s)
[glass] seed=17 Baseline-LS: val=0.5588 test=0.7442 gap=0.3687 (2s)
[glass] seed=17 Baseline-Full: val=0.5294 test=0.7442 gap=0.3394 (1s)
[glass] seed=17 Distill-S a=0.0: val=0.4412 test=0.6279 gap=0.3124 | teacher=0.7209 agree_ov=nan agree_nov=0.913 (1s)
[glass] seed=17 Distill-S a=0.2: val=0.4706 test=0.6512 gap=0.2830 | teacher=0.7209 agree_ov=0.615 agree_nov=0.839 (1s)
[glass] seed=17 Distill-S a=0.4: val=0.4706 test=0.6279 gap=0.2685 | teacher=0.6977 agree_ov=0.741 agree_nov=0.857 (1s)
[glass] seed=17 Distill-S a=0.6: val=0.5588 test=0.6512 gap=0.2383 | teacher=0.7442 agree_ov=0.800 agree_nov=0.828 (1s)
[glass] seed=17 Distill-S a=0.8: val=0.5588 test=0.6279 gap=0.2097 | teacher=0.7209 agree_ov=0.759 agree_nov=0.933 (1s)
[glass] seed=17 Distill-S a=1.0: val=0.4706 test=0.6047 gap=0.3414 | teacher=0.7442 agree_ov=0.750 agree_nov=1.000 (1s)
[glass] seed=18 Baseline-Half: val=0.6765 test=0.6512 gap=0.1927 (2s)
[glass] seed=18 Baseline-LS: val=0.7353 test=0.6512 gap=0.2225 (2s)
[glass] seed=18 Baseline-Full: val=0.7059 test=0.7209 gap=0.1773 (2s)
[glass] seed=18 Distill-S a=0.0: val=0.7353 test=0.6512 gap=0.0618 | teacher=0.6279 agree_ov=nan agree_nov=0.783 (2s)
[glass] seed=18 Distill-S a=0.2: val=0.6765 test=0.6744 gap=0.0916 | teacher=0.6744 agree_ov=0.923 agree_nov=0.875 (2s)
[glass] seed=18 Distill-S a=0.4: val=0.7059 test=0.6512 gap=0.1931 | teacher=0.6512 agree_ov=0.926 agree_nov=0.857 (2s)
[glass] seed=18 Distill-S a=0.6: val=0.7647 test=0.6279 gap=0.0904 | teacher=0.6279 agree_ov=0.925 agree_nov=0.897 (2s)
[glass] seed=18 Distill-S a=0.8: val=0.7059 test=0.6744 gap=0.1786 | teacher=0.6047 agree_ov=0.870 agree_nov=0.933 (1s)
[glass] seed=18 Distill-S a=1.0: val=0.7353 test=0.6512 gap=0.1927 | teacher=0.6047 agree_ov=0.868 agree_nov=1.000 (2s)
[glass] seed=19 Baseline-Half: val=0.6471 test=0.6744 gap=0.2225 (2s)
[glass] seed=19 Baseline-LS: val=0.6765 test=0.6744 gap=0.1492 (1s)
[glass] seed=19 Baseline-Full: val=0.7647 test=0.6977 gap=0.1258 (2s)
[glass] seed=19 Distill-S a=0.0: val=0.6765 test=0.6977 gap=0.1211 | teacher=0.6744 agree_ov=nan agree_nov=0.826 (2s)
[glass] seed=19 Distill-S a=0.2: val=0.7059 test=0.6744 gap=0.1786 | teacher=0.6047 agree_ov=0.846 agree_nov=0.786 (2s)
[glass] seed=19 Distill-S a=0.4: val=0.6765 test=0.6977 gap=0.1645 | teacher=0.6744 agree_ov=0.852 agree_nov=0.833 (1s)
[glass] seed=19 Distill-S a=0.6: val=0.7059 test=0.6977 gap=0.1202 | teacher=0.6977 agree_ov=0.825 agree_nov=0.862 (1s)
[glass] seed=19 Distill-S a=0.8: val=0.7353 test=0.6744 gap=0.1790 | teacher=0.7674 agree_ov=0.889 agree_nov=0.733 (1s)
[glass] seed=19 Distill-S a=1.0: val=0.7059 test=0.6744 gap=0.1347 | teacher=0.6977 agree_ov=0.882 agree_nov=1.000 (1s)
[glass] seed=0 beta=0.2 Distill-S: test=0.6512 gap=0.1144 | teacher=0.5814 (1s)
[glass] seed=0 beta=0.3 Distill-S: test=0.6279 gap=0.1152 | teacher=0.6047 (1s)
[glass] seed=0 beta=0.4 Distill-S: test=0.6279 gap=0.2310 | teacher=0.6512 (1s)
[glass] seed=0 beta=0.5 Distill-S: test=0.6512 gap=0.1939 | teacher=0.6047 (2s)
[glass] seed=0 beta=0.6 Distill-S: test=0.3488 gap=0.2203 | teacher=0.5814 (1s)
[glass] seed=0 beta=0.7 Distill-S: test=0.6047 gap=0.2815 | teacher=0.6047 (2s)
[glass] seed=0 beta=0.8 Distill-S: test=0.3488 gap=0.2857 | teacher=0.7209 (1s)
[glass] seed=1 beta=0.2 Distill-S: test=0.6744 gap=0.1299 | teacher=0.7442 (1s)
[glass] seed=1 beta=0.3 Distill-S: test=0.7442 gap=0.1219 | teacher=0.7674 (1s)
[glass] seed=1 beta=0.4 Distill-S: test=0.7209 gap=0.1896 | teacher=0.7442 (1s)
[glass] seed=1 beta=0.5 Distill-S: test=0.6744 gap=0.1206 | teacher=0.7442 (2s)
[glass] seed=1 beta=0.6 Distill-S: test=0.6744 gap=0.1348 | teacher=0.7674 (1s)
[glass] seed=1 beta=0.7 Distill-S: test=0.7209 gap=0.1625 | teacher=0.7674 (1s)
[glass] seed=1 beta=0.8 Distill-S: test=0.6977 gap=0.3172 | teacher=0.7674 (1s)
[glass] seed=2 beta=0.2 Distill-S: test=0.7442 gap=0.0326 | teacher=0.5349 (2s)
[glass] seed=2 beta=0.3 Distill-S: test=0.7442 gap=0.1569 | teacher=0.6279 (3s)
[glass] seed=2 beta=0.4 Distill-S: test=0.6744 gap=0.0237 | teacher=0.6512 (1s)
[glass] seed=2 beta=0.5 Distill-S: test=0.6744 gap=0.0627 | teacher=0.6512 (1s)
[glass] seed=2 beta=0.6 Distill-S: test=0.7674 gap=0.0422 | teacher=0.6279 (1s)
[glass] seed=2 beta=0.7 Distill-S: test=0.7209 gap=0.0924 | teacher=0.6744 (2s)
[glass] seed=2 beta=0.8 Distill-S: test=0.7209 gap=0.1218 | teacher=0.7674 (1s)
[glass] seed=3 beta=0.2 Distill-S: test=0.6977 gap=0.1979 | teacher=0.6279 (1s)
[glass] seed=3 beta=0.3 Distill-S: test=0.6744 gap=0.1703 | teacher=0.6512 (1s)
[glass] seed=3 beta=0.4 Distill-S: test=0.6744 gap=0.1814 | teacher=0.6977 (1s)
[glass] seed=3 beta=0.5 Distill-S: test=0.5814 gap=0.1812 | teacher=0.7209 (1s)
[glass] seed=3 beta=0.6 Distill-S: test=0.6512 gap=0.1433 | teacher=0.7209 (1s)
[glass] seed=3 beta=0.7 Distill-S: test=0.5349 gap=0.2269 | teacher=0.7907 (1s)
[glass] seed=3 beta=0.8 Distill-S: test=0.5349 gap=0.4223 | teacher=0.7674 (1s)
[glass] seed=4 beta=0.2 Distill-S: test=0.6047 gap=0.0032 | teacher=0.3953 (1s)
[glass] seed=4 beta=0.3 Distill-S: test=0.6279 gap=0.0925 | teacher=0.5814 (1s)
[glass] seed=4 beta=0.4 Distill-S: test=0.6279 gap=0.1293 | teacher=0.6047 (1s)
[glass] seed=4 beta=0.5 Distill-S: test=0.6977 gap=0.1944 | teacher=0.6512 (1s)
[glass] seed=4 beta=0.6 Distill-S: test=0.5349 gap=0.1027 | teacher=0.6744 (0s)
[glass] seed=4 beta=0.7 Distill-S: test=0.6047 gap=0.1078 | teacher=0.6512 (1s)
[glass] seed=4 beta=0.8 Distill-S: test=0.5349 gap=0.2794 | teacher=0.6977 (1s)
[glass] seed=5 beta=0.2 Distill-S: test=0.6977 gap=0.1433 | teacher=0.6744 (1s)
[glass] seed=5 beta=0.3 Distill-S: test=0.7209 gap=0.0631 | teacher=0.6977 (1s)
[glass] seed=5 beta=0.4 Distill-S: test=0.7209 gap=0.0223 | teacher=0.6977 (2s)
[glass] seed=5 beta=0.5 Distill-S: test=0.6744 gap=0.1496 | teacher=0.7209 (3s)
[glass] seed=5 beta=0.6 Distill-S: test=0.6744 gap=0.0508 | teacher=0.6977 (1s)
[glass] seed=5 beta=0.7 Distill-S: test=0.6047 gap=0.1317 | teacher=0.6512 (1s)
[glass] seed=5 beta=0.8 Distill-S: test=0.5814 gap=0.2626 | teacher=0.7209 (1s)
[glass] seed=6 beta=0.2 Distill-S: test=0.8140 gap=0.2091 | teacher=0.7907 (1s)
[glass] seed=6 beta=0.3 Distill-S: test=0.7674 gap=0.2396 | teacher=0.6977 (1s)
[glass] seed=6 beta=0.4 Distill-S: test=0.7209 gap=0.2523 | teacher=0.6744 (1s)
[glass] seed=6 beta=0.5 Distill-S: test=0.7674 gap=0.2540 | teacher=0.6977 (1s)
[glass] seed=6 beta=0.6 Distill-S: test=0.7442 gap=0.3043 | teacher=0.6744 (1s)
[glass] seed=6 beta=0.7 Distill-S: test=0.5581 gap=0.3557 | teacher=0.6512 (1s)
[glass] seed=6 beta=0.8 Distill-S: test=0.3023 gap=0.1828 | teacher=0.6512 (0s)
[glass] seed=7 beta=0.2 Distill-S: test=0.4651 gap=0.1775 | teacher=0.3953 (1s)
[glass] seed=7 beta=0.3 Distill-S: test=0.6512 gap=0.1703 | teacher=0.5116 (1s)
[glass] seed=7 beta=0.4 Distill-S: test=0.6279 gap=0.2123 | teacher=0.6047 (1s)
[glass] seed=7 beta=0.5 Distill-S: test=0.6744 gap=0.2673 | teacher=0.6512 (1s)
[glass] seed=7 beta=0.6 Distill-S: test=0.6977 gap=0.1754 | teacher=0.6047 (1s)
[glass] seed=7 beta=0.7 Distill-S: test=0.6744 gap=0.2031 | teacher=0.6977 (1s)
[glass] seed=7 beta=0.8 Distill-S: test=0.5814 gap=0.2374 | teacher=0.6512 (1s)
[glass] seed=8 beta=0.2 Distill-S: test=0.6279 gap=0.2385 | teacher=0.5349 (1s)
[glass] seed=8 beta=0.3 Distill-S: test=0.5349 gap=0.1789 | teacher=0.5349 (1s)
[glass] seed=8 beta=0.4 Distill-S: test=0.5349 gap=0.2055 | teacher=0.5581 (1s)
[glass] seed=8 beta=0.5 Distill-S: test=0.6047 gap=0.2238 | teacher=0.6512 (1s)
[glass] seed=8 beta=0.6 Distill-S: test=0.6047 gap=0.2412 | teacher=0.6744 (1s)
[glass] seed=8 beta=0.7 Distill-S: test=0.5581 gap=0.1975 | teacher=0.6744 (1s)
[glass] seed=8 beta=0.8 Distill-S: test=0.5349 gap=0.2626 | teacher=0.6744 (1s)
[glass] seed=9 beta=0.2 Distill-S: test=0.4419 gap=-0.0513 | teacher=0.3256 (1s)
[glass] seed=9 beta=0.3 Distill-S: test=0.5581 gap=0.0147 | teacher=0.4884 (1s)
[glass] seed=9 beta=0.4 Distill-S: test=0.5814 gap=0.0358 | teacher=0.4884 (1s)
[glass] seed=9 beta=0.5 Distill-S: test=0.5116 gap=0.1496 | teacher=0.5581 (1s)
[glass] seed=9 beta=0.6 Distill-S: test=0.5349 gap=0.1487 | teacher=0.5581 (1s)
[glass] seed=9 beta=0.7 Distill-S: test=0.5349 gap=0.1331 | teacher=0.6047 (1s)
[glass] seed=9 beta=0.8 Distill-S: test=0.5581 gap=0.2101 | teacher=0.6512 (0s)
[glass] seed=10 beta=0.2 Distill-S: test=0.6512 gap=-0.0898 | teacher=0.5581 (1s)
[glass] seed=10 beta=0.3 Distill-S: test=0.6512 gap=-0.0944 | teacher=0.6512 (1s)
[glass] seed=10 beta=0.4 Distill-S: test=0.6744 gap=-0.0298 | teacher=0.6977 (1s)
[glass] seed=10 beta=0.5 Distill-S: test=0.6512 gap=-0.0260 | teacher=0.6744 (1s)
[glass] seed=10 beta=0.6 Distill-S: test=0.6279 gap=0.0171 | teacher=0.6512 (1s)
[glass] seed=10 beta=0.7 Distill-S: test=0.6512 gap=0.2157 | teacher=0.6512 (1s)
[glass] seed=10 beta=0.8 Distill-S: test=0.6047 gap=0.1450 | teacher=0.6977 (1s)
[glass] seed=11 beta=0.2 Distill-S: test=0.5814 gap=0.0866 | teacher=0.6279 (1s)
[glass] seed=11 beta=0.3 Distill-S: test=0.5814 gap=0.0888 | teacher=0.5814 (1s)
[glass] seed=11 beta=0.4 Distill-S: test=0.5814 gap=0.0811 | teacher=0.5814 (0s)
[glass] seed=11 beta=0.5 Distill-S: test=0.5581 gap=0.1219 | teacher=0.6279 (1s)
[glass] seed=11 beta=0.6 Distill-S: test=0.5581 gap=0.1754 | teacher=0.5349 (1s)
[glass] seed=11 beta=0.7 Distill-S: test=0.5116 gap=0.0840 | teacher=0.6279 (1s)
[glass] seed=11 beta=0.8 Distill-S: test=0.5814 gap=0.1849 | teacher=0.6047 (0s)
[glass] seed=12 beta=0.2 Distill-S: test=0.6279 gap=0.2070 | teacher=0.4419 (1s)
[glass] seed=12 beta=0.3 Distill-S: test=0.6047 gap=0.1685 | teacher=0.5581 (1s)
[glass] seed=12 beta=0.4 Distill-S: test=0.6977 gap=0.1882 | teacher=0.6744 (1s)
[glass] seed=12 beta=0.5 Distill-S: test=0.6512 gap=0.2246 | teacher=0.6977 (1s)
[glass] seed=12 beta=0.6 Distill-S: test=0.6047 gap=0.2455 | teacher=0.6512 (1s)
[glass] seed=12 beta=0.7 Distill-S: test=0.5814 gap=0.1779 | teacher=0.6279 (1s)
[glass] seed=12 beta=0.8 Distill-S: test=0.5349 gap=0.2605 | teacher=0.6512 (1s)
[glass] seed=13 beta=0.2 Distill-S: test=0.4419 gap=-0.0717 | teacher=0.3953 (1s)
[glass] seed=13 beta=0.3 Distill-S: test=0.5814 gap=0.0441 | teacher=0.4651 (1s)
[glass] seed=13 beta=0.4 Distill-S: test=0.5814 gap=0.0532 | teacher=0.5349 (1s)
[glass] seed=13 beta=0.5 Distill-S: test=0.5581 gap=0.0912 | teacher=0.5581 (1s)
[glass] seed=13 beta=0.6 Distill-S: test=0.5814 gap=0.0578 | teacher=0.5814 (1s)
[glass] seed=13 beta=0.7 Distill-S: test=0.5581 gap=0.1387 | teacher=0.5814 (1s)
[glass] seed=13 beta=0.8 Distill-S: test=0.6279 gap=0.1807 | teacher=0.6047 (1s)
[glass] seed=14 beta=0.2 Distill-S: test=0.7442 gap=0.1053 | teacher=0.7209 (1s)
[glass] seed=14 beta=0.3 Distill-S: test=0.7442 gap=0.1636 | teacher=0.6047 (1s)
[glass] seed=14 beta=0.4 Distill-S: test=0.7209 gap=0.1534 | teacher=0.6744 (1s)
[glass] seed=14 beta=0.5 Distill-S: test=0.6977 gap=0.1355 | teacher=0.6744 (1s)
[glass] seed=14 beta=0.6 Distill-S: test=0.6977 gap=0.2369 | teacher=0.6512 (1s)
[glass] seed=14 beta=0.7 Distill-S: test=0.6977 gap=0.2395 | teacher=0.6512 (1s)
[glass] seed=14 beta=0.8 Distill-S: test=0.6512 gap=0.2689 | teacher=0.7674 (1s)
[glass] seed=15 beta=0.2 Distill-S: test=0.5814 gap=0.0032 | teacher=0.5581 (1s)
[glass] seed=15 beta=0.3 Distill-S: test=0.6047 gap=0.1048 | teacher=0.5814 (1s)
[glass] seed=15 beta=0.4 Distill-S: test=0.6744 gap=0.0599 | teacher=0.6744 (1s)
[glass] seed=15 beta=0.5 Distill-S: test=0.6279 gap=0.1505 | teacher=0.6744 (1s)
[glass] seed=15 beta=0.6 Distill-S: test=0.6279 gap=0.1684 | teacher=0.6744 (1s)
[glass] seed=15 beta=0.7 Distill-S: test=0.5581 gap=0.2143 | teacher=0.6512 (1s)
[glass] seed=15 beta=0.8 Distill-S: test=0.5814 gap=0.2080 | teacher=0.6512 (1s)
[glass] seed=16 beta=0.2 Distill-S: test=0.6512 gap=0.1481 | teacher=0.6512 (1s)
[glass] seed=16 beta=0.3 Distill-S: test=0.6279 gap=0.1238 | teacher=0.6512 (1s)
[glass] seed=16 beta=0.4 Distill-S: test=0.6512 gap=0.1722 | teacher=0.6744 (1s)
[glass] seed=16 beta=0.5 Distill-S: test=0.6744 gap=0.1500 | teacher=0.6512 (1s)
[glass] seed=16 beta=0.6 Distill-S: test=0.6744 gap=0.2005 | teacher=0.6512 (1s)
[glass] seed=16 beta=0.7 Distill-S: test=0.6512 gap=0.0910 | teacher=0.6744 (1s)
[glass] seed=16 beta=0.8 Distill-S: test=0.6744 gap=0.2857 | teacher=0.6744 (1s)
[glass] seed=17 beta=0.2 Distill-S: test=0.5116 gap=0.2043 | teacher=0.7209 (1s)
[glass] seed=17 beta=0.3 Distill-S: test=0.7209 gap=0.2206 | teacher=0.6744 (1s)
[glass] seed=17 beta=0.4 Distill-S: test=0.7209 gap=0.2123 | teacher=0.6279 (1s)
[glass] seed=17 beta=0.5 Distill-S: test=0.6279 gap=0.3124 | teacher=0.7209 (1s)
[glass] seed=17 beta=0.6 Distill-S: test=0.5349 gap=0.2540 | teacher=0.7442 (0s)
[glass] seed=17 beta=0.7 Distill-S: test=0.5349 gap=0.3081 | teacher=0.7209 (0s)
[glass] seed=17 beta=0.8 Distill-S: test=0.4651 gap=0.3319 | teacher=0.7442 (0s)
[glass] seed=18 beta=0.2 Distill-S: test=0.6977 gap=0.0011 | teacher=0.6279 (1s)
[glass] seed=18 beta=0.3 Distill-S: test=0.6977 gap=0.0270 | teacher=0.6512 (1s)
[glass] seed=18 beta=0.4 Distill-S: test=0.6512 gap=0.0787 | teacher=0.6744 (2s)
[glass] seed=18 beta=0.5 Distill-S: test=0.6512 gap=0.0618 | teacher=0.6279 (1s)
[glass] seed=18 beta=0.6 Distill-S: test=0.6279 gap=0.1963 | teacher=0.6744 (1s)
[glass] seed=18 beta=0.7 Distill-S: test=0.6512 gap=0.1919 | teacher=0.7209 (1s)
[glass] seed=18 beta=0.8 Distill-S: test=0.6744 gap=0.1155 | teacher=0.6512 (1s)
[glass] seed=19 beta=0.2 Distill-S: test=0.6977 gap=0.1348 | teacher=0.6047 (1s)
[glass] seed=19 beta=0.3 Distill-S: test=0.7674 gap=0.1464 | teacher=0.6744 (1s)
[glass] seed=19 beta=0.4 Distill-S: test=0.7442 gap=0.1134 | teacher=0.6279 (3s)
[glass] seed=19 beta=0.5 Distill-S: test=0.6977 gap=0.1211 | teacher=0.6744 (2s)
[glass] seed=19 beta=0.6 Distill-S: test=0.6512 gap=0.1893 | teacher=0.6279 (1s)
[glass] seed=19 beta=0.7 Distill-S: test=0.6977 gap=0.2101 | teacher=0.7674 (1s)
[glass] seed=19 beta=0.8 Distill-S: test=0.7209 gap=0.3109 | teacher=0.7907 (1s)
