dataset,alpha,group,seed,e_star,best_val_acc,auc_val,final_gen_gap,train_acc_final,val_acc_final,n_epochs,test_acc_best,test_acc_final,test_loss_best,test_loss_final,ece_best,ece_final,entropy_mean_best,conf_mean_best,teacher_test_acc,teacher_ece,teacher_conf_mean,teacher_entropy_mean,teacher_soft_entropy,teacher_soft_conf,agreement_overlap,agreement_nonoverlap
fashion_mnist,0.0,Baseline-Full,0,4,0.931,22.279041666666664,0.06172916666666661,0.9948958333333333,0.9331666666666667,25,0.92,0.9218,0.2200411558151245,0.4276353418827057,0.018313430845737465,0.05969790423810478,0.16255910694599152,0.9377156496047974,,,,,,,,
fashion_mnist,0.2,Baseline-Full,0,4,0.931,22.279041666666664,0.06172916666666661,0.9948958333333333,0.9331666666666667,25,0.92,0.9218,0.2200411558151245,0.4276353418827057,0.018313430845737465,0.05969790423810478,0.16255910694599152,0.9377156496047974,,,,,,,,
fashion_mnist,0.4,Baseline-Full,0,4,0.931,22.279041666666664,0.06172916666666661,0.9948958333333333,0.9331666666666667,25,0.92,0.9218,0.2200411558151245,0.4276353418827057,0.018313430845737465,0.05969790423810478,0.16255910694599152,0.9377156496047974,,,,,,,,
fashion_mnist,0.6,Baseline-Full,0,4,0.931,22.279041666666664,0.06172916666666661,0.9948958333333333,0.9331666666666667,25,0.92,0.9218,0.2200411558151245,0.4276353418827057,0.018313430845737465,0.05969790423810478,0.16255910694599152,0.9377156496047974,,,,,,,,
fashion_mnist,0.8,Baseline-Full,0,4,0.931,22.279041666666664,0.06172916666666661,0.9948958333333333,0.9331666666666667,25,0.92,0.9218,0.2200411558151245,0.4276353418827057,0.018313430845737465,0.05969790423810478,0.16255910694599152,0.9377156496047974,,,,,,,,
fashion_mnist,1.0,Baseline-Full,0,4,0.931,22.279041666666664,0.06172916666666661,0.9948958333333333,0.9331666666666667,25,0.92,0.9218,0.2200411558151245,0.4276353418827057,0.018313430845737465,0.05969790423810478,0.16255910694599152,0.9377156496047974,,,,,,,,
fashion_mnist,0.0,Baseline-Full,1,3,0.9249166666666667,21.33625,0.06152083333333325,0.9945208333333333,0.933,24,0.9219,0.9251,0.22932693362236023,0.432771772146225,0.015584229359030685,0.058459262689948034,0.17571699619293213,0.934800386428833,,,,,,,,
fashion_mnist,0.2,Baseline-Full,1,3,0.9249166666666667,21.33625,0.06152083333333325,0.9945208333333333,0.933,24,0.9219,0.9251,0.22932693362236023,0.432771772146225,0.015584229359030685,0.058459262689948034,0.17571699619293213,0.934800386428833,,,,,,,,
fashion_mnist,0.4,Baseline-Full,1,3,0.9249166666666667,21.33625,0.06152083333333325,0.9945208333333333,0.933,24,0.9219,0.9251,0.22932693362236023,0.432771772146225,0.015584229359030685,0.058459262689948034,0.17571699619293213,0.934800386428833,,,,,,,,
fashion_mnist,0.6,Baseline-Full,1,3,0.9249166666666667,21.33625,0.06152083333333325,0.9945208333333333,0.933,24,0.9219,0.9251,0.22932693362236023,0.432771772146225,0.015584229359030685,0.058459262689948034,0.17571699619293213,0.934800386428833,,,,,,,,
fashion_mnist,0.8,Baseline-Full,1,3,0.9249166666666667,21.33625,0.06152083333333325,0.9945208333333333,0.933,24,0.9219,0.9251,0.22932693362236023,0.432771772146225,0.015584229359030685,0.058459262689948034,0.17571699619293213,0.934800386428833,,,,,,,,
fashion_mnist,1.0,Baseline-Full,1,3,0.9249166666666667,21.33625,0.06152083333333325,0.9945208333333333,0.933,24,0.9219,0.9251,0.22932693362236023,0.432771772146225,0.015584229359030685,0.058459262689948034,0.17571699619293213,0.934800386428833,,,,,,,,
fashion_mnist,0.0,Baseline-Full,2,5,0.9235833333333333,23.104166666666664,0.06700000000000006,0.9938333333333333,0.9268333333333333,26,0.924,0.9242,0.22204291820526123,0.4213474690914154,0.02223984807729724,0.05694972609281544,0.14856596291065216,0.9454888701438904,,,,,,,,
fashion_mnist,0.2,Baseline-Full,2,5,0.9235833333333333,23.104166666666664,0.06700000000000006,0.9938333333333333,0.9268333333333333,26,0.924,0.9242,0.22204291820526123,0.4213474690914154,0.02223984807729724,0.05694972609281544,0.14856596291065216,0.9454888701438904,,,,,,,,
fashion_mnist,0.4,Baseline-Full,2,5,0.9235833333333333,23.104166666666664,0.06700000000000006,0.9938333333333333,0.9268333333333333,26,0.924,0.9242,0.22204291820526123,0.4213474690914154,0.02223984807729724,0.05694972609281544,0.14856596291065216,0.9454888701438904,,,,,,,,
fashion_mnist,0.6,Baseline-Full,2,5,0.9235833333333333,23.104166666666664,0.06700000000000006,0.9938333333333333,0.9268333333333333,26,0.924,0.9242,0.22204291820526123,0.4213474690914154,0.02223984807729724,0.05694972609281544,0.14856596291065216,0.9454888701438904,,,,,,,,
fashion_mnist,0.8,Baseline-Full,2,5,0.9235833333333333,23.104166666666664,0.06700000000000006,0.9938333333333333,0.9268333333333333,26,0.924,0.9242,0.22204291820526123,0.4213474690914154,0.02223984807729724,0.05694972609281544,0.14856596291065216,0.9454888701438904,,,,,,,,
fashion_mnist,1.0,Baseline-Full,2,5,0.9235833333333333,23.104166666666664,0.06700000000000006,0.9938333333333333,0.9268333333333333,26,0.924,0.9242,0.22204291820526123,0.4213474690914154,0.02223984807729724,0.05694972609281544,0.14856596291065216,0.9454888701438904,,,,,,,,
fashion_mnist,0.0,Baseline-Full,3,3,0.928,21.273249999999997,0.06466666666666665,0.9928333333333333,0.9281666666666667,24,0.9227,0.9233,0.21695004403591156,0.3965299427509308,0.018415155526995675,0.05516058081686501,0.1558164656162262,0.9410824179649353,,,,,,,,
fashion_mnist,0.2,Baseline-Full,3,3,0.928,21.273249999999997,0.06466666666666665,0.9928333333333333,0.9281666666666667,24,0.9227,0.9233,0.21695004403591156,0.3965299427509308,0.018415155526995675,0.05516058081686501,0.1558164656162262,0.9410824179649353,,,,,,,,
fashion_mnist,0.4,Baseline-Full,3,3,0.928,21.273249999999997,0.06466666666666665,0.9928333333333333,0.9281666666666667,24,0.9227,0.9233,0.21695004403591156,0.3965299427509308,0.018415155526995675,0.05516058081686501,0.1558164656162262,0.9410824179649353,,,,,,,,
fashion_mnist,0.6,Baseline-Full,3,3,0.928,21.273249999999997,0.06466666666666665,0.9928333333333333,0.9281666666666667,24,0.9227,0.9233,0.21695004403591156,0.3965299427509308,0.018415155526995675,0.05516058081686501,0.1558164656162262,0.9410824179649353,,,,,,,,
fashion_mnist,0.8,Baseline-Full,3,3,0.928,21.273249999999997,0.06466666666666665,0.9928333333333333,0.9281666666666667,24,0.9227,0.9233,0.21695004403591156,0.3965299427509308,0.018415155526995675,0.05516058081686501,0.1558164656162262,0.9410824179649353,,,,,,,,
fashion_mnist,1.0,Baseline-Full,3,3,0.928,21.273249999999997,0.06466666666666665,0.9928333333333333,0.9281666666666667,24,0.9227,0.9233,0.21695004403591156,0.3965299427509308,0.018415155526995675,0.05516058081686501,0.1558164656162262,0.9410824179649353,,,,,,,,
fashion_mnist,0.0,Baseline-Full,4,6,0.9270833333333334,23.952625,0.07110416666666663,0.9964375,0.9253333333333333,27,0.9241,0.9289,0.23432700335979462,0.4400157332420349,0.030714297801256153,0.055677357232570675,0.11814373731613159,0.9548142552375793,,,,,,,,
fashion_mnist,0.2,Baseline-Full,4,6,0.9270833333333334,23.952625,0.07110416666666663,0.9964375,0.9253333333333333,27,0.9241,0.9289,0.23432700335979462,0.4400157332420349,0.030714297801256153,0.055677357232570675,0.11814373731613159,0.9548142552375793,,,,,,,,
fashion_mnist,0.4,Baseline-Full,4,6,0.9270833333333334,23.952625,0.07110416666666663,0.9964375,0.9253333333333333,27,0.9241,0.9289,0.23432700335979462,0.4400157332420349,0.030714297801256153,0.055677357232570675,0.11814373731613159,0.9548142552375793,,,,,,,,
fashion_mnist,0.6,Baseline-Full,4,6,0.9270833333333334,23.952625,0.07110416666666663,0.9964375,0.9253333333333333,27,0.9241,0.9289,0.23432700335979462,0.4400157332420349,0.030714297801256153,0.055677357232570675,0.11814373731613159,0.9548142552375793,,,,,,,,
fashion_mnist,0.8,Baseline-Full,4,6,0.9270833333333334,23.952625,0.07110416666666663,0.9964375,0.9253333333333333,27,0.9241,0.9289,0.23432700335979462,0.4400157332420349,0.030714297801256153,0.055677357232570675,0.11814373731613159,0.9548142552375793,,,,,,,,
fashion_mnist,1.0,Baseline-Full,4,6,0.9270833333333334,23.952625,0.07110416666666663,0.9964375,0.9253333333333333,27,0.9241,0.9289,0.23432700335979462,0.4400157332420349,0.030714297801256153,0.055677357232570675,0.11814373731613159,0.9548142552375793,,,,,,,,
fashion_mnist,0.0,Baseline-Full,5,5,0.9295,23.103499999999997,0.07120833333333332,0.9927916666666666,0.9215833333333333,26,0.9288,0.9227,0.20223833620548248,0.39669087529182434,0.01368200530111791,0.05424785864651205,0.1543736457824707,0.9420695304870605,,,,,,,,
fashion_mnist,0.2,Baseline-Full,5,5,0.9295,23.103499999999997,0.07120833333333332,0.9927916666666666,0.9215833333333333,26,0.9288,0.9227,0.20223833620548248,0.39669087529182434,0.01368200530111791,0.05424785864651205,0.1543736457824707,0.9420695304870605,,,,,,,,
fashion_mnist,0.4,Baseline-Full,5,5,0.9295,23.103499999999997,0.07120833333333332,0.9927916666666666,0.9215833333333333,26,0.9288,0.9227,0.20223833620548248,0.39669087529182434,0.01368200530111791,0.05424785864651205,0.1543736457824707,0.9420695304870605,,,,,,,,
fashion_mnist,0.6,Baseline-Full,5,5,0.9295,23.103499999999997,0.07120833333333332,0.9927916666666666,0.9215833333333333,26,0.9288,0.9227,0.20223833620548248,0.39669087529182434,0.01368200530111791,0.05424785864651205,0.1543736457824707,0.9420695304870605,,,,,,,,
fashion_mnist,0.8,Baseline-Full,5,5,0.9295,23.103499999999997,0.07120833333333332,0.9927916666666666,0.9215833333333333,26,0.9288,0.9227,0.20223833620548248,0.39669087529182434,0.01368200530111791,0.05424785864651205,0.1543736457824707,0.9420695304870605,,,,,,,,
fashion_mnist,1.0,Baseline-Full,5,5,0.9295,23.103499999999997,0.07120833333333332,0.9927916666666666,0.9215833333333333,26,0.9288,0.9227,0.20223833620548248,0.39669087529182434,0.01368200530111791,0.05424785864651205,0.1543736457824707,0.9420695304870605,,,,,,,,
fashion_mnist,0.0,Baseline-Full,6,3,0.92725,21.297125,0.06335416666666671,0.9941875,0.9308333333333333,24,0.9195,0.9267,0.22026799619197845,0.40151551365852356,0.014889815635979197,0.05443365088105204,0.17730525135993958,0.9338926076889038,,,,,,,,
fashion_mnist,0.2,Baseline-Full,6,3,0.92725,21.297125,0.06335416666666671,0.9941875,0.9308333333333333,24,0.9195,0.9267,0.22026799619197845,0.40151551365852356,0.014889815635979197,0.05443365088105204,0.17730525135993958,0.9338926076889038,,,,,,,,
fashion_mnist,0.4,Baseline-Full,6,3,0.92725,21.297125,0.06335416666666671,0.9941875,0.9308333333333333,24,0.9195,0.9267,0.22026799619197845,0.40151551365852356,0.014889815635979197,0.05443365088105204,0.17730525135993958,0.9338926076889038,,,,,,,,
fashion_mnist,0.6,Baseline-Full,6,3,0.92725,21.297125,0.06335416666666671,0.9941875,0.9308333333333333,24,0.9195,0.9267,0.22026799619197845,0.40151551365852356,0.014889815635979197,0.05443365088105204,0.17730525135993958,0.9338926076889038,,,,,,,,
fashion_mnist,0.8,Baseline-Full,6,3,0.92725,21.297125,0.06335416666666671,0.9941875,0.9308333333333333,24,0.9195,0.9267,0.22026799619197845,0.40151551365852356,0.014889815635979197,0.05443365088105204,0.17730525135993958,0.9338926076889038,,,,,,,,
fashion_mnist,1.0,Baseline-Full,6,3,0.92725,21.297125,0.06335416666666671,0.9941875,0.9308333333333333,24,0.9195,0.9267,0.22026799619197845,0.40151551365852356,0.014889815635979197,0.05443365088105204,0.17730525135993958,0.9338926076889038,,,,,,,,
fashion_mnist,0.0,Baseline-Full,7,4,0.9303333333333333,22.235875,0.06514583333333335,0.9953125,0.9301666666666667,25,0.9218,0.9274,0.21802017092704773,0.45046353340148926,0.016440166413784027,0.055399610021710434,0.17077061533927917,0.9355800747871399,,,,,,,,
fashion_mnist,0.2,Baseline-Full,7,4,0.9303333333333333,22.235875,0.06514583333333335,0.9953125,0.9301666666666667,25,0.9218,0.9274,0.21802017092704773,0.45046353340148926,0.016440166413784027,0.055399610021710434,0.17077061533927917,0.9355800747871399,,,,,,,,
fashion_mnist,0.4,Baseline-Full,7,4,0.9303333333333333,22.235875,0.06514583333333335,0.9953125,0.9301666666666667,25,0.9218,0.9274,0.21802017092704773,0.45046353340148926,0.016440166413784027,0.055399610021710434,0.17077061533927917,0.9355800747871399,,,,,,,,
fashion_mnist,0.6,Baseline-Full,7,4,0.9303333333333333,22.235875,0.06514583333333335,0.9953125,0.9301666666666667,25,0.9218,0.9274,0.21802017092704773,0.45046353340148926,0.016440166413784027,0.055399610021710434,0.17077061533927917,0.9355800747871399,,,,,,,,
fashion_mnist,0.8,Baseline-Full,7,4,0.9303333333333333,22.235875,0.06514583333333335,0.9953125,0.9301666666666667,25,0.9218,0.9274,0.21802017092704773,0.45046353340148926,0.016440166413784027,0.055399610021710434,0.17077061533927917,0.9355800747871399,,,,,,,,
fashion_mnist,1.0,Baseline-Full,7,4,0.9303333333333333,22.235875,0.06514583333333335,0.9953125,0.9301666666666667,25,0.9218,0.9274,0.21802017092704773,0.45046353340148926,0.016440166413784027,0.055399610021710434,0.17077061533927917,0.9355800747871399,,,,,,,,
fashion_mnist,0.0,Baseline-Full,8,5,0.928,23.184666666666665,0.06687500000000002,0.995625,0.92875,26,0.9194,0.9203,0.22858896851539612,0.48325350880622864,0.023138208642602003,0.0619812499582767,0.15443676710128784,0.9413148164749146,,,,,,,,
fashion_mnist,0.2,Baseline-Full,8,5,0.928,23.184666666666665,0.06687500000000002,0.995625,0.92875,26,0.9194,0.9203,0.22858896851539612,0.48325350880622864,0.023138208642602003,0.0619812499582767,0.15443676710128784,0.9413148164749146,,,,,,,,
fashion_mnist,0.4,Baseline-Full,8,5,0.928,23.184666666666665,0.06687500000000002,0.995625,0.92875,26,0.9194,0.9203,0.22858896851539612,0.48325350880622864,0.023138208642602003,0.0619812499582767,0.15443676710128784,0.9413148164749146,,,,,,,,
fashion_mnist,0.6,Baseline-Full,8,5,0.928,23.184666666666665,0.06687500000000002,0.995625,0.92875,26,0.9194,0.9203,0.22858896851539612,0.48325350880622864,0.023138208642602003,0.0619812499582767,0.15443676710128784,0.9413148164749146,,,,,,,,
fashion_mnist,0.8,Baseline-Full,8,5,0.928,23.184666666666665,0.06687500000000002,0.995625,0.92875,26,0.9194,0.9203,0.22858896851539612,0.48325350880622864,0.023138208642602003,0.0619812499582767,0.15443676710128784,0.9413148164749146,,,,,,,,
fashion_mnist,1.0,Baseline-Full,8,5,0.928,23.184666666666665,0.06687500000000002,0.995625,0.92875,26,0.9194,0.9203,0.22858896851539612,0.48325350880622864,0.023138208642602003,0.0619812499582767,0.15443676710128784,0.9413148164749146,,,,,,,,
fashion_mnist,0.0,Baseline-Full,9,6,0.9310833333333334,24.093458333333334,0.06691666666666662,0.9953333333333333,0.9284166666666667,27,0.9265,0.9262,0.22400082647800446,0.43278446793556213,0.027153814524412196,0.05498015997111798,0.1244603767991066,0.9533437490463257,,,,,,,,
fashion_mnist,0.2,Baseline-Full,9,6,0.9310833333333334,24.093458333333334,0.06691666666666662,0.9953333333333333,0.9284166666666667,27,0.9265,0.9262,0.22400082647800446,0.43278446793556213,0.027153814524412196,0.05498015997111798,0.1244603767991066,0.9533437490463257,,,,,,,,
fashion_mnist,0.4,Baseline-Full,9,6,0.9310833333333334,24.093458333333334,0.06691666666666662,0.9953333333333333,0.9284166666666667,27,0.9265,0.9262,0.22400082647800446,0.43278446793556213,0.027153814524412196,0.05498015997111798,0.1244603767991066,0.9533437490463257,,,,,,,,
fashion_mnist,0.6,Baseline-Full,9,6,0.9310833333333334,24.093458333333334,0.06691666666666662,0.9953333333333333,0.9284166666666667,27,0.9265,0.9262,0.22400082647800446,0.43278446793556213,0.027153814524412196,0.05498015997111798,0.1244603767991066,0.9533437490463257,,,,,,,,
fashion_mnist,0.8,Baseline-Full,9,6,0.9310833333333334,24.093458333333334,0.06691666666666662,0.9953333333333333,0.9284166666666667,27,0.9265,0.9262,0.22400082647800446,0.43278446793556213,0.027153814524412196,0.05498015997111798,0.1244603767991066,0.9533437490463257,,,,,,,,
fashion_mnist,1.0,Baseline-Full,9,6,0.9310833333333334,24.093458333333334,0.06691666666666662,0.9953333333333333,0.9284166666666667,27,0.9265,0.9262,0.22400082647800446,0.43278446793556213,0.027153814524412196,0.05498015997111798,0.1244603767991066,0.9533437490463257,,,,,,,,
fashion_mnist,0.0,Baseline-Full,10,5,0.9303333333333333,23.110291666666665,0.06620833333333331,0.994375,0.9281666666666667,26,0.9257,0.9258,0.21100305020809174,0.4388253390789032,0.01936164500117301,0.05646894678771494,0.14516836404800415,0.9447038769721985,,,,,,,,
fashion_mnist,0.2,Baseline-Full,10,5,0.9303333333333333,23.110291666666665,0.06620833333333331,0.994375,0.9281666666666667,26,0.9257,0.9258,0.21100305020809174,0.4388253390789032,0.01936164500117301,0.05646894678771494,0.14516836404800415,0.9447038769721985,,,,,,,,
fashion_mnist,0.4,Baseline-Full,10,5,0.9303333333333333,23.110291666666665,0.06620833333333331,0.994375,0.9281666666666667,26,0.9257,0.9258,0.21100305020809174,0.4388253390789032,0.01936164500117301,0.05646894678771494,0.14516836404800415,0.9447038769721985,,,,,,,,
fashion_mnist,0.6,Baseline-Full,10,5,0.9303333333333333,23.110291666666665,0.06620833333333331,0.994375,0.9281666666666667,26,0.9257,0.9258,0.21100305020809174,0.4388253390789032,0.01936164500117301,0.05646894678771494,0.14516836404800415,0.9447038769721985,,,,,,,,
fashion_mnist,0.8,Baseline-Full,10,5,0.9303333333333333,23.110291666666665,0.06620833333333331,0.994375,0.9281666666666667,26,0.9257,0.9258,0.21100305020809174,0.4388253390789032,0.01936164500117301,0.05646894678771494,0.14516836404800415,0.9447038769721985,,,,,,,,
fashion_mnist,1.0,Baseline-Full,10,5,0.9303333333333333,23.110291666666665,0.06620833333333331,0.994375,0.9281666666666667,26,0.9257,0.9258,0.21100305020809174,0.4388253390789032,0.01936164500117301,0.05646894678771494,0.14516836404800415,0.9447038769721985,,,,,,,,
fashion_mnist,0.0,Baseline-Full,11,7,0.934,25.039250000000003,0.06133333333333335,0.9936666666666667,0.9323333333333333,28,0.9271,0.9263,0.2216143012046814,0.4368513524532318,0.027960799896717077,0.056833596208691585,0.11850793659687042,0.9548586010932922,,,,,,,,
fashion_mnist,0.2,Baseline-Full,11,7,0.934,25.039250000000003,0.06133333333333335,0.9936666666666667,0.9323333333333333,28,0.9271,0.9263,0.2216143012046814,0.4368513524532318,0.027960799896717077,0.056833596208691585,0.11850793659687042,0.9548586010932922,,,,,,,,
fashion_mnist,0.4,Baseline-Full,11,7,0.934,25.039250000000003,0.06133333333333335,0.9936666666666667,0.9323333333333333,28,0.9271,0.9263,0.2216143012046814,0.4368513524532318,0.027960799896717077,0.056833596208691585,0.11850793659687042,0.9548586010932922,,,,,,,,
fashion_mnist,0.6,Baseline-Full,11,7,0.934,25.039250000000003,0.06133333333333335,0.9936666666666667,0.9323333333333333,28,0.9271,0.9263,0.2216143012046814,0.4368513524532318,0.027960799896717077,0.056833596208691585,0.11850793659687042,0.9548586010932922,,,,,,,,
fashion_mnist,0.8,Baseline-Full,11,7,0.934,25.039250000000003,0.06133333333333335,0.9936666666666667,0.9323333333333333,28,0.9271,0.9263,0.2216143012046814,0.4368513524532318,0.027960799896717077,0.056833596208691585,0.11850793659687042,0.9548586010932922,,,,,,,,
fashion_mnist,1.0,Baseline-Full,11,7,0.934,25.039250000000003,0.06133333333333335,0.9936666666666667,0.9323333333333333,28,0.9271,0.9263,0.2216143012046814,0.4368513524532318,0.027960799896717077,0.056833596208691585,0.11850793659687042,0.9548586010932922,,,,,,,,
fashion_mnist,0.0,Baseline-Full,12,5,0.9303333333333333,23.133750000000003,0.07356249999999998,0.9954791666666667,0.9219166666666667,26,0.9263,0.9177,0.2114495187997818,0.44583380222320557,0.016691602903604517,0.06034488439857959,0.15666580200195312,0.9429699182510376,,,,,,,,
fashion_mnist,0.2,Baseline-Full,12,5,0.9303333333333333,23.133750000000003,0.07356249999999998,0.9954791666666667,0.9219166666666667,26,0.9263,0.9177,0.2114495187997818,0.44583380222320557,0.016691602903604517,0.06034488439857959,0.15666580200195312,0.9429699182510376,,,,,,,,
fashion_mnist,0.4,Baseline-Full,12,5,0.9303333333333333,23.133750000000003,0.07356249999999998,0.9954791666666667,0.9219166666666667,26,0.9263,0.9177,0.2114495187997818,0.44583380222320557,0.016691602903604517,0.06034488439857959,0.15666580200195312,0.9429699182510376,,,,,,,,
fashion_mnist,0.6,Baseline-Full,12,5,0.9303333333333333,23.133750000000003,0.07356249999999998,0.9954791666666667,0.9219166666666667,26,0.9263,0.9177,0.2114495187997818,0.44583380222320557,0.016691602903604517,0.06034488439857959,0.15666580200195312,0.9429699182510376,,,,,,,,
fashion_mnist,0.8,Baseline-Full,12,5,0.9303333333333333,23.133750000000003,0.07356249999999998,0.9954791666666667,0.9219166666666667,26,0.9263,0.9177,0.2114495187997818,0.44583380222320557,0.016691602903604517,0.06034488439857959,0.15666580200195312,0.9429699182510376,,,,,,,,
fashion_mnist,1.0,Baseline-Full,12,5,0.9303333333333333,23.133750000000003,0.07356249999999998,0.9954791666666667,0.9219166666666667,26,0.9263,0.9177,0.2114495187997818,0.44583380222320557,0.016691602903604517,0.06034488439857959,0.15666580200195312,0.9429699182510376,,,,,,,,
fashion_mnist,0.0,Baseline-Full,13,6,0.9275,24.017666666666667,0.0678333333333333,0.99475,0.9269166666666667,27,0.9261,0.9256,0.21487246453762054,0.43747928738594055,0.020107125264406188,0.05636143002212049,0.14534424245357513,0.9457322359085083,,,,,,,,
fashion_mnist,0.2,Baseline-Full,13,6,0.9275,24.017666666666667,0.0678333333333333,0.99475,0.9269166666666667,27,0.9261,0.9256,0.21487246453762054,0.43747928738594055,0.020107125264406188,0.05636143002212049,0.14534424245357513,0.9457322359085083,,,,,,,,
fashion_mnist,0.4,Baseline-Full,13,6,0.9275,24.017666666666667,0.0678333333333333,0.99475,0.9269166666666667,27,0.9261,0.9256,0.21487246453762054,0.43747928738594055,0.020107125264406188,0.05636143002212049,0.14534424245357513,0.9457322359085083,,,,,,,,
fashion_mnist,0.6,Baseline-Full,13,6,0.9275,24.017666666666667,0.0678333333333333,0.99475,0.9269166666666667,27,0.9261,0.9256,0.21487246453762054,0.43747928738594055,0.020107125264406188,0.05636143002212049,0.14534424245357513,0.9457322359085083,,,,,,,,
fashion_mnist,0.8,Baseline-Full,13,6,0.9275,24.017666666666667,0.0678333333333333,0.99475,0.9269166666666667,27,0.9261,0.9256,0.21487246453762054,0.43747928738594055,0.020107125264406188,0.05636143002212049,0.14534424245357513,0.9457322359085083,,,,,,,,
fashion_mnist,1.0,Baseline-Full,13,6,0.9275,24.017666666666667,0.0678333333333333,0.99475,0.9269166666666667,27,0.9261,0.9256,0.21487246453762054,0.43747928738594055,0.020107125264406188,0.05636143002212049,0.14534424245357513,0.9457322359085083,,,,,,,,
fashion_mnist,0.0,Baseline-Full,14,4,0.92625,22.182666666666666,0.06656249999999997,0.9924791666666667,0.9259166666666667,25,0.9225,0.9234,0.22404257953166962,0.41836243867874146,0.021917782199382757,0.05626476572453973,0.151845321059227,0.9444177746772766,,,,,,,,
fashion_mnist,0.2,Baseline-Full,14,4,0.92625,22.182666666666666,0.06656249999999997,0.9924791666666667,0.9259166666666667,25,0.9225,0.9234,0.22404257953166962,0.41836243867874146,0.021917782199382757,0.05626476572453973,0.151845321059227,0.9444177746772766,,,,,,,,
fashion_mnist,0.4,Baseline-Full,14,4,0.92625,22.182666666666666,0.06656249999999997,0.9924791666666667,0.9259166666666667,25,0.9225,0.9234,0.22404257953166962,0.41836243867874146,0.021917782199382757,0.05626476572453973,0.151845321059227,0.9444177746772766,,,,,,,,
fashion_mnist,0.6,Baseline-Full,14,4,0.92625,22.182666666666666,0.06656249999999997,0.9924791666666667,0.9259166666666667,25,0.9225,0.9234,0.22404257953166962,0.41836243867874146,0.021917782199382757,0.05626476572453973,0.151845321059227,0.9444177746772766,,,,,,,,
fashion_mnist,0.8,Baseline-Full,14,4,0.92625,22.182666666666666,0.06656249999999997,0.9924791666666667,0.9259166666666667,25,0.9225,0.9234,0.22404257953166962,0.41836243867874146,0.021917782199382757,0.05626476572453973,0.151845321059227,0.9444177746772766,,,,,,,,
fashion_mnist,1.0,Baseline-Full,14,4,0.92625,22.182666666666666,0.06656249999999997,0.9924791666666667,0.9259166666666667,25,0.9225,0.9234,0.22404257953166962,0.41836243867874146,0.021917782199382757,0.05626476572453973,0.151845321059227,0.9444177746772766,,,,,,,,
fashion_mnist,0.0,Baseline-Full,15,6,0.9311666666666667,24.03633333333333,0.06166666666666665,0.9911666666666666,0.9295,27,0.9279,0.9248,0.2145770937204361,0.38891997933387756,0.02567898983359336,0.05270333213508128,0.12329602241516113,0.952491044998169,,,,,,,,
fashion_mnist,0.2,Baseline-Full,15,6,0.9311666666666667,24.03633333333333,0.06166666666666665,0.9911666666666666,0.9295,27,0.9279,0.9248,0.2145770937204361,0.38891997933387756,0.02567898983359336,0.05270333213508128,0.12329602241516113,0.952491044998169,,,,,,,,
fashion_mnist,0.4,Baseline-Full,15,6,0.9311666666666667,24.03633333333333,0.06166666666666665,0.9911666666666666,0.9295,27,0.9279,0.9248,0.2145770937204361,0.38891997933387756,0.02567898983359336,0.05270333213508128,0.12329602241516113,0.952491044998169,,,,,,,,
fashion_mnist,0.6,Baseline-Full,15,6,0.9311666666666667,24.03633333333333,0.06166666666666665,0.9911666666666666,0.9295,27,0.9279,0.9248,0.2145770937204361,0.38891997933387756,0.02567898983359336,0.05270333213508128,0.12329602241516113,0.952491044998169,,,,,,,,
fashion_mnist,0.8,Baseline-Full,15,6,0.9311666666666667,24.03633333333333,0.06166666666666665,0.9911666666666666,0.9295,27,0.9279,0.9248,0.2145770937204361,0.38891997933387756,0.02567898983359336,0.05270333213508128,0.12329602241516113,0.952491044998169,,,,,,,,
fashion_mnist,1.0,Baseline-Full,15,6,0.9311666666666667,24.03633333333333,0.06166666666666665,0.9911666666666666,0.9295,27,0.9279,0.9248,0.2145770937204361,0.38891997933387756,0.02567898983359336,0.05270333213508128,0.12329602241516113,0.952491044998169,,,,,,,,
fashion_mnist,0.0,Baseline-Full,16,5,0.93825,23.2275,0.06999999999999995,0.9939166666666667,0.9239166666666667,26,0.9241,0.9146,0.21985407173633575,0.5134097933769226,0.02689502518177029,0.06592018363177775,0.12948329746723175,0.9508469700813293,,,,,,,,
fashion_mnist,0.2,Baseline-Full,16,5,0.93825,23.2275,0.06999999999999995,0.9939166666666667,0.9239166666666667,26,0.9241,0.9146,0.21985407173633575,0.5134097933769226,0.02689502518177029,0.06592018363177775,0.12948329746723175,0.9508469700813293,,,,,,,,
fashion_mnist,0.4,Baseline-Full,16,5,0.93825,23.2275,0.06999999999999995,0.9939166666666667,0.9239166666666667,26,0.9241,0.9146,0.21985407173633575,0.5134097933769226,0.02689502518177029,0.06592018363177775,0.12948329746723175,0.9508469700813293,,,,,,,,
fashion_mnist,0.6,Baseline-Full,16,5,0.93825,23.2275,0.06999999999999995,0.9939166666666667,0.9239166666666667,26,0.9241,0.9146,0.21985407173633575,0.5134097933769226,0.02689502518177029,0.06592018363177775,0.12948329746723175,0.9508469700813293,,,,,,,,
fashion_mnist,0.8,Baseline-Full,16,5,0.93825,23.2275,0.06999999999999995,0.9939166666666667,0.9239166666666667,26,0.9241,0.9146,0.21985407173633575,0.5134097933769226,0.02689502518177029,0.06592018363177775,0.12948329746723175,0.9508469700813293,,,,,,,,
fashion_mnist,1.0,Baseline-Full,16,5,0.93825,23.2275,0.06999999999999995,0.9939166666666667,0.9239166666666667,26,0.9241,0.9146,0.21985407173633575,0.5134097933769226,0.02689502518177029,0.06592018363177775,0.12948329746723175,0.9508469700813293,,,,,,,,
fashion_mnist,0.0,Baseline-Full,17,5,0.92825,23.094583333333336,0.06708333333333327,0.993,0.9259166666666667,26,0.9265,0.9221,0.2125711739063263,0.4566030204296112,0.02077431686222554,0.058772868016362154,0.13854709267616272,0.9471579790115356,,,,,,,,
fashion_mnist,0.2,Baseline-Full,17,5,0.92825,23.094583333333336,0.06708333333333327,0.993,0.9259166666666667,26,0.9265,0.9221,0.2125711739063263,0.4566030204296112,0.02077431686222554,0.058772868016362154,0.13854709267616272,0.9471579790115356,,,,,,,,
fashion_mnist,0.4,Baseline-Full,17,5,0.92825,23.094583333333336,0.06708333333333327,0.993,0.9259166666666667,26,0.9265,0.9221,0.2125711739063263,0.4566030204296112,0.02077431686222554,0.058772868016362154,0.13854709267616272,0.9471579790115356,,,,,,,,
fashion_mnist,0.6,Baseline-Full,17,5,0.92825,23.094583333333336,0.06708333333333327,0.993,0.9259166666666667,26,0.9265,0.9221,0.2125711739063263,0.4566030204296112,0.02077431686222554,0.058772868016362154,0.13854709267616272,0.9471579790115356,,,,,,,,
fashion_mnist,0.8,Baseline-Full,17,5,0.92825,23.094583333333336,0.06708333333333327,0.993,0.9259166666666667,26,0.9265,0.9221,0.2125711739063263,0.4566030204296112,0.02077431686222554,0.058772868016362154,0.13854709267616272,0.9471579790115356,,,,,,,,
fashion_mnist,1.0,Baseline-Full,17,5,0.92825,23.094583333333336,0.06708333333333327,0.993,0.9259166666666667,26,0.9265,0.9221,0.2125711739063263,0.4566030204296112,0.02077431686222554,0.058772868016362154,0.13854709267616272,0.9471579790115356,,,,,,,,
fashion_mnist,0.0,Baseline-Full,18,4,0.9284166666666667,22.220583333333334,0.06322916666666667,0.9938125,0.9305833333333333,25,0.9202,0.9245,0.22730888426303864,0.41671431064605713,0.024403219628334038,0.055210335424542456,0.15114031732082367,0.9437041282653809,,,,,,,,
fashion_mnist,0.2,Baseline-Full,18,4,0.9284166666666667,22.220583333333334,0.06322916666666667,0.9938125,0.9305833333333333,25,0.9202,0.9245,0.22730888426303864,0.41671431064605713,0.024403219628334038,0.055210335424542456,0.15114031732082367,0.9437041282653809,,,,,,,,
fashion_mnist,0.4,Baseline-Full,18,4,0.9284166666666667,22.220583333333334,0.06322916666666667,0.9938125,0.9305833333333333,25,0.9202,0.9245,0.22730888426303864,0.41671431064605713,0.024403219628334038,0.055210335424542456,0.15114031732082367,0.9437041282653809,,,,,,,,
fashion_mnist,0.6,Baseline-Full,18,4,0.9284166666666667,22.220583333333334,0.06322916666666667,0.9938125,0.9305833333333333,25,0.9202,0.9245,0.22730888426303864,0.41671431064605713,0.024403219628334038,0.055210335424542456,0.15114031732082367,0.9437041282653809,,,,,,,,
fashion_mnist,0.8,Baseline-Full,18,4,0.9284166666666667,22.220583333333334,0.06322916666666667,0.9938125,0.9305833333333333,25,0.9202,0.9245,0.22730888426303864,0.41671431064605713,0.024403219628334038,0.055210335424542456,0.15114031732082367,0.9437041282653809,,,,,,,,
fashion_mnist,1.0,Baseline-Full,18,4,0.9284166666666667,22.220583333333334,0.06322916666666667,0.9938125,0.9305833333333333,25,0.9202,0.9245,0.22730888426303864,0.41671431064605713,0.024403219628334038,0.055210335424542456,0.15114031732082367,0.9437041282653809,,,,,,,,
fashion_mnist,0.0,Baseline-Full,19,6,0.9315833333333333,24.090125,0.06360416666666668,0.9941041666666667,0.9305,27,0.9242,0.9287,0.2183724194765091,0.38459816575050354,0.021200233519077263,0.051897439801693,0.15130974352359772,0.9436691403388977,,,,,,,,
fashion_mnist,0.2,Baseline-Full,19,6,0.9315833333333333,24.090125,0.06360416666666668,0.9941041666666667,0.9305,27,0.9242,0.9287,0.2183724194765091,0.38459816575050354,0.021200233519077263,0.051897439801693,0.15130974352359772,0.9436691403388977,,,,,,,,
fashion_mnist,0.4,Baseline-Full,19,6,0.9315833333333333,24.090125,0.06360416666666668,0.9941041666666667,0.9305,27,0.9242,0.9287,0.2183724194765091,0.38459816575050354,0.021200233519077263,0.051897439801693,0.15130974352359772,0.9436691403388977,,,,,,,,
fashion_mnist,0.6,Baseline-Full,19,6,0.9315833333333333,24.090125,0.06360416666666668,0.9941041666666667,0.9305,27,0.9242,0.9287,0.2183724194765091,0.38459816575050354,0.021200233519077263,0.051897439801693,0.15130974352359772,0.9436691403388977,,,,,,,,
fashion_mnist,0.8,Baseline-Full,19,6,0.9315833333333333,24.090125,0.06360416666666668,0.9941041666666667,0.9305,27,0.9242,0.9287,0.2183724194765091,0.38459816575050354,0.021200233519077263,0.051897439801693,0.15130974352359772,0.9436691403388977,,,,,,,,
fashion_mnist,1.0,Baseline-Full,19,6,0.9315833333333333,24.090125,0.06360416666666668,0.9941041666666667,0.9305,27,0.9242,0.9287,0.2183724194765091,0.38459816575050354,0.021200233519077263,0.051897439801693,0.15130974352359772,0.9436691403388977,,,,,,,,
fashion_mnist,0.0,Baseline-Half,0,5,0.9235833333333333,22.8795,0.08054166666666662,0.991375,0.9108333333333334,26,0.915,0.9094,0.24877122044563293,0.48704349994659424,0.023692884951829956,0.06582778247296808,0.16740001738071442,0.938595712184906,,,,,,,,
fashion_mnist,0.2,Baseline-Half,0,5,0.9235833333333333,22.8795,0.08054166666666662,0.991375,0.9108333333333334,26,0.915,0.9094,0.24877122044563293,0.48704349994659424,0.023692884951829956,0.06582778247296808,0.16740001738071442,0.938595712184906,,,,,,,,
fashion_mnist,0.4,Baseline-Half,0,5,0.9235833333333333,22.8795,0.08054166666666662,0.991375,0.9108333333333334,26,0.915,0.9094,0.24877122044563293,0.48704349994659424,0.023692884951829956,0.06582778247296808,0.16740001738071442,0.938595712184906,,,,,,,,
fashion_mnist,0.6,Baseline-Half,0,5,0.9235833333333333,22.8795,0.08054166666666662,0.991375,0.9108333333333334,26,0.915,0.9094,0.24877122044563293,0.48704349994659424,0.023692884951829956,0.06582778247296808,0.16740001738071442,0.938595712184906,,,,,,,,
fashion_mnist,0.8,Baseline-Half,0,5,0.9235833333333333,22.8795,0.08054166666666662,0.991375,0.9108333333333334,26,0.915,0.9094,0.24877122044563293,0.48704349994659424,0.023692884951829956,0.06582778247296808,0.16740001738071442,0.938595712184906,,,,,,,,
fashion_mnist,1.0,Baseline-Half,0,5,0.9235833333333333,22.8795,0.08054166666666662,0.991375,0.9108333333333334,26,0.915,0.9094,0.24877122044563293,0.48704349994659424,0.023692884951829956,0.06582778247296808,0.16740001738071442,0.938595712184906,,,,,,,,
fashion_mnist,0.0,Baseline-Half,1,7,0.9155833333333333,24.71345833333333,0.07408333333333339,0.9959166666666667,0.9218333333333333,28,0.9109,0.9134,0.2735704779624939,0.5051340460777283,0.035016896113753325,0.06456347375214101,0.14074741303920746,0.945917010307312,,,,,,,,
fashion_mnist,0.2,Baseline-Half,1,7,0.9155833333333333,24.71345833333333,0.07408333333333339,0.9959166666666667,0.9218333333333333,28,0.9109,0.9134,0.2735704779624939,0.5051340460777283,0.035016896113753325,0.06456347375214101,0.14074741303920746,0.945917010307312,,,,,,,,
fashion_mnist,0.4,Baseline-Half,1,7,0.9155833333333333,24.71345833333333,0.07408333333333339,0.9959166666666667,0.9218333333333333,28,0.9109,0.9134,0.2735704779624939,0.5051340460777283,0.035016896113753325,0.06456347375214101,0.14074741303920746,0.945917010307312,,,,,,,,
fashion_mnist,0.6,Baseline-Half,1,7,0.9155833333333333,24.71345833333333,0.07408333333333339,0.9959166666666667,0.9218333333333333,28,0.9109,0.9134,0.2735704779624939,0.5051340460777283,0.035016896113753325,0.06456347375214101,0.14074741303920746,0.945917010307312,,,,,,,,
fashion_mnist,0.8,Baseline-Half,1,7,0.9155833333333333,24.71345833333333,0.07408333333333339,0.9959166666666667,0.9218333333333333,28,0.9109,0.9134,0.2735704779624939,0.5051340460777283,0.035016896113753325,0.06456347375214101,0.14074741303920746,0.945917010307312,,,,,,,,
fashion_mnist,1.0,Baseline-Half,1,7,0.9155833333333333,24.71345833333333,0.07408333333333339,0.9959166666666667,0.9218333333333333,28,0.9109,0.9134,0.2735704779624939,0.5051340460777283,0.035016896113753325,0.06456347375214101,0.14074741303920746,0.945917010307312,,,,,,,,
fashion_mnist,0.0,Baseline-Half,2,3,0.9133333333333333,20.978833333333334,0.07633333333333336,0.99475,0.9184166666666667,24,0.9073,0.9163,0.2564312517642975,0.46804559230804443,0.01425167223513129,0.0626012721389532,0.22080659866333008,0.9206298589706421,,,,,,,,
fashion_mnist,0.2,Baseline-Half,2,3,0.9133333333333333,20.978833333333334,0.07633333333333336,0.99475,0.9184166666666667,24,0.9073,0.9163,0.2564312517642975,0.46804559230804443,0.01425167223513129,0.0626012721389532,0.22080659866333008,0.9206298589706421,,,,,,,,
fashion_mnist,0.4,Baseline-Half,2,3,0.9133333333333333,20.978833333333334,0.07633333333333336,0.99475,0.9184166666666667,24,0.9073,0.9163,0.2564312517642975,0.46804559230804443,0.01425167223513129,0.0626012721389532,0.22080659866333008,0.9206298589706421,,,,,,,,
fashion_mnist,0.6,Baseline-Half,2,3,0.9133333333333333,20.978833333333334,0.07633333333333336,0.99475,0.9184166666666667,24,0.9073,0.9163,0.2564312517642975,0.46804559230804443,0.01425167223513129,0.0626012721389532,0.22080659866333008,0.9206298589706421,,,,,,,,
fashion_mnist,0.8,Baseline-Half,2,3,0.9133333333333333,20.978833333333334,0.07633333333333336,0.99475,0.9184166666666667,24,0.9073,0.9163,0.2564312517642975,0.46804559230804443,0.01425167223513129,0.0626012721389532,0.22080659866333008,0.9206298589706421,,,,,,,,
fashion_mnist,1.0,Baseline-Half,2,3,0.9133333333333333,20.978833333333334,0.07633333333333336,0.99475,0.9184166666666667,24,0.9073,0.9163,0.2564312517642975,0.46804559230804443,0.01425167223513129,0.0626012721389532,0.22080659866333008,0.9206298589706421,,,,,,,,
fashion_mnist,0.0,Baseline-Half,3,4,0.9176666666666666,21.828625,0.07983333333333331,0.9978333333333333,0.918,25,0.9127,0.9138,0.24157358705997467,0.4828270375728607,0.01612775571942326,0.0649488651931286,0.2049480527639389,0.9260727763175964,,,,,,,,
fashion_mnist,0.2,Baseline-Half,3,4,0.9176666666666666,21.828625,0.07983333333333331,0.9978333333333333,0.918,25,0.9127,0.9138,0.24157358705997467,0.4828270375728607,0.01612775571942326,0.0649488651931286,0.2049480527639389,0.9260727763175964,,,,,,,,
fashion_mnist,0.4,Baseline-Half,3,4,0.9176666666666666,21.828625,0.07983333333333331,0.9978333333333333,0.918,25,0.9127,0.9138,0.24157358705997467,0.4828270375728607,0.01612775571942326,0.0649488651931286,0.2049480527639389,0.9260727763175964,,,,,,,,
fashion_mnist,0.6,Baseline-Half,3,4,0.9176666666666666,21.828625,0.07983333333333331,0.9978333333333333,0.918,25,0.9127,0.9138,0.24157358705997467,0.4828270375728607,0.01612775571942326,0.0649488651931286,0.2049480527639389,0.9260727763175964,,,,,,,,
fashion_mnist,0.8,Baseline-Half,3,4,0.9176666666666666,21.828625,0.07983333333333331,0.9978333333333333,0.918,25,0.9127,0.9138,0.24157358705997467,0.4828270375728607,0.01612775571942326,0.0649488651931286,0.2049480527639389,0.9260727763175964,,,,,,,,
fashion_mnist,1.0,Baseline-Half,3,4,0.9176666666666666,21.828625,0.07983333333333331,0.9978333333333333,0.918,25,0.9127,0.9138,0.24157358705997467,0.4828270375728607,0.01612775571942326,0.0649488651931286,0.2049480527639389,0.9260727763175964,,,,,,,,
fashion_mnist,0.0,Baseline-Half,4,5,0.9160833333333334,22.654833333333332,0.08074999999999999,0.99525,0.9145,26,0.913,0.9139,0.2586018443107605,0.5209444165229797,0.02544130215048794,0.06573473470807079,0.16348303854465485,0.938410758972168,,,,,,,,
fashion_mnist,0.2,Baseline-Half,4,5,0.9160833333333334,22.654833333333332,0.08074999999999999,0.99525,0.9145,26,0.913,0.9139,0.2586018443107605,0.5209444165229797,0.02544130215048794,0.06573473470807079,0.16348303854465485,0.938410758972168,,,,,,,,
fashion_mnist,0.4,Baseline-Half,4,5,0.9160833333333334,22.654833333333332,0.08074999999999999,0.99525,0.9145,26,0.913,0.9139,0.2586018443107605,0.5209444165229797,0.02544130215048794,0.06573473470807079,0.16348303854465485,0.938410758972168,,,,,,,,
fashion_mnist,0.6,Baseline-Half,4,5,0.9160833333333334,22.654833333333332,0.08074999999999999,0.99525,0.9145,26,0.913,0.9139,0.2586018443107605,0.5209444165229797,0.02544130215048794,0.06573473470807079,0.16348303854465485,0.938410758972168,,,,,,,,
fashion_mnist,0.8,Baseline-Half,4,5,0.9160833333333334,22.654833333333332,0.08074999999999999,0.99525,0.9145,26,0.913,0.9139,0.2586018443107605,0.5209444165229797,0.02544130215048794,0.06573473470807079,0.16348303854465485,0.938410758972168,,,,,,,,
fashion_mnist,1.0,Baseline-Half,4,5,0.9160833333333334,22.654833333333332,0.08074999999999999,0.99525,0.9145,26,0.913,0.9139,0.2586018443107605,0.5209444165229797,0.02544130215048794,0.06573473470807079,0.16348303854465485,0.938410758972168,,,,,,,,
fashion_mnist,0.0,Baseline-Half,5,5,0.9176666666666666,22.753375,0.07337500000000008,0.993125,0.91975,26,0.9129,0.92,0.2514204978942871,0.43234190344810486,0.025404990437626826,0.05679192494153982,0.1670849621295929,0.9382417798042297,,,,,,,,
fashion_mnist,0.2,Baseline-Half,5,5,0.9176666666666666,22.753375,0.07337500000000008,0.993125,0.91975,26,0.9129,0.92,0.2514204978942871,0.43234190344810486,0.025404990437626826,0.05679192494153982,0.1670849621295929,0.9382417798042297,,,,,,,,
fashion_mnist,0.4,Baseline-Half,5,5,0.9176666666666666,22.753375,0.07337500000000008,0.993125,0.91975,26,0.9129,0.92,0.2514204978942871,0.43234190344810486,0.025404990437626826,0.05679192494153982,0.1670849621295929,0.9382417798042297,,,,,,,,
fashion_mnist,0.6,Baseline-Half,5,5,0.9176666666666666,22.753375,0.07337500000000008,0.993125,0.91975,26,0.9129,0.92,0.2514204978942871,0.43234190344810486,0.025404990437626826,0.05679192494153982,0.1670849621295929,0.9382417798042297,,,,,,,,
fashion_mnist,0.8,Baseline-Half,5,5,0.9176666666666666,22.753375,0.07337500000000008,0.993125,0.91975,26,0.9129,0.92,0.2514204978942871,0.43234190344810486,0.025404990437626826,0.05679192494153982,0.1670849621295929,0.9382417798042297,,,,,,,,
fashion_mnist,1.0,Baseline-Half,5,5,0.9176666666666666,22.753375,0.07337500000000008,0.993125,0.91975,26,0.9129,0.92,0.2514204978942871,0.43234190344810486,0.025404990437626826,0.05679192494153982,0.1670849621295929,0.9382417798042297,,,,,,,,
fashion_mnist,0.0,Baseline-Half,6,6,0.9199166666666667,23.73445833333334,0.07250000000000001,0.99575,0.92325,27,0.9106,0.9159,0.268926739692688,0.48482000827789307,0.03788079386353489,0.06367949619889264,0.1370840072631836,0.9484128952026367,,,,,,,,
fashion_mnist,0.2,Baseline-Half,6,6,0.9199166666666667,23.73445833333334,0.07250000000000001,0.99575,0.92325,27,0.9106,0.9159,0.268926739692688,0.48482000827789307,0.03788079386353489,0.06367949619889264,0.1370840072631836,0.9484128952026367,,,,,,,,
fashion_mnist,0.4,Baseline-Half,6,6,0.9199166666666667,23.73445833333334,0.07250000000000001,0.99575,0.92325,27,0.9106,0.9159,0.268926739692688,0.48482000827789307,0.03788079386353489,0.06367949619889264,0.1370840072631836,0.9484128952026367,,,,,,,,
fashion_mnist,0.6,Baseline-Half,6,6,0.9199166666666667,23.73445833333334,0.07250000000000001,0.99575,0.92325,27,0.9106,0.9159,0.268926739692688,0.48482000827789307,0.03788079386353489,0.06367949619889264,0.1370840072631836,0.9484128952026367,,,,,,,,
fashion_mnist,0.8,Baseline-Half,6,6,0.9199166666666667,23.73445833333334,0.07250000000000001,0.99575,0.92325,27,0.9106,0.9159,0.268926739692688,0.48482000827789307,0.03788079386353489,0.06367949619889264,0.1370840072631836,0.9484128952026367,,,,,,,,
fashion_mnist,1.0,Baseline-Half,6,6,0.9199166666666667,23.73445833333334,0.07250000000000001,0.99575,0.92325,27,0.9106,0.9159,0.268926739692688,0.48482000827789307,0.03788079386353489,0.06367949619889264,0.1370840072631836,0.9484128952026367,,,,,,,,
fashion_mnist,0.0,Baseline-Half,7,6,0.91975,23.61775,0.06837500000000007,0.991125,0.92275,27,0.9155,0.9175,0.2650885283946991,0.487284779548645,0.03312074125111107,0.06303886942267417,0.13460300862789154,0.9483090043067932,,,,,,,,
fashion_mnist,0.2,Baseline-Half,7,6,0.91975,23.61775,0.06837500000000007,0.991125,0.92275,27,0.9155,0.9175,0.2650885283946991,0.487284779548645,0.03312074125111107,0.06303886942267417,0.13460300862789154,0.9483090043067932,,,,,,,,
fashion_mnist,0.4,Baseline-Half,7,6,0.91975,23.61775,0.06837500000000007,0.991125,0.92275,27,0.9155,0.9175,0.2650885283946991,0.487284779548645,0.03312074125111107,0.06303886942267417,0.13460300862789154,0.9483090043067932,,,,,,,,
fashion_mnist,0.6,Baseline-Half,7,6,0.91975,23.61775,0.06837500000000007,0.991125,0.92275,27,0.9155,0.9175,0.2650885283946991,0.487284779548645,0.03312074125111107,0.06303886942267417,0.13460300862789154,0.9483090043067932,,,,,,,,
fashion_mnist,0.8,Baseline-Half,7,6,0.91975,23.61775,0.06837500000000007,0.991125,0.92275,27,0.9155,0.9175,0.2650885283946991,0.487284779548645,0.03312074125111107,0.06303886942267417,0.13460300862789154,0.9483090043067932,,,,,,,,
fashion_mnist,1.0,Baseline-Half,7,6,0.91975,23.61775,0.06837500000000007,0.991125,0.92275,27,0.9155,0.9175,0.2650885283946991,0.487284779548645,0.03312074125111107,0.06303886942267417,0.13460300862789154,0.9483090043067932,,,,,,,,
fashion_mnist,0.0,Baseline-Half,8,4,0.9191666666666667,21.915583333333338,0.07029166666666664,0.990625,0.9203333333333333,25,0.9132,0.9127,0.23817433416843414,0.4057721495628357,0.012037104558944736,0.06044802482426167,0.19996780157089233,0.9249472618103027,,,,,,,,
fashion_mnist,0.2,Baseline-Half,8,4,0.9191666666666667,21.915583333333338,0.07029166666666664,0.990625,0.9203333333333333,25,0.9132,0.9127,0.23817433416843414,0.4057721495628357,0.012037104558944736,0.06044802482426167,0.19996780157089233,0.9249472618103027,,,,,,,,
fashion_mnist,0.4,Baseline-Half,8,4,0.9191666666666667,21.915583333333338,0.07029166666666664,0.990625,0.9203333333333333,25,0.9132,0.9127,0.23817433416843414,0.4057721495628357,0.012037104558944736,0.06044802482426167,0.19996780157089233,0.9249472618103027,,,,,,,,
fashion_mnist,0.6,Baseline-Half,8,4,0.9191666666666667,21.915583333333338,0.07029166666666664,0.990625,0.9203333333333333,25,0.9132,0.9127,0.23817433416843414,0.4057721495628357,0.012037104558944736,0.06044802482426167,0.19996780157089233,0.9249472618103027,,,,,,,,
fashion_mnist,0.8,Baseline-Half,8,4,0.9191666666666667,21.915583333333338,0.07029166666666664,0.990625,0.9203333333333333,25,0.9132,0.9127,0.23817433416843414,0.4057721495628357,0.012037104558944736,0.06044802482426167,0.19996780157089233,0.9249472618103027,,,,,,,,
fashion_mnist,1.0,Baseline-Half,8,4,0.9191666666666667,21.915583333333338,0.07029166666666664,0.990625,0.9203333333333333,25,0.9132,0.9127,0.23817433416843414,0.4057721495628357,0.012037104558944736,0.06044802482426167,0.19996780157089233,0.9249472618103027,,,,,,,,
fashion_mnist,0.0,Baseline-Half,9,3,0.9155833333333333,20.917875,0.07837500000000008,0.9910416666666667,0.9126666666666666,24,0.9053,0.9094,0.25839826464653015,0.4898048937320709,0.018947588065266627,0.06833460819423201,0.2031044214963913,0.9231660962104797,,,,,,,,
fashion_mnist,0.2,Baseline-Half,9,3,0.9155833333333333,20.917875,0.07837500000000008,0.9910416666666667,0.9126666666666666,24,0.9053,0.9094,0.25839826464653015,0.4898048937320709,0.018947588065266627,0.06833460819423201,0.2031044214963913,0.9231660962104797,,,,,,,,
fashion_mnist,0.4,Baseline-Half,9,3,0.9155833333333333,20.917875,0.07837500000000008,0.9910416666666667,0.9126666666666666,24,0.9053,0.9094,0.25839826464653015,0.4898048937320709,0.018947588065266627,0.06833460819423201,0.2031044214963913,0.9231660962104797,,,,,,,,
fashion_mnist,0.6,Baseline-Half,9,3,0.9155833333333333,20.917875,0.07837500000000008,0.9910416666666667,0.9126666666666666,24,0.9053,0.9094,0.25839826464653015,0.4898048937320709,0.018947588065266627,0.06833460819423201,0.2031044214963913,0.9231660962104797,,,,,,,,
fashion_mnist,0.8,Baseline-Half,9,3,0.9155833333333333,20.917875,0.07837500000000008,0.9910416666666667,0.9126666666666666,24,0.9053,0.9094,0.25839826464653015,0.4898048937320709,0.018947588065266627,0.06833460819423201,0.2031044214963913,0.9231660962104797,,,,,,,,
fashion_mnist,1.0,Baseline-Half,9,3,0.9155833333333333,20.917875,0.07837500000000008,0.9910416666666667,0.9126666666666666,24,0.9053,0.9094,0.25839826464653015,0.4898048937320709,0.018947588065266627,0.06833460819423201,0.2031044214963913,0.9231660962104797,,,,,,,,
fashion_mnist,0.0,Baseline-Half,10,5,0.91375,22.691333333333333,0.08129166666666665,0.996875,0.9155833333333333,26,0.9037,0.9115,0.27717676758766174,0.5164961814880371,0.033530054795742004,0.06722106871008876,0.16549943387508392,0.9366738200187683,,,,,,,,
fashion_mnist,0.2,Baseline-Half,10,5,0.91375,22.691333333333333,0.08129166666666665,0.996875,0.9155833333333333,26,0.9037,0.9115,0.27717676758766174,0.5164961814880371,0.033530054795742004,0.06722106871008876,0.16549943387508392,0.9366738200187683,,,,,,,,
fashion_mnist,0.4,Baseline-Half,10,5,0.91375,22.691333333333333,0.08129166666666665,0.996875,0.9155833333333333,26,0.9037,0.9115,0.27717676758766174,0.5164961814880371,0.033530054795742004,0.06722106871008876,0.16549943387508392,0.9366738200187683,,,,,,,,
fashion_mnist,0.6,Baseline-Half,10,5,0.91375,22.691333333333333,0.08129166666666665,0.996875,0.9155833333333333,26,0.9037,0.9115,0.27717676758766174,0.5164961814880371,0.033530054795742004,0.06722106871008876,0.16549943387508392,0.9366738200187683,,,,,,,,
fashion_mnist,0.8,Baseline-Half,10,5,0.91375,22.691333333333333,0.08129166666666665,0.996875,0.9155833333333333,26,0.9037,0.9115,0.27717676758766174,0.5164961814880371,0.033530054795742004,0.06722106871008876,0.16549943387508392,0.9366738200187683,,,,,,,,
fashion_mnist,1.0,Baseline-Half,10,5,0.91375,22.691333333333333,0.08129166666666665,0.996875,0.9155833333333333,26,0.9037,0.9115,0.27717676758766174,0.5164961814880371,0.033530054795742004,0.06722106871008876,0.16549943387508392,0.9366738200187683,,,,,,,,
fashion_mnist,0.0,Baseline-Half,11,3,0.92,21.009999999999998,0.08266666666666667,0.9941666666666666,0.9115,24,0.9122,0.9032,0.24130651354789734,0.5005062818527222,0.008234048931300652,0.07155359051227571,0.2262067347764969,0.9179556369781494,,,,,,,,
fashion_mnist,0.2,Baseline-Half,11,3,0.92,21.009999999999998,0.08266666666666667,0.9941666666666666,0.9115,24,0.9122,0.9032,0.24130651354789734,0.5005062818527222,0.008234048931300652,0.07155359051227571,0.2262067347764969,0.9179556369781494,,,,,,,,
fashion_mnist,0.4,Baseline-Half,11,3,0.92,21.009999999999998,0.08266666666666667,0.9941666666666666,0.9115,24,0.9122,0.9032,0.24130651354789734,0.5005062818527222,0.008234048931300652,0.07155359051227571,0.2262067347764969,0.9179556369781494,,,,,,,,
fashion_mnist,0.6,Baseline-Half,11,3,0.92,21.009999999999998,0.08266666666666667,0.9941666666666666,0.9115,24,0.9122,0.9032,0.24130651354789734,0.5005062818527222,0.008234048931300652,0.07155359051227571,0.2262067347764969,0.9179556369781494,,,,,,,,
fashion_mnist,0.8,Baseline-Half,11,3,0.92,21.009999999999998,0.08266666666666667,0.9941666666666666,0.9115,24,0.9122,0.9032,0.24130651354789734,0.5005062818527222,0.008234048931300652,0.07155359051227571,0.2262067347764969,0.9179556369781494,,,,,,,,
fashion_mnist,1.0,Baseline-Half,11,3,0.92,21.009999999999998,0.08266666666666667,0.9941666666666666,0.9115,24,0.9122,0.9032,0.24130651354789734,0.5005062818527222,0.008234048931300652,0.07155359051227571,0.2262067347764969,0.9179556369781494,,,,,,,,
fashion_mnist,0.0,Baseline-Half,12,5,0.9209166666666667,22.8445,0.07754166666666673,0.9982083333333334,0.9206666666666666,26,0.9122,0.9138,0.257485032081604,0.5392674803733826,0.027607470706105208,0.06764386837184425,0.16398240625858307,0.9395247101783752,,,,,,,,
fashion_mnist,0.2,Baseline-Half,12,5,0.9209166666666667,22.8445,0.07754166666666673,0.9982083333333334,0.9206666666666666,26,0.9122,0.9138,0.257485032081604,0.5392674803733826,0.027607470706105208,0.06764386837184425,0.16398240625858307,0.9395247101783752,,,,,,,,
fashion_mnist,0.4,Baseline-Half,12,5,0.9209166666666667,22.8445,0.07754166666666673,0.9982083333333334,0.9206666666666666,26,0.9122,0.9138,0.257485032081604,0.5392674803733826,0.027607470706105208,0.06764386837184425,0.16398240625858307,0.9395247101783752,,,,,,,,
fashion_mnist,0.6,Baseline-Half,12,5,0.9209166666666667,22.8445,0.07754166666666673,0.9982083333333334,0.9206666666666666,26,0.9122,0.9138,0.257485032081604,0.5392674803733826,0.027607470706105208,0.06764386837184425,0.16398240625858307,0.9395247101783752,,,,,,,,
fashion_mnist,0.8,Baseline-Half,12,5,0.9209166666666667,22.8445,0.07754166666666673,0.9982083333333334,0.9206666666666666,26,0.9122,0.9138,0.257485032081604,0.5392674803733826,0.027607470706105208,0.06764386837184425,0.16398240625858307,0.9395247101783752,,,,,,,,
fashion_mnist,1.0,Baseline-Half,12,5,0.9209166666666667,22.8445,0.07754166666666673,0.9982083333333334,0.9206666666666666,26,0.9122,0.9138,0.257485032081604,0.5392674803733826,0.027607470706105208,0.06764386837184425,0.16398240625858307,0.9395247101783752,,,,,,,,
fashion_mnist,0.0,Baseline-Half,13,5,0.9098333333333334,22.712333333333333,0.079125,0.9940416666666667,0.9149166666666667,26,0.9105,0.9107,0.2677997052669525,0.47437265515327454,0.026830564081668888,0.06767312504947182,0.1713399440050125,0.9361097812652588,,,,,,,,
fashion_mnist,0.2,Baseline-Half,13,5,0.9098333333333334,22.712333333333333,0.079125,0.9940416666666667,0.9149166666666667,26,0.9105,0.9107,0.2677997052669525,0.47437265515327454,0.026830564081668888,0.06767312504947182,0.1713399440050125,0.9361097812652588,,,,,,,,
fashion_mnist,0.4,Baseline-Half,13,5,0.9098333333333334,22.712333333333333,0.079125,0.9940416666666667,0.9149166666666667,26,0.9105,0.9107,0.2677997052669525,0.47437265515327454,0.026830564081668888,0.06767312504947182,0.1713399440050125,0.9361097812652588,,,,,,,,
fashion_mnist,0.6,Baseline-Half,13,5,0.9098333333333334,22.712333333333333,0.079125,0.9940416666666667,0.9149166666666667,26,0.9105,0.9107,0.2677997052669525,0.47437265515327454,0.026830564081668888,0.06767312504947182,0.1713399440050125,0.9361097812652588,,,,,,,,
fashion_mnist,0.8,Baseline-Half,13,5,0.9098333333333334,22.712333333333333,0.079125,0.9940416666666667,0.9149166666666667,26,0.9105,0.9107,0.2677997052669525,0.47437265515327454,0.026830564081668888,0.06767312504947182,0.1713399440050125,0.9361097812652588,,,,,,,,
fashion_mnist,1.0,Baseline-Half,13,5,0.9098333333333334,22.712333333333333,0.079125,0.9940416666666667,0.9149166666666667,26,0.9105,0.9107,0.2677997052669525,0.47437265515327454,0.026830564081668888,0.06767312504947182,0.1713399440050125,0.9361097812652588,,,,,,,,
fashion_mnist,0.0,Baseline-Half,14,4,0.9216666666666666,21.932125,0.07666666666666666,0.997,0.9203333333333333,25,0.9132,0.9126,0.25556159019470215,0.5269700884819031,0.018949536921083903,0.0658156681120396,0.18821598589420319,0.9308583736419678,,,,,,,,
fashion_mnist,0.2,Baseline-Half,14,4,0.9216666666666666,21.932125,0.07666666666666666,0.997,0.9203333333333333,25,0.9132,0.9126,0.25556159019470215,0.5269700884819031,0.018949536921083903,0.0658156681120396,0.18821598589420319,0.9308583736419678,,,,,,,,
fashion_mnist,0.4,Baseline-Half,14,4,0.9216666666666666,21.932125,0.07666666666666666,0.997,0.9203333333333333,25,0.9132,0.9126,0.25556159019470215,0.5269700884819031,0.018949536921083903,0.0658156681120396,0.18821598589420319,0.9308583736419678,,,,,,,,
fashion_mnist,0.6,Baseline-Half,14,4,0.9216666666666666,21.932125,0.07666666666666666,0.997,0.9203333333333333,25,0.9132,0.9126,0.25556159019470215,0.5269700884819031,0.018949536921083903,0.0658156681120396,0.18821598589420319,0.9308583736419678,,,,,,,,
fashion_mnist,0.8,Baseline-Half,14,4,0.9216666666666666,21.932125,0.07666666666666666,0.997,0.9203333333333333,25,0.9132,0.9126,0.25556159019470215,0.5269700884819031,0.018949536921083903,0.0658156681120396,0.18821598589420319,0.9308583736419678,,,,,,,,
fashion_mnist,1.0,Baseline-Half,14,4,0.9216666666666666,21.932125,0.07666666666666666,0.997,0.9203333333333333,25,0.9132,0.9126,0.25556159019470215,0.5269700884819031,0.018949536921083903,0.0658156681120396,0.18821598589420319,0.9308583736419678,,,,,,,,
fashion_mnist,0.0,Baseline-Half,15,6,0.9160833333333334,23.677458333333337,0.07587500000000003,0.9955416666666667,0.9196666666666666,27,0.9138,0.9163,0.2412593960762024,0.4846283197402954,0.017130436986684795,0.06415191952586177,0.18425977230072021,0.930756151676178,,,,,,,,
fashion_mnist,0.2,Baseline-Half,15,6,0.9160833333333334,23.677458333333337,0.07587500000000003,0.9955416666666667,0.9196666666666666,27,0.9138,0.9163,0.2412593960762024,0.4846283197402954,0.017130436986684795,0.06415191952586177,0.18425977230072021,0.930756151676178,,,,,,,,
fashion_mnist,0.4,Baseline-Half,15,6,0.9160833333333334,23.677458333333337,0.07587500000000003,0.9955416666666667,0.9196666666666666,27,0.9138,0.9163,0.2412593960762024,0.4846283197402954,0.017130436986684795,0.06415191952586177,0.18425977230072021,0.930756151676178,,,,,,,,
fashion_mnist,0.6,Baseline-Half,15,6,0.9160833333333334,23.677458333333337,0.07587500000000003,0.9955416666666667,0.9196666666666666,27,0.9138,0.9163,0.2412593960762024,0.4846283197402954,0.017130436986684795,0.06415191952586177,0.18425977230072021,0.930756151676178,,,,,,,,
fashion_mnist,0.8,Baseline-Half,15,6,0.9160833333333334,23.677458333333337,0.07587500000000003,0.9955416666666667,0.9196666666666666,27,0.9138,0.9163,0.2412593960762024,0.4846283197402954,0.017130436986684795,0.06415191952586177,0.18425977230072021,0.930756151676178,,,,,,,,
fashion_mnist,1.0,Baseline-Half,15,6,0.9160833333333334,23.677458333333337,0.07587500000000003,0.9955416666666667,0.9196666666666666,27,0.9138,0.9163,0.2412593960762024,0.4846283197402954,0.017130436986684795,0.06415191952586177,0.18425977230072021,0.930756151676178,,,,,,,,
fashion_mnist,0.0,Baseline-Half,16,4,0.9183333333333333,21.909625,0.08324999999999994,0.9920833333333333,0.9088333333333334,25,0.9102,0.9058,0.2504998445510864,0.5476070046424866,0.023859673736989464,0.07062797875702384,0.17475460469722748,0.9339806437492371,,,,,,,,
fashion_mnist,0.2,Baseline-Half,16,4,0.9183333333333333,21.909625,0.08324999999999994,0.9920833333333333,0.9088333333333334,25,0.9102,0.9058,0.2504998445510864,0.5476070046424866,0.023859673736989464,0.07062797875702384,0.17475460469722748,0.9339806437492371,,,,,,,,
fashion_mnist,0.4,Baseline-Half,16,4,0.9183333333333333,21.909625,0.08324999999999994,0.9920833333333333,0.9088333333333334,25,0.9102,0.9058,0.2504998445510864,0.5476070046424866,0.023859673736989464,0.07062797875702384,0.17475460469722748,0.9339806437492371,,,,,,,,
fashion_mnist,0.6,Baseline-Half,16,4,0.9183333333333333,21.909625,0.08324999999999994,0.9920833333333333,0.9088333333333334,25,0.9102,0.9058,0.2504998445510864,0.5476070046424866,0.023859673736989464,0.07062797875702384,0.17475460469722748,0.9339806437492371,,,,,,,,
fashion_mnist,0.8,Baseline-Half,16,4,0.9183333333333333,21.909625,0.08324999999999994,0.9920833333333333,0.9088333333333334,25,0.9102,0.9058,0.2504998445510864,0.5476070046424866,0.023859673736989464,0.07062797875702384,0.17475460469722748,0.9339806437492371,,,,,,,,
fashion_mnist,1.0,Baseline-Half,16,4,0.9183333333333333,21.909625,0.08324999999999994,0.9920833333333333,0.9088333333333334,25,0.9102,0.9058,0.2504998445510864,0.5476070046424866,0.023859673736989464,0.07062797875702384,0.17475460469722748,0.9339806437492371,,,,,,,,
fashion_mnist,0.0,Baseline-Half,17,8,0.92175,25.49725,0.07754166666666662,0.9935416666666667,0.916,29,0.9144,0.9104,0.2611537575721741,0.5102695226669312,0.03526696917116641,0.06732590922117229,0.13574573397636414,0.948946475982666,,,,,,,,
fashion_mnist,0.2,Baseline-Half,17,8,0.92175,25.49725,0.07754166666666662,0.9935416666666667,0.916,29,0.9144,0.9104,0.2611537575721741,0.5102695226669312,0.03526696917116641,0.06732590922117229,0.13574573397636414,0.948946475982666,,,,,,,,
fashion_mnist,0.4,Baseline-Half,17,8,0.92175,25.49725,0.07754166666666662,0.9935416666666667,0.916,29,0.9144,0.9104,0.2611537575721741,0.5102695226669312,0.03526696917116641,0.06732590922117229,0.13574573397636414,0.948946475982666,,,,,,,,
fashion_mnist,0.6,Baseline-Half,17,8,0.92175,25.49725,0.07754166666666662,0.9935416666666667,0.916,29,0.9144,0.9104,0.2611537575721741,0.5102695226669312,0.03526696917116641,0.06732590922117229,0.13574573397636414,0.948946475982666,,,,,,,,
fashion_mnist,0.8,Baseline-Half,17,8,0.92175,25.49725,0.07754166666666662,0.9935416666666667,0.916,29,0.9144,0.9104,0.2611537575721741,0.5102695226669312,0.03526696917116641,0.06732590922117229,0.13574573397636414,0.948946475982666,,,,,,,,
fashion_mnist,1.0,Baseline-Half,17,8,0.92175,25.49725,0.07754166666666662,0.9935416666666667,0.916,29,0.9144,0.9104,0.2611537575721741,0.5102695226669312,0.03526696917116641,0.06732590922117229,0.13574573397636414,0.948946475982666,,,,,,,,
fashion_mnist,0.0,Baseline-Half,18,4,0.91525,21.91795833333333,0.07829166666666665,0.992875,0.9145833333333333,25,0.9123,0.9142,0.24978767335414886,0.4373924434185028,0.009503556352853807,0.059105803474783926,0.21073676645755768,0.9205039143562317,,,,,,,,
fashion_mnist,0.2,Baseline-Half,18,4,0.91525,21.91795833333333,0.07829166666666665,0.992875,0.9145833333333333,25,0.9123,0.9142,0.24978767335414886,0.4373924434185028,0.009503556352853807,0.059105803474783926,0.21073676645755768,0.9205039143562317,,,,,,,,
fashion_mnist,0.4,Baseline-Half,18,4,0.91525,21.91795833333333,0.07829166666666665,0.992875,0.9145833333333333,25,0.9123,0.9142,0.24978767335414886,0.4373924434185028,0.009503556352853807,0.059105803474783926,0.21073676645755768,0.9205039143562317,,,,,,,,
fashion_mnist,0.6,Baseline-Half,18,4,0.91525,21.91795833333333,0.07829166666666665,0.992875,0.9145833333333333,25,0.9123,0.9142,0.24978767335414886,0.4373924434185028,0.009503556352853807,0.059105803474783926,0.21073676645755768,0.9205039143562317,,,,,,,,
fashion_mnist,0.8,Baseline-Half,18,4,0.91525,21.91795833333333,0.07829166666666665,0.992875,0.9145833333333333,25,0.9123,0.9142,0.24978767335414886,0.4373924434185028,0.009503556352853807,0.059105803474783926,0.21073676645755768,0.9205039143562317,,,,,,,,
fashion_mnist,1.0,Baseline-Half,18,4,0.91525,21.91795833333333,0.07829166666666665,0.992875,0.9145833333333333,25,0.9123,0.9142,0.24978767335414886,0.4373924434185028,0.009503556352853807,0.059105803474783926,0.21073676645755768,0.9205039143562317,,,,,,,,
fashion_mnist,0.0,Baseline-Half,19,5,0.9164166666666667,22.785791666666668,0.07154166666666673,0.991375,0.9198333333333333,26,0.91,0.9134,0.2642160952091217,0.493255078792572,0.025991073888540286,0.06508467963635917,0.17541420459747314,0.9359909892082214,,,,,,,,
fashion_mnist,0.2,Baseline-Half,19,5,0.9164166666666667,22.785791666666668,0.07154166666666673,0.991375,0.9198333333333333,26,0.91,0.9134,0.2642160952091217,0.493255078792572,0.025991073888540286,0.06508467963635917,0.17541420459747314,0.9359909892082214,,,,,,,,
fashion_mnist,0.4,Baseline-Half,19,5,0.9164166666666667,22.785791666666668,0.07154166666666673,0.991375,0.9198333333333333,26,0.91,0.9134,0.2642160952091217,0.493255078792572,0.025991073888540286,0.06508467963635917,0.17541420459747314,0.9359909892082214,,,,,,,,
fashion_mnist,0.6,Baseline-Half,19,5,0.9164166666666667,22.785791666666668,0.07154166666666673,0.991375,0.9198333333333333,26,0.91,0.9134,0.2642160952091217,0.493255078792572,0.025991073888540286,0.06508467963635917,0.17541420459747314,0.9359909892082214,,,,,,,,
fashion_mnist,0.8,Baseline-Half,19,5,0.9164166666666667,22.785791666666668,0.07154166666666673,0.991375,0.9198333333333333,26,0.91,0.9134,0.2642160952091217,0.493255078792572,0.025991073888540286,0.06508467963635917,0.17541420459747314,0.9359909892082214,,,,,,,,
fashion_mnist,1.0,Baseline-Half,19,5,0.9164166666666667,22.785791666666668,0.07154166666666673,0.991375,0.9198333333333333,26,0.91,0.9134,0.2642160952091217,0.493255078792572,0.025991073888540286,0.06508467963635917,0.17541420459747314,0.9359909892082214,,,,,,,,
fashion_mnist,0.0,Baseline-LS,0,5,0.924,23.071166666666667,0.07354166666666662,0.999875,0.9263333333333333,26,0.9194,0.9242,0.2966131567955017,0.30900147557258606,0.06699157477915288,0.07208223246484996,0.5925718545913696,0.8524535894393921,,,,,,,,
fashion_mnist,0.2,Baseline-LS,0,5,0.924,23.071166666666667,0.07354166666666662,0.999875,0.9263333333333333,26,0.9194,0.9242,0.2966131567955017,0.30900147557258606,0.06699157477915288,0.07208223246484996,0.5925718545913696,0.8524535894393921,,,,,,,,
fashion_mnist,0.4,Baseline-LS,0,5,0.924,23.071166666666667,0.07354166666666662,0.999875,0.9263333333333333,26,0.9194,0.9242,0.2966131567955017,0.30900147557258606,0.06699157477915288,0.07208223246484996,0.5925718545913696,0.8524535894393921,,,,,,,,
fashion_mnist,0.6,Baseline-LS,0,5,0.924,23.071166666666667,0.07354166666666662,0.999875,0.9263333333333333,26,0.9194,0.9242,0.2966131567955017,0.30900147557258606,0.06699157477915288,0.07208223246484996,0.5925718545913696,0.8524535894393921,,,,,,,,
fashion_mnist,0.8,Baseline-LS,0,5,0.924,23.071166666666667,0.07354166666666662,0.999875,0.9263333333333333,26,0.9194,0.9242,0.2966131567955017,0.30900147557258606,0.06699157477915288,0.07208223246484996,0.5925718545913696,0.8524535894393921,,,,,,,,
fashion_mnist,1.0,Baseline-LS,0,5,0.924,23.071166666666667,0.07354166666666662,0.999875,0.9263333333333333,26,0.9194,0.9242,0.2966131567955017,0.30900147557258606,0.06699157477915288,0.07208223246484996,0.5925718545913696,0.8524535894393921,,,,,,,,
fashion_mnist,0.0,Baseline-LS,1,9,0.9296666666666666,26.751583333333333,0.06991666666666663,1.0,0.9300833333333334,30,0.92,0.9244,0.31268012523651123,0.32883012294769287,0.07402205232679845,0.08944092102348808,0.6390177607536316,0.8459779024124146,,,,,,,,
fashion_mnist,0.2,Baseline-LS,1,9,0.9296666666666666,26.751583333333333,0.06991666666666663,1.0,0.9300833333333334,30,0.92,0.9244,0.31268012523651123,0.32883012294769287,0.07402205232679845,0.08944092102348808,0.6390177607536316,0.8459779024124146,,,,,,,,
fashion_mnist,0.4,Baseline-LS,1,9,0.9296666666666666,26.751583333333333,0.06991666666666663,1.0,0.9300833333333334,30,0.92,0.9244,0.31268012523651123,0.32883012294769287,0.07402205232679845,0.08944092102348808,0.6390177607536316,0.8459779024124146,,,,,,,,
fashion_mnist,0.6,Baseline-LS,1,9,0.9296666666666666,26.751583333333333,0.06991666666666663,1.0,0.9300833333333334,30,0.92,0.9244,0.31268012523651123,0.32883012294769287,0.07402205232679845,0.08944092102348808,0.6390177607536316,0.8459779024124146,,,,,,,,
fashion_mnist,0.8,Baseline-LS,1,9,0.9296666666666666,26.751583333333333,0.06991666666666663,1.0,0.9300833333333334,30,0.92,0.9244,0.31268012523651123,0.32883012294769287,0.07402205232679845,0.08944092102348808,0.6390177607536316,0.8459779024124146,,,,,,,,
fashion_mnist,1.0,Baseline-LS,1,9,0.9296666666666666,26.751583333333333,0.06991666666666663,1.0,0.9300833333333334,30,0.92,0.9244,0.31268012523651123,0.32883012294769287,0.07402205232679845,0.08944092102348808,0.6390177607536316,0.8459779024124146,,,,,,,,
fashion_mnist,0.0,Baseline-LS,2,8,0.9249166666666667,25.760708333333337,0.07299999999999995,1.0,0.927,29,0.9189,0.9244,0.30224132537841797,0.312892884016037,0.05638386515974998,0.08240217098146675,0.576859176158905,0.8625978231430054,,,,,,,,
fashion_mnist,0.2,Baseline-LS,2,8,0.9249166666666667,25.760708333333337,0.07299999999999995,1.0,0.927,29,0.9189,0.9244,0.30224132537841797,0.312892884016037,0.05638386515974998,0.08240217098146675,0.576859176158905,0.8625978231430054,,,,,,,,
fashion_mnist,0.4,Baseline-LS,2,8,0.9249166666666667,25.760708333333337,0.07299999999999995,1.0,0.927,29,0.9189,0.9244,0.30224132537841797,0.312892884016037,0.05638386515974998,0.08240217098146675,0.576859176158905,0.8625978231430054,,,,,,,,
fashion_mnist,0.6,Baseline-LS,2,8,0.9249166666666667,25.760708333333337,0.07299999999999995,1.0,0.927,29,0.9189,0.9244,0.30224132537841797,0.312892884016037,0.05638386515974998,0.08240217098146675,0.576859176158905,0.8625978231430054,,,,,,,,
fashion_mnist,0.8,Baseline-LS,2,8,0.9249166666666667,25.760708333333337,0.07299999999999995,1.0,0.927,29,0.9189,0.9244,0.30224132537841797,0.312892884016037,0.05638386515974998,0.08240217098146675,0.576859176158905,0.8625978231430054,,,,,,,,
fashion_mnist,1.0,Baseline-LS,2,8,0.9249166666666667,25.760708333333337,0.07299999999999995,1.0,0.927,29,0.9189,0.9244,0.30224132537841797,0.312892884016037,0.05638386515974998,0.08240217098146675,0.576859176158905,0.8625978231430054,,,,,,,,
fashion_mnist,0.0,Baseline-LS,3,8,0.9203333333333333,25.730583333333332,0.07141666666666668,1.0,0.9285833333333333,29,0.9151,0.9253,0.30941006541252136,0.32070133090019226,0.062443912646174396,0.08666594040393828,0.5950103402137756,0.8531115055084229,,,,,,,,
fashion_mnist,0.2,Baseline-LS,3,8,0.9203333333333333,25.730583333333332,0.07141666666666668,1.0,0.9285833333333333,29,0.9151,0.9253,0.30941006541252136,0.32070133090019226,0.062443912646174396,0.08666594040393828,0.5950103402137756,0.8531115055084229,,,,,,,,
fashion_mnist,0.4,Baseline-LS,3,8,0.9203333333333333,25.730583333333332,0.07141666666666668,1.0,0.9285833333333333,29,0.9151,0.9253,0.30941006541252136,0.32070133090019226,0.062443912646174396,0.08666594040393828,0.5950103402137756,0.8531115055084229,,,,,,,,
fashion_mnist,0.6,Baseline-LS,3,8,0.9203333333333333,25.730583333333332,0.07141666666666668,1.0,0.9285833333333333,29,0.9151,0.9253,0.30941006541252136,0.32070133090019226,0.062443912646174396,0.08666594040393828,0.5950103402137756,0.8531115055084229,,,,,,,,
fashion_mnist,0.8,Baseline-LS,3,8,0.9203333333333333,25.730583333333332,0.07141666666666668,1.0,0.9285833333333333,29,0.9151,0.9253,0.30941006541252136,0.32070133090019226,0.062443912646174396,0.08666594040393828,0.5950103402137756,0.8531115055084229,,,,,,,,
fashion_mnist,1.0,Baseline-LS,3,8,0.9203333333333333,25.730583333333332,0.07141666666666668,1.0,0.9285833333333333,29,0.9151,0.9253,0.30941006541252136,0.32070133090019226,0.062443912646174396,0.08666594040393828,0.5950103402137756,0.8531115055084229,,,,,,,,
fashion_mnist,0.0,Baseline-LS,4,4,0.91975,22.004875,0.07295833333333335,0.9997916666666666,0.9268333333333333,25,0.9181,0.924,0.30331939458847046,0.31428825855255127,0.07377364343404773,0.07306889267116783,0.629243791103363,0.844326376914978,,,,,,,,
fashion_mnist,0.2,Baseline-LS,4,4,0.91975,22.004875,0.07295833333333335,0.9997916666666666,0.9268333333333333,25,0.9181,0.924,0.30331939458847046,0.31428825855255127,0.07377364343404773,0.07306889267116783,0.629243791103363,0.844326376914978,,,,,,,,
fashion_mnist,0.4,Baseline-LS,4,4,0.91975,22.004875,0.07295833333333335,0.9997916666666666,0.9268333333333333,25,0.9181,0.924,0.30331939458847046,0.31428825855255127,0.07377364343404773,0.07306889267116783,0.629243791103363,0.844326376914978,,,,,,,,
fashion_mnist,0.6,Baseline-LS,4,4,0.91975,22.004875,0.07295833333333335,0.9997916666666666,0.9268333333333333,25,0.9181,0.924,0.30331939458847046,0.31428825855255127,0.07377364343404773,0.07306889267116783,0.629243791103363,0.844326376914978,,,,,,,,
fashion_mnist,0.8,Baseline-LS,4,4,0.91975,22.004875,0.07295833333333335,0.9997916666666666,0.9268333333333333,25,0.9181,0.924,0.30331939458847046,0.31428825855255127,0.07377364343404773,0.07306889267116783,0.629243791103363,0.844326376914978,,,,,,,,
fashion_mnist,1.0,Baseline-LS,4,4,0.91975,22.004875,0.07295833333333335,0.9997916666666666,0.9268333333333333,25,0.9181,0.924,0.30331939458847046,0.31428825855255127,0.07377364343404773,0.07306889267116783,0.629243791103363,0.844326376914978,,,,,,,,
fashion_mnist,0.0,Baseline-LS,5,5,0.9233333333333333,23.0075,0.07195833333333324,0.9999583333333333,0.928,26,0.9189,0.9246,0.3129976987838745,0.3198830187320709,0.08124732144922017,0.0817960683003068,0.6611276865005493,0.8376526236534119,,,,,,,,
fashion_mnist,0.2,Baseline-LS,5,5,0.9233333333333333,23.0075,0.07195833333333324,0.9999583333333333,0.928,26,0.9189,0.9246,0.3129976987838745,0.3198830187320709,0.08124732144922017,0.0817960683003068,0.6611276865005493,0.8376526236534119,,,,,,,,
fashion_mnist,0.4,Baseline-LS,5,5,0.9233333333333333,23.0075,0.07195833333333324,0.9999583333333333,0.928,26,0.9189,0.9246,0.3129976987838745,0.3198830187320709,0.08124732144922017,0.0817960683003068,0.6611276865005493,0.8376526236534119,,,,,,,,
fashion_mnist,0.6,Baseline-LS,5,5,0.9233333333333333,23.0075,0.07195833333333324,0.9999583333333333,0.928,26,0.9189,0.9246,0.3129976987838745,0.3198830187320709,0.08124732144922017,0.0817960683003068,0.6611276865005493,0.8376526236534119,,,,,,,,
fashion_mnist,0.8,Baseline-LS,5,5,0.9233333333333333,23.0075,0.07195833333333324,0.9999583333333333,0.928,26,0.9189,0.9246,0.3129976987838745,0.3198830187320709,0.08124732144922017,0.0817960683003068,0.6611276865005493,0.8376526236534119,,,,,,,,
fashion_mnist,1.0,Baseline-LS,5,5,0.9233333333333333,23.0075,0.07195833333333324,0.9999583333333333,0.928,26,0.9189,0.9246,0.3129976987838745,0.3198830187320709,0.08124732144922017,0.0817960683003068,0.6611276865005493,0.8376526236534119,,,,,,,,
fashion_mnist,0.0,Baseline-LS,6,4,0.925,22.141791666666666,0.07579166666666659,0.9937083333333333,0.9179166666666667,25,0.911,0.9148,0.30376172065734863,0.338166743516922,0.06524065184742212,0.0722784860342741,0.6082174777984619,0.8459607362747192,,,,,,,,
fashion_mnist,0.2,Baseline-LS,6,4,0.925,22.141791666666666,0.07579166666666659,0.9937083333333333,0.9179166666666667,25,0.911,0.9148,0.30376172065734863,0.338166743516922,0.06524065184742212,0.0722784860342741,0.6082174777984619,0.8459607362747192,,,,,,,,
fashion_mnist,0.4,Baseline-LS,6,4,0.925,22.141791666666666,0.07579166666666659,0.9937083333333333,0.9179166666666667,25,0.911,0.9148,0.30376172065734863,0.338166743516922,0.06524065184742212,0.0722784860342741,0.6082174777984619,0.8459607362747192,,,,,,,,
fashion_mnist,0.6,Baseline-LS,6,4,0.925,22.141791666666666,0.07579166666666659,0.9937083333333333,0.9179166666666667,25,0.911,0.9148,0.30376172065734863,0.338166743516922,0.06524065184742212,0.0722784860342741,0.6082174777984619,0.8459607362747192,,,,,,,,
fashion_mnist,0.8,Baseline-LS,6,4,0.925,22.141791666666666,0.07579166666666659,0.9937083333333333,0.9179166666666667,25,0.911,0.9148,0.30376172065734863,0.338166743516922,0.06524065184742212,0.0722784860342741,0.6082174777984619,0.8459607362747192,,,,,,,,
fashion_mnist,1.0,Baseline-LS,6,4,0.925,22.141791666666666,0.07579166666666659,0.9937083333333333,0.9179166666666667,25,0.911,0.9148,0.30376172065734863,0.338166743516922,0.06524065184742212,0.0722784860342741,0.6082174777984619,0.8459607362747192,,,,,,,,
fashion_mnist,0.0,Baseline-LS,7,11,0.93,28.580041666666663,0.06974999999999998,1.0,0.93025,32,0.9213,0.9251,0.30853351950645447,0.323574036359787,0.06824324264377356,0.08935968615114691,0.6223083138465881,0.854073166847229,,,,,,,,
fashion_mnist,0.2,Baseline-LS,7,11,0.93,28.580041666666663,0.06974999999999998,1.0,0.93025,32,0.9213,0.9251,0.30853351950645447,0.323574036359787,0.06824324264377356,0.08935968615114691,0.6223083138465881,0.854073166847229,,,,,,,,
fashion_mnist,0.4,Baseline-LS,7,11,0.93,28.580041666666663,0.06974999999999998,1.0,0.93025,32,0.9213,0.9251,0.30853351950645447,0.323574036359787,0.06824324264377356,0.08935968615114691,0.6223083138465881,0.854073166847229,,,,,,,,
fashion_mnist,0.6,Baseline-LS,7,11,0.93,28.580041666666663,0.06974999999999998,1.0,0.93025,32,0.9213,0.9251,0.30853351950645447,0.323574036359787,0.06824324264377356,0.08935968615114691,0.6223083138465881,0.854073166847229,,,,,,,,
fashion_mnist,0.8,Baseline-LS,7,11,0.93,28.580041666666663,0.06974999999999998,1.0,0.93025,32,0.9213,0.9251,0.30853351950645447,0.323574036359787,0.06824324264377356,0.08935968615114691,0.6223083138465881,0.854073166847229,,,,,,,,
fashion_mnist,1.0,Baseline-LS,7,11,0.93,28.580041666666663,0.06974999999999998,1.0,0.93025,32,0.9213,0.9251,0.30853351950645447,0.323574036359787,0.06824324264377356,0.08935968615114691,0.6223083138465881,0.854073166847229,,,,,,,,
fashion_mnist,0.0,Baseline-LS,8,27,0.9319166666666666,43.44775000000001,0.07025000000000003,1.0,0.92975,48,0.9265,0.9262,0.3043797016143799,0.3281397521495819,0.07434431438446046,0.09048878361284736,0.6421118974685669,0.8521556854248047,,,,,,,,
fashion_mnist,0.2,Baseline-LS,8,27,0.9319166666666666,43.44775000000001,0.07025000000000003,1.0,0.92975,48,0.9265,0.9262,0.3043797016143799,0.3281397521495819,0.07434431438446046,0.09048878361284736,0.6421118974685669,0.8521556854248047,,,,,,,,
fashion_mnist,0.4,Baseline-LS,8,27,0.9319166666666666,43.44775000000001,0.07025000000000003,1.0,0.92975,48,0.9265,0.9262,0.3043797016143799,0.3281397521495819,0.07434431438446046,0.09048878361284736,0.6421118974685669,0.8521556854248047,,,,,,,,
fashion_mnist,0.6,Baseline-LS,8,27,0.9319166666666666,43.44775000000001,0.07025000000000003,1.0,0.92975,48,0.9265,0.9262,0.3043797016143799,0.3281397521495819,0.07434431438446046,0.09048878361284736,0.6421118974685669,0.8521556854248047,,,,,,,,
fashion_mnist,0.8,Baseline-LS,8,27,0.9319166666666666,43.44775000000001,0.07025000000000003,1.0,0.92975,48,0.9265,0.9262,0.3043797016143799,0.3281397521495819,0.07434431438446046,0.09048878361284736,0.6421118974685669,0.8521556854248047,,,,,,,,
fashion_mnist,1.0,Baseline-LS,8,27,0.9319166666666666,43.44775000000001,0.07025000000000003,1.0,0.92975,48,0.9265,0.9262,0.3043797016143799,0.3281397521495819,0.07434431438446046,0.09048878361284736,0.6421118974685669,0.8521556854248047,,,,,,,,
fashion_mnist,0.0,Baseline-LS,9,9,0.9284166666666667,26.771500000000003,0.0708333333333333,1.0,0.9291666666666667,30,0.922,0.929,0.2987825870513916,0.30756276845932007,0.05968316074311732,0.08374510811120273,0.5851642489433289,0.8623577952384949,,,,,,,,
fashion_mnist,0.2,Baseline-LS,9,9,0.9284166666666667,26.771500000000003,0.0708333333333333,1.0,0.9291666666666667,30,0.922,0.929,0.2987825870513916,0.30756276845932007,0.05968316074311732,0.08374510811120273,0.5851642489433289,0.8623577952384949,,,,,,,,
fashion_mnist,0.4,Baseline-LS,9,9,0.9284166666666667,26.771500000000003,0.0708333333333333,1.0,0.9291666666666667,30,0.922,0.929,0.2987825870513916,0.30756276845932007,0.05968316074311732,0.08374510811120273,0.5851642489433289,0.8623577952384949,,,,,,,,
fashion_mnist,0.6,Baseline-LS,9,9,0.9284166666666667,26.771500000000003,0.0708333333333333,1.0,0.9291666666666667,30,0.922,0.929,0.2987825870513916,0.30756276845932007,0.05968316074311732,0.08374510811120273,0.5851642489433289,0.8623577952384949,,,,,,,,
fashion_mnist,0.8,Baseline-LS,9,9,0.9284166666666667,26.771500000000003,0.0708333333333333,1.0,0.9291666666666667,30,0.922,0.929,0.2987825870513916,0.30756276845932007,0.05968316074311732,0.08374510811120273,0.5851642489433289,0.8623577952384949,,,,,,,,
fashion_mnist,1.0,Baseline-LS,9,9,0.9284166666666667,26.771500000000003,0.0708333333333333,1.0,0.9291666666666667,30,0.922,0.929,0.2987825870513916,0.30756276845932007,0.05968316074311732,0.08374510811120273,0.5851642489433289,0.8623577952384949,,,,,,,,
fashion_mnist,0.0,Baseline-LS,10,5,0.9221666666666667,23.051291666666664,0.06941666666666668,1.0,0.9305833333333333,26,0.9177,0.9241,0.2944380044937134,0.3287833631038666,0.06743235544860364,0.08887974603474144,0.6018943190574646,0.8503208756446838,,,,,,,,
fashion_mnist,0.2,Baseline-LS,10,5,0.9221666666666667,23.051291666666664,0.06941666666666668,1.0,0.9305833333333333,26,0.9177,0.9241,0.2944380044937134,0.3287833631038666,0.06743235544860364,0.08887974603474144,0.6018943190574646,0.8503208756446838,,,,,,,,
fashion_mnist,0.4,Baseline-LS,10,5,0.9221666666666667,23.051291666666664,0.06941666666666668,1.0,0.9305833333333333,26,0.9177,0.9241,0.2944380044937134,0.3287833631038666,0.06743235544860364,0.08887974603474144,0.6018943190574646,0.8503208756446838,,,,,,,,
fashion_mnist,0.6,Baseline-LS,10,5,0.9221666666666667,23.051291666666664,0.06941666666666668,1.0,0.9305833333333333,26,0.9177,0.9241,0.2944380044937134,0.3287833631038666,0.06743235544860364,0.08887974603474144,0.6018943190574646,0.8503208756446838,,,,,,,,
fashion_mnist,0.8,Baseline-LS,10,5,0.9221666666666667,23.051291666666664,0.06941666666666668,1.0,0.9305833333333333,26,0.9177,0.9241,0.2944380044937134,0.3287833631038666,0.06743235544860364,0.08887974603474144,0.6018943190574646,0.8503208756446838,,,,,,,,
fashion_mnist,1.0,Baseline-LS,10,5,0.9221666666666667,23.051291666666664,0.06941666666666668,1.0,0.9305833333333333,26,0.9177,0.9241,0.2944380044937134,0.3287833631038666,0.06743235544860364,0.08887974603474144,0.6018943190574646,0.8503208756446838,,,,,,,,
fashion_mnist,0.0,Baseline-LS,11,5,0.9263333333333333,23.08566666666667,0.07054166666666672,0.9972083333333334,0.9266666666666666,26,0.9174,0.9197,0.30397647619247437,0.3154233396053314,0.07340162471532818,0.06303674815595152,0.6315857768058777,0.8439983129501343,,,,,,,,
fashion_mnist,0.2,Baseline-LS,11,5,0.9263333333333333,23.08566666666667,0.07054166666666672,0.9972083333333334,0.9266666666666666,26,0.9174,0.9197,0.30397647619247437,0.3154233396053314,0.07340162471532818,0.06303674815595152,0.6315857768058777,0.8439983129501343,,,,,,,,
fashion_mnist,0.4,Baseline-LS,11,5,0.9263333333333333,23.08566666666667,0.07054166666666672,0.9972083333333334,0.9266666666666666,26,0.9174,0.9197,0.30397647619247437,0.3154233396053314,0.07340162471532818,0.06303674815595152,0.6315857768058777,0.8439983129501343,,,,,,,,
fashion_mnist,0.6,Baseline-LS,11,5,0.9263333333333333,23.08566666666667,0.07054166666666672,0.9972083333333334,0.9266666666666666,26,0.9174,0.9197,0.30397647619247437,0.3154233396053314,0.07340162471532818,0.06303674815595152,0.6315857768058777,0.8439983129501343,,,,,,,,
fashion_mnist,0.8,Baseline-LS,11,5,0.9263333333333333,23.08566666666667,0.07054166666666672,0.9972083333333334,0.9266666666666666,26,0.9174,0.9197,0.30397647619247437,0.3154233396053314,0.07340162471532818,0.06303674815595152,0.6315857768058777,0.8439983129501343,,,,,,,,
fashion_mnist,1.0,Baseline-LS,11,5,0.9263333333333333,23.08566666666667,0.07054166666666672,0.9972083333333334,0.9266666666666666,26,0.9174,0.9197,0.30397647619247437,0.3154233396053314,0.07340162471532818,0.06303674815595152,0.6315857768058777,0.8439983129501343,,,,,,,,
fashion_mnist,0.0,Baseline-LS,12,8,0.92525,25.823375,0.07016666666666671,1.0,0.9298333333333333,29,0.9215,0.9262,0.2975294291973114,0.32114937901496887,0.06543372820615767,0.08659655273556713,0.6038272380828857,0.8560662865638733,,,,,,,,
fashion_mnist,0.2,Baseline-LS,12,8,0.92525,25.823375,0.07016666666666671,1.0,0.9298333333333333,29,0.9215,0.9262,0.2975294291973114,0.32114937901496887,0.06543372820615767,0.08659655273556713,0.6038272380828857,0.8560662865638733,,,,,,,,
fashion_mnist,0.4,Baseline-LS,12,8,0.92525,25.823375,0.07016666666666671,1.0,0.9298333333333333,29,0.9215,0.9262,0.2975294291973114,0.32114937901496887,0.06543372820615767,0.08659655273556713,0.6038272380828857,0.8560662865638733,,,,,,,,
fashion_mnist,0.6,Baseline-LS,12,8,0.92525,25.823375,0.07016666666666671,1.0,0.9298333333333333,29,0.9215,0.9262,0.2975294291973114,0.32114937901496887,0.06543372820615767,0.08659655273556713,0.6038272380828857,0.8560662865638733,,,,,,,,
fashion_mnist,0.8,Baseline-LS,12,8,0.92525,25.823375,0.07016666666666671,1.0,0.9298333333333333,29,0.9215,0.9262,0.2975294291973114,0.32114937901496887,0.06543372820615767,0.08659655273556713,0.6038272380828857,0.8560662865638733,,,,,,,,
fashion_mnist,1.0,Baseline-LS,12,8,0.92525,25.823375,0.07016666666666671,1.0,0.9298333333333333,29,0.9215,0.9262,0.2975294291973114,0.32114937901496887,0.06543372820615767,0.08659655273556713,0.6038272380828857,0.8560662865638733,,,,,,,,
fashion_mnist,0.0,Baseline-LS,13,26,0.9270833333333334,42.331625,0.07433333333333336,1.0,0.9256666666666666,47,0.9239,0.9237,0.3119361102581024,0.3256570100784302,0.07629931258410216,0.08671582814604047,0.6573997735977173,0.8479687571525574,,,,,,,,
fashion_mnist,0.2,Baseline-LS,13,26,0.9270833333333334,42.331625,0.07433333333333336,1.0,0.9256666666666666,47,0.9239,0.9237,0.3119361102581024,0.3256570100784302,0.07629931258410216,0.08671582814604047,0.6573997735977173,0.8479687571525574,,,,,,,,
fashion_mnist,0.4,Baseline-LS,13,26,0.9270833333333334,42.331625,0.07433333333333336,1.0,0.9256666666666666,47,0.9239,0.9237,0.3119361102581024,0.3256570100784302,0.07629931258410216,0.08671582814604047,0.6573997735977173,0.8479687571525574,,,,,,,,
fashion_mnist,0.6,Baseline-LS,13,26,0.9270833333333334,42.331625,0.07433333333333336,1.0,0.9256666666666666,47,0.9239,0.9237,0.3119361102581024,0.3256570100784302,0.07629931258410216,0.08671582814604047,0.6573997735977173,0.8479687571525574,,,,,,,,
fashion_mnist,0.8,Baseline-LS,13,26,0.9270833333333334,42.331625,0.07433333333333336,1.0,0.9256666666666666,47,0.9239,0.9237,0.3119361102581024,0.3256570100784302,0.07629931258410216,0.08671582814604047,0.6573997735977173,0.8479687571525574,,,,,,,,
fashion_mnist,1.0,Baseline-LS,13,26,0.9270833333333334,42.331625,0.07433333333333336,1.0,0.9256666666666666,47,0.9239,0.9237,0.3119361102581024,0.3256570100784302,0.07629931258410216,0.08671582814604047,0.6573997735977173,0.8479687571525574,,,,,,,,
fashion_mnist,0.0,Baseline-LS,14,13,0.93275,30.53216666666667,0.06841666666666668,1.0,0.9315833333333333,34,0.9251,0.9249,0.30300188064575195,0.32645267248153687,0.06932581594288348,0.08620519637465475,0.6193714141845703,0.8558511734008789,,,,,,,,
fashion_mnist,0.2,Baseline-LS,14,13,0.93275,30.53216666666667,0.06841666666666668,1.0,0.9315833333333333,34,0.9251,0.9249,0.30300188064575195,0.32645267248153687,0.06932581594288348,0.08620519637465475,0.6193714141845703,0.8558511734008789,,,,,,,,
fashion_mnist,0.4,Baseline-LS,14,13,0.93275,30.53216666666667,0.06841666666666668,1.0,0.9315833333333333,34,0.9251,0.9249,0.30300188064575195,0.32645267248153687,0.06932581594288348,0.08620519637465475,0.6193714141845703,0.8558511734008789,,,,,,,,
fashion_mnist,0.6,Baseline-LS,14,13,0.93275,30.53216666666667,0.06841666666666668,1.0,0.9315833333333333,34,0.9251,0.9249,0.30300188064575195,0.32645267248153687,0.06932581594288348,0.08620519637465475,0.6193714141845703,0.8558511734008789,,,,,,,,
fashion_mnist,0.8,Baseline-LS,14,13,0.93275,30.53216666666667,0.06841666666666668,1.0,0.9315833333333333,34,0.9251,0.9249,0.30300188064575195,0.32645267248153687,0.06932581594288348,0.08620519637465475,0.6193714141845703,0.8558511734008789,,,,,,,,
fashion_mnist,1.0,Baseline-LS,14,13,0.93275,30.53216666666667,0.06841666666666668,1.0,0.9315833333333333,34,0.9251,0.9249,0.30300188064575195,0.32645267248153687,0.06932581594288348,0.08620519637465475,0.6193714141845703,0.8558511734008789,,,,,,,,
fashion_mnist,0.0,Baseline-LS,15,7,0.9204166666666667,24.856041666666666,0.07166666666666666,1.0,0.9283333333333333,28,0.9126,0.926,0.31377506256103516,0.31701576709747314,0.05772691112756726,0.08384453175067902,0.5854479670524597,0.8550657033920288,,,,,,,,
fashion_mnist,0.2,Baseline-LS,15,7,0.9204166666666667,24.856041666666666,0.07166666666666666,1.0,0.9283333333333333,28,0.9126,0.926,0.31377506256103516,0.31701576709747314,0.05772691112756726,0.08384453175067902,0.5854479670524597,0.8550657033920288,,,,,,,,
fashion_mnist,0.4,Baseline-LS,15,7,0.9204166666666667,24.856041666666666,0.07166666666666666,1.0,0.9283333333333333,28,0.9126,0.926,0.31377506256103516,0.31701576709747314,0.05772691112756726,0.08384453175067902,0.5854479670524597,0.8550657033920288,,,,,,,,
fashion_mnist,0.6,Baseline-LS,15,7,0.9204166666666667,24.856041666666666,0.07166666666666666,1.0,0.9283333333333333,28,0.9126,0.926,0.31377506256103516,0.31701576709747314,0.05772691112756726,0.08384453175067902,0.5854479670524597,0.8550657033920288,,,,,,,,
fashion_mnist,0.8,Baseline-LS,15,7,0.9204166666666667,24.856041666666666,0.07166666666666666,1.0,0.9283333333333333,28,0.9126,0.926,0.31377506256103516,0.31701576709747314,0.05772691112756726,0.08384453175067902,0.5854479670524597,0.8550657033920288,,,,,,,,
fashion_mnist,1.0,Baseline-LS,15,7,0.9204166666666667,24.856041666666666,0.07166666666666666,1.0,0.9283333333333333,28,0.9126,0.926,0.31377506256103516,0.31701576709747314,0.05772691112756726,0.08384453175067902,0.5854479670524597,0.8550657033920288,,,,,,,,
fashion_mnist,0.0,Baseline-LS,16,6,0.9263333333333333,24.013583333333333,0.0668333333333333,1.0,0.9331666666666667,27,0.9163,0.9248,0.2870017886161804,0.3146699070930481,0.04573309844136238,0.08191635694354774,0.5213574171066284,0.8707807660102844,,,,,,,,
fashion_mnist,0.2,Baseline-LS,16,6,0.9263333333333333,24.013583333333333,0.0668333333333333,1.0,0.9331666666666667,27,0.9163,0.9248,0.2870017886161804,0.3146699070930481,0.04573309844136238,0.08191635694354774,0.5213574171066284,0.8707807660102844,,,,,,,,
fashion_mnist,0.4,Baseline-LS,16,6,0.9263333333333333,24.013583333333333,0.0668333333333333,1.0,0.9331666666666667,27,0.9163,0.9248,0.2870017886161804,0.3146699070930481,0.04573309844136238,0.08191635694354774,0.5213574171066284,0.8707807660102844,,,,,,,,
fashion_mnist,0.6,Baseline-LS,16,6,0.9263333333333333,24.013583333333333,0.0668333333333333,1.0,0.9331666666666667,27,0.9163,0.9248,0.2870017886161804,0.3146699070930481,0.04573309844136238,0.08191635694354774,0.5213574171066284,0.8707807660102844,,,,,,,,
fashion_mnist,0.8,Baseline-LS,16,6,0.9263333333333333,24.013583333333333,0.0668333333333333,1.0,0.9331666666666667,27,0.9163,0.9248,0.2870017886161804,0.3146699070930481,0.04573309844136238,0.08191635694354774,0.5213574171066284,0.8707807660102844,,,,,,,,
fashion_mnist,1.0,Baseline-LS,16,6,0.9263333333333333,24.013583333333333,0.0668333333333333,1.0,0.9331666666666667,27,0.9163,0.9248,0.2870017886161804,0.3146699070930481,0.04573309844136238,0.08191635694354774,0.5213574171066284,0.8707807660102844,,,,,,,,
fashion_mnist,0.0,Baseline-LS,17,26,0.9255833333333333,42.373083333333334,0.07266666666666666,1.0,0.9273333333333333,47,0.9212,0.9234,0.3106784224510193,0.3313533365726471,0.07029805261045695,0.09040765668302776,0.6397712826728821,0.8517031073570251,,,,,,,,
fashion_mnist,0.2,Baseline-LS,17,26,0.9255833333333333,42.373083333333334,0.07266666666666666,1.0,0.9273333333333333,47,0.9212,0.9234,0.3106784224510193,0.3313533365726471,0.07029805261045695,0.09040765668302776,0.6397712826728821,0.8517031073570251,,,,,,,,
fashion_mnist,0.4,Baseline-LS,17,26,0.9255833333333333,42.373083333333334,0.07266666666666666,1.0,0.9273333333333333,47,0.9212,0.9234,0.3106784224510193,0.3313533365726471,0.07029805261045695,0.09040765668302776,0.6397712826728821,0.8517031073570251,,,,,,,,
fashion_mnist,0.6,Baseline-LS,17,26,0.9255833333333333,42.373083333333334,0.07266666666666666,1.0,0.9273333333333333,47,0.9212,0.9234,0.3106784224510193,0.3313533365726471,0.07029805261045695,0.09040765668302776,0.6397712826728821,0.8517031073570251,,,,,,,,
fashion_mnist,0.8,Baseline-LS,17,26,0.9255833333333333,42.373083333333334,0.07266666666666666,1.0,0.9273333333333333,47,0.9212,0.9234,0.3106784224510193,0.3313533365726471,0.07029805261045695,0.09040765668302776,0.6397712826728821,0.8517031073570251,,,,,,,,
fashion_mnist,1.0,Baseline-LS,17,26,0.9255833333333333,42.373083333333334,0.07266666666666666,1.0,0.9273333333333333,47,0.9212,0.9234,0.3106784224510193,0.3313533365726471,0.07029805261045695,0.09040765668302776,0.6397712826728821,0.8517031073570251,,,,,,,,
fashion_mnist,0.0,Baseline-LS,18,5,0.9194166666666667,22.99116666666667,0.07058333333333333,0.9998333333333334,0.92925,26,0.9174,0.9269,0.2937912940979004,0.3132840096950531,0.06091197687983513,0.08217501506209375,0.5738740563392639,0.8566794991493225,,,,,,,,
fashion_mnist,0.2,Baseline-LS,18,5,0.9194166666666667,22.99116666666667,0.07058333333333333,0.9998333333333334,0.92925,26,0.9174,0.9269,0.2937912940979004,0.3132840096950531,0.06091197687983513,0.08217501506209375,0.5738740563392639,0.8566794991493225,,,,,,,,
fashion_mnist,0.4,Baseline-LS,18,5,0.9194166666666667,22.99116666666667,0.07058333333333333,0.9998333333333334,0.92925,26,0.9174,0.9269,0.2937912940979004,0.3132840096950531,0.06091197687983513,0.08217501506209375,0.5738740563392639,0.8566794991493225,,,,,,,,
fashion_mnist,0.6,Baseline-LS,18,5,0.9194166666666667,22.99116666666667,0.07058333333333333,0.9998333333333334,0.92925,26,0.9174,0.9269,0.2937912940979004,0.3132840096950531,0.06091197687983513,0.08217501506209375,0.5738740563392639,0.8566794991493225,,,,,,,,
fashion_mnist,0.8,Baseline-LS,18,5,0.9194166666666667,22.99116666666667,0.07058333333333333,0.9998333333333334,0.92925,26,0.9174,0.9269,0.2937912940979004,0.3132840096950531,0.06091197687983513,0.08217501506209375,0.5738740563392639,0.8566794991493225,,,,,,,,
fashion_mnist,1.0,Baseline-LS,18,5,0.9194166666666667,22.99116666666667,0.07058333333333333,0.9998333333333334,0.92925,26,0.9174,0.9269,0.2937912940979004,0.3132840096950531,0.06091197687983513,0.08217501506209375,0.5738740563392639,0.8566794991493225,,,,,,,,
fashion_mnist,0.0,Baseline-LS,19,13,0.93125,30.494791666666664,0.06758333333333333,1.0,0.9324166666666667,34,0.9257,0.9261,0.30706965923309326,0.3305360972881317,0.07775501650869843,0.09593139151185752,0.6516645550727844,0.848220705986023,,,,,,,,
fashion_mnist,0.2,Baseline-LS,19,13,0.93125,30.494791666666664,0.06758333333333333,1.0,0.9324166666666667,34,0.9257,0.9261,0.30706965923309326,0.3305360972881317,0.07775501650869843,0.09593139151185752,0.6516645550727844,0.848220705986023,,,,,,,,
fashion_mnist,0.4,Baseline-LS,19,13,0.93125,30.494791666666664,0.06758333333333333,1.0,0.9324166666666667,34,0.9257,0.9261,0.30706965923309326,0.3305360972881317,0.07775501650869843,0.09593139151185752,0.6516645550727844,0.848220705986023,,,,,,,,
fashion_mnist,0.6,Baseline-LS,19,13,0.93125,30.494791666666664,0.06758333333333333,1.0,0.9324166666666667,34,0.9257,0.9261,0.30706965923309326,0.3305360972881317,0.07775501650869843,0.09593139151185752,0.6516645550727844,0.848220705986023,,,,,,,,
fashion_mnist,0.8,Baseline-LS,19,13,0.93125,30.494791666666664,0.06758333333333333,1.0,0.9324166666666667,34,0.9257,0.9261,0.30706965923309326,0.3305360972881317,0.07775501650869843,0.09593139151185752,0.6516645550727844,0.848220705986023,,,,,,,,
fashion_mnist,1.0,Baseline-LS,19,13,0.93125,30.494791666666664,0.06758333333333333,1.0,0.9324166666666667,34,0.9257,0.9261,0.30706965923309326,0.3305360972881317,0.07775501650869843,0.09593139151185752,0.6516645550727844,0.848220705986023,,,,,,,,
fashion_mnist,0.0,Distill-S,0,28,0.9305833333333333,44.48191666666667,0.03862500000000002,0.9682916666666667,0.9296666666666666,49,0.926,0.9245,0.23026542365550995,0.25883859395980835,0.026439843881130184,0.029286202573776288,0.1258421391248703,0.951582133769989,0.9228,0.0648661964029074,0.9876661896705627,0.030633511021733284,0.029274027794599533,0.9879407286643982,,0.9577916666666667
fashion_mnist,0.2,Distill-S,0,26,0.9275,42.44254166666667,0.046375000000000055,0.9729583333333334,0.9265833333333333,47,0.9222,0.9233,0.2385438233613968,0.24926938116550446,0.026828649061918234,0.027597196957468987,0.13980033993721008,0.9489763379096985,0.9128,0.06607222434580323,0.9788721799850464,0.053369469940662384,0.04402511939406395,0.9825323820114136,0.9972916666666667,0.9499479166666667
fashion_mnist,0.4,Distill-S,0,4,0.91775,22.108249999999998,0.053749999999999964,0.9786666666666667,0.9249166666666667,25,0.9143,0.9191,0.24841530621051788,0.2678964138031006,0.01924040832519531,0.039255564293265356,0.18555881083011627,0.9328271746635437,0.9218,0.06486440380215641,0.9865014553070068,0.03302491083741188,0.017527097836136818,0.992887556552887,0.961875,0.9530555555555555
fashion_mnist,0.6,Distill-S,0,5,0.9224166666666667,22.974166666666665,0.06195833333333334,0.9850416666666667,0.9230833333333334,26,0.916,0.9178,0.2548828721046448,0.30156752467155457,0.02316637403368947,0.04616140542030335,0.16705258190631866,0.9387555718421936,0.9201,0.06632001542747018,0.9862316250801086,0.033843327313661575,0.01422471459954977,0.9945224523544312,0.9697222222222223,0.9541666666666667
fashion_mnist,0.8,Distill-S,0,4,0.918,21.99275,0.06491666666666673,0.98975,0.9248333333333333,25,0.9108,0.9177,0.2646847367286682,0.34188002347946167,0.023959978669881782,0.05152544372677804,0.1765734851360321,0.9340682625770569,0.9185,0.0658832415908575,0.9843832850456238,0.038001492619514465,0.008820705115795135,0.9966379404067993,0.95453125,0.94125
fashion_mnist,1.0,Distill-S,0,5,0.9213333333333333,22.869625,0.07866666666666666,0.9933333333333333,0.9146666666666666,26,0.9124,0.9144,0.2643480896949768,0.5067581534385681,0.02655191682279108,0.06459578240811828,0.17203427851200104,0.9376122951507568,0.9227,0.06455761772394178,0.9870824217796326,0.031050197780132294,3.8310834497679025e-05,0.9999964237213135,0.9602916666666667,
fashion_mnist,0.0,Distill-S,1,30,0.9319166666666666,46.24616666666667,0.03820833333333329,0.9695416666666666,0.9313333333333333,51,0.9193,0.9216,0.2386626899242401,0.26079392433166504,0.033222965845465705,0.032915508410334596,0.1233801394701004,0.952522873878479,0.9194,0.0677536217808723,0.9871096611022949,0.032098498195409775,0.03212304785847664,0.986764132976532,,0.9596666666666667
fashion_mnist,0.2,Distill-S,1,14,0.92825,31.350083333333334,0.043625000000000025,0.9717916666666667,0.9281666666666667,35,0.9187,0.9205,0.24419251084327698,0.2520405650138855,0.033712146988511105,0.03374048020541666,0.12666122615337372,0.952405571937561,0.922,0.06399355359673498,0.9859935641288757,0.034229736775159836,0.026315856724977493,0.9893732666969299,0.99875,0.9586458333333333
fashion_mnist,0.4,Distill-S,1,17,0.9276666666666666,34.070499999999996,0.05149999999999999,0.9791666666666666,0.9276666666666666,38,0.9215,0.9225,0.25139862298965454,0.2562671899795532,0.035560132560133934,0.03755911158472296,0.11365897208452225,0.9570600390434265,0.9209,0.06525647329688071,0.9861564636230469,0.03383961692452431,0.02098923921585083,0.9913991689682007,0.9996875,0.9564583333333333
fashion_mnist,0.6,Distill-S,1,4,0.9176666666666666,21.99041666666667,0.05700000000000005,0.9828333333333333,0.9258333333333333,25,0.9128,0.9219,0.243623748421669,0.27393394708633423,0.024027609810233108,0.04087893634736536,0.17341528832912445,0.9351420998573303,0.9169,0.06722839403450488,0.9841282963752747,0.03964526578783989,0.018202072009444237,0.9928176999092102,0.9622916666666667,0.9457291666666666
fashion_mnist,0.8,Distill-S,1,4,0.91275,21.975708333333337,0.06420833333333331,0.988625,0.9244166666666667,25,0.907,0.9159,0.26971492171287537,0.3447364866733551,0.023414105549454695,0.051408941456675496,0.1885647475719452,0.9302588105201721,0.9129,0.07049960892200469,0.9833996891975403,0.04133743420243263,0.012448758818209171,0.9951866865158081,0.9555729166666667,0.94
fashion_mnist,1.0,Distill-S,1,5,0.9173333333333333,22.825166666666664,0.07337499999999997,0.993875,0.9205,26,0.9131,0.9131,0.24636797606945038,0.49059921503067017,0.022024898380041163,0.06540852810740476,0.17856568098068237,0.9336324334144592,0.9195,0.06644349052309993,0.9859435558319092,0.03452523052692413,0.00020635247346945107,0.9999746084213257,0.9654583333333333,
fashion_mnist,0.0,Distill-S,2,16,0.92575,33.201541666666664,0.037833333333333385,0.9674166666666667,0.9295833333333333,37,0.9221,0.9255,0.23342891037464142,0.2345704883337021,0.030489939695596706,0.028893211728334416,0.1287749856710434,0.9521667957305908,0.9227,0.062335327410697985,0.985035240650177,0.03635634854435921,0.034464143216609955,0.9860032796859741,,0.957875
fashion_mnist,0.2,Distill-S,2,15,0.926,32.252291666666665,0.045875,0.972125,0.92625,36,0.9232,0.9229,0.23323757946491241,0.25753548741340637,0.032239187204837774,0.03815572337508205,0.12249450385570526,0.9545789957046509,0.9254,0.06217369474172588,0.9875131845474243,0.030452141538262367,0.024716723710298538,0.9898661971092224,0.9995833333333334,0.9582291666666667
fashion_mnist,0.4,Distill-S,2,8,0.9231666666666667,25.733500000000003,0.053041666666666654,0.9784583333333333,0.9254166666666667,29,0.9157,0.9187,0.24927106499671936,0.2719716727733612,0.03108086180388927,0.04321336999237539,0.14261044561862946,0.9467808604240417,0.9246,0.06345242613852023,0.9879089593887329,0.029479529708623886,0.01791517622768879,0.9926730990409851,0.9882291666666667,0.9602777777777778
fashion_mnist,0.6,Distill-S,2,3,0.9164166666666667,21.081999999999997,0.06129166666666663,0.9842916666666667,0.923,24,0.9139,0.9214,0.2393745630979538,0.28425395488739014,0.015621392041444769,0.04168758065104483,0.1992291808128357,0.9276787042617798,0.924,0.06336591146588325,0.9873566627502441,0.03068925254046917,0.012176343239843845,0.9950006604194641,0.9559027777777778,0.950625
fashion_mnist,0.8,Distill-S,2,3,0.91575,21.023375,0.07341666666666657,0.9904166666666666,0.917,24,0.9136,0.9137,0.24732568860054016,0.32343989610671997,0.012614917793869983,0.051955422368645615,0.21716885268688202,0.9226017594337463,0.9199,0.06766754692494865,0.9875676035881042,0.03061543218791485,0.006210348568856716,0.997451901435852,0.9498958333333334,0.9458333333333333
fashion_mnist,1.0,Distill-S,2,3,0.9155,20.967333333333332,0.07516666666666671,0.9925,0.9173333333333333,24,0.9097,0.9152,0.2476959526538849,0.45331522822380066,0.010440863229334392,0.06270209097564217,0.2237778604030609,0.9197309613227844,0.9201,0.0673797943145037,0.9874796867370605,0.030963994562625885,6.0596485127462074e-05,0.9999939799308777,0.947125,
fashion_mnist,0.0,Distill-S,3,27,0.92875,43.38441666666667,0.04183333333333328,0.9679166666666666,0.9260833333333334,48,0.9267,0.9221,0.22094450891017914,0.24975261092185974,0.02505151186287406,0.028158641403913526,0.12739801406860352,0.951447069644928,0.9205,0.0649471895903349,0.9853130578994751,0.03643319010734558,0.03510919585824013,0.9857215285301208,,0.9548333333333333
fashion_mnist,0.2,Distill-S,3,6,0.9274166666666667,23.898375,0.04495833333333332,0.9699583333333334,0.925,27,0.922,0.9229,0.22441457211971283,0.2493356615304947,0.023282127243280375,0.03428375660479069,0.1532452404499054,0.9440898299217224,0.9171,0.06753817055225371,0.9845747947692871,0.037474896758794785,0.02988244593143463,0.9878150224685669,0.9902083333333334,0.958125
fashion_mnist,0.4,Distill-S,3,28,0.92375,44.245000000000005,0.05295833333333333,0.9802083333333333,0.92725,49,0.919,0.9222,0.2522643208503723,0.2672174572944641,0.03295504361987115,0.03583795911669729,0.13124164938926697,0.9519549608230591,0.917,0.06605985843539244,0.9830599427223206,0.04229523241519928,0.026183318346738815,0.9896447658538818,0.9986458333333333,0.9546527777777778
fashion_mnist,0.6,Distill-S,3,4,0.9105833333333333,21.890208333333334,0.062416666666666676,0.983,0.9205833333333333,25,0.9083,0.922,0.25744864344596863,0.2732395529747009,0.015171054187417063,0.03990654470026494,0.2155395746231079,0.9226375222206116,0.9162,0.06661049065589908,0.9823052883148193,0.04374271258711815,0.018854239955544472,0.9927594661712646,0.9541666666666667,0.950625
fashion_mnist,0.8,Distill-S,3,4,0.9144166666666667,21.891041666666666,0.06658333333333333,0.9911666666666666,0.9245833333333333,25,0.9081,0.9232,0.2569698691368103,0.2878882884979248,0.020927240052819228,0.04164575077593331,0.19892668724060059,0.9274144768714905,0.9146,0.06599540047645565,0.9805954098701477,0.049231112003326416,0.01665491983294487,0.9938530921936035,0.9527604166666667,0.9470833333333334
fashion_mnist,1.0,Distill-S,3,4,0.9125833333333333,21.791416666666663,0.07591666666666663,0.991,0.9150833333333334,25,0.9091,0.9139,0.255964457988739,0.4348585307598114,0.014875925278663635,0.06287585871517659,0.21092510223388672,0.922372043132782,0.9162,0.067700548556447,0.983603298664093,0.040623486042022705,0.005879978649318218,0.9979245066642761,0.9479166666666666,
fashion_mnist,0.0,Distill-S,4,31,0.9270833333333334,47.03291666666667,0.043875,0.9705416666666666,0.9266666666666666,52,0.9266,0.9254,0.22525310516357422,0.24831926822662354,0.02541878237426279,0.026586599019169856,0.13011674582958221,0.9506150484085083,0.9221,0.06533054475486283,0.9873045086860657,0.03148750215768814,0.03445550426840782,0.9861158728599548,,0.9572083333333333
fashion_mnist,0.2,Distill-S,4,22,0.92525,38.61329166666667,0.04633333333333334,0.9734166666666667,0.9270833333333334,43,0.9183,0.9215,0.24686415493488312,0.2521580457687378,0.03263267151713373,0.028954013150930435,0.13184233009815216,0.9507755637168884,0.9124,0.06965634286701682,0.9816824197769165,0.044949375092983246,0.03501980006694794,0.9860345125198364,0.9995833333333334,0.9547395833333333
fashion_mnist,0.4,Distill-S,4,20,0.9256666666666666,36.666,0.05379166666666668,0.977125,0.9233333333333333,41,0.9214,0.9208,0.2393401563167572,0.23924116790294647,0.028420879602432274,0.027441069361567497,0.1330474615097046,0.94964998960495,0.9061,0.07014481947422033,0.9762448072433472,0.05989484116435051,0.0438840277493,0.9828813672065735,0.9891666666666666,0.9381944444444444
fashion_mnist,0.6,Distill-S,4,3,0.9116666666666666,20.921208333333336,0.0638333333333333,0.98425,0.9204166666666667,24,0.9108,0.9191,0.2527368664741516,0.3155604302883148,0.01015844038426874,0.047116009828448255,0.21893256902694702,0.9199795126914978,0.9224,0.06429874884486196,0.9859830141067505,0.034163087606430054,0.012404908426105976,0.995065450668335,0.9502777777777778,0.94875
fashion_mnist,0.8,Distill-S,4,5,0.9151666666666667,22.7075,0.06733333333333336,0.98875,0.9214166666666667,26,0.9124,0.9171,0.2605260908603668,0.3243325650691986,0.02815538819432256,0.05050823614001276,0.15835000574588776,0.9403400421142578,0.9126,0.07196780680119995,0.9845677614212036,0.03807152807712555,0.014311295002698898,0.9943705797195435,0.9682291666666667,0.955625
fashion_mnist,1.0,Distill-S,4,5,0.91875,22.657916666666665,0.07595833333333335,0.9935416666666667,0.9175833333333333,26,0.919,0.9146,0.2466602772474289,0.47492554783821106,0.02360281985998152,0.06277368992269036,0.1606065332889557,0.9393066167831421,0.9162,0.0665845028489828,0.9826056361198425,0.043080899864435196,0.0032768072560429573,0.9990320801734924,0.9675416666666666,
fashion_mnist,0.0,Distill-S,5,9,0.92625,26.71333333333333,0.03949999999999998,0.9648333333333333,0.9253333333333333,30,0.9198,0.923,0.22921723127365112,0.2440934032201767,0.025145715215802205,0.029726389250159274,0.14845265448093414,0.9447585940361023,0.9197,0.0671551197916269,0.9866818189620972,0.03228741139173508,0.032692041248083115,0.9866401553153992,,0.9581666666666667
fashion_mnist,0.2,Distill-S,5,8,0.92225,25.765874999999998,0.042333333333333334,0.9720833333333333,0.92975,29,0.919,0.9224,0.23755769431591034,0.24749714136123657,0.021432947146892527,0.03489932349324231,0.16773132979869843,0.9399837851524353,0.9213,0.06611518861353397,0.9870409965515137,0.0314970389008522,0.024692269042134285,0.9900965094566345,0.9922916666666667,0.9563020833333333
fashion_mnist,0.4,Distill-S,5,10,0.923,27.548625000000005,0.05137499999999995,0.9775416666666666,0.9261666666666667,31,0.9127,0.9232,0.2602497637271881,0.25207096338272095,0.03698363682031636,0.035626068034768074,0.13474155962467194,0.9496836066246033,0.9149,0.06972650110125542,0.9831187725067139,0.041233208030462265,0.026221370324492455,0.9895231127738953,0.9927083333333333,0.9571527777777777
fashion_mnist,0.6,Distill-S,5,5,0.9195,22.920041666666666,0.05874999999999997,0.9849166666666667,0.9261666666666667,26,0.9103,0.9172,0.2711808681488037,0.3041715919971466,0.03319608601331714,0.049062409797310816,0.15056966245174408,0.9434961080551147,0.9202,0.06709636292457584,0.9872460961341858,0.032336607575416565,0.013928583823144436,0.9942983388900757,0.97,0.954375
fashion_mnist,0.8,Distill-S,5,5,0.9165833333333333,22.827749999999998,0.06879166666666658,0.9867083333333333,0.9179166666666667,26,0.9098,0.9155,0.25616177916526794,0.30425381660461426,0.02539652711451055,0.04384829431474209,0.1762128472328186,0.9348968863487244,0.9117,0.07208468152582649,0.9823415875434875,0.0428536981344223,0.01988292671740055,0.9922130703926086,0.96265625,0.9458333333333333
fashion_mnist,1.0,Distill-S,5,5,0.91675,22.784000000000002,0.07650000000000001,0.99675,0.92025,26,0.9117,0.9166,0.25798505544662476,0.4899004399776459,0.028241878847777818,0.06410056130588054,0.16171635687351227,0.9392215013504028,0.9255,0.06228758640289312,0.9876771569252014,0.030402960255742073,2.3338317987509072e-05,0.9999979734420776,0.9655833333333333,
fashion_mnist,0.0,Distill-S,6,29,0.9303333333333333,45.28254166666667,0.04037500000000005,0.9672083333333333,0.9268333333333333,50,0.922,0.9219,0.2334473580121994,0.26026296615600586,0.029001962473988542,0.03250539835989478,0.12701444327831268,0.9507277607917786,0.9201,0.06618357880711552,0.9862210154533386,0.03415520116686821,0.03381318226456642,0.9860333800315857,,0.9535
fashion_mnist,0.2,Distill-S,6,43,0.932,58.33479166666667,0.042041666666666644,0.975375,0.9333333333333333,64,0.9282,0.925,0.24523848295211792,0.3051271140575409,0.0270717201441526,0.038214671808481204,0.1159631609916687,0.9551047682762146,0.9247,0.06265555840730663,0.9873554706573486,0.03073607198894024,0.02464122325181961,0.9897375702857971,1.0,0.9572395833333334
fashion_mnist,0.4,Distill-S,6,26,0.929,42.40520833333333,0.049416666666666664,0.9800833333333333,0.9306666666666666,47,0.9201,0.9242,0.2498774230480194,0.26161909103393555,0.03586266834884884,0.035047001744806766,0.11635918915271759,0.9558916091918945,0.9232,0.0637190204709768,0.9866980314254761,0.032756686210632324,0.01942724920809269,0.9922807812690735,1.0,0.9579861111111111
fashion_mnist,0.6,Distill-S,6,4,0.9155833333333333,22.0255,0.06320833333333331,0.982625,0.9194166666666667,25,0.9057,0.9159,0.2664412558078766,0.31504127383232117,0.023751708355545985,0.04737913282215593,0.1917509287595749,0.9293511509895325,0.9219,0.06522340832054616,0.9867886900901794,0.03216521069407463,0.012608962133526802,0.9947424530982971,0.9489583333333333,0.9389583333333333
fashion_mnist,0.8,Distill-S,6,6,0.9185,23.75616666666667,0.06891666666666663,0.99125,0.9223333333333333,27,0.9117,0.9182,0.2637629508972168,0.3290911614894867,0.03418375315070151,0.05037122603952885,0.1433078646659851,0.9458838105201721,0.9256,0.061460362744331316,0.9870603680610657,0.031466662883758545,0.006073682568967342,0.9975720047950745,0.9664583333333333,0.9489583333333333
fashion_mnist,1.0,Distill-S,6,6,0.9154166666666667,23.654625,0.08162499999999995,0.9927083333333333,0.9110833333333334,27,0.9096,0.9067,0.27989113330841064,0.49357593059539795,0.033669443738460585,0.06885810682475564,0.14689423143863678,0.9430849552154541,0.9171,0.06792371860146519,0.9845775365829468,0.03855441138148308,0.0013972959714010358,0.9996848106384277,0.963,
fashion_mnist,0.0,Distill-S,7,31,0.9295,47.12945833333333,0.03691666666666671,0.96825,0.9313333333333333,52,0.9246,0.9254,0.22881899774074554,0.26725640892982483,0.023794277808070197,0.03355062678158282,0.13677853345870972,0.948394238948822,0.9224,0.06596873632073405,0.9881200194358826,0.029615508392453194,0.028506293892860413,0.9884514212608337,,0.9592916666666667
fashion_mnist,0.2,Distill-S,7,44,0.9323333333333333,59.14708333333333,0.044916666666666716,0.9758333333333333,0.9309166666666666,65,0.9237,0.926,0.24662290513515472,0.2881440818309784,0.030793481713533404,0.03374790314137935,0.11477217078208923,0.9544935822486877,0.9247,0.06300964909791945,0.9877097606658936,0.030007407069206238,0.02372489497065544,0.9902642369270325,1.0,0.9577604166666667
fashion_mnist,0.4,Distill-S,7,12,0.9279166666666666,29.347,0.04845833333333327,0.975625,0.9271666666666667,33,0.9194,0.922,0.2594147324562073,0.25994929671287537,0.03573170061707498,0.03578498323261738,0.11755764484405518,0.9551317095756531,0.9155,0.06779854118525984,0.9831917881965637,0.04118724539875984,0.025616679340600967,0.9896810054779053,0.99625,0.951875
fashion_mnist,0.6,Distill-S,7,6,0.9221666666666667,23.77704166666667,0.06029166666666663,0.984625,0.9243333333333333,27,0.9159,0.92,0.2544669806957245,0.2911403477191925,0.032236990335583665,0.04311506994962695,0.13693180680274963,0.9481369256973267,0.9186,0.06773937830924985,0.9863394498825073,0.03402228653430939,0.013833465985953808,0.9944409728050232,0.9700694444444444,0.9588541666666667
fashion_mnist,0.8,Distill-S,7,7,0.9190833333333334,24.6905,0.06654166666666661,0.986875,0.9203333333333333,28,0.9186,0.916,0.23673908412456512,0.288288950920105,0.02417600623369219,0.04296580286622048,0.15114054083824158,0.9423372149467468,0.9079,0.07456443200707435,0.9824643731117249,0.04341798275709152,0.020202673971652985,0.9921616315841675,0.9764583333333333,0.9395833333333333
fashion_mnist,1.0,Distill-S,7,7,0.9180833333333334,24.557750000000002,0.07591666666666663,0.99125,0.9153333333333333,28,0.9127,0.9082,0.2626478970050812,0.5089220404624939,0.033731275483965865,0.06900059356093408,0.13963770866394043,0.9464312791824341,0.923,0.06395749419331553,0.9864689707756042,0.03239919990301132,3.1532628781860694e-05,0.9999972581863403,0.9680416666666667,
fashion_mnist,0.0,Distill-S,8,20,0.93075,36.98391666666666,0.03425,0.9656666666666667,0.9314166666666667,41,0.9244,0.9253,0.22335238754749298,0.2531431019306183,0.02435098094344142,0.030259942944347848,0.13920101523399353,0.9485183358192444,0.9211,0.06395168466567988,0.9850515723228455,0.03699803352355957,0.03729308396577835,0.9849437475204468,,0.9525833333333333
fashion_mnist,0.2,Distill-S,8,38,0.9320833333333334,53.714,0.04095833333333332,0.973375,0.9324166666666667,59,0.9246,0.9235,0.2370060831308365,0.28880593180656433,0.031368298842012886,0.03854662923216817,0.11718493700027466,0.9554741978645325,0.9219,0.06636229045987131,0.987924337387085,0.02977595292031765,0.023714620620012283,0.990458071231842,1.0,0.956875
fashion_mnist,0.4,Distill-S,8,24,0.9323333333333333,40.65625000000001,0.04875000000000007,0.9794166666666667,0.9306666666666666,45,0.9252,0.9255,0.24912798404693604,0.2630053758621216,0.03454293565154078,0.03718962021768089,0.10791510343551636,0.9590373039245605,0.9246,0.06199156894683835,0.9861675500869751,0.033608708530664444,0.01918887346982956,0.9923616647720337,0.9997916666666666,0.9584027777777778
fashion_mnist,0.6,Distill-S,8,4,0.9208333333333333,22.013333333333335,0.05733333333333335,0.9816666666666667,0.9243333333333333,25,0.9156,0.9164,0.24154821038246155,0.29160580039024353,0.01644521787464617,0.04602272294163705,0.1862821877002716,0.9310210943222046,0.9261,0.06168856559693814,0.9876630902290344,0.030743112787604332,0.01248899195343256,0.9949911236763,0.9590277777777778,0.950625
fashion_mnist,0.8,Distill-S,8,6,0.9215833333333333,23.79854166666667,0.06541666666666657,0.9883333333333333,0.9229166666666667,27,0.9163,0.9175,0.24339018762111664,0.32839059829711914,0.020853584581613557,0.05027088031470772,0.16788171231746674,0.9370085000991821,0.9269,0.06060179985463618,0.9875017404556274,0.030926067382097244,0.005656592082232237,0.9977027773857117,0.9726041666666667,0.9591666666666666
fashion_mnist,1.0,Distill-S,8,6,0.9225833333333333,23.784416666666665,0.07587500000000003,0.9909583333333334,0.9150833333333334,27,0.915,0.9049,0.24493391811847687,0.3819757401943207,0.02088966625034812,0.05789627296328545,0.16951343417167664,0.9358544945716858,0.9115,0.07284477942585948,0.984143853187561,0.03910883888602257,0.011523243971168995,0.9955912828445435,0.9636666666666667,
fashion_mnist,0.0,Distill-S,9,19,0.9298333333333333,36.03270833333334,0.040750000000000064,0.9674166666666667,0.9266666666666666,40,0.9236,0.9222,0.22950167953968048,0.2552078366279602,0.0288326917052269,0.030486345931887607,0.12666887044906616,0.9524189233779907,0.9208,0.06619494541287424,0.9868699312210083,0.03266894072294235,0.03241767734289169,0.9867420196533203,,0.9595416666666666
fashion_mnist,0.2,Distill-S,9,8,0.9256666666666666,25.731291666666667,0.04320833333333329,0.9707083333333333,0.9275,29,0.9211,0.9258,0.2368016093969345,0.2357598841190338,0.027851339688897147,0.03016214182674881,0.13840429484844208,0.948951244354248,0.9181,0.06617763759195801,0.9841108322143555,0.03892131894826889,0.030617116019129753,0.9877726435661316,0.9922916666666667,0.95890625
fashion_mnist,0.4,Distill-S,9,3,0.9153333333333333,21.055458333333334,0.057208333333333306,0.9755416666666666,0.9183333333333333,24,0.9072,0.9147,0.255248486995697,0.29453104734420776,0.02539669876992704,0.04656034968793389,0.18401533365249634,0.9325966835021973,0.9182,0.06857630149722097,0.9867762923240662,0.03239012509584427,0.020803352817893028,0.9914599657058716,0.95125,0.9473611111111111
fashion_mnist,0.6,Distill-S,9,3,0.9145833333333333,21.06916666666666,0.06408333333333327,0.9861666666666666,0.9220833333333334,24,0.9071,0.9218,0.26138320565223694,0.28848835825920105,0.01770861464887856,0.0404842686325312,0.2035861760377884,0.9238201379776001,0.9231,0.06292191830873492,0.9859964847564697,0.033953599631786346,0.013539238832890987,0.9943611025810242,0.9448611111111112,0.9466666666666667
fashion_mnist,0.8,Distill-S,9,3,0.9141666666666667,21.01129166666666,0.07529166666666665,0.9917083333333333,0.9164166666666667,24,0.911,0.9094,0.26218077540397644,0.3902393579483032,0.022963705095648775,0.05914127098172903,0.18296565115451813,0.9314584732055664,0.9214,0.06542916665375231,0.9868292808532715,0.03221063315868378,0.00618376350030303,0.9974908828735352,0.941875,0.9435416666666666
fashion_mnist,1.0,Distill-S,9,3,0.9135833333333333,20.94708333333333,0.07737499999999997,0.9927083333333333,0.9153333333333333,24,0.9063,0.9115,0.2606990337371826,0.4463657736778259,0.017645804229378725,0.06420778993964191,0.20374621450901031,0.9227302670478821,0.9199,0.06651565602421758,0.9864155054092407,0.03333939611911774,0.0005287994281388819,0.9998960494995117,0.940375,
fashion_mnist,0.0,Distill-S,10,30,0.9285833333333333,46.156166666666664,0.037250000000000005,0.9661666666666666,0.9289166666666666,51,0.9222,0.9222,0.23667262494564056,0.2687617838382721,0.02293121984004972,0.0281782499045134,0.14485442638397217,0.9449347853660583,0.913,0.06869509731829168,0.9816951155662537,0.04596538841724396,0.04362064599990845,0.9828177690505981,,0.9485416666666666
fashion_mnist,0.2,Distill-S,10,35,0.9298333333333333,50.745291666666674,0.04849999999999999,0.9760833333333333,0.9275833333333333,56,0.9186,0.921,0.2452208548784256,0.28879114985466003,0.03371810375154014,0.038698122459650035,0.12563586235046387,0.9523181915283203,0.9191,0.06791735553741454,0.9868937730789185,0.03168439492583275,0.025597358122467995,0.9894627332687378,1.0,0.9572395833333334
fashion_mnist,0.4,Distill-S,10,5,0.9174166666666667,22.909708333333334,0.05066666666666664,0.9776666666666667,0.927,26,0.911,0.92,0.2607148289680481,0.26199328899383545,0.031486480626463934,0.03650882843136785,0.15264242887496948,0.9415246844291687,0.9184,0.06682689941525463,0.9852269291877747,0.036259766668081284,0.0212694238871336,0.9913051724433899,0.9747916666666666,0.9584722222222222
fashion_mnist,0.6,Distill-S,10,4,0.9108333333333334,21.93,0.0698333333333333,0.9860833333333333,0.91625,25,0.9052,0.9116,0.25417274236679077,0.3140564262866974,0.01960338305830957,0.051243789333105055,0.20543920993804932,0.9232670068740845,0.9225,0.0638260230660439,0.9861214756965637,0.033886849880218506,0.01368057169020176,0.9944119453430176,0.9580555555555555,0.945
fashion_mnist,0.8,Distill-S,10,4,0.9085,21.898291666666665,0.06895833333333334,0.9917083333333333,0.92275,25,0.9036,0.9196,0.25960153341293335,0.32239165902137756,0.014777517011761651,0.049400534045696276,0.22501811385154724,0.9170607328414917,0.9176,0.06899733015894893,0.9865973591804504,0.032232798635959625,0.006027680821716785,0.997594952583313,0.95140625,0.9445833333333333
fashion_mnist,1.0,Distill-S,10,5,0.9133333333333333,22.776875,0.07508333333333328,0.99025,0.9151666666666667,26,0.9063,0.909,0.28563958406448364,0.4140767455101013,0.03261727865040301,0.0626289028838277,0.1611853688955307,0.9388237595558167,0.9142,0.06702940291166302,0.9811834096908569,0.0465526320040226,0.009178238920867443,0.9968115091323853,0.9599166666666666,
fashion_mnist,0.0,Distill-S,11,21,0.93075,37.96854166666667,0.03541666666666665,0.9655,0.9300833333333334,42,0.9211,0.9224,0.24310623109340668,0.2705702781677246,0.030654941746592484,0.03445858988165856,0.12887008488178253,0.9514999985694885,0.9232,0.06429369674324989,0.9874284267425537,0.031013282015919685,0.03167617321014404,0.9869384169578552,,0.9567083333333334
fashion_mnist,0.2,Distill-S,11,34,0.93075,50.022166666666664,0.04775000000000007,0.9764166666666667,0.9286666666666666,55,0.9219,0.9246,0.24162861704826355,0.283451646566391,0.033366383087635065,0.03317759124338625,0.11745575815439224,0.9549658298492432,0.9235,0.06319113839268684,0.9866909980773926,0.032203156501054764,0.023286066949367523,0.990520179271698,1.0,0.96125
fashion_mnist,0.4,Distill-S,11,4,0.9208333333333333,22.074458333333332,0.05095833333333333,0.9774583333333333,0.9265,25,0.9163,0.9198,0.23995578289031982,0.25791940093040466,0.01616702207326893,0.036748437073826766,0.18292121589183807,0.932466983795166,0.924,0.0634514264047146,0.9870821237564087,0.031777095049619675,0.018797025084495544,0.9923012852668762,0.9648958333333333,0.9525
fashion_mnist,0.6,Distill-S,11,4,0.9214166666666667,22.015,0.06370833333333337,0.9849583333333334,0.92125,25,0.918,0.9161,0.23935344815254211,0.27994152903556824,0.02143510107398036,0.04302215546965603,0.17095312476158142,0.936980664730072,0.9234,0.0629350542128086,0.9863349795341492,0.033407676964998245,0.013000447303056717,0.9946243762969971,0.9595833333333333,0.953125
fashion_mnist,0.8,Distill-S,11,4,0.9188333333333333,21.963958333333334,0.07095833333333335,0.9917083333333333,0.92075,25,0.9147,0.918,0.24488942325115204,0.34510716795921326,0.019031006316840637,0.05221670620441439,0.17748261988162994,0.9336888790130615,0.9209,0.06698277040421968,0.9876033067703247,0.03042423166334629,0.005780499894171953,0.9976615309715271,0.9622395833333334,0.9575
fashion_mnist,1.0,Distill-S,11,5,0.9213333333333333,22.857916666666668,0.08379166666666671,0.9952916666666667,0.9115,26,0.915,0.9082,0.24860288202762604,0.5519005060195923,0.02513873583674435,0.0702688411861658,0.16243727505207062,0.939253032207489,0.9227,0.06442019017338753,0.9871203303337097,0.031985118985176086,5.533540388569236e-05,0.999994695186615,0.968,
fashion_mnist,0.0,Distill-S,12,24,0.9305833333333333,40.594208333333334,0.03887499999999999,0.967875,0.929,45,0.9233,0.9238,0.23091594874858856,0.24778610467910767,0.03019568721950056,0.02894419415891169,0.12202522903680801,0.9532203078269958,0.9157,0.07030134272575381,0.9857411980628967,0.035444654524326324,0.03245573863387108,0.986936628818512,,0.95575
fashion_mnist,0.2,Distill-S,12,9,0.9251666666666667,26.67716666666667,0.04349999999999998,0.97,0.9265,30,0.9191,0.9202,0.23341713845729828,0.2617795765399933,0.021687485477328298,0.036954556611180286,0.1619984656572342,0.9398982524871826,0.9132,0.0716822800248861,0.9848822355270386,0.037648122757673264,0.029166067019104958,0.9881370663642883,0.994375,0.9552604166666666
fashion_mnist,0.4,Distill-S,12,6,0.9226666666666666,23.845458333333333,0.05508333333333337,0.9784166666666667,0.9233333333333333,27,0.9218,0.9187,0.23119795322418213,0.2654446065425873,0.0225541213154793,0.03982421576380727,0.15239256620407104,0.9443541765213013,0.9195,0.06768200910091401,0.987063467502594,0.03178352490067482,0.018053434789180756,0.9926775693893433,0.9797916666666666,0.9596527777777778
fashion_mnist,0.6,Distill-S,12,6,0.9224166666666667,23.837833333333332,0.06362500000000004,0.9829583333333334,0.9193333333333333,27,0.9148,0.914,0.24747759103775024,0.2803536355495453,0.027899461039900778,0.03815394946336742,0.1578388810157776,0.9423878788948059,0.908,0.07447888650894165,0.9822123050689697,0.04344618692994118,0.020425070077180862,0.9919700622558594,0.9755555555555555,0.95
fashion_mnist,0.8,Distill-S,12,6,0.9209166666666667,23.775583333333334,0.06820833333333332,0.991375,0.9231666666666667,27,0.9153,0.9196,0.24852032959461212,0.31888988614082336,0.030533268561959273,0.049679894241690614,0.14768384397029877,0.9452021718025208,0.9207,0.06637938317060471,0.9870793223381042,0.03122060000896454,0.005577503237873316,0.9977301359176636,0.96984375,0.960625
fashion_mnist,1.0,Distill-S,12,5,0.9204166666666667,22.836958333333335,0.07425000000000004,0.9936666666666667,0.9194166666666667,26,0.9119,0.9176,0.25227120518684387,0.411234974861145,0.0240850081503391,0.05877627702951431,0.17255456745624542,0.9359850883483887,0.9149,0.0684635800182819,0.9833635687828064,0.0412326417863369,0.004213827196508646,0.9986804127693176,0.9639583333333334,
fashion_mnist,0.0,Distill-S,13,20,0.9235,36.752624999999995,0.04237500000000005,0.9680416666666667,0.9256666666666666,41,0.9214,0.9247,0.23472106456756592,0.2477324903011322,0.03128183574080465,0.034906660297513006,0.1256272941827774,0.9520073533058167,0.9234,0.06350718440413472,0.9869072437286377,0.0326482355594635,0.032123953104019165,0.9867148399353027,,0.9590416666666667
fashion_mnist,0.2,Distill-S,13,34,0.9244166666666667,49.71808333333333,0.05037499999999995,0.9757916666666666,0.9254166666666667,55,0.9246,0.9219,0.2376333326101303,0.298335999250412,0.030917620304226845,0.03996919684708118,0.1143074482679367,0.955517590045929,0.9255,0.06209717990159985,0.9875971674919128,0.02977057173848152,0.02382185310125351,0.9901209473609924,0.9995833333333334,0.9578645833333334
fashion_mnist,0.4,Distill-S,13,7,0.91725,24.64858333333333,0.05770833333333336,0.976875,0.9191666666666667,28,0.9148,0.9147,0.250196248292923,0.2723688781261444,0.02255125636458398,0.039969149106740945,0.17006273567676544,0.9373513460159302,0.9177,0.06481026399731635,0.9823833703994751,0.043441444635391235,0.0289970263838768,0.9886505603790283,0.9817708333333334,0.9502777777777778
fashion_mnist,0.6,Distill-S,13,2,0.90675,20.056958333333338,0.06266666666666665,0.98525,0.9225833333333333,23,0.9072,0.9193,0.2618519365787506,0.2872956395149231,0.0155076265186071,0.045258534562587736,0.20984438061714172,0.9227076172828674,0.9213,0.06556740137338642,0.9868410229682922,0.031747087836265564,0.011633523739874363,0.9954043030738831,0.93625,0.9434375
fashion_mnist,0.8,Distill-S,13,5,0.9115833333333333,22.738041666666664,0.07166666666666666,0.99,0.9183333333333333,26,0.9085,0.9161,0.26714420318603516,0.3153584897518158,0.02667163081765179,0.049792796158790543,0.1731286197900772,0.934738278388977,0.9225,0.06376515155732627,0.9862650632858276,0.03314533084630966,0.006398600991815329,0.9973609447479248,0.9600520833333334,0.9516666666666667
fashion_mnist,1.0,Distill-S,13,2,0.9060833333333334,19.941333333333333,0.07454166666666673,0.9909583333333334,0.9164166666666667,23,0.904,0.9156,0.2646280527114868,0.40935570001602173,0.013972999089956249,0.058859019154310244,0.2279701679944992,0.9168455004692078,0.9208,0.0672246541082859,0.9880245923995972,0.029986083507537842,3.0353350666700862e-05,0.9999973177909851,0.9312916666666666,
fashion_mnist,0.0,Distill-S,14,7,0.923,24.89795833333333,0.039291666666666725,0.9650416666666667,0.92575,28,0.9184,0.9242,0.2254199981689453,0.24552787840366364,0.027027036860585187,0.03498536919057367,0.1479959934949875,0.9443035125732422,0.9216,0.0660485170215368,0.9876483678817749,0.0302656851708889,0.029949737712740898,0.9876348376274109,,0.9615416666666666
fashion_mnist,0.2,Distill-S,14,4,0.9244166666666667,22.095708333333334,0.04179166666666667,0.9702083333333333,0.9284166666666667,25,0.919,0.9237,0.23296569287776947,0.24971574544906616,0.018771388447284668,0.03504779832661151,0.17223171889781952,0.9364182353019714,0.9213,0.06570686048865323,0.9870068430900574,0.03204203397035599,0.026122935116291046,0.9893426299095154,0.9752083333333333,0.9588541666666667
fashion_mnist,0.4,Distill-S,14,7,0.9243333333333333,24.86658333333333,0.05270833333333336,0.9789583333333334,0.92625,28,0.9176,0.9203,0.23671381175518036,0.24979834258556366,0.02770144024193284,0.03378857306987045,0.1440521478652954,0.9450753927230835,0.9197,0.06688074168860914,0.9864451289176941,0.03303045779466629,0.01848076842725277,0.9924421906471252,0.9853125,0.9565972222222222
fashion_mnist,0.6,Distill-S,14,4,0.92075,22.015583333333332,0.07187500000000002,0.984625,0.91275,25,0.9159,0.9108,0.24213044345378876,0.39596664905548096,0.021841699719429026,0.05849714902490376,0.1681249886751175,0.9374634027481079,0.9222,0.06472621966302398,0.9867576360702515,0.03230860456824303,0.013659319840371609,0.9943593144416809,0.9652777777777778,0.9563541666666666
fashion_mnist,0.8,Distill-S,14,4,0.9199166666666667,22.012,0.06508333333333327,0.99,0.9249166666666667,25,0.9146,0.9179,0.24564985930919647,0.3538156747817993,0.020304506032168854,0.05384486788809302,0.17591382563114166,0.9346914291381836,0.9219,0.06545721742510799,0.9873279333114624,0.030943414196372032,0.0060890535824000835,0.997534990310669,0.9610416666666667,0.95375
fashion_mnist,1.0,Distill-S,14,6,0.91725,23.721541666666667,0.07404166666666667,0.9957083333333333,0.9216666666666666,27,0.9127,0.9182,0.24782085418701172,0.45357319712638855,0.023658754652738586,0.06203805882930753,0.17540805041790009,0.9353642463684082,0.9156,0.06864312784671782,0.9839972853660583,0.039039190858602524,0.001313018030487001,0.9996891021728516,0.9673333333333334,
fashion_mnist,0.0,Distill-S,15,18,0.9264166666666667,35.02737499999999,0.039291666666666614,0.967375,0.9280833333333334,39,0.924,0.9229,0.22872807085514069,0.2428712695837021,0.02772674645185471,0.030593890911340703,0.12760421633720398,0.9517267346382141,0.9226,0.0645785948902368,0.9871785044670105,0.03048556298017502,0.031126240268349648,0.9872614145278931,,0.9565416666666666
fashion_mnist,0.2,Distill-S,15,6,0.9214166666666667,23.907666666666668,0.04458333333333331,0.9696666666666667,0.9250833333333334,27,0.9158,0.9202,0.23955783247947693,0.2527604401111603,0.025690443485975295,0.036321424540877376,0.1546095907688141,0.9414905309677124,0.9184,0.06758439770340915,0.9859843850135803,0.03414992243051529,0.025826767086982727,0.9895152449607849,0.9822916666666667,0.9569270833333333
fashion_mnist,0.4,Distill-S,15,6,0.9224166666666667,23.861583333333332,0.050124999999999975,0.9774583333333333,0.9273333333333333,27,0.9205,0.9235,0.22831222414970398,0.2569170892238617,0.016845955532789215,0.03798170130550864,0.17406132817268372,0.9365759491920471,0.9187,0.06525088615417476,0.9839508533477783,0.03989468887448311,0.025707433000206947,0.98988938331604,0.9796875,0.9570833333333333
fashion_mnist,0.6,Distill-S,15,6,0.9196666666666666,23.76516666666667,0.06029166666666663,0.9847916666666666,0.9245,27,0.9131,0.918,0.24571502208709717,0.28935736417770386,0.02183048676252365,0.04691003834307193,0.17444175481796265,0.9349304437637329,0.9176,0.066816466063261,0.9842199087142944,0.037614233791828156,0.015518425963819027,0.9936679601669312,0.9749305555555555,0.9555208333333334
fashion_mnist,0.8,Distill-S,15,6,0.9184166666666667,23.763916666666667,0.0698333333333333,0.99175,0.9219166666666667,27,0.9152,0.9198,0.2339639663696289,0.3278161883354187,0.020968599700927768,0.049277669152617415,0.17304863035678864,0.9355776309967041,0.9235,0.06361939586997029,0.9868640899658203,0.032205730676651,0.006303768139332533,0.9974378943443298,0.9746875,0.9620833333333333
fashion_mnist,1.0,Distill-S,15,6,0.9205,23.67775,0.0814999999999999,0.9943333333333333,0.9128333333333334,27,0.9145,0.9111,0.23757866024971008,0.5370400547981262,0.020047573041915866,0.06675808454751972,0.1759202927350998,0.9343146681785583,0.9194,0.06673447450995443,0.9861343502998352,0.03424985334277153,6.682612729491666e-05,0.9999933242797852,0.9740416666666667,
fashion_mnist,0.0,Distill-S,16,6,0.9264166666666667,23.99595833333333,0.03466666666666662,0.9650833333333333,0.9304166666666667,27,0.9205,0.9258,0.23003876209259033,0.23181313276290894,0.022444253522157655,0.02884961568415162,0.1560474932193756,0.9417712688446045,0.9219,0.06383149977624422,0.9855562448501587,0.035236768424510956,0.03397844731807709,0.9861690998077393,,0.96
fashion_mnist,0.2,Distill-S,16,28,0.9303333333333333,44.45470833333333,0.039874999999999994,0.972375,0.9325,49,0.923,0.9263,0.23713167011737823,0.24817506968975067,0.030190139380097403,0.02938330524861811,0.12881281971931458,0.9515416026115417,0.9178,0.06564515731930728,0.9834452271461487,0.040864456444978714,0.030780673027038574,0.9875336289405823,0.9983333333333333,0.9534895833333333
fashion_mnist,0.4,Distill-S,16,28,0.92825,44.365,0.04654166666666659,0.980625,0.9340833333333334,49,0.9223,0.9268,0.24578864872455597,0.2577144503593445,0.032248835816979377,0.03473520584404473,0.11990714073181152,0.9539920091629028,0.9248,0.06205793847441677,0.9867486357688904,0.032805927097797394,0.0185704305768013,0.9924170970916748,0.9995833333333334,0.9584722222222222
fashion_mnist,0.6,Distill-S,16,8,0.9243333333333333,25.75179166666667,0.05912499999999998,0.985375,0.92625,29,0.9171,0.9207,0.25885477662086487,0.2760269045829773,0.03317374654710295,0.04287993887960913,0.13126115500926971,0.9495135545730591,0.9228,0.06442767748832702,0.9872087836265564,0.03178944066166878,0.012210006825625896,0.9950292110443115,0.9845833333333334,0.9607291666666666
fashion_mnist,0.8,Distill-S,16,6,0.9250833333333334,23.886625000000002,0.06708333333333327,0.9924166666666666,0.9253333333333333,27,0.919,0.9175,0.23421037197113037,0.32280418276786804,0.027010920044779813,0.05021098577678201,0.14461307227611542,0.9460015892982483,0.9234,0.0633776626169681,0.9866177439689636,0.03305034711956978,0.005846899468451738,0.9976505637168884,0.9760416666666667,0.9641666666666666
fashion_mnist,1.0,Distill-S,16,4,0.91825,21.967125,0.06729166666666664,0.9885416666666667,0.92125,25,0.9102,0.9144,0.24569709599018097,0.4161381423473358,0.02019575052261356,0.06117591021358966,0.1876983940601349,0.9301354289054871,0.9211,0.06582652199566363,0.9868725538253784,0.032360829412937164,0.00013598095392808318,0.999984860420227,0.9539583333333334,
fashion_mnist,0.0,Distill-S,17,28,0.9286666666666666,44.325125,0.04020833333333329,0.9692916666666667,0.9290833333333334,49,0.9215,0.9278,0.23479776084423065,0.24954037368297577,0.0298031380712986,0.027687760704755763,0.12732011079788208,0.9510146379470825,0.9264,0.06032059286236766,0.9867206811904907,0.03172452375292778,0.029307063668966293,0.9881291389465332,,0.9607916666666667
fashion_mnist,0.2,Distill-S,17,6,0.9239166666666667,23.876458333333332,0.04470833333333335,0.9705416666666666,0.9258333333333333,27,0.9199,0.9217,0.2366611808538437,0.26153796911239624,0.021539802286028822,0.036415219646692254,0.16203673183918,0.9400396347045898,0.923,0.06346818147301674,0.9864681363105774,0.032478682696819305,0.024758661165833473,0.9898298978805542,0.9758333333333333,0.9584895833333333
fashion_mnist,0.4,Distill-S,17,21,0.9255833333333333,37.738,0.05341666666666667,0.97925,0.9258333333333333,42,0.9211,0.9207,0.24420246481895447,0.2634248435497284,0.03062777926921848,0.03707798684835437,0.12933418154716492,0.9511409997940063,0.9154,0.06806950907409194,0.983375608921051,0.0408913716673851,0.025618230924010277,0.9897786378860474,0.9989583333333333,0.9550694444444444
fashion_mnist,0.6,Distill-S,17,4,0.9130833333333334,21.947291666666665,0.07295833333333335,0.9842916666666667,0.9113333333333333,25,0.9085,0.9083,0.24731408059597015,0.36111387610435486,0.019666832390427574,0.056157479402422855,0.19635236263275146,0.9281183481216431,0.9242,0.06342380777001383,0.9875986576080322,0.030559826642274857,0.012394617311656475,0.9949500560760498,0.9575694444444445,0.9522916666666666
fashion_mnist,0.8,Distill-S,17,4,0.9119166666666667,21.93329166666667,0.073125,0.9902916666666667,0.9171666666666667,25,0.9107,0.9107,0.25050339102745056,0.38168206810951233,0.020230770422518224,0.05895929475128654,0.1881881207227707,0.9306136965751648,0.9241,0.06429984162449837,0.9883998036384583,0.028436636552214622,0.00607752799987793,0.997448742389679,0.9552083333333333,0.95375
fashion_mnist,1.0,Distill-S,17,2,0.9093333333333333,20.005791666666667,0.07441666666666669,0.9928333333333333,0.9184166666666667,23,0.9048,0.9144,0.268489807844162,0.4690746068954468,0.01128042139261963,0.06300667790174486,0.29063665866851807,0.8949903249740601,0.9256,0.060953797137737326,0.9865086674690247,0.03255647420883179,0.00018318140064366162,0.999978244304657,0.9337916666666667,
fashion_mnist,0.0,Distill-S,18,33,0.93,48.983916666666666,0.036833333333333274,0.9668333333333333,0.93,54,0.9256,0.922,0.2290082722902298,0.2614686191082001,0.024587726807594336,0.02958459561765195,0.13085168600082397,0.9499328136444092,0.9113,0.07088587750792505,0.9818935394287109,0.044217243790626526,0.042038444429636,0.983168363571167,,0.9489166666666666
fashion_mnist,0.2,Distill-S,18,11,0.9298333333333333,28.585708333333336,0.044916666666666605,0.972,0.9270833333333334,32,0.922,0.9183,0.2442382127046585,0.2578883171081543,0.03276448329687119,0.03698362428247931,0.12067306786775589,0.9544638395309448,0.9222,0.0644795321315527,0.9866796135902405,0.03218865394592285,0.024014001712203026,0.990347146987915,0.9979166666666667,0.9610416666666667
fashion_mnist,0.4,Distill-S,18,6,0.92075,23.889416666666666,0.05249999999999999,0.9775,0.925,27,0.9109,0.9229,0.2577325105667114,0.2759106755256653,0.033617207729816405,0.04110526364743708,0.14818722009658813,0.9442259669303894,0.9236,0.06325072763264175,0.9865837693214417,0.031820233911275864,0.01849243976175785,0.992341160774231,0.9761458333333334,0.9554861111111111
fashion_mnist,0.6,Distill-S,18,4,0.9165,21.998125,0.06341666666666668,0.985,0.9215833333333333,25,0.9106,0.9161,0.257798433303833,0.31764522194862366,0.02079667666256424,0.04961631878912451,0.18589633703231812,0.9309839010238647,0.9259,0.06251861832737926,0.9882338047027588,0.029147204011678696,0.011444568634033203,0.9953940510749817,0.9553472222222222,0.9505208333333334
fashion_mnist,0.8,Distill-S,18,6,0.9203333333333333,23.792125000000002,0.07004166666666667,0.9919583333333334,0.9219166666666667,27,0.9106,0.9166,0.2600763738155365,0.3222660720348358,0.029809744969010323,0.050704207019507834,0.16024741530418396,0.940409779548645,0.9238,0.061261678433418225,0.9850110411643982,0.03700421750545502,0.007004573941230774,0.9971877336502075,0.9707291666666666,0.9541666666666667
fashion_mnist,1.0,Distill-S,18,4,0.915,21.854499999999998,0.07216666666666671,0.99275,0.9205833333333333,25,0.9109,0.9163,0.25403517484664917,0.498612642288208,0.015835673314332988,0.06441606135964396,0.19726012647151947,0.9255136847496033,0.9234,0.06462694886624813,0.9878743886947632,0.029732342809438705,6.849907367723063e-05,0.9999932646751404,0.954,
fashion_mnist,0.0,Distill-S,19,34,0.92975,50.05758333333334,0.033625000000000016,0.9662916666666667,0.9326666666666666,55,0.9224,0.9243,0.2328711599111557,0.25834351778030396,0.026955714207887692,0.02899162801802159,0.1306435465812683,0.9491117000579834,0.9207,0.06606325052976607,0.9867632985115051,0.03199620917439461,0.03274401277303696,0.9863359928131104,,0.9559583333333334
fashion_mnist,0.2,Distill-S,19,11,0.9264166666666667,28.591124999999995,0.042874999999999996,0.9714583333333333,0.9285833333333333,32,0.9197,0.9249,0.23911194503307343,0.24434621632099152,0.033147933629155135,0.030227505442500156,0.12816855311393738,0.9520666003227234,0.9204,0.0663351312160492,0.9867351651191711,0.03234391659498215,0.024895060807466507,0.9898509383201599,0.9972916666666667,0.9602083333333333
fashion_mnist,0.4,Distill-S,19,12,0.92375,29.407416666666663,0.04512499999999997,0.9757083333333333,0.9305833333333333,33,0.9168,0.9231,0.2522149980068207,0.26190048456192017,0.0325670953959227,0.037788213652372366,0.135928213596344,0.949367105960846,0.9104,0.07159303260147573,0.9819929599761963,0.04397731274366379,0.029959116131067276,0.9880284667015076,0.9939583333333334,0.9495833333333333
fashion_mnist,0.6,Distill-S,19,4,0.9213333333333333,21.994625,0.05870833333333325,0.9817083333333333,0.923,25,0.9108,0.9199,0.24337776005268097,0.26920580863952637,0.019639844790101037,0.04048586680293085,0.1911723017692566,0.9302334785461426,0.9119,0.06860828557312486,0.9804214835166931,0.04773282632231712,0.024369308724999428,0.9904316663742065,0.9625694444444445,0.9471875
fashion_mnist,0.8,Distill-S,19,4,0.9160833333333334,21.97479166666667,0.07079166666666659,0.9897083333333333,0.9189166666666667,25,0.9093,0.9133,0.2552909553050995,0.33006832003593445,0.021747370624542232,0.05096131133139133,0.18949724733829498,0.9308786392211914,0.9205,0.06675320466458794,0.9870246052742004,0.031578391790390015,0.006402623374015093,0.9973530173301697,0.9585416666666666,0.9545833333333333
fashion_mnist,1.0,Distill-S,19,4,0.9184166666666667,21.886541666666666,0.07337499999999997,0.992625,0.91925,25,0.9105,0.9158,0.24782319366931915,0.4155513048171997,0.01598117060065267,0.059674575698375705,0.20209993422031403,0.9260861277580261,0.9209,0.06571198314726356,0.9866119027137756,0.03286966681480408,4.227667523082346e-05,0.9999960660934448,0.9562916666666667,
