dataset,alpha,group,seed,e_star,best_val_acc,auc_val,final_gen_gap,train_acc_final,val_acc_final,n_epochs,test_acc_best,test_acc_final,test_loss_best,test_loss_final,ece_best,ece_final,entropy_mean_best,conf_mean_best,teacher_test_acc,teacher_ece,teacher_conf_mean,teacher_entropy_mean,teacher_soft_entropy,teacher_soft_conf,agreement_overlap,agreement_nonoverlap
cifar10,0.0,Baseline-Full,0,5,0.7858,19.60605,0.17695,0.98575,0.8088,26,0.7885,0.8084,0.639513373374939,1.0405839681625366,0.0511561323553323,0.1362018380105495,0.4533617198467254,0.8387404084205627,,,,,,,,
cifar10,0.2,Baseline-Full,0,5,0.7858,19.60605,0.17695,0.98575,0.8088,26,0.7885,0.8084,0.639513373374939,1.0405839681625366,0.0511561323553323,0.1362018380105495,0.4533617198467254,0.8387404084205627,,,,,,,,
cifar10,0.4,Baseline-Full,0,5,0.7858,19.60605,0.17695,0.98575,0.8088,26,0.7885,0.8084,0.639513373374939,1.0405839681625366,0.0511561323553323,0.1362018380105495,0.4533617198467254,0.8387404084205627,,,,,,,,
cifar10,0.6,Baseline-Full,0,5,0.7858,19.60605,0.17695,0.98575,0.8088,26,0.7885,0.8084,0.639513373374939,1.0405839681625366,0.0511561323553323,0.1362018380105495,0.4533617198467254,0.8387404084205627,,,,,,,,
cifar10,0.8,Baseline-Full,0,5,0.7858,19.60605,0.17695,0.98575,0.8088,26,0.7885,0.8084,0.639513373374939,1.0405839681625366,0.0511561323553323,0.1362018380105495,0.4533617198467254,0.8387404084205627,,,,,,,,
cifar10,1.0,Baseline-Full,0,5,0.7858,19.60605,0.17695,0.98575,0.8088,26,0.7885,0.8084,0.639513373374939,1.0405839681625366,0.0511561323553323,0.1362018380105495,0.4533617198467254,0.8387404084205627,,,,,,,,
cifar10,0.0,Baseline-Half,0,4,0.7485,17.70485,0.22055,0.98395,0.7634,25,0.7495,0.7606,0.7406460642814636,1.2604312896728516,0.0322030170798301,0.1668481391102075,0.6065577864646912,0.780994176864624,,,,,,,,
cifar10,0.2,Baseline-Half,0,4,0.7485,17.70485,0.22055,0.98395,0.7634,25,0.7495,0.7606,0.7406460642814636,1.2604312896728516,0.0322030170798301,0.1668481391102075,0.6065577864646912,0.780994176864624,,,,,,,,
cifar10,0.4,Baseline-Half,0,4,0.7485,17.70485,0.22055,0.98395,0.7634,25,0.7495,0.7606,0.7406460642814636,1.2604312896728516,0.0322030170798301,0.1668481391102075,0.6065577864646912,0.780994176864624,,,,,,,,
cifar10,0.6,Baseline-Half,0,4,0.7485,17.70485,0.22055,0.98395,0.7634,25,0.7495,0.7606,0.7406460642814636,1.2604312896728516,0.0322030170798301,0.1668481391102075,0.6065577864646912,0.780994176864624,,,,,,,,
cifar10,0.8,Baseline-Half,0,4,0.7485,17.70485,0.22055,0.98395,0.7634,25,0.7495,0.7606,0.7406460642814636,1.2604312896728516,0.0322030170798301,0.1668481391102075,0.6065577864646912,0.780994176864624,,,,,,,,
cifar10,1.0,Baseline-Half,0,4,0.7485,17.70485,0.22055,0.98395,0.7634,25,0.7495,0.7606,0.7406460642814636,1.2604312896728516,0.0322030170798301,0.1668481391102075,0.6065577864646912,0.780994176864624,,,,,,,,
cifar10,0.0,Baseline-LS,0,9,0.783,21.7463,0.2287,0.9998,0.7711,30,0.7869,0.7717,0.7061169743537903,0.7700866460800171,0.0573438463330268,0.0650971339195966,0.8955532312393188,0.7297636270523071,,,,,,,,
cifar10,0.2,Baseline-LS,0,9,0.783,21.7463,0.2287,0.9998,0.7711,30,0.7869,0.7717,0.7061169743537903,0.7700866460800171,0.0573438463330268,0.0650971339195966,0.8955532312393188,0.7297636270523071,,,,,,,,
cifar10,0.4,Baseline-LS,0,9,0.783,21.7463,0.2287,0.9998,0.7711,30,0.7869,0.7717,0.7061169743537903,0.7700866460800171,0.0573438463330268,0.0650971339195966,0.8955532312393188,0.7297636270523071,,,,,,,,
cifar10,0.6,Baseline-LS,0,9,0.783,21.7463,0.2287,0.9998,0.7711,30,0.7869,0.7717,0.7061169743537903,0.7700866460800171,0.0573438463330268,0.0650971339195966,0.8955532312393188,0.7297636270523071,,,,,,,,
cifar10,0.8,Baseline-LS,0,9,0.783,21.7463,0.2287,0.9998,0.7711,30,0.7869,0.7717,0.7061169743537903,0.7700866460800171,0.0573438463330268,0.0650971339195966,0.8955532312393188,0.7297636270523071,,,,,,,,
cifar10,1.0,Baseline-LS,0,9,0.783,21.7463,0.2287,0.9998,0.7711,30,0.7869,0.7717,0.7061169743537903,0.7700866460800171,0.0573438463330268,0.0650971339195966,0.8955532312393188,0.7297636270523071,,,,,,,,
cifar10,0.0,Distill-S,0,35,0.7913,42.64245,0.11375,0.91195,0.7982,56,0.7946,0.7985,0.664883017539978,0.6678810715675354,0.0692634912222623,0.0665217099696398,0.3782617151737213,0.8637646436691284,0.7889,0.1615879708200692,0.9504798054695128,0.1260952800512313,0.1255138963460922,0.9501813650131226,,0.8702
cifar10,0.2,Distill-S,0,19,0.7879,29.829,0.14815,0.92325,0.7751,40,0.7832,0.7699,0.70335853099823,0.7490390539169312,0.0862280308902263,0.09666550026834,0.359561949968338,0.8692700266838074,0.7917,0.1647765680640936,0.9563966989517212,0.1100422963500022,0.089922696352005,0.9640068411827089,0.999,0.8761875
cifar10,0.4,Distill-S,0,6,0.7599,19.56875,0.15635,0.94355,0.7872,27,0.7651,0.7828,0.7115681171417236,0.7240204811096191,0.0513191112369299,0.0915714530050754,0.5153939127922058,0.8159971833229065,0.7881,0.1518217380061745,0.9399216771125792,0.1527806669473648,0.0921453908085823,0.9641841650009156,0.912625,0.8558333333333333
cifar10,0.6,Distill-S,0,6,0.7529,19.4345,0.1745999999999999,0.9561,0.7815,27,0.7473,0.7791,0.7547922134399414,0.7727607488632202,0.0662684898018837,0.0994643571019172,0.5189613699913025,0.8135684132575989,0.7732,0.1762024690240621,0.9494024515151978,0.1277429908514022,0.0605027712881565,0.976922571659088,0.8963333333333333,0.83
cifar10,0.8,Distill-S,0,4,0.7478,17.8828,0.20715,0.97645,0.7693,25,0.7459,0.7654,0.7416654229164124,0.9265563488006592,0.0417357603013515,0.1327176026791334,0.5928120017051697,0.7876357436180115,0.7883,0.1573581963658332,0.9456582069396972,0.1354873031377792,0.0291624702513217,0.988731861114502,0.8544375,0.8245
cifar10,1.0,Distill-S,0,4,0.7506,17.9508,0.2038999999999999,0.9877,0.7838,25,0.7499,0.7815,0.7140678763389587,0.7751749753952026,0.0268456003203988,0.1018063734918832,0.6304449439048767,0.776745617389679,0.7671,0.1304087144047022,0.8975086808204651,0.2720288634300232,0.1194936037063598,0.9620532393455504,0.8541,
cifar10,0.0,Baseline-Full,1,6,0.8025,20.4517,0.1790250000000001,0.987925,0.8089,27,0.7948,0.8024,0.6251881122589111,1.1250916719436646,0.0642563613772392,0.1439363777935504,0.388028472661972,0.8581817150115967,,,,,,,,
cifar10,0.2,Baseline-Full,1,6,0.8025,20.4517,0.1790250000000001,0.987925,0.8089,27,0.7948,0.8024,0.6251881122589111,1.1250916719436646,0.0642563613772392,0.1439363777935504,0.388028472661972,0.8581817150115967,,,,,,,,
cifar10,0.4,Baseline-Full,1,6,0.8025,20.4517,0.1790250000000001,0.987925,0.8089,27,0.7948,0.8024,0.6251881122589111,1.1250916719436646,0.0642563613772392,0.1439363777935504,0.388028472661972,0.8581817150115967,,,,,,,,
cifar10,0.6,Baseline-Full,1,6,0.8025,20.4517,0.1790250000000001,0.987925,0.8089,27,0.7948,0.8024,0.6251881122589111,1.1250916719436646,0.0642563613772392,0.1439363777935504,0.388028472661972,0.8581817150115967,,,,,,,,
cifar10,0.8,Baseline-Full,1,6,0.8025,20.4517,0.1790250000000001,0.987925,0.8089,27,0.7948,0.8024,0.6251881122589111,1.1250916719436646,0.0642563613772392,0.1439363777935504,0.388028472661972,0.8581817150115967,,,,,,,,
cifar10,1.0,Baseline-Full,1,6,0.8025,20.4517,0.1790250000000001,0.987925,0.8089,27,0.7948,0.8024,0.6251881122589111,1.1250916719436646,0.0642563613772392,0.1439363777935504,0.388028472661972,0.8581817150115967,,,,,,,,
cifar10,0.0,Baseline-Half,1,5,0.7471,18.5056,0.21835,0.97665,0.7583,26,0.7468,0.7522,0.7392685413360596,1.3119440078735352,0.0359893706172704,0.173017551061511,0.6109229326248169,0.7827893495559692,,,,,,,,
cifar10,0.2,Baseline-Half,1,5,0.7471,18.5056,0.21835,0.97665,0.7583,26,0.7468,0.7522,0.7392685413360596,1.3119440078735352,0.0359893706172704,0.173017551061511,0.6109229326248169,0.7827893495559692,,,,,,,,
cifar10,0.4,Baseline-Half,1,5,0.7471,18.5056,0.21835,0.97665,0.7583,26,0.7468,0.7522,0.7392685413360596,1.3119440078735352,0.0359893706172704,0.173017551061511,0.6109229326248169,0.7827893495559692,,,,,,,,
cifar10,0.6,Baseline-Half,1,5,0.7471,18.5056,0.21835,0.97665,0.7583,26,0.7468,0.7522,0.7392685413360596,1.3119440078735352,0.0359893706172704,0.173017551061511,0.6109229326248169,0.7827893495559692,,,,,,,,
cifar10,0.8,Baseline-Half,1,5,0.7471,18.5056,0.21835,0.97665,0.7583,26,0.7468,0.7522,0.7392685413360596,1.3119440078735352,0.0359893706172704,0.173017551061511,0.6109229326248169,0.7827893495559692,,,,,,,,
cifar10,1.0,Baseline-Half,1,5,0.7471,18.5056,0.21835,0.97665,0.7583,26,0.7468,0.7522,0.7392685413360596,1.3119440078735352,0.0359893706172704,0.173017551061511,0.6109229326248169,0.7827893495559692,,,,,,,,
cifar10,0.0,Baseline-LS,1,8,0.7828,21.03165,0.2382999999999999,1.0,0.7617,29,0.7677,0.7536,0.7414939999580383,0.8220656514167786,0.0524927162647247,0.0621745786234736,0.930024027824402,0.7152072787284851,,,,,,,,
cifar10,0.2,Baseline-LS,1,8,0.7828,21.03165,0.2382999999999999,1.0,0.7617,29,0.7677,0.7536,0.7414939999580383,0.8220656514167786,0.0524927162647247,0.0621745786234736,0.930024027824402,0.7152072787284851,,,,,,,,
cifar10,0.4,Baseline-LS,1,8,0.7828,21.03165,0.2382999999999999,1.0,0.7617,29,0.7677,0.7536,0.7414939999580383,0.8220656514167786,0.0524927162647247,0.0621745786234736,0.930024027824402,0.7152072787284851,,,,,,,,
cifar10,0.6,Baseline-LS,1,8,0.7828,21.03165,0.2382999999999999,1.0,0.7617,29,0.7677,0.7536,0.7414939999580383,0.8220656514167786,0.0524927162647247,0.0621745786234736,0.930024027824402,0.7152072787284851,,,,,,,,
cifar10,0.8,Baseline-LS,1,8,0.7828,21.03165,0.2382999999999999,1.0,0.7617,29,0.7677,0.7536,0.7414939999580383,0.8220656514167786,0.0524927162647247,0.0621745786234736,0.930024027824402,0.7152072787284851,,,,,,,,
cifar10,1.0,Baseline-LS,1,8,0.7828,21.03165,0.2382999999999999,1.0,0.7617,29,0.7677,0.7536,0.7414939999580383,0.8220656514167786,0.0524927162647247,0.0621745786234736,0.930024027824402,0.7152072787284851,,,,,,,,
cifar10,0.0,Distill-S,1,39,0.7983,45.8783,0.1149,0.9097,0.7948,60,0.7952,0.7863,0.657569944858551,0.6926856637001038,0.0687765543043613,0.0801218827754259,0.3745194375514984,0.8639749884605408,0.7899,0.1663862195611,0.9562503695487976,0.1087949946522712,0.1103021949529647,0.9561319351196288,,0.8748
cifar10,0.2,Distill-S,1,64,0.8013,65.73055,0.13355,0.93445,0.8009,85,0.7933,0.7953,0.6767244338989258,0.7035670876502991,0.0753944225028157,0.0832825017511844,0.3613868653774261,0.8686944246292114,0.7926,0.1628767451524734,0.9554767608642578,0.1115894317626953,0.0888242945075035,0.9643017649650574,1.0,0.876
cifar10,0.4,Distill-S,1,46,0.7929,51.07005,0.1557,0.9485,0.7928,67,0.7816,0.787,0.6571556925773621,0.6574646234512329,0.0615299950480461,0.0520793654248118,0.4361752569675445,0.8431299924850464,0.7514,0.1316274663835763,0.8829265832901001,0.3132973313331604,0.2604339718818664,0.9046035408973694,0.969125,0.8176666666666667
cifar10,0.6,Distill-S,1,5,0.7408,18.72635,0.1772,0.9594,0.7822,26,0.7448,0.7786,0.7608247399330139,0.7785851359367371,0.0448621625989675,0.1034528033137321,0.5892069339752197,0.7893878817558289,0.7876,0.1566041782170534,0.9442042112350464,0.1413559317588806,0.0578055121004581,0.977476954460144,0.8625,0.830125
cifar10,0.8,Distill-S,1,7,0.7722,20.1754,0.1978999999999999,0.975,0.7771,28,0.7651,0.7748,0.7255652546882629,0.945081353187561,0.0694720859140157,0.1314194514334201,0.4588333368301391,0.8345720767974854,0.7869,0.1626084397315979,0.9495084881782532,0.1265418529510498,0.0261346045881509,0.9898918867111206,0.9235,0.861
cifar10,1.0,Distill-S,1,4,0.7281,17.829900000000002,0.2048999999999999,0.9999,0.795,25,0.7224,0.7897,0.8007785081863403,1.1413685083389282,0.042351775047183,0.1485268077731132,0.6609317660331726,0.7647517323493958,0.7872,0.1658747660100459,0.9530656933784484,0.1183234378695488,0.0001928461570059,0.9999824166297911,0.81245,
cifar10,0.0,Baseline-Full,2,5,0.7901,19.63695,0.2063999999999999,0.9833,0.7769,26,0.7758,0.7739,0.6505298018455505,1.285361886024475,0.0592480774521827,0.1660763431489467,0.4572227001190185,0.8346042037010193,,,,,,,,
cifar10,0.2,Baseline-Full,2,5,0.7901,19.63695,0.2063999999999999,0.9833,0.7769,26,0.7758,0.7739,0.6505298018455505,1.285361886024475,0.0592480774521827,0.1660763431489467,0.4572227001190185,0.8346042037010193,,,,,,,,
cifar10,0.4,Baseline-Full,2,5,0.7901,19.63695,0.2063999999999999,0.9833,0.7769,26,0.7758,0.7739,0.6505298018455505,1.285361886024475,0.0592480774521827,0.1660763431489467,0.4572227001190185,0.8346042037010193,,,,,,,,
cifar10,0.6,Baseline-Full,2,5,0.7901,19.63695,0.2063999999999999,0.9833,0.7769,26,0.7758,0.7739,0.6505298018455505,1.285361886024475,0.0592480774521827,0.1660763431489467,0.4572227001190185,0.8346042037010193,,,,,,,,
cifar10,0.8,Baseline-Full,2,5,0.7901,19.63695,0.2063999999999999,0.9833,0.7769,26,0.7758,0.7739,0.6505298018455505,1.285361886024475,0.0592480774521827,0.1660763431489467,0.4572227001190185,0.8346042037010193,,,,,,,,
cifar10,1.0,Baseline-Full,2,5,0.7901,19.63695,0.2063999999999999,0.9833,0.7769,26,0.7758,0.7739,0.6505298018455505,1.285361886024475,0.0592480774521827,0.1660763431489467,0.4572227001190185,0.8346042037010193,,,,,,,,
cifar10,0.0,Baseline-Half,2,4,0.7399,17.6308,0.2149999999999999,0.9788,0.7638,25,0.7382,0.7514,0.7579376697540283,1.345747947692871,0.056294211667776,0.1735846177220344,0.5744746923446655,0.7944941520690918,,,,,,,,
cifar10,0.2,Baseline-Half,2,4,0.7399,17.6308,0.2149999999999999,0.9788,0.7638,25,0.7382,0.7514,0.7579376697540283,1.345747947692871,0.056294211667776,0.1735846177220344,0.5744746923446655,0.7944941520690918,,,,,,,,
cifar10,0.4,Baseline-Half,2,4,0.7399,17.6308,0.2149999999999999,0.9788,0.7638,25,0.7382,0.7514,0.7579376697540283,1.345747947692871,0.056294211667776,0.1735846177220344,0.5744746923446655,0.7944941520690918,,,,,,,,
cifar10,0.6,Baseline-Half,2,4,0.7399,17.6308,0.2149999999999999,0.9788,0.7638,25,0.7382,0.7514,0.7579376697540283,1.345747947692871,0.056294211667776,0.1735846177220344,0.5744746923446655,0.7944941520690918,,,,,,,,
cifar10,0.8,Baseline-Half,2,4,0.7399,17.6308,0.2149999999999999,0.9788,0.7638,25,0.7382,0.7514,0.7579376697540283,1.345747947692871,0.056294211667776,0.1735846177220344,0.5744746923446655,0.7944941520690918,,,,,,,,
cifar10,1.0,Baseline-Half,2,4,0.7399,17.6308,0.2149999999999999,0.9788,0.7638,25,0.7382,0.7514,0.7579376697540283,1.345747947692871,0.056294211667776,0.1735846177220344,0.5744746923446655,0.7944941520690918,,,,,,,,
cifar10,0.0,Baseline-LS,2,12,0.7772,24.0907,0.2340999999999999,0.9999,0.7658,33,0.7697,0.7567,0.7377445101737976,0.8432000279426575,0.0412489061295986,0.0793076779171824,0.90594744682312,0.7284510731697083,,,,,,,,
cifar10,0.2,Baseline-LS,2,12,0.7772,24.0907,0.2340999999999999,0.9999,0.7658,33,0.7697,0.7567,0.7377445101737976,0.8432000279426575,0.0412489061295986,0.0793076779171824,0.90594744682312,0.7284510731697083,,,,,,,,
cifar10,0.4,Baseline-LS,2,12,0.7772,24.0907,0.2340999999999999,0.9999,0.7658,33,0.7697,0.7567,0.7377445101737976,0.8432000279426575,0.0412489061295986,0.0793076779171824,0.90594744682312,0.7284510731697083,,,,,,,,
cifar10,0.6,Baseline-LS,2,12,0.7772,24.0907,0.2340999999999999,0.9999,0.7658,33,0.7697,0.7567,0.7377445101737976,0.8432000279426575,0.0412489061295986,0.0793076779171824,0.90594744682312,0.7284510731697083,,,,,,,,
cifar10,0.8,Baseline-LS,2,12,0.7772,24.0907,0.2340999999999999,0.9999,0.7658,33,0.7697,0.7567,0.7377445101737976,0.8432000279426575,0.0412489061295986,0.0793076779171824,0.90594744682312,0.7284510731697083,,,,,,,,
cifar10,1.0,Baseline-LS,2,12,0.7772,24.0907,0.2340999999999999,0.9999,0.7658,33,0.7697,0.7567,0.7377445101737976,0.8432000279426575,0.0412489061295986,0.0793076779171824,0.90594744682312,0.7284510731697083,,,,,,,,
cifar10,0.0,Distill-S,2,56,0.8034,59.53220000000001,0.1244999999999999,0.9228,0.7983,77,0.7909,0.7876,0.6672103404998779,0.6718168258666992,0.0681806249082088,0.0683600539058447,0.3883358836174011,0.8584212064743042,0.7864,0.1504917981684207,0.9368100762367249,0.1603923887014389,0.160761684179306,0.937063694000244,,0.8703
cifar10,0.2,Distill-S,2,69,0.7967,69.49565,0.1404999999999999,0.9367,0.7962,90,0.7871,0.7906,0.6541908979415894,0.6668050289154053,0.0639386338293552,0.0695584517046809,0.4057863652706146,0.8510386943817139,0.7665,0.1472165033429861,0.9137166142463684,0.2236287593841552,0.1877163052558899,0.9296826124191284,0.99825,0.8425
cifar10,0.4,Distill-S,2,7,0.7676,20.2529,0.15985,0.93615,0.7763,28,0.764,0.7691,0.7056860327720642,0.7680028080940247,0.0626020177304744,0.091345873260498,0.4830506443977356,0.8256248831748962,0.7571,0.1877442981943488,0.944844365119934,0.1385276913642883,0.099689170718193,0.960964560508728,0.944,0.8243333333333334
cifar10,0.6,Distill-S,2,4,0.7517,18.0151,0.1856499999999999,0.95685,0.7712,25,0.7532,0.7775,0.7259145975112915,0.8526187539100647,0.0454693977177142,0.1117095534622669,0.5773647427558899,0.7965027093887329,0.7851,0.1715452037036419,0.956645131111145,0.1088238433003425,0.044116448611021,0.9822999238967896,0.8688333333333333,0.830875
cifar10,0.8,Distill-S,2,4,0.7371,17.7086,0.21005,0.97555,0.7655,25,0.7356,0.7632,0.7877875566482544,0.9986657500267028,0.0530536954283714,0.1416244108334184,0.5888402462005615,0.7886537313461304,0.7856,0.171532616519928,0.9571326375007628,0.1062636449933052,0.021638898178935,0.9912739992141724,0.83475,0.8115
cifar10,1.0,Distill-S,2,4,0.7388,17.71665,0.2264499999999999,0.99135,0.7649,25,0.7412,0.7579,0.7547621726989746,1.2542709112167358,0.038986934441328,0.1702681604534387,0.6126323342323303,0.7801868915557861,0.7707,0.1792594569206237,0.9499594569206238,0.1252368688583374,0.0092503894120454,0.9972240924835204,0.8384,
cifar10,0.0,Baseline-Full,3,7,0.7951,21.134650000000004,0.1905,0.9849,0.7944,28,0.8031,0.7957,0.6395466327667236,1.150354266166687,0.0704067881554365,0.1456200975686311,0.3439435064792633,0.8735068440437317,,,,,,,,
cifar10,0.2,Baseline-Full,3,7,0.7951,21.134650000000004,0.1905,0.9849,0.7944,28,0.8031,0.7957,0.6395466327667236,1.150354266166687,0.0704067881554365,0.1456200975686311,0.3439435064792633,0.8735068440437317,,,,,,,,
cifar10,0.4,Baseline-Full,3,7,0.7951,21.134650000000004,0.1905,0.9849,0.7944,28,0.8031,0.7957,0.6395466327667236,1.150354266166687,0.0704067881554365,0.1456200975686311,0.3439435064792633,0.8735068440437317,,,,,,,,
cifar10,0.6,Baseline-Full,3,7,0.7951,21.134650000000004,0.1905,0.9849,0.7944,28,0.8031,0.7957,0.6395466327667236,1.150354266166687,0.0704067881554365,0.1456200975686311,0.3439435064792633,0.8735068440437317,,,,,,,,
cifar10,0.8,Baseline-Full,3,7,0.7951,21.134650000000004,0.1905,0.9849,0.7944,28,0.8031,0.7957,0.6395466327667236,1.150354266166687,0.0704067881554365,0.1456200975686311,0.3439435064792633,0.8735068440437317,,,,,,,,
cifar10,1.0,Baseline-Full,3,7,0.7951,21.134650000000004,0.1905,0.9849,0.7944,28,0.8031,0.7957,0.6395466327667236,1.150354266166687,0.0704067881554365,0.1456200975686311,0.3439435064792633,0.8735068440437317,,,,,,,,
cifar10,0.0,Baseline-Half,3,5,0.7355,18.281800000000004,0.22655,0.98285,0.7563,26,0.7433,0.7512,0.7844400405883789,1.4397845268249512,0.0604111521169543,0.1794635969549417,0.5476086139678955,0.8037111163139343,,,,,,,,
cifar10,0.2,Baseline-Half,3,5,0.7355,18.281800000000004,0.22655,0.98285,0.7563,26,0.7433,0.7512,0.7844400405883789,1.4397845268249512,0.0604111521169543,0.1794635969549417,0.5476086139678955,0.8037111163139343,,,,,,,,
cifar10,0.4,Baseline-Half,3,5,0.7355,18.281800000000004,0.22655,0.98285,0.7563,26,0.7433,0.7512,0.7844400405883789,1.4397845268249512,0.0604111521169543,0.1794635969549417,0.5476086139678955,0.8037111163139343,,,,,,,,
cifar10,0.6,Baseline-Half,3,5,0.7355,18.281800000000004,0.22655,0.98285,0.7563,26,0.7433,0.7512,0.7844400405883789,1.4397845268249512,0.0604111521169543,0.1794635969549417,0.5476086139678955,0.8037111163139343,,,,,,,,
cifar10,0.8,Baseline-Half,3,5,0.7355,18.281800000000004,0.22655,0.98285,0.7563,26,0.7433,0.7512,0.7844400405883789,1.4397845268249512,0.0604111521169543,0.1794635969549417,0.5476086139678955,0.8037111163139343,,,,,,,,
cifar10,1.0,Baseline-Half,3,5,0.7355,18.281800000000004,0.22655,0.98285,0.7563,26,0.7433,0.7512,0.7844400405883789,1.4397845268249512,0.0604111521169543,0.1794635969549417,0.5476086139678955,0.8037111163139343,,,,,,,,
cifar10,0.0,Baseline-LS,3,5,0.759,18.5465,0.25395,0.99955,0.7456,26,0.7606,0.7513,0.7442427277565002,0.8405507802963257,0.0603872455537319,0.0417580730333924,0.9489072561264038,0.7002127766609192,,,,,,,,
cifar10,0.2,Baseline-LS,3,5,0.759,18.5465,0.25395,0.99955,0.7456,26,0.7606,0.7513,0.7442427277565002,0.8405507802963257,0.0603872455537319,0.0417580730333924,0.9489072561264038,0.7002127766609192,,,,,,,,
cifar10,0.4,Baseline-LS,3,5,0.759,18.5465,0.25395,0.99955,0.7456,26,0.7606,0.7513,0.7442427277565002,0.8405507802963257,0.0603872455537319,0.0417580730333924,0.9489072561264038,0.7002127766609192,,,,,,,,
cifar10,0.6,Baseline-LS,3,5,0.759,18.5465,0.25395,0.99955,0.7456,26,0.7606,0.7513,0.7442427277565002,0.8405507802963257,0.0603872455537319,0.0417580730333924,0.9489072561264038,0.7002127766609192,,,,,,,,
cifar10,0.8,Baseline-LS,3,5,0.759,18.5465,0.25395,0.99955,0.7456,26,0.7606,0.7513,0.7442427277565002,0.8405507802963257,0.0603872455537319,0.0417580730333924,0.9489072561264038,0.7002127766609192,,,,,,,,
cifar10,1.0,Baseline-LS,3,5,0.759,18.5465,0.25395,0.99955,0.7456,26,0.7606,0.7513,0.7442427277565002,0.8405507802963257,0.0603872455537319,0.0417580730333924,0.9489072561264038,0.7002127766609192,,,,,,,,
cifar10,0.0,Distill-S,3,7,0.7742,20.511699999999998,0.124,0.9058,0.7818,28,0.7755,0.7818,0.688309371471405,0.6895443201065063,0.0568048012465238,0.0780781604915857,0.4718478620052337,0.8321617245674133,0.7888,0.166844086407125,0.9552810788154602,0.1114056035876274,0.1119936183094978,0.9549092054367064,,0.8724
cifar10,0.2,Distill-S,3,62,0.7912,63.47234999999999,0.1422,0.9357,0.7935,83,0.7912,0.7913,0.667217493057251,0.7160243391990662,0.0715648515969514,0.0828568582564591,0.3732087314128876,0.862764835357666,0.7937,0.1612798774078488,0.9549515843391418,0.1121688485145568,0.0867313966155052,0.9652212858200072,1.0,0.8799375
cifar10,0.4,Distill-S,3,5,0.7556,18.7831,0.1652,0.9454,0.7802,26,0.7581,0.7743,0.7285991907119751,0.7508686780929565,0.0524829925864935,0.0985641970962286,0.527676522731781,0.8098402619361877,0.7953,0.1506521316617727,0.9459521770477296,0.1359945833683014,0.0800744965672493,0.9687117338180542,0.888875,0.8620833333333333
cifar10,0.6,Distill-S,3,10,0.7589,22.3831,0.1915,0.9558,0.7643,31,0.7663,0.766,0.7587748765945435,0.843762993812561,0.0889410640776157,0.1164240628585219,0.3980190455913543,0.8552410006523132,0.7743,0.1753240254223346,0.949624001979828,0.126236155629158,0.0537119396030902,0.979159653186798,0.981,0.868375
cifar10,0.8,Distill-S,3,6,0.7443,19.17395,0.2196999999999999,0.9763,0.7566,27,0.7467,0.763,0.7781470417976379,0.9883308410644532,0.0715362918883562,0.1383843703150749,0.5052824020385742,0.8182362914085388,0.7915,0.1630645450562238,0.9545645713806152,0.1128240972757339,0.0226400718092918,0.9908994436264038,0.8975,0.8515
cifar10,1.0,Distill-S,3,4,0.7399,17.470950000000002,0.23975,0.98875,0.749,25,0.7366,0.7512,0.7632334232330322,1.3907840251922607,0.0366477491438388,0.1787369859457016,0.6332505345344543,0.7732477784156799,0.796,0.1598218574464321,0.9558096528053284,0.1113630384206771,0.000187272846233,0.9999824166297911,0.84535,
cifar10,0.0,Baseline-Full,4,3,0.7805,18.05325,0.1853,0.9857,0.8004,24,0.7781,0.7884,0.6489801406860352,1.1278423070907593,0.0296196740657091,0.1500567454129457,0.5440887808799744,0.8070164918899536,,,,,,,,
cifar10,0.2,Baseline-Full,4,3,0.7805,18.05325,0.1853,0.9857,0.8004,24,0.7781,0.7884,0.6489801406860352,1.1278423070907593,0.0296196740657091,0.1500567454129457,0.5440887808799744,0.8070164918899536,,,,,,,,
cifar10,0.4,Baseline-Full,4,3,0.7805,18.05325,0.1853,0.9857,0.8004,24,0.7781,0.7884,0.6489801406860352,1.1278423070907593,0.0296196740657091,0.1500567454129457,0.5440887808799744,0.8070164918899536,,,,,,,,
cifar10,0.6,Baseline-Full,4,3,0.7805,18.05325,0.1853,0.9857,0.8004,24,0.7781,0.7884,0.6489801406860352,1.1278423070907593,0.0296196740657091,0.1500567454129457,0.5440887808799744,0.8070164918899536,,,,,,,,
cifar10,0.8,Baseline-Full,4,3,0.7805,18.05325,0.1853,0.9857,0.8004,24,0.7781,0.7884,0.6489801406860352,1.1278423070907593,0.0296196740657091,0.1500567454129457,0.5440887808799744,0.8070164918899536,,,,,,,,
cifar10,1.0,Baseline-Full,4,3,0.7805,18.05325,0.1853,0.9857,0.8004,24,0.7781,0.7884,0.6489801406860352,1.1278423070907593,0.0296196740657091,0.1500567454129457,0.5440887808799744,0.8070164918899536,,,,,,,,
cifar10,0.0,Baseline-Half,4,6,0.7523,19.1504,0.2502000000000001,0.9805,0.7303,27,0.7551,0.7292,0.74458909034729,1.5972859859466553,0.0548258503347635,0.1975271091192961,0.5278059840202332,0.8099258542060852,,,,,,,,
cifar10,0.2,Baseline-Half,4,6,0.7523,19.1504,0.2502000000000001,0.9805,0.7303,27,0.7551,0.7292,0.74458909034729,1.5972859859466553,0.0548258503347635,0.1975271091192961,0.5278059840202332,0.8099258542060852,,,,,,,,
cifar10,0.4,Baseline-Half,4,6,0.7523,19.1504,0.2502000000000001,0.9805,0.7303,27,0.7551,0.7292,0.74458909034729,1.5972859859466553,0.0548258503347635,0.1975271091192961,0.5278059840202332,0.8099258542060852,,,,,,,,
cifar10,0.6,Baseline-Half,4,6,0.7523,19.1504,0.2502000000000001,0.9805,0.7303,27,0.7551,0.7292,0.74458909034729,1.5972859859466553,0.0548258503347635,0.1975271091192961,0.5278059840202332,0.8099258542060852,,,,,,,,
cifar10,0.8,Baseline-Half,4,6,0.7523,19.1504,0.2502000000000001,0.9805,0.7303,27,0.7551,0.7292,0.74458909034729,1.5972859859466553,0.0548258503347635,0.1975271091192961,0.5278059840202332,0.8099258542060852,,,,,,,,
cifar10,1.0,Baseline-Half,4,6,0.7523,19.1504,0.2502000000000001,0.9805,0.7303,27,0.7551,0.7292,0.74458909034729,1.5972859859466553,0.0548258503347635,0.1975271091192961,0.5278059840202332,0.8099258542060852,,,,,,,,
cifar10,0.0,Baseline-LS,4,9,0.7661,21.59365,0.24175,0.99995,0.7582,30,0.7684,0.7598,0.7398033142089844,0.819166362285614,0.0442408895641565,0.0766661206454038,0.8974210023880005,0.7246156334877014,,,,,,,,
cifar10,0.2,Baseline-LS,4,9,0.7661,21.59365,0.24175,0.99995,0.7582,30,0.7684,0.7598,0.7398033142089844,0.819166362285614,0.0442408895641565,0.0766661206454038,0.8974210023880005,0.7246156334877014,,,,,,,,
cifar10,0.4,Baseline-LS,4,9,0.7661,21.59365,0.24175,0.99995,0.7582,30,0.7684,0.7598,0.7398033142089844,0.819166362285614,0.0442408895641565,0.0766661206454038,0.8974210023880005,0.7246156334877014,,,,,,,,
cifar10,0.6,Baseline-LS,4,9,0.7661,21.59365,0.24175,0.99995,0.7582,30,0.7684,0.7598,0.7398033142089844,0.819166362285614,0.0442408895641565,0.0766661206454038,0.8974210023880005,0.7246156334877014,,,,,,,,
cifar10,0.8,Baseline-LS,4,9,0.7661,21.59365,0.24175,0.99995,0.7582,30,0.7684,0.7598,0.7398033142089844,0.819166362285614,0.0442408895641565,0.0766661206454038,0.8974210023880005,0.7246156334877014,,,,,,,,
cifar10,1.0,Baseline-LS,4,9,0.7661,21.59365,0.24175,0.99995,0.7582,30,0.7684,0.7598,0.7398033142089844,0.819166362285614,0.0442408895641565,0.0766661206454038,0.8974210023880005,0.7246156334877014,,,,,,,,
cifar10,0.0,Distill-S,4,42,0.7902,48.0159,0.1159,0.9115,0.7956,63,0.7863,0.7943,0.6694904565811157,0.6709623336791992,0.0729933146357536,0.0726881149500608,0.3880116939544678,0.8592932820320129,0.7957,0.1603801047980785,0.9560011625289916,0.1094035133719444,0.1112489476799964,0.955596685409546,,0.8754
cifar10,0.2,Distill-S,4,34,0.7857,41.36074999999999,0.14725,0.92615,0.7789,55,0.7846,0.7755,0.6815447807312012,0.7105090618133545,0.0756200661003589,0.0800949094578623,0.3879256248474121,0.8601109385490417,0.7749,0.1730271268516778,0.947638988494873,0.130662739276886,0.1101528331637382,0.956085443496704,0.99825,0.8575625
cifar10,0.4,Distill-S,4,6,0.775,19.45095,0.16825,0.94115,0.7729,27,0.7715,0.7749,0.6812303066253662,0.7772480249404907,0.05319138854146,0.0965866463959217,0.4881751835346222,0.8245128989219666,0.796,0.161461469143629,0.9574615359306335,0.1065789088606834,0.0630382150411605,0.9747148156166076,0.942625,0.87775
cifar10,0.6,Distill-S,4,7,0.7599,20.125300000000003,0.1872,0.9598,0.7726,28,0.7651,0.7669,0.7251905202865601,0.8367947340011597,0.0706112919792533,0.1149741203293204,0.4497173428535461,0.8356568217277527,0.7858,0.1609742864996194,0.9467743039131165,0.13337242603302,0.0536426566541194,0.9790207147598268,0.9429166666666666,0.862875
cifar10,0.8,Distill-S,4,6,0.7483,19.236650000000004,0.20575,0.97725,0.7715,27,0.7479,0.7683,0.7567498087882996,0.9415693283081056,0.0619533486932515,0.1324727967619896,0.5282477736473083,0.8098533749580383,0.7924,0.1440295727491378,0.936429500579834,0.1633363366127014,0.0385883003473281,0.9863085746765136,0.9004375,0.8445
cifar10,1.0,Distill-S,4,7,0.7615,20.04195,0.2103,1.0,0.7897,28,0.7612,0.7888,0.7444747686386108,1.2571808099746704,0.0753068432569503,0.1551289016962051,0.4501901865005493,0.8365068435668945,0.7892,0.1660240074664354,0.9552239179611206,0.1132288575172424,0.0002312860015081,0.999978005886078,0.92625,
cifar10,0.0,Baseline-Full,5,6,0.8017,20.4916,0.18175,0.98565,0.8039,27,0.7983,0.8034,0.6392021775245667,1.112947940826416,0.0563941554963589,0.1402110795021057,0.3986271023750305,0.8546942472457886,,,,,,,,
cifar10,0.2,Baseline-Full,5,6,0.8017,20.4916,0.18175,0.98565,0.8039,27,0.7983,0.8034,0.6392021775245667,1.112947940826416,0.0563941554963589,0.1402110795021057,0.3986271023750305,0.8546942472457886,,,,,,,,
cifar10,0.4,Baseline-Full,5,6,0.8017,20.4916,0.18175,0.98565,0.8039,27,0.7983,0.8034,0.6392021775245667,1.112947940826416,0.0563941554963589,0.1402110795021057,0.3986271023750305,0.8546942472457886,,,,,,,,
cifar10,0.6,Baseline-Full,5,6,0.8017,20.4916,0.18175,0.98565,0.8039,27,0.7983,0.8034,0.6392021775245667,1.112947940826416,0.0563941554963589,0.1402110795021057,0.3986271023750305,0.8546942472457886,,,,,,,,
cifar10,0.8,Baseline-Full,5,6,0.8017,20.4916,0.18175,0.98565,0.8039,27,0.7983,0.8034,0.6392021775245667,1.112947940826416,0.0563941554963589,0.1402110795021057,0.3986271023750305,0.8546942472457886,,,,,,,,
cifar10,1.0,Baseline-Full,5,6,0.8017,20.4916,0.18175,0.98565,0.8039,27,0.7983,0.8034,0.6392021775245667,1.112947940826416,0.0563941554963589,0.1402110795021057,0.3986271023750305,0.8546942472457886,,,,,,,,
cifar10,0.0,Baseline-Half,5,5,0.7374,18.3641,0.2288,0.9923,0.7635,26,0.7466,0.7612,0.7782989144325256,1.3709416389465332,0.0511896186649799,0.1718312106549739,0.5653383731842041,0.7977781295776367,,,,,,,,
cifar10,0.2,Baseline-Half,5,5,0.7374,18.3641,0.2288,0.9923,0.7635,26,0.7466,0.7612,0.7782989144325256,1.3709416389465332,0.0511896186649799,0.1718312106549739,0.5653383731842041,0.7977781295776367,,,,,,,,
cifar10,0.4,Baseline-Half,5,5,0.7374,18.3641,0.2288,0.9923,0.7635,26,0.7466,0.7612,0.7782989144325256,1.3709416389465332,0.0511896186649799,0.1718312106549739,0.5653383731842041,0.7977781295776367,,,,,,,,
cifar10,0.6,Baseline-Half,5,5,0.7374,18.3641,0.2288,0.9923,0.7635,26,0.7466,0.7612,0.7782989144325256,1.3709416389465332,0.0511896186649799,0.1718312106549739,0.5653383731842041,0.7977781295776367,,,,,,,,
cifar10,0.8,Baseline-Half,5,5,0.7374,18.3641,0.2288,0.9923,0.7635,26,0.7466,0.7612,0.7782989144325256,1.3709416389465332,0.0511896186649799,0.1718312106549739,0.5653383731842041,0.7977781295776367,,,,,,,,
cifar10,1.0,Baseline-Half,5,5,0.7374,18.3641,0.2288,0.9923,0.7635,26,0.7466,0.7612,0.7782989144325256,1.3709416389465332,0.0511896186649799,0.1718312106549739,0.5653383731842041,0.7977781295776367,,,,,,,,
cifar10,0.0,Baseline-LS,5,13,0.7777,24.64695,0.26325,0.99945,0.7362,34,0.7755,0.7365,0.7271281480789185,0.8764144778251648,0.053771667908132,0.0323654661700129,0.9245368242263794,0.7217541337013245,,,,,,,,
cifar10,0.2,Baseline-LS,5,13,0.7777,24.64695,0.26325,0.99945,0.7362,34,0.7755,0.7365,0.7271281480789185,0.8764144778251648,0.053771667908132,0.0323654661700129,0.9245368242263794,0.7217541337013245,,,,,,,,
cifar10,0.4,Baseline-LS,5,13,0.7777,24.64695,0.26325,0.99945,0.7362,34,0.7755,0.7365,0.7271281480789185,0.8764144778251648,0.053771667908132,0.0323654661700129,0.9245368242263794,0.7217541337013245,,,,,,,,
cifar10,0.6,Baseline-LS,5,13,0.7777,24.64695,0.26325,0.99945,0.7362,34,0.7755,0.7365,0.7271281480789185,0.8764144778251648,0.053771667908132,0.0323654661700129,0.9245368242263794,0.7217541337013245,,,,,,,,
cifar10,0.8,Baseline-LS,5,13,0.7777,24.64695,0.26325,0.99945,0.7362,34,0.7755,0.7365,0.7271281480789185,0.8764144778251648,0.053771667908132,0.0323654661700129,0.9245368242263794,0.7217541337013245,,,,,,,,
cifar10,1.0,Baseline-LS,5,13,0.7777,24.64695,0.26325,0.99945,0.7362,34,0.7755,0.7365,0.7271281480789185,0.8764144778251648,0.053771667908132,0.0323654661700129,0.9245368242263794,0.7217541337013245,,,,,,,,
cifar10,0.0,Distill-S,5,49,0.8011,53.828,0.12805,0.92365,0.7956,70,0.7905,0.7888,0.6394727826118469,0.6606395244598389,0.0600443577200174,0.0632031423419713,0.4127395451068878,0.8505443334579468,0.7758,0.1429115398004651,0.9187115430831908,0.2133209407329559,0.2137571275234222,0.918006420135498,,0.84565
cifar10,0.2,Distill-S,5,41,0.7964,47.13595,0.13485,0.92855,0.7937,62,0.7926,0.7897,0.6872518658638,0.7077533006668091,0.0758962732613086,0.0817370917230844,0.3606953918933868,0.8682612180709839,0.7868,0.1665937731266021,0.9533938765525818,0.1152345687150955,0.0886214077472686,0.9647693634033204,1.0,0.8779375
cifar10,0.4,Distill-S,5,9,0.7775,21.83675,0.15735,0.94175,0.7844,30,0.774,0.7836,0.7237188220024109,0.7381702065467834,0.0763299433410167,0.0940109315454959,0.4130756855010986,0.8503298759460449,0.7828,0.1720228541702032,0.9548227787017822,0.1136845201253891,0.0671126618981361,0.9733169674873352,0.982625,0.87175
cifar10,0.6,Distill-S,5,5,0.748,18.67575,0.18755,0.95975,0.7722,26,0.7473,0.7737,0.7733347415924072,0.8232628703117371,0.0608509710520506,0.112148428915441,0.5328459143638611,0.8081449270248413,0.7876,0.1674634002745151,0.9550634622573853,0.112880565226078,0.0454005897045135,0.981871783733368,0.8763333333333333,0.8415
cifar10,0.8,Distill-S,5,7,0.7524,20.1125,0.2131499999999999,0.97685,0.7637,28,0.748,0.7635,0.7858434319496155,0.974707007408142,0.0816943082988262,0.1368112977206707,0.4646004438400268,0.8295613527297974,0.7915,0.1671894457876682,0.9586893320083618,0.1046146377921104,0.021897992119193,0.9914884567260742,0.9269375,0.839
cifar10,1.0,Distill-S,5,6,0.7376,19.085600000000003,0.2221999999999999,0.9984,0.7762,27,0.7303,0.775,0.8267006874084473,1.2966688871383667,0.0839194932729005,0.1645909754663705,0.5146006345748901,0.8141035437583923,0.7878,0.167784396108985,0.9553940296173096,0.1131909638643264,0.000353514245944,0.999961793422699,0.8741,
cifar10,0.0,Baseline-Full,6,6,0.8053,20.53965,0.1713,0.9883,0.817,27,0.8071,0.817,0.6060201525688171,1.1254379749298096,0.0546779023855924,0.1338552705168724,0.3835124373435974,0.8614024519920349,,,,,,,,
cifar10,0.2,Baseline-Full,6,6,0.8053,20.53965,0.1713,0.9883,0.817,27,0.8071,0.817,0.6060201525688171,1.1254379749298096,0.0546779023855924,0.1338552705168724,0.3835124373435974,0.8614024519920349,,,,,,,,
cifar10,0.4,Baseline-Full,6,6,0.8053,20.53965,0.1713,0.9883,0.817,27,0.8071,0.817,0.6060201525688171,1.1254379749298096,0.0546779023855924,0.1338552705168724,0.3835124373435974,0.8614024519920349,,,,,,,,
cifar10,0.6,Baseline-Full,6,6,0.8053,20.53965,0.1713,0.9883,0.817,27,0.8071,0.817,0.6060201525688171,1.1254379749298096,0.0546779023855924,0.1338552705168724,0.3835124373435974,0.8614024519920349,,,,,,,,
cifar10,0.8,Baseline-Full,6,6,0.8053,20.53965,0.1713,0.9883,0.817,27,0.8071,0.817,0.6060201525688171,1.1254379749298096,0.0546779023855924,0.1338552705168724,0.3835124373435974,0.8614024519920349,,,,,,,,
cifar10,1.0,Baseline-Full,6,6,0.8053,20.53965,0.1713,0.9883,0.817,27,0.8071,0.817,0.6060201525688171,1.1254379749298096,0.0546779023855924,0.1338552705168724,0.3835124373435974,0.8614024519920349,,,,,,,,
cifar10,0.0,Baseline-Half,6,7,0.7517,19.930300000000003,0.22215,0.99865,0.7765,28,0.7527,0.7749,0.7826557159423828,1.3462958335876465,0.0772379105985164,0.167014967828989,0.4640115201473236,0.8299379944801331,,,,,,,,
cifar10,0.2,Baseline-Half,6,7,0.7517,19.930300000000003,0.22215,0.99865,0.7765,28,0.7527,0.7749,0.7826557159423828,1.3462958335876465,0.0772379105985164,0.167014967828989,0.4640115201473236,0.8299379944801331,,,,,,,,
cifar10,0.4,Baseline-Half,6,7,0.7517,19.930300000000003,0.22215,0.99865,0.7765,28,0.7527,0.7749,0.7826557159423828,1.3462958335876465,0.0772379105985164,0.167014967828989,0.4640115201473236,0.8299379944801331,,,,,,,,
cifar10,0.6,Baseline-Half,6,7,0.7517,19.930300000000003,0.22215,0.99865,0.7765,28,0.7527,0.7749,0.7826557159423828,1.3462958335876465,0.0772379105985164,0.167014967828989,0.4640115201473236,0.8299379944801331,,,,,,,,
cifar10,0.8,Baseline-Half,6,7,0.7517,19.930300000000003,0.22215,0.99865,0.7765,28,0.7527,0.7749,0.7826557159423828,1.3462958335876465,0.0772379105985164,0.167014967828989,0.4640115201473236,0.8299379944801331,,,,,,,,
cifar10,1.0,Baseline-Half,6,7,0.7517,19.930300000000003,0.22215,0.99865,0.7765,28,0.7527,0.7749,0.7826557159423828,1.3462958335876465,0.0772379105985164,0.167014967828989,0.4640115201473236,0.8299379944801331,,,,,,,,
cifar10,0.0,Baseline-LS,6,13,0.777,24.85905,0.2262999999999999,1.0,0.7737,34,0.7721,0.7745,0.745843231678009,0.7834290266036987,0.0557257082745433,0.0946444812774658,0.9483541250228882,0.7167697548866272,,,,,,,,
cifar10,0.2,Baseline-LS,6,13,0.777,24.85905,0.2262999999999999,1.0,0.7737,34,0.7721,0.7745,0.745843231678009,0.7834290266036987,0.0557257082745433,0.0946444812774658,0.9483541250228882,0.7167697548866272,,,,,,,,
cifar10,0.4,Baseline-LS,6,13,0.777,24.85905,0.2262999999999999,1.0,0.7737,34,0.7721,0.7745,0.745843231678009,0.7834290266036987,0.0557257082745433,0.0946444812774658,0.9483541250228882,0.7167697548866272,,,,,,,,
cifar10,0.6,Baseline-LS,6,13,0.777,24.85905,0.2262999999999999,1.0,0.7737,34,0.7721,0.7745,0.745843231678009,0.7834290266036987,0.0557257082745433,0.0946444812774658,0.9483541250228882,0.7167697548866272,,,,,,,,
cifar10,0.8,Baseline-LS,6,13,0.777,24.85905,0.2262999999999999,1.0,0.7737,34,0.7721,0.7745,0.745843231678009,0.7834290266036987,0.0557257082745433,0.0946444812774658,0.9483541250228882,0.7167697548866272,,,,,,,,
cifar10,1.0,Baseline-LS,6,13,0.777,24.85905,0.2262999999999999,1.0,0.7737,34,0.7721,0.7745,0.745843231678009,0.7834290266036987,0.0557257082745433,0.0946444812774658,0.9483541250228882,0.7167697548866272,,,,,,,,
cifar10,0.0,Distill-S,6,42,0.7974,48.1298,0.11735,0.91215,0.7948,63,0.7946,0.7884,0.6562344431877136,0.692684531211853,0.0684490516006946,0.0756289807140827,0.3743982017040252,0.8630024194717407,0.7925,0.1633557494491339,0.955835461616516,0.1099086925387382,0.1078556030988693,0.9566929936408995,,0.8735
cifar10,0.2,Distill-S,6,34,0.7845,41.4686,0.14185,0.92815,0.7863,55,0.7876,0.7914,0.6774506568908691,0.7076632380485535,0.076472974011302,0.0835113467127084,0.3750306367874145,0.8640730381011963,0.7971,0.1590764604836702,0.9559279084205629,0.1100506335496902,0.0880155116319656,0.9646745920181274,0.9995,0.8803125
cifar10,0.4,Distill-S,6,7,0.7688,20.3925,0.1748499999999999,0.94365,0.7688,28,0.7631,0.7655,0.7373303771018982,0.788833498954773,0.0722240536361932,0.1011768001824617,0.4554231464862823,0.8353240489959717,0.7927,0.1556126751720905,0.9483126997947692,0.1316289603710174,0.0831481665372848,0.9672499299049376,0.9395,0.8601666666666666
cifar10,0.6,Distill-S,6,7,0.7588,20.26825,0.1960999999999999,0.959,0.7629,28,0.767,0.7643,0.7270619869232178,0.8880934715270996,0.0641680386036634,0.1240002116709947,0.4696198105812073,0.8297799825668335,0.7911,0.1643637150555849,0.9551475644111632,0.1112569794058799,0.0451463684439659,0.9818015694618224,0.9393333333333334,0.86775
cifar10,0.8,Distill-S,6,7,0.7456,20.08665,0.1998999999999999,0.9759,0.776,28,0.7499,0.7784,0.7957943677902222,0.9302563667297364,0.0789154146850109,0.1297086907684803,0.4679140746593475,0.8288154006004333,0.7942,0.154288071668148,0.9484667181968688,0.1298730373382568,0.0270527377724647,0.989729106426239,0.9115625,0.8485
cifar10,1.0,Distill-S,6,4,0.7315,17.548099999999998,0.22775,0.99385,0.7661,25,0.744,0.7674,0.7699832320213318,1.3154293298721311,0.0368236044988036,0.1675867215663194,0.6236152052879333,0.7808236479759216,0.792,0.1629834723174572,0.9549039006233216,0.1123281717300415,0.0002138872659998,0.9999797940254213,0.8304,
cifar10,0.0,Baseline-Full,7,5,0.791,19.65645,0.1784,0.9827,0.8043,26,0.7928,0.8021,0.633583664894104,1.144892334938049,0.0504735210955142,0.1433606122076511,0.4424368739128113,0.8418984413146973,,,,,,,,
cifar10,0.2,Baseline-Full,7,5,0.791,19.65645,0.1784,0.9827,0.8043,26,0.7928,0.8021,0.633583664894104,1.144892334938049,0.0504735210955142,0.1433606122076511,0.4424368739128113,0.8418984413146973,,,,,,,,
cifar10,0.4,Baseline-Full,7,5,0.791,19.65645,0.1784,0.9827,0.8043,26,0.7928,0.8021,0.633583664894104,1.144892334938049,0.0504735210955142,0.1433606122076511,0.4424368739128113,0.8418984413146973,,,,,,,,
cifar10,0.6,Baseline-Full,7,5,0.791,19.65645,0.1784,0.9827,0.8043,26,0.7928,0.8021,0.633583664894104,1.144892334938049,0.0504735210955142,0.1433606122076511,0.4424368739128113,0.8418984413146973,,,,,,,,
cifar10,0.8,Baseline-Full,7,5,0.791,19.65645,0.1784,0.9827,0.8043,26,0.7928,0.8021,0.633583664894104,1.144892334938049,0.0504735210955142,0.1433606122076511,0.4424368739128113,0.8418984413146973,,,,,,,,
cifar10,1.0,Baseline-Full,7,5,0.791,19.65645,0.1784,0.9827,0.8043,26,0.7928,0.8021,0.633583664894104,1.144892334938049,0.0504735210955142,0.1433606122076511,0.4424368739128113,0.8418984413146973,,,,,,,,
cifar10,0.0,Baseline-Half,7,6,0.755,19.09045,0.22995,0.98315,0.7532,27,0.7536,0.7477,0.7437953948974609,1.454710602760315,0.0698002622365951,0.1839147714376449,0.4859704971313476,0.8234003186225891,,,,,,,,
cifar10,0.2,Baseline-Half,7,6,0.755,19.09045,0.22995,0.98315,0.7532,27,0.7536,0.7477,0.7437953948974609,1.454710602760315,0.0698002622365951,0.1839147714376449,0.4859704971313476,0.8234003186225891,,,,,,,,
cifar10,0.4,Baseline-Half,7,6,0.755,19.09045,0.22995,0.98315,0.7532,27,0.7536,0.7477,0.7437953948974609,1.454710602760315,0.0698002622365951,0.1839147714376449,0.4859704971313476,0.8234003186225891,,,,,,,,
cifar10,0.6,Baseline-Half,7,6,0.755,19.09045,0.22995,0.98315,0.7532,27,0.7536,0.7477,0.7437953948974609,1.454710602760315,0.0698002622365951,0.1839147714376449,0.4859704971313476,0.8234003186225891,,,,,,,,
cifar10,0.8,Baseline-Half,7,6,0.755,19.09045,0.22995,0.98315,0.7532,27,0.7536,0.7477,0.7437953948974609,1.454710602760315,0.0698002622365951,0.1839147714376449,0.4859704971313476,0.8234003186225891,,,,,,,,
cifar10,1.0,Baseline-Half,7,6,0.755,19.09045,0.22995,0.98315,0.7532,27,0.7536,0.7477,0.7437953948974609,1.454710602760315,0.0698002622365951,0.1839147714376449,0.4859704971313476,0.8234003186225891,,,,,,,,
cifar10,0.0,Baseline-LS,7,11,0.7804,23.244950000000003,0.2331999999999999,1.0,0.7668,32,0.7763,0.7647,0.7163517475128174,0.7871224880218506,0.0425508896172046,0.0694938622534275,0.882180392742157,0.7337490916252136,,,,,,,,
cifar10,0.2,Baseline-LS,7,11,0.7804,23.244950000000003,0.2331999999999999,1.0,0.7668,32,0.7763,0.7647,0.7163517475128174,0.7871224880218506,0.0425508896172046,0.0694938622534275,0.882180392742157,0.7337490916252136,,,,,,,,
cifar10,0.4,Baseline-LS,7,11,0.7804,23.244950000000003,0.2331999999999999,1.0,0.7668,32,0.7763,0.7647,0.7163517475128174,0.7871224880218506,0.0425508896172046,0.0694938622534275,0.882180392742157,0.7337490916252136,,,,,,,,
cifar10,0.6,Baseline-LS,7,11,0.7804,23.244950000000003,0.2331999999999999,1.0,0.7668,32,0.7763,0.7647,0.7163517475128174,0.7871224880218506,0.0425508896172046,0.0694938622534275,0.882180392742157,0.7337490916252136,,,,,,,,
cifar10,0.8,Baseline-LS,7,11,0.7804,23.244950000000003,0.2331999999999999,1.0,0.7668,32,0.7763,0.7647,0.7163517475128174,0.7871224880218506,0.0425508896172046,0.0694938622534275,0.882180392742157,0.7337490916252136,,,,,,,,
cifar10,1.0,Baseline-LS,7,11,0.7804,23.244950000000003,0.2331999999999999,1.0,0.7668,32,0.7763,0.7647,0.7163517475128174,0.7871224880218506,0.0425508896172046,0.0694938622534275,0.882180392742157,0.7337490916252136,,,,,,,,
cifar10,0.0,Distill-S,7,18,0.7855,28.815849999999998,0.13215,0.90185,0.7697,39,0.7775,0.7709,0.7034634947776794,0.7624830007553101,0.0772555772483348,0.0874363861382007,0.4011732339859009,0.8546930551528931,0.7539,0.1957849184334277,0.9496595859527588,0.126255378127098,0.1286577135324478,0.9487401247024536,,0.8571
cifar10,0.2,Distill-S,7,42,0.7903,47.96275000000001,0.1437,0.9354,0.7917,63,0.7894,0.793,0.6766555309295654,0.673346996307373,0.0734678099811077,0.075306002447009,0.3748694956302643,0.8628677725791931,0.7927,0.1568005637913942,0.949500560760498,0.1270738840103149,0.101533219218254,0.9600675702095032,1.0,0.876625
cifar10,0.4,Distill-S,7,4,0.7552,17.97675,0.1537999999999999,0.9308,0.777,25,0.7528,0.7744,0.7271658778190613,0.7455487847328186,0.0357967638671398,0.0882731333464384,0.60556960105896,0.7882736921310425,0.751,0.1894054162591696,0.940405249595642,0.1501879096031189,0.1079717427492141,0.9577884674072266,0.87075,0.8201666666666667
cifar10,0.6,Distill-S,7,6,0.7622,19.3213,0.1748999999999999,0.9597,0.7848,27,0.7613,0.7785,0.7245520949363708,0.7911255359649658,0.0626976075485348,0.1090578563779592,0.4904086887836456,0.8236509561538696,0.7877,0.1557818975299597,0.9434818625450134,0.1438244730234146,0.0612142868340015,0.976485550403595,0.9089166666666668,0.858375
cifar10,0.8,Distill-S,7,6,0.7527,19.2052,0.2012499999999999,0.97205,0.7708,27,0.7514,0.7745,0.7561416029930115,0.8736527562141418,0.0680743409126997,0.1175486880511045,0.4966951608657837,0.8194743394851685,0.76,0.1863299402177333,0.9461625218391418,0.1376624703407287,0.0503823012113571,0.981076180934906,0.878125,0.80825
cifar10,1.0,Distill-S,7,6,0.7513,19.2314,0.2251499999999999,0.98885,0.7637,27,0.7492,0.7607,0.7594454288482666,1.417384147644043,0.0672551115512848,0.1752867621213197,0.5041947364807129,0.816351056098938,0.7903,0.1660021347522736,0.9563022255897522,0.1093707010149955,0.0001461040228605,0.9999865293502808,0.8779,
cifar10,0.0,Baseline-Full,8,7,0.8032,21.35735,0.164325,0.980225,0.8159,28,0.7984,0.8084,0.6370974183082581,1.097171425819397,0.0599334187999367,0.1392855249434709,0.3884220719337463,0.85833340883255,,,,,,,,
cifar10,0.2,Baseline-Full,8,7,0.8032,21.35735,0.164325,0.980225,0.8159,28,0.7984,0.8084,0.6370974183082581,1.097171425819397,0.0599334187999367,0.1392855249434709,0.3884220719337463,0.85833340883255,,,,,,,,
cifar10,0.4,Baseline-Full,8,7,0.8032,21.35735,0.164325,0.980225,0.8159,28,0.7984,0.8084,0.6370974183082581,1.097171425819397,0.0599334187999367,0.1392855249434709,0.3884220719337463,0.85833340883255,,,,,,,,
cifar10,0.6,Baseline-Full,8,7,0.8032,21.35735,0.164325,0.980225,0.8159,28,0.7984,0.8084,0.6370974183082581,1.097171425819397,0.0599334187999367,0.1392855249434709,0.3884220719337463,0.85833340883255,,,,,,,,
cifar10,0.8,Baseline-Full,8,7,0.8032,21.35735,0.164325,0.980225,0.8159,28,0.7984,0.8084,0.6370974183082581,1.097171425819397,0.0599334187999367,0.1392855249434709,0.3884220719337463,0.85833340883255,,,,,,,,
cifar10,1.0,Baseline-Full,8,7,0.8032,21.35735,0.164325,0.980225,0.8159,28,0.7984,0.8084,0.6370974183082581,1.097171425819397,0.0599334187999367,0.1392855249434709,0.3884220719337463,0.85833340883255,,,,,,,,
cifar10,0.0,Baseline-Half,8,4,0.7401,17.86795,0.2079999999999999,1.0,0.792,25,0.7303,0.7851,0.7793310880661011,1.2039644718170166,0.0373300456091761,0.1548199968338013,0.6633026003837585,0.7640751004219055,,,,,,,,
cifar10,0.2,Baseline-Half,8,4,0.7401,17.86795,0.2079999999999999,1.0,0.792,25,0.7303,0.7851,0.7793310880661011,1.2039644718170166,0.0373300456091761,0.1548199968338013,0.6633026003837585,0.7640751004219055,,,,,,,,
cifar10,0.4,Baseline-Half,8,4,0.7401,17.86795,0.2079999999999999,1.0,0.792,25,0.7303,0.7851,0.7793310880661011,1.2039644718170166,0.0373300456091761,0.1548199968338013,0.6633026003837585,0.7640751004219055,,,,,,,,
cifar10,0.6,Baseline-Half,8,4,0.7401,17.86795,0.2079999999999999,1.0,0.792,25,0.7303,0.7851,0.7793310880661011,1.2039644718170166,0.0373300456091761,0.1548199968338013,0.6633026003837585,0.7640751004219055,,,,,,,,
cifar10,0.8,Baseline-Half,8,4,0.7401,17.86795,0.2079999999999999,1.0,0.792,25,0.7303,0.7851,0.7793310880661011,1.2039644718170166,0.0373300456091761,0.1548199968338013,0.6633026003837585,0.7640751004219055,,,,,,,,
cifar10,1.0,Baseline-Half,8,4,0.7401,17.86795,0.2079999999999999,1.0,0.792,25,0.7303,0.7851,0.7793310880661011,1.2039644718170166,0.0373300456091761,0.1548199968338013,0.6633026003837585,0.7640751004219055,,,,,,,,
cifar10,0.0,Baseline-LS,8,7,0.7684,20.0591,0.26875,0.99375,0.725,28,0.7567,0.7209,0.7514142394065857,0.9057629704475404,0.0294038559913635,0.02322845762223,0.8784812688827515,0.7272961139678955,,,,,,,,
cifar10,0.2,Baseline-LS,8,7,0.7684,20.0591,0.26875,0.99375,0.725,28,0.7567,0.7209,0.7514142394065857,0.9057629704475404,0.0294038559913635,0.02322845762223,0.8784812688827515,0.7272961139678955,,,,,,,,
cifar10,0.4,Baseline-LS,8,7,0.7684,20.0591,0.26875,0.99375,0.725,28,0.7567,0.7209,0.7514142394065857,0.9057629704475404,0.0294038559913635,0.02322845762223,0.8784812688827515,0.7272961139678955,,,,,,,,
cifar10,0.6,Baseline-LS,8,7,0.7684,20.0591,0.26875,0.99375,0.725,28,0.7567,0.7209,0.7514142394065857,0.9057629704475404,0.0294038559913635,0.02322845762223,0.8784812688827515,0.7272961139678955,,,,,,,,
cifar10,0.8,Baseline-LS,8,7,0.7684,20.0591,0.26875,0.99375,0.725,28,0.7567,0.7209,0.7514142394065857,0.9057629704475404,0.0294038559913635,0.02322845762223,0.8784812688827515,0.7272961139678955,,,,,,,,
cifar10,1.0,Baseline-LS,8,7,0.7684,20.0591,0.26875,0.99375,0.725,28,0.7567,0.7209,0.7514142394065857,0.9057629704475404,0.0294038559913635,0.02322845762223,0.8784812688827515,0.7272961139678955,,,,,,,,
cifar10,0.0,Distill-S,8,40,0.7963,46.60565,0.11825,0.91205,0.7938,61,0.7907,0.7911,0.665812075138092,0.6776897311210632,0.0702427657365798,0.0787263936460018,0.3837926685810089,0.8602320551872253,0.7885,0.1683764425396919,0.9568763375282288,0.1084352806210517,0.109937697649002,0.9559098482131958,,0.8777
cifar10,0.2,Distill-S,8,51,0.8023,55.52625000000001,0.1375499999999999,0.93265,0.7951,72,0.7905,0.7812,0.6592610478401184,0.694385826587677,0.0701168898716568,0.0787045166760683,0.3776757717132568,0.86061692237854,0.7863,0.1542294633507728,0.9405294060707092,0.1516047418117523,0.1229565665125846,0.9520153999328612,1.0,0.8671875
cifar10,0.4,Distill-S,8,7,0.7703,20.30355,0.16095,0.94065,0.7797,28,0.7609,0.7709,0.7342866659164429,0.7923742532730103,0.0705406877249479,0.1076685482829809,0.4683051407337188,0.8314407467842102,0.7871,0.1659645633876323,0.9528710842132568,0.1188030242919921,0.071099005639553,0.971521496772766,0.9355,0.8563333333333333
cifar10,0.6,Distill-S,8,6,0.7544,19.4102,0.17845,0.95865,0.7802,27,0.7556,0.7749,0.745036244392395,0.8299349546432495,0.062951925510168,0.1144508863657712,0.501761794090271,0.8185518383979797,0.7837,0.1693105726033449,0.9529377222061156,0.1171325892210006,0.0464051254093647,0.9816446304321288,0.9023333333333332,0.847375
cifar10,0.8,Distill-S,8,9,0.758,21.70225,0.19845,0.97205,0.7736,30,0.7529,0.7597,0.8088163137435913,0.903622269630432,0.0873525406688452,0.1282666460514068,0.4422736465930938,0.8402525186538696,0.7622,0.1734127590835095,0.9354593753814696,0.1631039828062057,0.0585459358990192,0.978413462638855,0.9463125,0.827
cifar10,1.0,Distill-S,8,6,0.7542,19.0082,0.2230999999999999,0.9872,0.7641,27,0.7519,0.7565,0.7520180940628052,1.3277541399002075,0.0702235736086964,0.1710365997940302,0.4917616248130798,0.822123646736145,0.7835,0.1705819700539111,0.9540820121765136,0.1149225607514381,0.0002540981804486,0.99997478723526,0.8797,
cifar10,0.0,Baseline-Full,9,6,0.8041,20.27345,0.185075,0.983575,0.7985,27,0.7989,0.7916,0.6214737296104431,1.185335636138916,0.0554314984470605,0.1531642190784216,0.4066683948040008,0.8538857698440552,,,,,,,,
cifar10,0.2,Baseline-Full,9,6,0.8041,20.27345,0.185075,0.983575,0.7985,27,0.7989,0.7916,0.6214737296104431,1.185335636138916,0.0554314984470605,0.1531642190784216,0.4066683948040008,0.8538857698440552,,,,,,,,
cifar10,0.4,Baseline-Full,9,6,0.8041,20.27345,0.185075,0.983575,0.7985,27,0.7989,0.7916,0.6214737296104431,1.185335636138916,0.0554314984470605,0.1531642190784216,0.4066683948040008,0.8538857698440552,,,,,,,,
cifar10,0.6,Baseline-Full,9,6,0.8041,20.27345,0.185075,0.983575,0.7985,27,0.7989,0.7916,0.6214737296104431,1.185335636138916,0.0554314984470605,0.1531642190784216,0.4066683948040008,0.8538857698440552,,,,,,,,
cifar10,0.8,Baseline-Full,9,6,0.8041,20.27345,0.185075,0.983575,0.7985,27,0.7989,0.7916,0.6214737296104431,1.185335636138916,0.0554314984470605,0.1531642190784216,0.4066683948040008,0.8538857698440552,,,,,,,,
cifar10,1.0,Baseline-Full,9,6,0.8041,20.27345,0.185075,0.983575,0.7985,27,0.7989,0.7916,0.6214737296104431,1.185335636138916,0.0554314984470605,0.1531642190784216,0.4066683948040008,0.8538857698440552,,,,,,,,
cifar10,0.0,Baseline-Half,9,7,0.7413,20.01315,0.2109999999999999,1.0,0.789,28,0.7447,0.7848,0.8113982677459717,1.256608009338379,0.0756220655947923,0.1564807871043682,0.5028762221336365,0.8203220963478088,,,,,,,,
cifar10,0.2,Baseline-Half,9,7,0.7413,20.01315,0.2109999999999999,1.0,0.789,28,0.7447,0.7848,0.8113982677459717,1.256608009338379,0.0756220655947923,0.1564807871043682,0.5028762221336365,0.8203220963478088,,,,,,,,
cifar10,0.4,Baseline-Half,9,7,0.7413,20.01315,0.2109999999999999,1.0,0.789,28,0.7447,0.7848,0.8113982677459717,1.256608009338379,0.0756220655947923,0.1564807871043682,0.5028762221336365,0.8203220963478088,,,,,,,,
cifar10,0.6,Baseline-Half,9,7,0.7413,20.01315,0.2109999999999999,1.0,0.789,28,0.7447,0.7848,0.8113982677459717,1.256608009338379,0.0756220655947923,0.1564807871043682,0.5028762221336365,0.8203220963478088,,,,,,,,
cifar10,0.8,Baseline-Half,9,7,0.7413,20.01315,0.2109999999999999,1.0,0.789,28,0.7447,0.7848,0.8113982677459717,1.256608009338379,0.0756220655947923,0.1564807871043682,0.5028762221336365,0.8203220963478088,,,,,,,,
cifar10,1.0,Baseline-Half,9,7,0.7413,20.01315,0.2109999999999999,1.0,0.789,28,0.7447,0.7848,0.8113982677459717,1.256608009338379,0.0756220655947923,0.1564807871043682,0.5028762221336365,0.8203220963478088,,,,,,,,
cifar10,0.0,Baseline-LS,9,15,0.7767,26.1203,0.2319,1.0,0.7681,36,0.7717,0.7607,0.7706321477890015,0.8093258142471313,0.0657676619783043,0.0737506200969219,0.9882141351699828,0.7065485119819641,,,,,,,,
cifar10,0.2,Baseline-LS,9,15,0.7767,26.1203,0.2319,1.0,0.7681,36,0.7717,0.7607,0.7706321477890015,0.8093258142471313,0.0657676619783043,0.0737506200969219,0.9882141351699828,0.7065485119819641,,,,,,,,
cifar10,0.4,Baseline-LS,9,15,0.7767,26.1203,0.2319,1.0,0.7681,36,0.7717,0.7607,0.7706321477890015,0.8093258142471313,0.0657676619783043,0.0737506200969219,0.9882141351699828,0.7065485119819641,,,,,,,,
cifar10,0.6,Baseline-LS,9,15,0.7767,26.1203,0.2319,1.0,0.7681,36,0.7717,0.7607,0.7706321477890015,0.8093258142471313,0.0657676619783043,0.0737506200969219,0.9882141351699828,0.7065485119819641,,,,,,,,
cifar10,0.8,Baseline-LS,9,15,0.7767,26.1203,0.2319,1.0,0.7681,36,0.7717,0.7607,0.7706321477890015,0.8093258142471313,0.0657676619783043,0.0737506200969219,0.9882141351699828,0.7065485119819641,,,,,,,,
cifar10,1.0,Baseline-LS,9,15,0.7767,26.1203,0.2319,1.0,0.7681,36,0.7717,0.7607,0.7706321477890015,0.8093258142471313,0.0657676619783043,0.0737506200969219,0.9882141351699828,0.7065485119819641,,,,,,,,
cifar10,0.0,Distill-S,9,57,0.7953,59.816150000000015,0.12275,0.91755,0.7948,78,0.7927,0.7968,0.653786301612854,0.6762518286705017,0.0663075029835104,0.0678757750928402,0.3874841630458832,0.8590074181556702,0.7851,0.1631706015408039,0.9481842517852784,0.1290754675865173,0.1258991956710815,0.95001882314682,,0.87635
cifar10,0.2,Distill-S,9,56,0.7871,58.479400000000005,0.1452999999999999,0.9272,0.7819,77,0.7832,0.7842,0.6984336376190186,0.747379720211029,0.0848090417847037,0.0869921442002058,0.3632283806800842,0.8680089712142944,0.784,0.1713820059269667,0.9553820490837096,0.1129887178540229,0.0924787819385528,0.9630674123764038,1.0,0.8735
cifar10,0.4,Distill-S,9,9,0.7641,21.52715,0.1710499999999999,0.93165,0.7606,30,0.7644,0.7579,0.7344580888748169,0.8259212970733643,0.0710926962435245,0.1025820770099759,0.4564990103244781,0.8345930576324463,0.7522,0.1952265551924705,0.9474265575408936,0.1320594549179077,0.0908785685896873,0.9643234610557556,0.968125,0.8368333333333333
cifar10,0.6,Distill-S,9,9,0.7641,21.5374,0.1773,0.958,0.7807,30,0.7551,0.7731,0.7967242002487183,0.8222984671592712,0.09625635381639,0.1123440992057323,0.4062742292881012,0.8510607481002808,0.7885,0.166592030775547,0.9550920724868774,0.1124497950077056,0.0449450425803661,0.9821537137031556,0.9660833333333332,0.87025
cifar10,0.8,Distill-S,9,7,0.7544,19.929550000000003,0.1959999999999999,0.9798,0.7838,28,0.7512,0.7745,0.7713342308998108,0.8828094601631165,0.0740668185874819,0.1240461708575487,0.4860760867595672,0.8249738216400146,0.7902,0.1511013535022736,0.9413014650344848,0.1489707082509994,0.0318513885140419,0.9879359602928162,0.92375,0.8505
cifar10,1.0,Distill-S,9,5,0.7367,18.21835,0.2425999999999999,0.9913,0.7487,26,0.7412,0.7434,0.7745549082756042,1.4964622259140017,0.0532568849980831,0.1890061930477619,0.5772657990455627,0.7944568991661072,0.789,0.1597362087994814,0.9487361311912536,0.1293716132640838,0.0006929336814209,0.9999265670776368,0.8517,
cifar10,0.0,Baseline-Full,10,4,0.7903,18.8067,0.1857499999999999,0.99505,0.8093,25,0.7919,0.7967,0.6123490929603577,1.1898603439331057,0.0318375813663005,0.1493493406951427,0.4946564435958862,0.8236725330352783,,,,,,,,
cifar10,0.2,Baseline-Full,10,4,0.7903,18.8067,0.1857499999999999,0.99505,0.8093,25,0.7919,0.7967,0.6123490929603577,1.1898603439331057,0.0318375813663005,0.1493493406951427,0.4946564435958862,0.8236725330352783,,,,,,,,
cifar10,0.4,Baseline-Full,10,4,0.7903,18.8067,0.1857499999999999,0.99505,0.8093,25,0.7919,0.7967,0.6123490929603577,1.1898603439331057,0.0318375813663005,0.1493493406951427,0.4946564435958862,0.8236725330352783,,,,,,,,
cifar10,0.6,Baseline-Full,10,4,0.7903,18.8067,0.1857499999999999,0.99505,0.8093,25,0.7919,0.7967,0.6123490929603577,1.1898603439331057,0.0318375813663005,0.1493493406951427,0.4946564435958862,0.8236725330352783,,,,,,,,
cifar10,0.8,Baseline-Full,10,4,0.7903,18.8067,0.1857499999999999,0.99505,0.8093,25,0.7919,0.7967,0.6123490929603577,1.1898603439331057,0.0318375813663005,0.1493493406951427,0.4946564435958862,0.8236725330352783,,,,,,,,
cifar10,1.0,Baseline-Full,10,4,0.7903,18.8067,0.1857499999999999,0.99505,0.8093,25,0.7919,0.7967,0.6123490929603577,1.1898603439331057,0.0318375813663005,0.1493493406951427,0.4946564435958862,0.8236725330352783,,,,,,,,
cifar10,0.0,Baseline-Half,10,6,0.751,19.0868,0.2221499999999999,0.99495,0.7728,27,0.7519,0.7671,0.7511025071144104,1.32142436504364,0.0641572610616684,0.1672997510671615,0.5136688351631165,0.8160572648048401,,,,,,,,
cifar10,0.2,Baseline-Half,10,6,0.751,19.0868,0.2221499999999999,0.99495,0.7728,27,0.7519,0.7671,0.7511025071144104,1.32142436504364,0.0641572610616684,0.1672997510671615,0.5136688351631165,0.8160572648048401,,,,,,,,
cifar10,0.4,Baseline-Half,10,6,0.751,19.0868,0.2221499999999999,0.99495,0.7728,27,0.7519,0.7671,0.7511025071144104,1.32142436504364,0.0641572610616684,0.1672997510671615,0.5136688351631165,0.8160572648048401,,,,,,,,
cifar10,0.6,Baseline-Half,10,6,0.751,19.0868,0.2221499999999999,0.99495,0.7728,27,0.7519,0.7671,0.7511025071144104,1.32142436504364,0.0641572610616684,0.1672997510671615,0.5136688351631165,0.8160572648048401,,,,,,,,
cifar10,0.8,Baseline-Half,10,6,0.751,19.0868,0.2221499999999999,0.99495,0.7728,27,0.7519,0.7671,0.7511025071144104,1.32142436504364,0.0641572610616684,0.1672997510671615,0.5136688351631165,0.8160572648048401,,,,,,,,
cifar10,1.0,Baseline-Half,10,6,0.751,19.0868,0.2221499999999999,0.99495,0.7728,27,0.7519,0.7671,0.7511025071144104,1.32142436504364,0.0641572610616684,0.1672997510671615,0.5136688351631165,0.8160572648048401,,,,,,,,
cifar10,0.0,Baseline-LS,10,10,0.7665,22.3152,0.238,0.9999,0.7619,31,0.7603,0.7565,0.746487557888031,0.8109599351882935,0.0252005567967891,0.0591220765203237,0.8639960885047913,0.7351248860359192,,,,,,,,
cifar10,0.2,Baseline-LS,10,10,0.7665,22.3152,0.238,0.9999,0.7619,31,0.7603,0.7565,0.746487557888031,0.8109599351882935,0.0252005567967891,0.0591220765203237,0.8639960885047913,0.7351248860359192,,,,,,,,
cifar10,0.4,Baseline-LS,10,10,0.7665,22.3152,0.238,0.9999,0.7619,31,0.7603,0.7565,0.746487557888031,0.8109599351882935,0.0252005567967891,0.0591220765203237,0.8639960885047913,0.7351248860359192,,,,,,,,
cifar10,0.6,Baseline-LS,10,10,0.7665,22.3152,0.238,0.9999,0.7619,31,0.7603,0.7565,0.746487557888031,0.8109599351882935,0.0252005567967891,0.0591220765203237,0.8639960885047913,0.7351248860359192,,,,,,,,
cifar10,0.8,Baseline-LS,10,10,0.7665,22.3152,0.238,0.9999,0.7619,31,0.7603,0.7565,0.746487557888031,0.8109599351882935,0.0252005567967891,0.0591220765203237,0.8639960885047913,0.7351248860359192,,,,,,,,
cifar10,1.0,Baseline-LS,10,10,0.7665,22.3152,0.238,0.9999,0.7619,31,0.7603,0.7565,0.746487557888031,0.8109599351882935,0.0252005567967891,0.0591220765203237,0.8639960885047913,0.7351248860359192,,,,,,,,
cifar10,0.0,Distill-S,10,55,0.8022,58.562900000000006,0.1127,0.914,0.8013,76,0.7989,0.7984,0.6428428292274475,0.6633637547492981,0.0682273777335882,0.0688118888735771,0.3645476102828979,0.8671274185180664,0.7931,0.1641060629248619,0.957186996936798,0.1073169410228729,0.1087174192070961,0.9564515352249146,,0.8767
cifar10,0.2,Distill-S,10,6,0.7634,19.4786,0.142,0.9185,0.7765,27,0.7605,0.7776,0.706697404384613,0.7364640831947327,0.0445094913601875,0.0846791163295507,0.5437788963317871,0.8046849966049194,0.7768,0.1679081627041102,0.9447082281112672,0.1403742432594299,0.1180560812354087,0.9538150429725648,0.92125,0.8345625
cifar10,0.4,Distill-S,10,6,0.7565,19.59095,0.17225,0.94335,0.7711,27,0.7516,0.7644,0.7323794960975647,0.8339380025863647,0.0569822678565978,0.1143977683991193,0.5358845591545105,0.8065560460090637,0.7944,0.1628743126690388,0.9572744369506836,0.1079751327633857,0.0675022155046463,0.972899615764618,0.90375,0.85275
cifar10,0.6,Distill-S,10,10,0.7731,22.4176,0.19195,0.96035,0.7684,31,0.7712,0.7651,0.7692240476608276,0.870521605014801,0.0942136359944939,0.1208929877698421,0.3667139112949371,0.8654136657714844,0.7876,0.1673454142570495,0.9548700451850892,0.1130411773920059,0.04598094150424,0.9817470908164978,0.9765,0.87375
cifar10,0.8,Distill-S,10,8,0.7707,20.8873,0.2080999999999999,0.9763,0.7682,29,0.7695,0.7619,0.7231903076171875,0.974676549434662,0.0752974097147584,0.1365925909608602,0.4322375059127807,0.8445550799369812,0.7883,0.1562852925747633,0.9445853233337402,0.137792631983757,0.0287028197199106,0.9887858629226683,0.9501875,0.863
cifar10,1.0,Distill-S,10,6,0.7536,19.18765,0.2167,0.9999,0.7832,27,0.7509,0.7815,0.7459148168563843,1.2437951564788818,0.0582851608514785,0.1582427440941333,0.5280593633651733,0.8091418743133545,0.7907,0.1648516787096857,0.9555517435073853,0.1130905747413635,0.0003213190648239,0.9999662041664124,0.89445,
cifar10,0.0,Baseline-Full,11,6,0.79,20.251,0.174775,0.983875,0.8091,27,0.7887,0.8041,0.6426993012428284,1.1346635818481443,0.0631754220068454,0.1421962830603123,0.410235732793808,0.851875364780426,,,,,,,,
cifar10,0.2,Baseline-Full,11,6,0.79,20.251,0.174775,0.983875,0.8091,27,0.7887,0.8041,0.6426993012428284,1.1346635818481443,0.0631754220068454,0.1421962830603123,0.410235732793808,0.851875364780426,,,,,,,,
cifar10,0.4,Baseline-Full,11,6,0.79,20.251,0.174775,0.983875,0.8091,27,0.7887,0.8041,0.6426993012428284,1.1346635818481443,0.0631754220068454,0.1421962830603123,0.410235732793808,0.851875364780426,,,,,,,,
cifar10,0.6,Baseline-Full,11,6,0.79,20.251,0.174775,0.983875,0.8091,27,0.7887,0.8041,0.6426993012428284,1.1346635818481443,0.0631754220068454,0.1421962830603123,0.410235732793808,0.851875364780426,,,,,,,,
cifar10,0.8,Baseline-Full,11,6,0.79,20.251,0.174775,0.983875,0.8091,27,0.7887,0.8041,0.6426993012428284,1.1346635818481443,0.0631754220068454,0.1421962830603123,0.410235732793808,0.851875364780426,,,,,,,,
cifar10,1.0,Baseline-Full,11,6,0.79,20.251,0.174775,0.983875,0.8091,27,0.7887,0.8041,0.6426993012428284,1.1346635818481443,0.0631754220068454,0.1421962830603123,0.410235732793808,0.851875364780426,,,,,,,,
cifar10,0.0,Baseline-Half,11,7,0.7535,19.7964,0.2162999999999999,0.9984,0.7821,28,0.7428,0.7763,0.7787925004959106,1.2611660957336426,0.0783568002104758,0.1604358400225639,0.4902528822422027,0.8211567401885986,,,,,,,,
cifar10,0.2,Baseline-Half,11,7,0.7535,19.7964,0.2162999999999999,0.9984,0.7821,28,0.7428,0.7763,0.7787925004959106,1.2611660957336426,0.0783568002104758,0.1604358400225639,0.4902528822422027,0.8211567401885986,,,,,,,,
cifar10,0.4,Baseline-Half,11,7,0.7535,19.7964,0.2162999999999999,0.9984,0.7821,28,0.7428,0.7763,0.7787925004959106,1.2611660957336426,0.0783568002104758,0.1604358400225639,0.4902528822422027,0.8211567401885986,,,,,,,,
cifar10,0.6,Baseline-Half,11,7,0.7535,19.7964,0.2162999999999999,0.9984,0.7821,28,0.7428,0.7763,0.7787925004959106,1.2611660957336426,0.0783568002104758,0.1604358400225639,0.4902528822422027,0.8211567401885986,,,,,,,,
cifar10,0.8,Baseline-Half,11,7,0.7535,19.7964,0.2162999999999999,0.9984,0.7821,28,0.7428,0.7763,0.7787925004959106,1.2611660957336426,0.0783568002104758,0.1604358400225639,0.4902528822422027,0.8211567401885986,,,,,,,,
cifar10,1.0,Baseline-Half,11,7,0.7535,19.7964,0.2162999999999999,0.9984,0.7821,28,0.7428,0.7763,0.7787925004959106,1.2611660957336426,0.0783568002104758,0.1604358400225639,0.4902528822422027,0.8211567401885986,,,,,,,,
cifar10,0.0,Baseline-LS,11,11,0.7782,23.1867,0.2295,1.0,0.7705,32,0.7766,0.768,0.7279713153839111,0.8060376048088074,0.0504383915737271,0.0788452561259269,0.904788374900818,0.7261615991592407,,,,,,,,
cifar10,0.2,Baseline-LS,11,11,0.7782,23.1867,0.2295,1.0,0.7705,32,0.7766,0.768,0.7279713153839111,0.8060376048088074,0.0504383915737271,0.0788452561259269,0.904788374900818,0.7261615991592407,,,,,,,,
cifar10,0.4,Baseline-LS,11,11,0.7782,23.1867,0.2295,1.0,0.7705,32,0.7766,0.768,0.7279713153839111,0.8060376048088074,0.0504383915737271,0.0788452561259269,0.904788374900818,0.7261615991592407,,,,,,,,
cifar10,0.6,Baseline-LS,11,11,0.7782,23.1867,0.2295,1.0,0.7705,32,0.7766,0.768,0.7279713153839111,0.8060376048088074,0.0504383915737271,0.0788452561259269,0.904788374900818,0.7261615991592407,,,,,,,,
cifar10,0.8,Baseline-LS,11,11,0.7782,23.1867,0.2295,1.0,0.7705,32,0.7766,0.768,0.7279713153839111,0.8060376048088074,0.0504383915737271,0.0788452561259269,0.904788374900818,0.7261615991592407,,,,,,,,
cifar10,1.0,Baseline-LS,11,11,0.7782,23.1867,0.2295,1.0,0.7705,32,0.7766,0.768,0.7279713153839111,0.8060376048088074,0.0504383915737271,0.0788452561259269,0.904788374900818,0.7261615991592407,,,,,,,,
cifar10,0.0,Distill-S,11,14,0.7837,25.48015,0.1143,0.8918,0.7775,35,0.7712,0.7702,0.6905080676078796,0.7190983891487122,0.0655086433857679,0.0831631561756134,0.4571662247180938,0.8365482687950134,0.75,0.1958683088243007,0.9457888603210448,0.1378689855337143,0.1406176090240478,0.943959891796112,,0.82685
cifar10,0.2,Distill-S,11,5,0.7569,18.50125,0.13715,0.91075,0.7736,26,0.7512,0.7666,0.7128102779388428,0.7444232702255249,0.0354111014664173,0.0898401106327772,0.6025921702384949,0.7856729626655579,0.7564,0.1891039084434508,0.9455038905143738,0.1375265121459961,0.1189507693052291,0.9531263709068298,0.8865,0.8163125
cifar10,0.4,Distill-S,11,16,0.7864,27.35535,0.1553,0.9445,0.7892,37,0.7812,0.7892,0.7316269278526306,0.7230146527290344,0.0909711627990007,0.0866694140315055,0.349690705537796,0.871921956539154,0.789,0.1585053300112485,0.9475053548812866,0.1333755254745483,0.080923743546009,0.9684625267982484,0.998375,0.8768333333333334
cifar10,0.6,Distill-S,11,5,0.7566,18.62255,0.1801,0.9575,0.7774,26,0.7498,0.7739,0.7252364158630371,0.8214846849441528,0.0514670697033405,0.1126760947376489,0.5574836730957031,0.8008795380592346,0.7875,0.1691055245012044,0.9565356373786926,0.1094062253832817,0.0437044501304626,0.9825027585029602,0.8695,0.83925
cifar10,0.8,Distill-S,11,5,0.7389,18.5198,0.2140499999999999,0.97705,0.763,26,0.7304,0.7595,0.7986997365951538,0.9931297898292542,0.0644212364405393,0.1386670054033398,0.5748308300971985,0.7944537401199341,0.7867,0.1534823840647935,0.939661741256714,0.153733417391777,0.0331386886537075,0.987626850605011,0.8403125,0.82375
cifar10,1.0,Distill-S,11,3,0.7386,16.778,0.21835,0.98795,0.7696,24,0.7288,0.763,0.7631770372390747,1.2417091131210327,0.0164465434938669,0.1629165370047092,0.72129225730896,0.7418230175971985,0.7833,0.1728170495897532,0.9561170935630798,0.1101619601249694,0.0003379075496923,0.9999628663063048,0.79855,
cifar10,0.0,Baseline-Full,12,5,0.8089,19.80755,0.1640249999999999,0.983425,0.8194,26,0.8048,0.8089,0.5948939323425293,1.0570029020309448,0.0487998672753572,0.1356115604877471,0.4100915491580963,0.8534773588180542,,,,,,,,
cifar10,0.2,Baseline-Full,12,5,0.8089,19.80755,0.1640249999999999,0.983425,0.8194,26,0.8048,0.8089,0.5948939323425293,1.0570029020309448,0.0487998672753572,0.1356115604877471,0.4100915491580963,0.8534773588180542,,,,,,,,
cifar10,0.4,Baseline-Full,12,5,0.8089,19.80755,0.1640249999999999,0.983425,0.8194,26,0.8048,0.8089,0.5948939323425293,1.0570029020309448,0.0487998672753572,0.1356115604877471,0.4100915491580963,0.8534773588180542,,,,,,,,
cifar10,0.6,Baseline-Full,12,5,0.8089,19.80755,0.1640249999999999,0.983425,0.8194,26,0.8048,0.8089,0.5948939323425293,1.0570029020309448,0.0487998672753572,0.1356115604877471,0.4100915491580963,0.8534773588180542,,,,,,,,
cifar10,0.8,Baseline-Full,12,5,0.8089,19.80755,0.1640249999999999,0.983425,0.8194,26,0.8048,0.8089,0.5948939323425293,1.0570029020309448,0.0487998672753572,0.1356115604877471,0.4100915491580963,0.8534773588180542,,,,,,,,
cifar10,1.0,Baseline-Full,12,5,0.8089,19.80755,0.1640249999999999,0.983425,0.8194,26,0.8048,0.8089,0.5948939323425293,1.0570029020309448,0.0487998672753572,0.1356115604877471,0.4100915491580963,0.8534773588180542,,,,,,,,
cifar10,0.0,Baseline-Half,12,4,0.7448,17.832099999999997,0.2159999999999999,0.9999,0.7839,25,0.7426,0.7841,0.7606882452964783,1.234333634376526,0.0315077617138624,0.1550163982570171,0.6458533406257629,0.7721242904663086,,,,,,,,
cifar10,0.2,Baseline-Half,12,4,0.7448,17.832099999999997,0.2159999999999999,0.9999,0.7839,25,0.7426,0.7841,0.7606882452964783,1.234333634376526,0.0315077617138624,0.1550163982570171,0.6458533406257629,0.7721242904663086,,,,,,,,
cifar10,0.4,Baseline-Half,12,4,0.7448,17.832099999999997,0.2159999999999999,0.9999,0.7839,25,0.7426,0.7841,0.7606882452964783,1.234333634376526,0.0315077617138624,0.1550163982570171,0.6458533406257629,0.7721242904663086,,,,,,,,
cifar10,0.6,Baseline-Half,12,4,0.7448,17.832099999999997,0.2159999999999999,0.9999,0.7839,25,0.7426,0.7841,0.7606882452964783,1.234333634376526,0.0315077617138624,0.1550163982570171,0.6458533406257629,0.7721242904663086,,,,,,,,
cifar10,0.8,Baseline-Half,12,4,0.7448,17.832099999999997,0.2159999999999999,0.9999,0.7839,25,0.7426,0.7841,0.7606882452964783,1.234333634376526,0.0315077617138624,0.1550163982570171,0.6458533406257629,0.7721242904663086,,,,,,,,
cifar10,1.0,Baseline-Half,12,4,0.7448,17.832099999999997,0.2159999999999999,0.9999,0.7839,25,0.7426,0.7841,0.7606882452964783,1.234333634376526,0.0315077617138624,0.1550163982570171,0.6458533406257629,0.7721242904663086,,,,,,,,
cifar10,0.0,Baseline-LS,12,11,0.7792,23.33665,0.2328,1.0,0.7672,32,0.7755,0.7633,0.7391048073768616,0.8083610534667969,0.0419864735394716,0.0840172368377447,0.8875380754470825,0.733693540096283,,,,,,,,
cifar10,0.2,Baseline-LS,12,11,0.7792,23.33665,0.2328,1.0,0.7672,32,0.7755,0.7633,0.7391048073768616,0.8083610534667969,0.0419864735394716,0.0840172368377447,0.8875380754470825,0.733693540096283,,,,,,,,
cifar10,0.4,Baseline-LS,12,11,0.7792,23.33665,0.2328,1.0,0.7672,32,0.7755,0.7633,0.7391048073768616,0.8083610534667969,0.0419864735394716,0.0840172368377447,0.8875380754470825,0.733693540096283,,,,,,,,
cifar10,0.6,Baseline-LS,12,11,0.7792,23.33665,0.2328,1.0,0.7672,32,0.7755,0.7633,0.7391048073768616,0.8083610534667969,0.0419864735394716,0.0840172368377447,0.8875380754470825,0.733693540096283,,,,,,,,
cifar10,0.8,Baseline-LS,12,11,0.7792,23.33665,0.2328,1.0,0.7672,32,0.7755,0.7633,0.7391048073768616,0.8083610534667969,0.0419864735394716,0.0840172368377447,0.8875380754470825,0.733693540096283,,,,,,,,
cifar10,1.0,Baseline-LS,12,11,0.7792,23.33665,0.2328,1.0,0.7672,32,0.7755,0.7633,0.7391048073768616,0.8083610534667969,0.0419864735394716,0.0840172368377447,0.8875380754470825,0.733693540096283,,,,,,,,
cifar10,0.0,Distill-S,12,34,0.7833,41.3382,0.1287,0.8999,0.7712,55,0.783,0.772,0.6991724371910095,0.7875778675079346,0.0772329975038767,0.0911835369586944,0.385807067155838,0.8602330088615417,0.7662,0.1879699856728315,0.9541700482368468,0.11442631483078,0.1168560311198234,0.9533469676971436,,0.8569
cifar10,0.2,Distill-S,12,61,0.7985,63.11655,0.1396,0.9331,0.7935,82,0.7958,0.7918,0.6620888710021973,0.6987554430961609,0.0693286543697118,0.0798987721130252,0.36931973695755,0.8646039962768555,0.784,0.1676037941753864,0.9516038298606871,0.1210420057177543,0.0933819264173507,0.9630870819091796,1.0,0.874625
cifar10,0.4,Distill-S,12,9,0.773,21.934300000000004,0.1561499999999999,0.94195,0.7858,30,0.7666,0.7836,0.7582575678825378,0.7555197477340698,0.089333479258418,0.0958563166439533,0.397553414106369,0.8559334874153137,0.7905,0.1659082540094852,0.9563533067703248,0.1097703874111175,0.0663677379488945,0.973737895488739,0.966625,0.86375
cifar10,0.6,Distill-S,12,10,0.7672,22.606,0.17335,0.96185,0.7885,31,0.7579,0.783,0.7751395106315613,0.8146771788597107,0.0943163505613804,0.1033044697850942,0.4041098654270172,0.8521716594696045,0.7883,0.1581670473963022,0.9464669823646544,0.1346791237592697,0.053716130554676,0.9788026213645936,0.97325,0.866625
cifar10,0.8,Distill-S,12,3,0.7176,17.01815,0.1974,0.9751,0.7777,24,0.7236,0.7687,0.8009423613548279,0.9013283252716064,0.0276621481329202,0.131319223575294,0.6973831057548523,0.7511564493179321,0.79,0.1654797777861356,0.9550536274909972,0.1129192784428596,0.0234011150896549,0.9905576109886168,0.79325,0.79725
cifar10,1.0,Distill-S,12,4,0.7489,17.73585,0.2148,0.9942,0.7794,25,0.7423,0.7695,0.750748872756958,1.2827653884887695,0.0300780907139182,0.1657220427721738,0.6459152698516846,0.7703388929367065,0.7874,0.1683001261204481,0.9557002186775208,0.1116379052400589,0.0002360757644055,0.999976396560669,0.82205,
cifar10,0.0,Baseline-Full,13,4,0.7887,18.7552,0.1770749999999999,0.985875,0.8088,25,0.7845,0.8009,0.6263832449913025,1.0790483951568604,0.0313902336105704,0.1398919423848391,0.5231041312217712,0.8150960803031921,,,,,,,,
cifar10,0.2,Baseline-Full,13,4,0.7887,18.7552,0.1770749999999999,0.985875,0.8088,25,0.7845,0.8009,0.6263832449913025,1.0790483951568604,0.0313902336105704,0.1398919423848391,0.5231041312217712,0.8150960803031921,,,,,,,,
cifar10,0.4,Baseline-Full,13,4,0.7887,18.7552,0.1770749999999999,0.985875,0.8088,25,0.7845,0.8009,0.6263832449913025,1.0790483951568604,0.0313902336105704,0.1398919423848391,0.5231041312217712,0.8150960803031921,,,,,,,,
cifar10,0.6,Baseline-Full,13,4,0.7887,18.7552,0.1770749999999999,0.985875,0.8088,25,0.7845,0.8009,0.6263832449913025,1.0790483951568604,0.0313902336105704,0.1398919423848391,0.5231041312217712,0.8150960803031921,,,,,,,,
cifar10,0.8,Baseline-Full,13,4,0.7887,18.7552,0.1770749999999999,0.985875,0.8088,25,0.7845,0.8009,0.6263832449913025,1.0790483951568604,0.0313902336105704,0.1398919423848391,0.5231041312217712,0.8150960803031921,,,,,,,,
cifar10,1.0,Baseline-Full,13,4,0.7887,18.7552,0.1770749999999999,0.985875,0.8088,25,0.7845,0.8009,0.6263832449913025,1.0790483951568604,0.0313902336105704,0.1398919423848391,0.5231041312217712,0.8150960803031921,,,,,,,,
cifar10,0.0,Baseline-Half,13,6,0.7433,18.950100000000003,0.2282,0.9906,0.7624,27,0.7379,0.7582,0.7940393686294556,1.396689772605896,0.0735753704801201,0.1756318103373051,0.524558424949646,0.811475396156311,,,,,,,,
cifar10,0.2,Baseline-Half,13,6,0.7433,18.950100000000003,0.2282,0.9906,0.7624,27,0.7379,0.7582,0.7940393686294556,1.396689772605896,0.0735753704801201,0.1756318103373051,0.524558424949646,0.811475396156311,,,,,,,,
cifar10,0.4,Baseline-Half,13,6,0.7433,18.950100000000003,0.2282,0.9906,0.7624,27,0.7379,0.7582,0.7940393686294556,1.396689772605896,0.0735753704801201,0.1756318103373051,0.524558424949646,0.811475396156311,,,,,,,,
cifar10,0.6,Baseline-Half,13,6,0.7433,18.950100000000003,0.2282,0.9906,0.7624,27,0.7379,0.7582,0.7940393686294556,1.396689772605896,0.0735753704801201,0.1756318103373051,0.524558424949646,0.811475396156311,,,,,,,,
cifar10,0.8,Baseline-Half,13,6,0.7433,18.950100000000003,0.2282,0.9906,0.7624,27,0.7379,0.7582,0.7940393686294556,1.396689772605896,0.0735753704801201,0.1756318103373051,0.524558424949646,0.811475396156311,,,,,,,,
cifar10,1.0,Baseline-Half,13,6,0.7433,18.950100000000003,0.2282,0.9906,0.7624,27,0.7379,0.7582,0.7940393686294556,1.396689772605896,0.0735753704801201,0.1756318103373051,0.524558424949646,0.811475396156311,,,,,,,,
cifar10,0.0,Baseline-LS,13,11,0.7677,22.905949999999997,0.2613,0.9999,0.7386,32,0.77,0.7458,0.7428198456764221,0.8547713160514832,0.0385889400482177,0.0533249672472477,0.8844898343086243,0.7315066456794739,,,,,,,,
cifar10,0.2,Baseline-LS,13,11,0.7677,22.905949999999997,0.2613,0.9999,0.7386,32,0.77,0.7458,0.7428198456764221,0.8547713160514832,0.0385889400482177,0.0533249672472477,0.8844898343086243,0.7315066456794739,,,,,,,,
cifar10,0.4,Baseline-LS,13,11,0.7677,22.905949999999997,0.2613,0.9999,0.7386,32,0.77,0.7458,0.7428198456764221,0.8547713160514832,0.0385889400482177,0.0533249672472477,0.8844898343086243,0.7315066456794739,,,,,,,,
cifar10,0.6,Baseline-LS,13,11,0.7677,22.905949999999997,0.2613,0.9999,0.7386,32,0.77,0.7458,0.7428198456764221,0.8547713160514832,0.0385889400482177,0.0533249672472477,0.8844898343086243,0.7315066456794739,,,,,,,,
cifar10,0.8,Baseline-LS,13,11,0.7677,22.905949999999997,0.2613,0.9999,0.7386,32,0.77,0.7458,0.7428198456764221,0.8547713160514832,0.0385889400482177,0.0533249672472477,0.8844898343086243,0.7315066456794739,,,,,,,,
cifar10,1.0,Baseline-LS,13,11,0.7677,22.905949999999997,0.2613,0.9999,0.7386,32,0.77,0.7458,0.7428198456764221,0.8547713160514832,0.0385889400482177,0.0533249672472477,0.8844898343086243,0.7315066456794739,,,,,,,,
cifar10,0.0,Distill-S,13,45,0.7937,50.345600000000005,0.1222,0.912,0.7898,66,0.7923,0.794,0.6550159454345703,0.6947209239006042,0.0652956354320049,0.0746862255960703,0.3916704058647156,0.8572791218757629,0.7867,0.1694770453333854,0.956177055835724,0.1095296368002891,0.1103746071457862,0.955922544002533,,0.8735
cifar10,0.2,Distill-S,13,45,0.7881,50.05285,0.1337999999999999,0.9297,0.7959,66,0.7908,0.7936,0.6705594062805176,0.6780886054039001,0.0744021933317184,0.0765459016144275,0.3688797950744629,0.8650373220443726,0.7935,0.1603340163201093,0.9538339972496032,0.1174757704138755,0.0944453775882721,0.9623359441757202,1.0,0.8731875
cifar10,0.4,Distill-S,13,55,0.7901,57.80795,0.1565499999999999,0.94645,0.7899,76,0.7913,0.7877,0.6826096773147583,0.6965650916099548,0.0798448486864567,0.0790094980686903,0.3540193736553192,0.8711448311805725,0.7842,0.1595959179341793,0.943795919418335,0.1446192860603332,0.0927342176437377,0.9639678001403807,0.999875,0.8655
cifar10,0.6,Distill-S,13,75,0.7862,73.00125,0.1762,0.9645,0.7883,96,0.7878,0.788,0.6910223364830017,0.706398069858551,0.0675037405893206,0.0751513804137706,0.4002985954284668,0.8553037047386169,0.7613,0.1499789228826761,0.9112789034843444,0.2293571233749389,0.1446136236190796,0.9473825097084044,0.98525,0.842875
cifar10,0.8,Distill-S,13,5,0.7364,18.34695,0.2034999999999999,0.9753,0.7718,26,0.7341,0.7675,0.7900349497795105,0.939951479434967,0.0640028346091509,0.1365942328870296,0.5681466460227966,0.7976496815681458,0.7895,0.1654023559570312,0.9549025297164916,0.1141896992921829,0.0237082075327634,0.9905675649642944,0.856875,0.82975
cifar10,1.0,Distill-S,13,60,0.7835,61.0353,0.2004,0.9847,0.7843,81,0.7814,0.7807,0.6984089016914368,0.7058709859848022,0.0748720782995223,0.0728287316381931,0.3998298645019531,0.8562720417976379,0.7414,0.1388092913180589,0.8802092671394348,0.3190541565418243,0.2183861285448074,0.9229629635810852,0.94365,
cifar10,0.0,Baseline-Full,14,5,0.7867,19.7266,0.1842249999999999,0.990525,0.8063,26,0.7816,0.8037,0.6555571556091309,1.1639487743377686,0.0499884474053978,0.1450319000035524,0.4690598547458648,0.8300862312316895,,,,,,,,
cifar10,0.2,Baseline-Full,14,5,0.7867,19.7266,0.1842249999999999,0.990525,0.8063,26,0.7816,0.8037,0.6555571556091309,1.1639487743377686,0.0499884474053978,0.1450319000035524,0.4690598547458648,0.8300862312316895,,,,,,,,
cifar10,0.4,Baseline-Full,14,5,0.7867,19.7266,0.1842249999999999,0.990525,0.8063,26,0.7816,0.8037,0.6555571556091309,1.1639487743377686,0.0499884474053978,0.1450319000035524,0.4690598547458648,0.8300862312316895,,,,,,,,
cifar10,0.6,Baseline-Full,14,5,0.7867,19.7266,0.1842249999999999,0.990525,0.8063,26,0.7816,0.8037,0.6555571556091309,1.1639487743377686,0.0499884474053978,0.1450319000035524,0.4690598547458648,0.8300862312316895,,,,,,,,
cifar10,0.8,Baseline-Full,14,5,0.7867,19.7266,0.1842249999999999,0.990525,0.8063,26,0.7816,0.8037,0.6555571556091309,1.1639487743377686,0.0499884474053978,0.1450319000035524,0.4690598547458648,0.8300862312316895,,,,,,,,
cifar10,1.0,Baseline-Full,14,5,0.7867,19.7266,0.1842249999999999,0.990525,0.8063,26,0.7816,0.8037,0.6555571556091309,1.1639487743377686,0.0499884474053978,0.1450319000035524,0.4690598547458648,0.8300862312316895,,,,,,,,
cifar10,0.0,Baseline-Half,14,5,0.7371,18.30205,0.2178999999999999,0.9944,0.7765,26,0.7342,0.772,0.7848425507545471,1.281460881233215,0.0531307622611522,0.1656240046471357,0.5811314582824707,0.7873307466506958,,,,,,,,
cifar10,0.2,Baseline-Half,14,5,0.7371,18.30205,0.2178999999999999,0.9944,0.7765,26,0.7342,0.772,0.7848425507545471,1.281460881233215,0.0531307622611522,0.1656240046471357,0.5811314582824707,0.7873307466506958,,,,,,,,
cifar10,0.4,Baseline-Half,14,5,0.7371,18.30205,0.2178999999999999,0.9944,0.7765,26,0.7342,0.772,0.7848425507545471,1.281460881233215,0.0531307622611522,0.1656240046471357,0.5811314582824707,0.7873307466506958,,,,,,,,
cifar10,0.6,Baseline-Half,14,5,0.7371,18.30205,0.2178999999999999,0.9944,0.7765,26,0.7342,0.772,0.7848425507545471,1.281460881233215,0.0531307622611522,0.1656240046471357,0.5811314582824707,0.7873307466506958,,,,,,,,
cifar10,0.8,Baseline-Half,14,5,0.7371,18.30205,0.2178999999999999,0.9944,0.7765,26,0.7342,0.772,0.7848425507545471,1.281460881233215,0.0531307622611522,0.1656240046471357,0.5811314582824707,0.7873307466506958,,,,,,,,
cifar10,1.0,Baseline-Half,14,5,0.7371,18.30205,0.2178999999999999,0.9944,0.7765,26,0.7342,0.772,0.7848425507545471,1.281460881233215,0.0531307622611522,0.1656240046471357,0.5811314582824707,0.7873307466506958,,,,,,,,
cifar10,0.0,Baseline-LS,14,13,0.7725,24.6826,0.2405,0.9997,0.7592,34,0.7728,0.7641,0.7453222870826721,0.7818607687950134,0.0595624288484453,0.0539902393758296,0.9558882713317872,0.713348388671875,,,,,,,,
cifar10,0.2,Baseline-LS,14,13,0.7725,24.6826,0.2405,0.9997,0.7592,34,0.7728,0.7641,0.7453222870826721,0.7818607687950134,0.0595624288484453,0.0539902393758296,0.9558882713317872,0.713348388671875,,,,,,,,
cifar10,0.4,Baseline-LS,14,13,0.7725,24.6826,0.2405,0.9997,0.7592,34,0.7728,0.7641,0.7453222870826721,0.7818607687950134,0.0595624288484453,0.0539902393758296,0.9558882713317872,0.713348388671875,,,,,,,,
cifar10,0.6,Baseline-LS,14,13,0.7725,24.6826,0.2405,0.9997,0.7592,34,0.7728,0.7641,0.7453222870826721,0.7818607687950134,0.0595624288484453,0.0539902393758296,0.9558882713317872,0.713348388671875,,,,,,,,
cifar10,0.8,Baseline-LS,14,13,0.7725,24.6826,0.2405,0.9997,0.7592,34,0.7728,0.7641,0.7453222870826721,0.7818607687950134,0.0595624288484453,0.0539902393758296,0.9558882713317872,0.713348388671875,,,,,,,,
cifar10,1.0,Baseline-LS,14,13,0.7725,24.6826,0.2405,0.9997,0.7592,34,0.7728,0.7641,0.7453222870826721,0.7818607687950134,0.0595624288484453,0.0539902393758296,0.9558882713317872,0.713348388671875,,,,,,,,
cifar10,0.0,Distill-S,14,23,0.787,32.96705,0.11795,0.90275,0.7848,44,0.7847,0.7844,0.663991391658783,0.6818522214889526,0.0682730796277523,0.0724556415110826,0.4058763086795807,0.8526740074157715,0.7734,0.1789355066865682,0.9523249864578248,0.1192259266972541,0.1168981567025184,0.9533548951148988,,0.8596
cifar10,0.2,Distill-S,14,42,0.7824,47.62965,0.15065,0.93315,0.7825,63,0.7892,0.78,0.6427488327026367,0.6792735457420349,0.0477116972714662,0.0552733251869678,0.4473661184310913,0.8366855382919312,0.7544,0.1377966325685381,0.8921966552734375,0.2851754128932953,0.2615411281585693,0.9020311236381532,0.96325,0.81625
cifar10,0.4,Distill-S,14,10,0.7837,22.54695,0.15655,0.94005,0.7835,31,0.7844,0.7887,0.7296100854873657,0.7433652281761169,0.0817341063231229,0.0914973964914679,0.3680621683597564,0.8661341667175293,0.7904,0.1654894261986017,0.9558894634246826,0.110500656068325,0.0645933374762535,0.9742997884750366,0.98825,0.88425
cifar10,0.6,Distill-S,14,6,0.7603,19.36815,0.1868499999999999,0.95765,0.7708,27,0.7557,0.7697,0.7442190647125244,0.7998970746994019,0.0641612308040261,0.1031726495563983,0.5031355619430542,0.8198613524436951,0.7744,0.1770068113446235,0.9512604475021362,0.1230694055557251,0.0538949966430664,0.9789370894432068,0.9110833333333334,0.84925
cifar10,0.8,Distill-S,14,5,0.735,18.4755,0.1964,0.9717,0.7753,26,0.7341,0.7764,0.7904652953147888,0.835081160068512,0.0603357292756438,0.1111823308259248,0.5661469101905823,0.7944357395172119,0.7664,0.1811495759963989,0.9473332166671752,0.1329848319292068,0.0468122661113739,0.9820009469985962,0.85175,0.79375
cifar10,1.0,Distill-S,14,8,0.7509,20.5498,0.2279,0.9921,0.7642,29,0.7547,0.7654,0.8104379773139954,1.3598530292510986,0.1047139988958835,0.1701872178584337,0.3808370232582092,0.8587560653686523,0.7729,0.178291392403841,0.9511914253234864,0.1215650364756584,0.0045917565003037,0.9988632798194884,0.9362,
cifar10,0.0,Baseline-Full,15,4,0.7868,18.8462,0.1665999999999999,0.9787,0.8121,25,0.7871,0.804,0.619242787361145,1.0913196802139282,0.0307343995928764,0.1395065044343472,0.5207988023757935,0.8151124119758606,,,,,,,,
cifar10,0.2,Baseline-Full,15,4,0.7868,18.8462,0.1665999999999999,0.9787,0.8121,25,0.7871,0.804,0.619242787361145,1.0913196802139282,0.0307343995928764,0.1395065044343472,0.5207988023757935,0.8151124119758606,,,,,,,,
cifar10,0.4,Baseline-Full,15,4,0.7868,18.8462,0.1665999999999999,0.9787,0.8121,25,0.7871,0.804,0.619242787361145,1.0913196802139282,0.0307343995928764,0.1395065044343472,0.5207988023757935,0.8151124119758606,,,,,,,,
cifar10,0.6,Baseline-Full,15,4,0.7868,18.8462,0.1665999999999999,0.9787,0.8121,25,0.7871,0.804,0.619242787361145,1.0913196802139282,0.0307343995928764,0.1395065044343472,0.5207988023757935,0.8151124119758606,,,,,,,,
cifar10,0.8,Baseline-Full,15,4,0.7868,18.8462,0.1665999999999999,0.9787,0.8121,25,0.7871,0.804,0.619242787361145,1.0913196802139282,0.0307343995928764,0.1395065044343472,0.5207988023757935,0.8151124119758606,,,,,,,,
cifar10,1.0,Baseline-Full,15,4,0.7868,18.8462,0.1665999999999999,0.9787,0.8121,25,0.7871,0.804,0.619242787361145,1.0913196802139282,0.0307343995928764,0.1395065044343472,0.5207988023757935,0.8151124119758606,,,,,,,,
cifar10,0.0,Baseline-Half,15,7,0.756,20.2956,0.2055,1.0,0.7945,28,0.7511,0.7953,0.7743822336196899,1.2182438373565674,0.0874399615377188,0.1507572593003512,0.4409106373786926,0.8385399580001831,,,,,,,,
cifar10,0.2,Baseline-Half,15,7,0.756,20.2956,0.2055,1.0,0.7945,28,0.7511,0.7953,0.7743822336196899,1.2182438373565674,0.0874399615377188,0.1507572593003512,0.4409106373786926,0.8385399580001831,,,,,,,,
cifar10,0.4,Baseline-Half,15,7,0.756,20.2956,0.2055,1.0,0.7945,28,0.7511,0.7953,0.7743822336196899,1.2182438373565674,0.0874399615377188,0.1507572593003512,0.4409106373786926,0.8385399580001831,,,,,,,,
cifar10,0.6,Baseline-Half,15,7,0.756,20.2956,0.2055,1.0,0.7945,28,0.7511,0.7953,0.7743822336196899,1.2182438373565674,0.0874399615377188,0.1507572593003512,0.4409106373786926,0.8385399580001831,,,,,,,,
cifar10,0.8,Baseline-Half,15,7,0.756,20.2956,0.2055,1.0,0.7945,28,0.7511,0.7953,0.7743822336196899,1.2182438373565674,0.0874399615377188,0.1507572593003512,0.4409106373786926,0.8385399580001831,,,,,,,,
cifar10,1.0,Baseline-Half,15,7,0.756,20.2956,0.2055,1.0,0.7945,28,0.7511,0.7953,0.7743822336196899,1.2182438373565674,0.0874399615377188,0.1507572593003512,0.4409106373786926,0.8385399580001831,,,,,,,,
cifar10,0.0,Baseline-LS,15,6,0.7756,19.4821,0.2287,0.9996,0.7709,27,0.768,0.7643,0.7127584218978882,0.7898136377334595,0.0544417989909648,0.0702720629051327,0.914374828338623,0.7135581970214844,,,,,,,,
cifar10,0.2,Baseline-LS,15,6,0.7756,19.4821,0.2287,0.9996,0.7709,27,0.768,0.7643,0.7127584218978882,0.7898136377334595,0.0544417989909648,0.0702720629051327,0.914374828338623,0.7135581970214844,,,,,,,,
cifar10,0.4,Baseline-LS,15,6,0.7756,19.4821,0.2287,0.9996,0.7709,27,0.768,0.7643,0.7127584218978882,0.7898136377334595,0.0544417989909648,0.0702720629051327,0.914374828338623,0.7135581970214844,,,,,,,,
cifar10,0.6,Baseline-LS,15,6,0.7756,19.4821,0.2287,0.9996,0.7709,27,0.768,0.7643,0.7127584218978882,0.7898136377334595,0.0544417989909648,0.0702720629051327,0.914374828338623,0.7135581970214844,,,,,,,,
cifar10,0.8,Baseline-LS,15,6,0.7756,19.4821,0.2287,0.9996,0.7709,27,0.768,0.7643,0.7127584218978882,0.7898136377334595,0.0544417989909648,0.0702720629051327,0.914374828338623,0.7135581970214844,,,,,,,,
cifar10,1.0,Baseline-LS,15,6,0.7756,19.4821,0.2287,0.9996,0.7709,27,0.768,0.7643,0.7127584218978882,0.7898136377334595,0.0544417989909648,0.0702720629051327,0.914374828338623,0.7135581970214844,,,,,,,,
cifar10,0.0,Distill-S,15,10,0.7816,22.8063,0.11715,0.90895,0.7918,31,0.7824,0.7893,0.6692829132080078,0.6795364022254944,0.0663961471527814,0.0772595404565334,0.4225397408008575,0.8486445546150208,0.784,0.163538597369194,0.947538673877716,0.1314014345407486,0.1263824701309204,0.9498029351234436,,0.8798
cifar10,0.2,Distill-S,15,7,0.7655,20.20515,0.1403499999999999,0.91205,0.7717,28,0.7668,0.7676,0.7114906311035156,0.7526413202285767,0.0552917910441756,0.0910230260878801,0.4980809688568115,0.8216673731803894,0.7553,0.1923044480115175,0.9468320608139038,0.136199489235878,0.1172474846243858,0.9537315368652344,0.95125,0.8364375
cifar10,0.4,Distill-S,15,10,0.7726,22.5256,0.16995,0.94255,0.7726,31,0.7716,0.773,0.7466572523117065,0.7683907747268677,0.0848473746106028,0.0948932012617588,0.3955844342708587,0.8564473390579224,0.787,0.1681856858491898,0.955087423324585,0.111766330897808,0.0642483308911323,0.9741683602333068,0.982625,0.8744166666666666
cifar10,0.6,Distill-S,15,6,0.7632,19.38935,0.1831,0.9585,0.7754,27,0.7561,0.7691,0.7460867166519165,0.8169592618942261,0.0727311905115843,0.1156583665162325,0.4653207063674927,0.8284211754798889,0.7908,0.1674373673617839,0.9582372903823853,0.1059966534376144,0.0444698072969913,0.9822009801864624,0.9088333333333334,0.863
cifar10,0.8,Distill-S,15,5,0.7254,18.55905,0.2101999999999999,0.9799,0.7697,26,0.7221,0.7665,0.819672167301178,0.96289324760437,0.0656416531741619,0.1314864944607019,0.5951935648918152,0.7866815328598022,0.7906,0.168379684305191,0.9589796662330629,0.1036746576428413,0.0204106345772743,0.9919291138648988,0.8385625,0.82075
cifar10,1.0,Distill-S,15,8,0.7619,20.62465,0.2115,0.9865,0.775,29,0.7637,0.7679,0.7748374342918396,1.2745188474655151,0.0907079654186964,0.1660746881276368,0.3968744575977325,0.8543135523796082,0.7823,0.1728437651485205,0.9551437497138976,0.1127566769719123,0.0001220848062075,0.9999892711639404,0.94025,
cifar10,0.0,Baseline-Full,16,5,0.7891,19.64665,0.175625,0.986425,0.8108,26,0.7888,0.8041,0.6239096522331238,1.1721556186676023,0.0546607532471418,0.1431267668455839,0.4279694259166717,0.8433542251586914,,,,,,,,
cifar10,0.2,Baseline-Full,16,5,0.7891,19.64665,0.175625,0.986425,0.8108,26,0.7888,0.8041,0.6239096522331238,1.1721556186676023,0.0546607532471418,0.1431267668455839,0.4279694259166717,0.8433542251586914,,,,,,,,
cifar10,0.4,Baseline-Full,16,5,0.7891,19.64665,0.175625,0.986425,0.8108,26,0.7888,0.8041,0.6239096522331238,1.1721556186676023,0.0546607532471418,0.1431267668455839,0.4279694259166717,0.8433542251586914,,,,,,,,
cifar10,0.6,Baseline-Full,16,5,0.7891,19.64665,0.175625,0.986425,0.8108,26,0.7888,0.8041,0.6239096522331238,1.1721556186676023,0.0546607532471418,0.1431267668455839,0.4279694259166717,0.8433542251586914,,,,,,,,
cifar10,0.8,Baseline-Full,16,5,0.7891,19.64665,0.175625,0.986425,0.8108,26,0.7888,0.8041,0.6239096522331238,1.1721556186676023,0.0546607532471418,0.1431267668455839,0.4279694259166717,0.8433542251586914,,,,,,,,
cifar10,1.0,Baseline-Full,16,5,0.7891,19.64665,0.175625,0.986425,0.8108,26,0.7888,0.8041,0.6239096522331238,1.1721556186676023,0.0546607532471418,0.1431267668455839,0.4279694259166717,0.8433542251586914,,,,,,,,
cifar10,0.0,Baseline-Half,16,5,0.7377,18.18015,0.2190499999999999,0.99105,0.772,26,0.737,0.7744,0.7826058864593506,1.228690266609192,0.0632923318430781,0.1602836033612489,0.5596906542778015,0.7997929453849792,,,,,,,,
cifar10,0.2,Baseline-Half,16,5,0.7377,18.18015,0.2190499999999999,0.99105,0.772,26,0.737,0.7744,0.7826058864593506,1.228690266609192,0.0632923318430781,0.1602836033612489,0.5596906542778015,0.7997929453849792,,,,,,,,
cifar10,0.4,Baseline-Half,16,5,0.7377,18.18015,0.2190499999999999,0.99105,0.772,26,0.737,0.7744,0.7826058864593506,1.228690266609192,0.0632923318430781,0.1602836033612489,0.5596906542778015,0.7997929453849792,,,,,,,,
cifar10,0.6,Baseline-Half,16,5,0.7377,18.18015,0.2190499999999999,0.99105,0.772,26,0.737,0.7744,0.7826058864593506,1.228690266609192,0.0632923318430781,0.1602836033612489,0.5596906542778015,0.7997929453849792,,,,,,,,
cifar10,0.8,Baseline-Half,16,5,0.7377,18.18015,0.2190499999999999,0.99105,0.772,26,0.737,0.7744,0.7826058864593506,1.228690266609192,0.0632923318430781,0.1602836033612489,0.5596906542778015,0.7997929453849792,,,,,,,,
cifar10,1.0,Baseline-Half,16,5,0.7377,18.18015,0.2190499999999999,0.99105,0.772,26,0.737,0.7744,0.7826058864593506,1.228690266609192,0.0632923318430781,0.1602836033612489,0.5596906542778015,0.7997929453849792,,,,,,,,
cifar10,0.0,Baseline-LS,16,12,0.7749,23.787,0.2315,1.0,0.7685,33,0.7661,0.7632,0.7324063777923584,0.8077972531318665,0.0344719963178038,0.0815530896961689,0.8869134783744812,0.7319294214248657,,,,,,,,
cifar10,0.2,Baseline-LS,16,12,0.7749,23.787,0.2315,1.0,0.7685,33,0.7661,0.7632,0.7324063777923584,0.8077972531318665,0.0344719963178038,0.0815530896961689,0.8869134783744812,0.7319294214248657,,,,,,,,
cifar10,0.4,Baseline-LS,16,12,0.7749,23.787,0.2315,1.0,0.7685,33,0.7661,0.7632,0.7324063777923584,0.8077972531318665,0.0344719963178038,0.0815530896961689,0.8869134783744812,0.7319294214248657,,,,,,,,
cifar10,0.6,Baseline-LS,16,12,0.7749,23.787,0.2315,1.0,0.7685,33,0.7661,0.7632,0.7324063777923584,0.8077972531318665,0.0344719963178038,0.0815530896961689,0.8869134783744812,0.7319294214248657,,,,,,,,
cifar10,0.8,Baseline-LS,16,12,0.7749,23.787,0.2315,1.0,0.7685,33,0.7661,0.7632,0.7324063777923584,0.8077972531318665,0.0344719963178038,0.0815530896961689,0.8869134783744812,0.7319294214248657,,,,,,,,
cifar10,1.0,Baseline-LS,16,12,0.7749,23.787,0.2315,1.0,0.7685,33,0.7661,0.7632,0.7324063777923584,0.8077972531318665,0.0344719963178038,0.0815530896961689,0.8869134783744812,0.7319294214248657,,,,,,,,
cifar10,0.0,Distill-S,16,30,0.7923,38.5663,0.1261,0.9126,0.7865,51,0.789,0.793,0.6664029359817505,0.6889913082122803,0.0727853055477142,0.0746195136711001,0.3806886374950409,0.861785352230072,0.7951,0.161986013892293,0.957086145877838,0.1069215834140777,0.1073611304163932,0.9571871161460876,,0.87785
cifar10,0.2,Distill-S,16,22,0.7704,31.1977,0.15495,0.91955,0.7646,43,0.7705,0.7671,0.6766214370727539,0.7032566666603088,0.0362937210813164,0.0421608645230531,0.552372395992279,0.8040721416473389,0.7069,0.1455802009120583,0.8524802923202515,0.3997071981430053,0.3909419476985931,0.8559689521789551,0.856,0.778375
cifar10,0.4,Distill-S,16,60,0.7899,61.536100000000005,0.1605499999999999,0.94455,0.784,81,0.7875,0.7786,0.7087230682373047,0.763161301612854,0.0739844333708286,0.0911873260140418,0.3837941884994507,0.8614197373390198,0.7667,0.1646651170492172,0.9311161041259766,0.1766855716705322,0.1170140877366066,0.955674409866333,0.9945,0.8474166666666667
cifar10,0.6,Distill-S,16,8,0.7621,20.7725,0.1817499999999999,0.95905,0.7773,29,0.759,0.7733,0.760524332523346,0.8204893469810486,0.0830675278902054,0.1109049218535423,0.4311595261096954,0.8420675992965698,0.7877,0.1660409957125783,0.9537103772163392,0.115302138030529,0.0451149120926857,0.9819161891937256,0.9421666666666668,0.86325
cifar10,0.8,Distill-S,16,6,0.7496,19.22435,0.2085,0.9771,0.7686,27,0.7518,0.7697,0.763054609298706,0.8957698345184326,0.0704441265255212,0.1280943500488996,0.4952258765697479,0.8222304582595825,0.786,0.1402249901115894,0.9262250065803528,0.1907791197299957,0.0475600510835647,0.9837369322776794,0.8855625,0.8355
cifar10,1.0,Distill-S,16,6,0.7351,18.86825,0.2339999999999999,0.9887,0.7547,27,0.7407,0.758,0.8088845014572144,1.4358060359954834,0.0858068072542548,0.1779403106242418,0.4796965718269348,0.8262482285499573,0.7864,0.1698120662659407,0.9562119841575624,0.1092838048934936,0.0002069524780381,0.9999794960021972,0.8569,
cifar10,0.0,Baseline-Full,17,7,0.8122,21.31125,0.1726999999999999,0.9859,0.8132,28,0.8109,0.8067,0.5943325757980347,1.1802856922149658,0.0551755300104618,0.14477598246634,0.3693828582763672,0.8660755753517151,,,,,,,,
cifar10,0.2,Baseline-Full,17,7,0.8122,21.31125,0.1726999999999999,0.9859,0.8132,28,0.8109,0.8067,0.5943325757980347,1.1802856922149658,0.0551755300104618,0.14477598246634,0.3693828582763672,0.8660755753517151,,,,,,,,
cifar10,0.4,Baseline-Full,17,7,0.8122,21.31125,0.1726999999999999,0.9859,0.8132,28,0.8109,0.8067,0.5943325757980347,1.1802856922149658,0.0551755300104618,0.14477598246634,0.3693828582763672,0.8660755753517151,,,,,,,,
cifar10,0.6,Baseline-Full,17,7,0.8122,21.31125,0.1726999999999999,0.9859,0.8132,28,0.8109,0.8067,0.5943325757980347,1.1802856922149658,0.0551755300104618,0.14477598246634,0.3693828582763672,0.8660755753517151,,,,,,,,
cifar10,0.8,Baseline-Full,17,7,0.8122,21.31125,0.1726999999999999,0.9859,0.8132,28,0.8109,0.8067,0.5943325757980347,1.1802856922149658,0.0551755300104618,0.14477598246634,0.3693828582763672,0.8660755753517151,,,,,,,,
cifar10,1.0,Baseline-Full,17,7,0.8122,21.31125,0.1726999999999999,0.9859,0.8132,28,0.8109,0.8067,0.5943325757980347,1.1802856922149658,0.0551755300104618,0.14477598246634,0.3693828582763672,0.8660755753517151,,,,,,,,
cifar10,0.0,Baseline-Half,17,9,0.7651,21.450650000000003,0.2288,0.9872,0.7584,30,0.7509,0.7539,0.8334574103355408,1.4727917909622192,0.113128424334526,0.1800292127162218,0.3662289679050445,0.8640283942222595,,,,,,,,
cifar10,0.2,Baseline-Half,17,9,0.7651,21.450650000000003,0.2288,0.9872,0.7584,30,0.7509,0.7539,0.8334574103355408,1.4727917909622192,0.113128424334526,0.1800292127162218,0.3662289679050445,0.8640283942222595,,,,,,,,
cifar10,0.4,Baseline-Half,17,9,0.7651,21.450650000000003,0.2288,0.9872,0.7584,30,0.7509,0.7539,0.8334574103355408,1.4727917909622192,0.113128424334526,0.1800292127162218,0.3662289679050445,0.8640283942222595,,,,,,,,
cifar10,0.6,Baseline-Half,17,9,0.7651,21.450650000000003,0.2288,0.9872,0.7584,30,0.7509,0.7539,0.8334574103355408,1.4727917909622192,0.113128424334526,0.1800292127162218,0.3662289679050445,0.8640283942222595,,,,,,,,
cifar10,0.8,Baseline-Half,17,9,0.7651,21.450650000000003,0.2288,0.9872,0.7584,30,0.7509,0.7539,0.8334574103355408,1.4727917909622192,0.113128424334526,0.1800292127162218,0.3662289679050445,0.8640283942222595,,,,,,,,
cifar10,1.0,Baseline-Half,17,9,0.7651,21.450650000000003,0.2288,0.9872,0.7584,30,0.7509,0.7539,0.8334574103355408,1.4727917909622192,0.113128424334526,0.1800292127162218,0.3662289679050445,0.8640283942222595,,,,,,,,
cifar10,0.0,Baseline-LS,17,15,0.7814,26.21155,0.2340999999999999,0.9998,0.7657,36,0.7723,0.757,0.7444813251495361,0.8175201416015625,0.0584135960757732,0.0711048861980438,0.9651740193367004,0.7138863801956177,,,,,,,,
cifar10,0.2,Baseline-LS,17,15,0.7814,26.21155,0.2340999999999999,0.9998,0.7657,36,0.7723,0.757,0.7444813251495361,0.8175201416015625,0.0584135960757732,0.0711048861980438,0.9651740193367004,0.7138863801956177,,,,,,,,
cifar10,0.4,Baseline-LS,17,15,0.7814,26.21155,0.2340999999999999,0.9998,0.7657,36,0.7723,0.757,0.7444813251495361,0.8175201416015625,0.0584135960757732,0.0711048861980438,0.9651740193367004,0.7138863801956177,,,,,,,,
cifar10,0.6,Baseline-LS,17,15,0.7814,26.21155,0.2340999999999999,0.9998,0.7657,36,0.7723,0.757,0.7444813251495361,0.8175201416015625,0.0584135960757732,0.0711048861980438,0.9651740193367004,0.7138863801956177,,,,,,,,
cifar10,0.8,Baseline-LS,17,15,0.7814,26.21155,0.2340999999999999,0.9998,0.7657,36,0.7723,0.757,0.7444813251495361,0.8175201416015625,0.0584135960757732,0.0711048861980438,0.9651740193367004,0.7138863801956177,,,,,,,,
cifar10,1.0,Baseline-LS,17,15,0.7814,26.21155,0.2340999999999999,0.9998,0.7657,36,0.7723,0.757,0.7444813251495361,0.8175201416015625,0.0584135960757732,0.0711048861980438,0.9651740193367004,0.7138863801956177,,,,,,,,
cifar10,0.0,Distill-S,17,26,0.7898,35.61595,0.13,0.9132,0.7832,47,0.7898,0.7844,0.6508795619010925,0.7026768922805786,0.068022384122014,0.0737217584937811,0.393980473279953,0.8576140403747559,0.7897,0.1658093665629625,0.95550936460495,0.111849159002304,0.1145937740802764,0.9543150663375854,,0.87405
cifar10,0.2,Distill-S,17,6,0.766,19.63565,0.14655,0.92315,0.7766,27,0.7589,0.7704,0.7184603214263916,0.7480843663215637,0.0565748426675796,0.0843895945608615,0.5115427374839783,0.815474808216095,0.7865,0.1577329347014427,0.9442330002784728,0.1413954049348831,0.1167367920279502,0.9538889527320862,0.93375,0.84975
cifar10,0.4,Distill-S,17,7,0.7565,20.29075,0.18115,0.92855,0.7474,28,0.7601,0.7489,0.7184152603149414,0.8579318523406982,0.0494203022435307,0.1114876970902085,0.5354275703430176,0.8095203042030334,0.751,0.193550617340207,0.9445505738258362,0.1379838436841964,0.0945186540484428,0.9625080227851868,0.9285,0.8188333333333333
cifar10,0.6,Distill-S,17,7,0.7598,20.255650000000003,0.1856499999999999,0.95755,0.7719,28,0.7592,0.7679,0.7699107527732849,0.8577620983123779,0.0780964976519346,0.117645799678564,0.4505337476730346,0.8365139365196228,0.7832,0.1725634669274091,0.9557633996009828,0.1100113987922668,0.0453037247061729,0.9816515445709229,0.9265833333333332,0.854875
cifar10,0.8,Distill-S,17,8,0.75,20.8691,0.2074,0.9768,0.7694,29,0.7495,0.7697,0.8145073056221008,1.0068137645721436,0.0942732006549835,0.1391430264890193,0.4247864186763763,0.8437731266021729,0.787,0.1699101704329252,0.9568981528282166,0.1077575907111167,0.021251006051898,0.9915051460266112,0.93125,0.85175
cifar10,1.0,Distill-S,17,8,0.7638,20.76435,0.2212999999999999,0.9922,0.7709,29,0.7565,0.7732,0.7972595691680908,1.3870991468429563,0.0905943919792771,0.1657047666877508,0.4142712950706482,0.8470944166183472,0.7887,0.1662995397955179,0.9549894332885742,0.1125008761882782,0.0001357084693154,0.9999879002571106,0.93795,
cifar10,0.0,Baseline-Full,18,6,0.7929,20.42125,0.1708499999999999,0.98595,0.8151,27,0.797,0.8044,0.6273103356361389,1.144331693649292,0.0592304994046688,0.1444614052981138,0.3990024328231811,0.8562304973602295,,,,,,,,
cifar10,0.2,Baseline-Full,18,6,0.7929,20.42125,0.1708499999999999,0.98595,0.8151,27,0.797,0.8044,0.6273103356361389,1.144331693649292,0.0592304994046688,0.1444614052981138,0.3990024328231811,0.8562304973602295,,,,,,,,
cifar10,0.4,Baseline-Full,18,6,0.7929,20.42125,0.1708499999999999,0.98595,0.8151,27,0.797,0.8044,0.6273103356361389,1.144331693649292,0.0592304994046688,0.1444614052981138,0.3990024328231811,0.8562304973602295,,,,,,,,
cifar10,0.6,Baseline-Full,18,6,0.7929,20.42125,0.1708499999999999,0.98595,0.8151,27,0.797,0.8044,0.6273103356361389,1.144331693649292,0.0592304994046688,0.1444614052981138,0.3990024328231811,0.8562304973602295,,,,,,,,
cifar10,0.8,Baseline-Full,18,6,0.7929,20.42125,0.1708499999999999,0.98595,0.8151,27,0.797,0.8044,0.6273103356361389,1.144331693649292,0.0592304994046688,0.1444614052981138,0.3990024328231811,0.8562304973602295,,,,,,,,
cifar10,1.0,Baseline-Full,18,6,0.7929,20.42125,0.1708499999999999,0.98595,0.8151,27,0.797,0.8044,0.6273103356361389,1.144331693649292,0.0592304994046688,0.1444614052981138,0.3990024328231811,0.8562304973602295,,,,,,,,
cifar10,0.0,Baseline-Half,18,4,0.7342,17.5257,0.22715,0.99765,0.7705,25,0.7335,0.7668,0.7649261951446533,1.3991045951843262,0.0237040284976363,0.1722630546838044,0.6790185570716858,0.7568531036376953,,,,,,,,
cifar10,0.2,Baseline-Half,18,4,0.7342,17.5257,0.22715,0.99765,0.7705,25,0.7335,0.7668,0.7649261951446533,1.3991045951843262,0.0237040284976363,0.1722630546838044,0.6790185570716858,0.7568531036376953,,,,,,,,
cifar10,0.4,Baseline-Half,18,4,0.7342,17.5257,0.22715,0.99765,0.7705,25,0.7335,0.7668,0.7649261951446533,1.3991045951843262,0.0237040284976363,0.1722630546838044,0.6790185570716858,0.7568531036376953,,,,,,,,
cifar10,0.6,Baseline-Half,18,4,0.7342,17.5257,0.22715,0.99765,0.7705,25,0.7335,0.7668,0.7649261951446533,1.3991045951843262,0.0237040284976363,0.1722630546838044,0.6790185570716858,0.7568531036376953,,,,,,,,
cifar10,0.8,Baseline-Half,18,4,0.7342,17.5257,0.22715,0.99765,0.7705,25,0.7335,0.7668,0.7649261951446533,1.3991045951843262,0.0237040284976363,0.1722630546838044,0.6790185570716858,0.7568531036376953,,,,,,,,
cifar10,1.0,Baseline-Half,18,4,0.7342,17.5257,0.22715,0.99765,0.7705,25,0.7335,0.7668,0.7649261951446533,1.3991045951843262,0.0237040284976363,0.1722630546838044,0.6790185570716858,0.7568531036376953,,,,,,,,
cifar10,0.0,Baseline-LS,18,14,0.7784,25.5571,0.2254,0.9999,0.7745,35,0.7708,0.767,0.7469713091850281,0.8015761971473694,0.0590385157302022,0.0819982591360807,0.9680585861206056,0.7118715643882751,,,,,,,,
cifar10,0.2,Baseline-LS,18,14,0.7784,25.5571,0.2254,0.9999,0.7745,35,0.7708,0.767,0.7469713091850281,0.8015761971473694,0.0590385157302022,0.0819982591360807,0.9680585861206056,0.7118715643882751,,,,,,,,
cifar10,0.4,Baseline-LS,18,14,0.7784,25.5571,0.2254,0.9999,0.7745,35,0.7708,0.767,0.7469713091850281,0.8015761971473694,0.0590385157302022,0.0819982591360807,0.9680585861206056,0.7118715643882751,,,,,,,,
cifar10,0.6,Baseline-LS,18,14,0.7784,25.5571,0.2254,0.9999,0.7745,35,0.7708,0.767,0.7469713091850281,0.8015761971473694,0.0590385157302022,0.0819982591360807,0.9680585861206056,0.7118715643882751,,,,,,,,
cifar10,0.8,Baseline-LS,18,14,0.7784,25.5571,0.2254,0.9999,0.7745,35,0.7708,0.767,0.7469713091850281,0.8015761971473694,0.0590385157302022,0.0819982591360807,0.9680585861206056,0.7118715643882751,,,,,,,,
cifar10,1.0,Baseline-LS,18,14,0.7784,25.5571,0.2254,0.9999,0.7745,35,0.7708,0.767,0.7469713091850281,0.8015761971473694,0.0590385157302022,0.0819982591360807,0.9680585861206056,0.7118715643882751,,,,,,,,
cifar10,0.0,Distill-S,18,50,0.7949,54.43795,0.1188,0.9129,0.7941,71,0.7917,0.7922,0.6620463728904724,0.6811896562576294,0.0733003960907459,0.0732546468630433,0.3736759126186371,0.8650003671646118,0.7884,0.1672445275127887,0.9556445479393004,0.1099356189370155,0.1067390888929367,0.9576736092567444,,0.87565
cifar10,0.2,Distill-S,18,7,0.7737,20.291350000000005,0.15915,0.92695,0.7678,28,0.7666,0.7695,0.6880010962486267,0.7620407938957214,0.0488877767682075,0.0867907190263271,0.5118077397346497,0.815487802028656,0.7828,0.1676616821914911,0.9504616260528564,0.1235168725252151,0.0989922881126403,0.960398018360138,0.96075,0.87175
cifar10,0.4,Distill-S,18,22,0.7812,31.66045,0.15825,0.94265,0.7844,43,0.7851,0.7845,0.7244080305099487,0.7297693490982056,0.0876543379604816,0.0913391533702612,0.3468635380268097,0.8727542757987976,0.7861,0.1690670379459857,0.9551671147346495,0.111501894891262,0.0645437538623809,0.974311351776123,0.99925,0.8826666666666667
cifar10,0.6,Distill-S,18,4,0.7333,17.8178,0.1778999999999999,0.9598,0.7819,25,0.73,0.7755,0.7787725329399109,0.8048213124275208,0.0363331025168299,0.1108745311543345,0.6529622077941895,0.7662493586540222,0.7881,0.1507414110913872,0.9387620091438292,0.1562091708183288,0.0629636198282241,0.9761714935302734,0.8454166666666667,0.82025
cifar10,0.8,Distill-S,18,6,0.7424,19.1929,0.2086,0.9759,0.7673,27,0.7406,0.7713,0.8012638688087463,0.9253023266792296,0.0840676099717617,0.1307568300247192,0.4858021140098572,0.8244006037712097,0.7894,0.1659888317555189,0.9549494981765748,0.1125028654932975,0.0225966405123472,0.9909098744392396,0.881,0.83725
cifar10,1.0,Distill-S,18,6,0.7384,19.2682,0.2108,1.0,0.7892,27,0.7287,0.7852,0.831785261631012,1.2249350547790527,0.0845943547457456,0.1549604253470897,0.5135793685913086,0.8127821087837219,0.7889,0.1670533898711204,0.9559532999992372,0.1097605973482132,0.0001302828313782,0.9999882578849792,0.8723,
cifar10,0.0,Baseline-Full,19,8,0.8039,22.093699999999995,0.1764749999999999,0.979775,0.8033,29,0.8061,0.8056,0.6215556859970093,1.1457602977752686,0.0704530036330223,0.141778046426177,0.3350018858909607,0.876552939414978,,,,,,,,
cifar10,0.2,Baseline-Full,19,8,0.8039,22.093699999999995,0.1764749999999999,0.979775,0.8033,29,0.8061,0.8056,0.6215556859970093,1.1457602977752686,0.0704530036330223,0.141778046426177,0.3350018858909607,0.876552939414978,,,,,,,,
cifar10,0.4,Baseline-Full,19,8,0.8039,22.093699999999995,0.1764749999999999,0.979775,0.8033,29,0.8061,0.8056,0.6215556859970093,1.1457602977752686,0.0704530036330223,0.141778046426177,0.3350018858909607,0.876552939414978,,,,,,,,
cifar10,0.6,Baseline-Full,19,8,0.8039,22.093699999999995,0.1764749999999999,0.979775,0.8033,29,0.8061,0.8056,0.6215556859970093,1.1457602977752686,0.0704530036330223,0.141778046426177,0.3350018858909607,0.876552939414978,,,,,,,,
cifar10,0.8,Baseline-Full,19,8,0.8039,22.093699999999995,0.1764749999999999,0.979775,0.8033,29,0.8061,0.8056,0.6215556859970093,1.1457602977752686,0.0704530036330223,0.141778046426177,0.3350018858909607,0.876552939414978,,,,,,,,
cifar10,1.0,Baseline-Full,19,8,0.8039,22.093699999999995,0.1764749999999999,0.979775,0.8033,29,0.8061,0.8056,0.6215556859970093,1.1457602977752686,0.0704530036330223,0.141778046426177,0.3350018858909607,0.876552939414978,,,,,,,,
cifar10,0.0,Baseline-Half,19,5,0.742,18.38035,0.2302,0.9785,0.7483,26,0.7448,0.7524,0.7581647634506226,1.4525504112243652,0.0504234605282545,0.1803474920004606,0.5714315176010132,0.7952234148979187,,,,,,,,
cifar10,0.2,Baseline-Half,19,5,0.742,18.38035,0.2302,0.9785,0.7483,26,0.7448,0.7524,0.7581647634506226,1.4525504112243652,0.0504234605282545,0.1803474920004606,0.5714315176010132,0.7952234148979187,,,,,,,,
cifar10,0.4,Baseline-Half,19,5,0.742,18.38035,0.2302,0.9785,0.7483,26,0.7448,0.7524,0.7581647634506226,1.4525504112243652,0.0504234605282545,0.1803474920004606,0.5714315176010132,0.7952234148979187,,,,,,,,
cifar10,0.6,Baseline-Half,19,5,0.742,18.38035,0.2302,0.9785,0.7483,26,0.7448,0.7524,0.7581647634506226,1.4525504112243652,0.0504234605282545,0.1803474920004606,0.5714315176010132,0.7952234148979187,,,,,,,,
cifar10,0.8,Baseline-Half,19,5,0.742,18.38035,0.2302,0.9785,0.7483,26,0.7448,0.7524,0.7581647634506226,1.4525504112243652,0.0504234605282545,0.1803474920004606,0.5714315176010132,0.7952234148979187,,,,,,,,
cifar10,1.0,Baseline-Half,19,5,0.742,18.38035,0.2302,0.9785,0.7483,26,0.7448,0.7524,0.7581647634506226,1.4525504112243652,0.0504234605282545,0.1803474920004606,0.5714315176010132,0.7952234148979187,,,,,,,,
cifar10,0.0,Baseline-LS,19,9,0.7687,21.91275,0.22835,0.99995,0.7716,30,0.7703,0.7711,0.7176281213760376,0.7847362160682678,0.0472962064385413,0.0735899217307567,0.9034259915351868,0.7233335971832275,,,,,,,,
cifar10,0.2,Baseline-LS,19,9,0.7687,21.91275,0.22835,0.99995,0.7716,30,0.7703,0.7711,0.7176281213760376,0.7847362160682678,0.0472962064385413,0.0735899217307567,0.9034259915351868,0.7233335971832275,,,,,,,,
cifar10,0.4,Baseline-LS,19,9,0.7687,21.91275,0.22835,0.99995,0.7716,30,0.7703,0.7711,0.7176281213760376,0.7847362160682678,0.0472962064385413,0.0735899217307567,0.9034259915351868,0.7233335971832275,,,,,,,,
cifar10,0.6,Baseline-LS,19,9,0.7687,21.91275,0.22835,0.99995,0.7716,30,0.7703,0.7711,0.7176281213760376,0.7847362160682678,0.0472962064385413,0.0735899217307567,0.9034259915351868,0.7233335971832275,,,,,,,,
cifar10,0.8,Baseline-LS,19,9,0.7687,21.91275,0.22835,0.99995,0.7716,30,0.7703,0.7711,0.7176281213760376,0.7847362160682678,0.0472962064385413,0.0735899217307567,0.9034259915351868,0.7233335971832275,,,,,,,,
cifar10,1.0,Baseline-LS,19,9,0.7687,21.91275,0.22835,0.99995,0.7716,30,0.7703,0.7711,0.7176281213760376,0.7847362160682678,0.0472962064385413,0.0735899217307567,0.9034259915351868,0.7233335971832275,,,,,,,,
cifar10,0.0,Distill-S,19,34,0.796,41.859300000000005,0.1242499999999999,0.91415,0.7899,55,0.7931,0.7907,0.6338493824005127,0.6386587619781494,0.0588475996285677,0.0614418831318617,0.4117451608181,0.851569652557373,0.7686,0.1552051838964223,0.9236508011817932,0.1975413262844085,0.1964101791381836,0.9242902398109436,,0.84925
cifar10,0.2,Distill-S,19,17,0.7844,28.26675,0.1585999999999999,0.9216,0.763,38,0.7837,0.7589,0.6978943943977356,0.8018603324890137,0.0823418225169182,0.1008360964104533,0.3707677125930786,0.865903913974762,0.783,0.1737519492417573,0.9567075967788696,0.1092212125658989,0.08656045794487,0.9653382897377014,0.998,0.873625
cifar10,0.4,Distill-S,19,7,0.7753,20.3267,0.1697999999999999,0.9407,0.7709,28,0.7711,0.7682,0.6992566585540771,0.8115826845169067,0.0657069769978523,0.1071822136431932,0.4499326050281524,0.8368070125579834,0.7816,0.1742252308756112,0.9557775259017944,0.1116613000631332,0.0677962377667427,0.9726938605308532,0.9375,0.86
cifar10,0.6,Distill-S,19,4,0.7537,18.00525,0.1798499999999999,0.95975,0.7799,25,0.7563,0.7787,0.7107755541801453,0.7799246907234192,0.0299982269734144,0.1037035512864589,0.5945414304733276,0.7859238386154175,0.7798,0.14935314412117,0.9291531443595886,0.1832011938095092,0.0807564854621887,0.970215618610382,0.8610833333333333,0.84025
cifar10,0.8,Distill-S,19,7,0.7443,20.10255,0.19915,0.97635,0.7772,28,0.7409,0.7731,0.8023232221603394,0.9125512838363647,0.0833316547095775,0.1321446952164173,0.4853947162628174,0.8238216638565063,0.7821,0.1717144433706999,0.953738272190094,0.1156940460205078,0.0227033793926239,0.9911899566650392,0.88425,0.83325
cifar10,1.0,Distill-S,19,6,0.7486,19.51365,0.2036,1.0,0.7964,27,0.7503,0.7909,0.7411515116691589,1.1003532409667969,0.063171616743505,0.1488938074201345,0.5194046497344971,0.8134715557098389,0.7932,0.1476515603303909,0.9408515691757202,0.1541065722703933,0.0031244829297065,0.9996085166931152,0.88615,
