dataset,alpha,group,seed,e_star,best_val_acc,auc_val,final_gen_gap,train_acc_final,val_acc_final,n_epochs,test_acc_best,test_acc_final,test_loss_best,test_loss_final,ece_best,ece_final,entropy_mean_best,conf_mean_best,teacher_test_acc,teacher_ece,teacher_conf_mean,teacher_entropy_mean,teacher_soft_entropy,teacher_soft_conf,agreement_overlap,agreement_nonoverlap
yeast,0.0,Baseline-Full,0,10,0.5232067704200745,15.649789154529572,0.10937154920477621,0.6578947368421053,0.5485231876373291,31,0.5791245791245792,0.6026936026936027,1.0683320760726929,1.0625479221343994,0.04334325290689565,0.06456991618731206,1.1433650255203247,0.5643908381462097,,,,,,,,
yeast,0.2,Baseline-Full,0,10,0.5232067704200745,15.649789154529572,0.10937154920477621,0.6578947368421053,0.5485231876373291,31,0.5791245791245792,0.6026936026936027,1.0683320760726929,1.0625479221343994,0.04334325290689565,0.06456991618731206,1.1433650255203247,0.5643908381462097,,,,,,,,
yeast,0.4,Baseline-Full,0,10,0.5232067704200745,15.649789154529572,0.10937154920477621,0.6578947368421053,0.5485231876373291,31,0.5791245791245792,0.6026936026936027,1.0683320760726929,1.0625479221343994,0.04334325290689565,0.06456991618731206,1.1433650255203247,0.5643908381462097,,,,,,,,
yeast,0.6,Baseline-Full,0,10,0.5232067704200745,15.649789154529572,0.10937154920477621,0.6578947368421053,0.5485231876373291,31,0.5791245791245792,0.6026936026936027,1.0683320760726929,1.0625479221343994,0.04334325290689565,0.06456991618731206,1.1433650255203247,0.5643908381462097,,,,,,,,
yeast,0.8,Baseline-Full,0,10,0.5232067704200745,15.649789154529572,0.10937154920477621,0.6578947368421053,0.5485231876373291,31,0.5791245791245792,0.6026936026936027,1.0683320760726929,1.0625479221343994,0.04334325290689565,0.06456991618731206,1.1433650255203247,0.5643908381462097,,,,,,,,
yeast,1.0,Baseline-Full,0,10,0.5232067704200745,15.649789154529572,0.10937154920477621,0.6578947368421053,0.5485231876373291,31,0.5791245791245792,0.6026936026936027,1.0683320760726929,1.0625479221343994,0.04334325290689565,0.06456991618731206,1.1433650255203247,0.5643908381462097,,,,,,,,
yeast,0.0,Baseline-Full,1,33,0.5569620132446289,28.833332791924477,0.10938043569263656,0.6536842105263158,0.5443037748336792,54,0.6127946127946128,0.6060606060606061,1.025869607925415,1.057024359703064,0.059521521081025354,0.06965395968771143,0.9615505337715149,0.6284210085868835,,,,,,,,
yeast,0.2,Baseline-Full,1,33,0.5569620132446289,28.833332791924477,0.10938043569263656,0.6536842105263158,0.5443037748336792,54,0.6127946127946128,0.6060606060606061,1.025869607925415,1.057024359703064,0.059521521081025354,0.06965395968771143,0.9615505337715149,0.6284210085868835,,,,,,,,
yeast,0.4,Baseline-Full,1,33,0.5569620132446289,28.833332791924477,0.10938043569263656,0.6536842105263158,0.5443037748336792,54,0.6127946127946128,0.6060606060606061,1.025869607925415,1.057024359703064,0.059521521081025354,0.06965395968771143,0.9615505337715149,0.6284210085868835,,,,,,,,
yeast,0.6,Baseline-Full,1,33,0.5569620132446289,28.833332791924477,0.10938043569263656,0.6536842105263158,0.5443037748336792,54,0.6127946127946128,0.6060606060606061,1.025869607925415,1.057024359703064,0.059521521081025354,0.06965395968771143,0.9615505337715149,0.6284210085868835,,,,,,,,
yeast,0.8,Baseline-Full,1,33,0.5569620132446289,28.833332791924477,0.10938043569263656,0.6536842105263158,0.5443037748336792,54,0.6127946127946128,0.6060606060606061,1.025869607925415,1.057024359703064,0.059521521081025354,0.06965395968771143,0.9615505337715149,0.6284210085868835,,,,,,,,
yeast,1.0,Baseline-Full,1,33,0.5569620132446289,28.833332791924477,0.10938043569263656,0.6536842105263158,0.5443037748336792,54,0.6127946127946128,0.6060606060606061,1.025869607925415,1.057024359703064,0.059521521081025354,0.06965395968771143,0.9615505337715149,0.6284210085868835,,,,,,,,
yeast,0.0,Baseline-Full,2,20,0.5864979028701782,23.00843921303749,0.032405092716217054,0.64,0.607594907283783,41,0.632996632996633,0.6397306397306397,1.097353458404541,1.0826438665390015,0.07388120438113358,0.09525876359305399,1.023266077041626,0.5879234671592712,,,,,,,,
yeast,0.2,Baseline-Full,2,20,0.5864979028701782,23.00843921303749,0.032405092716217054,0.64,0.607594907283783,41,0.632996632996633,0.6397306397306397,1.097353458404541,1.0826438665390015,0.07388120438113358,0.09525876359305399,1.023266077041626,0.5879234671592712,,,,,,,,
yeast,0.4,Baseline-Full,2,20,0.5864979028701782,23.00843921303749,0.032405092716217054,0.64,0.607594907283783,41,0.632996632996633,0.6397306397306397,1.097353458404541,1.0826438665390015,0.07388120438113358,0.09525876359305399,1.023266077041626,0.5879234671592712,,,,,,,,
yeast,0.6,Baseline-Full,2,20,0.5864979028701782,23.00843921303749,0.032405092716217054,0.64,0.607594907283783,41,0.632996632996633,0.6397306397306397,1.097353458404541,1.0826438665390015,0.07388120438113358,0.09525876359305399,1.023266077041626,0.5879234671592712,,,,,,,,
yeast,0.8,Baseline-Full,2,20,0.5864979028701782,23.00843921303749,0.032405092716217054,0.64,0.607594907283783,41,0.632996632996633,0.6397306397306397,1.097353458404541,1.0826438665390015,0.07388120438113358,0.09525876359305399,1.023266077041626,0.5879234671592712,,,,,,,,
yeast,1.0,Baseline-Full,2,20,0.5864979028701782,23.00843921303749,0.032405092716217054,0.64,0.607594907283783,41,0.632996632996633,0.6397306397306397,1.097353458404541,1.0826438665390015,0.07388120438113358,0.09525876359305399,1.023266077041626,0.5879234671592712,,,,,,,,
yeast,0.0,Baseline-Full,3,46,0.6244725584983826,40.6603369563818,0.0660981301257485,0.6694736842105263,0.6033755540847778,67,0.5959595959595959,0.6026936026936027,1.0664150714874268,1.094188928604126,0.06484691462532839,0.07582494992800434,0.942646861076355,0.627224862575531,,,,,,,,
yeast,0.2,Baseline-Full,3,46,0.6244725584983826,40.6603369563818,0.0660981301257485,0.6694736842105263,0.6033755540847778,67,0.5959595959595959,0.6026936026936027,1.0664150714874268,1.094188928604126,0.06484691462532839,0.07582494992800434,0.942646861076355,0.627224862575531,,,,,,,,
yeast,0.4,Baseline-Full,3,46,0.6244725584983826,40.6603369563818,0.0660981301257485,0.6694736842105263,0.6033755540847778,67,0.5959595959595959,0.6026936026936027,1.0664150714874268,1.094188928604126,0.06484691462532839,0.07582494992800434,0.942646861076355,0.627224862575531,,,,,,,,
yeast,0.6,Baseline-Full,3,46,0.6244725584983826,40.6603369563818,0.0660981301257485,0.6694736842105263,0.6033755540847778,67,0.5959595959595959,0.6026936026936027,1.0664150714874268,1.094188928604126,0.06484691462532839,0.07582494992800434,0.942646861076355,0.627224862575531,,,,,,,,
yeast,0.8,Baseline-Full,3,46,0.6244725584983826,40.6603369563818,0.0660981301257485,0.6694736842105263,0.6033755540847778,67,0.5959595959595959,0.6026936026936027,1.0664150714874268,1.094188928604126,0.06484691462532839,0.07582494992800434,0.942646861076355,0.627224862575531,,,,,,,,
yeast,1.0,Baseline-Full,3,46,0.6244725584983826,40.6603369563818,0.0660981301257485,0.6694736842105263,0.6033755540847778,67,0.5959595959595959,0.6026936026936027,1.0664150714874268,1.094188928604126,0.06484691462532839,0.07582494992800434,0.942646861076355,0.627224862575531,,,,,,,,
yeast,0.0,Baseline-Full,4,34,0.607594907283783,31.08649817109108,0.0629935543160689,0.6410526315789473,0.5780590772628784,55,0.6296296296296297,0.6397306397306397,1.0570306777954102,1.0839179754257202,0.07156240533698688,0.08963461817314328,0.934347927570343,0.6265106797218323,,,,,,,,
yeast,0.2,Baseline-Full,4,34,0.607594907283783,31.08649817109108,0.0629935543160689,0.6410526315789473,0.5780590772628784,55,0.6296296296296297,0.6397306397306397,1.0570306777954102,1.0839179754257202,0.07156240533698688,0.08963461817314328,0.934347927570343,0.6265106797218323,,,,,,,,
yeast,0.4,Baseline-Full,4,34,0.607594907283783,31.08649817109108,0.0629935543160689,0.6410526315789473,0.5780590772628784,55,0.6296296296296297,0.6397306397306397,1.0570306777954102,1.0839179754257202,0.07156240533698688,0.08963461817314328,0.934347927570343,0.6265106797218323,,,,,,,,
yeast,0.6,Baseline-Full,4,34,0.607594907283783,31.08649817109108,0.0629935543160689,0.6410526315789473,0.5780590772628784,55,0.6296296296296297,0.6397306397306397,1.0570306777954102,1.0839179754257202,0.07156240533698688,0.08963461817314328,0.934347927570343,0.6265106797218323,,,,,,,,
yeast,0.8,Baseline-Full,4,34,0.607594907283783,31.08649817109108,0.0629935543160689,0.6410526315789473,0.5780590772628784,55,0.6296296296296297,0.6397306397306397,1.0570306777954102,1.0839179754257202,0.07156240533698688,0.08963461817314328,0.934347927570343,0.6265106797218323,,,,,,,,
yeast,1.0,Baseline-Full,4,34,0.607594907283783,31.08649817109108,0.0629935543160689,0.6410526315789473,0.5780590772628784,55,0.6296296296296297,0.6397306397306397,1.0570306777954102,1.0839179754257202,0.07156240533698688,0.08963461817314328,0.934347927570343,0.6265106797218323,,,,,,,,
yeast,0.0,Baseline-Full,5,31,0.6286919713020325,31.012657836079597,0.004974466248562459,0.6421052631578947,0.6371307969093323,52,0.5858585858585859,0.6026936026936027,1.034118413925171,1.0354059934616089,0.05623676309280522,0.11202819459767453,0.9973929524421692,0.6191008687019348,,,,,,,,
yeast,0.2,Baseline-Full,5,31,0.6286919713020325,31.012657836079597,0.004974466248562459,0.6421052631578947,0.6371307969093323,52,0.5858585858585859,0.6026936026936027,1.034118413925171,1.0354059934616089,0.05623676309280522,0.11202819459767453,0.9973929524421692,0.6191008687019348,,,,,,,,
yeast,0.4,Baseline-Full,5,31,0.6286919713020325,31.012657836079597,0.004974466248562459,0.6421052631578947,0.6371307969093323,52,0.5858585858585859,0.6026936026936027,1.034118413925171,1.0354059934616089,0.05623676309280522,0.11202819459767453,0.9973929524421692,0.6191008687019348,,,,,,,,
yeast,0.6,Baseline-Full,5,31,0.6286919713020325,31.012657836079597,0.004974466248562459,0.6421052631578947,0.6371307969093323,52,0.5858585858585859,0.6026936026936027,1.034118413925171,1.0354059934616089,0.05623676309280522,0.11202819459767453,0.9973929524421692,0.6191008687019348,,,,,,,,
yeast,0.8,Baseline-Full,5,31,0.6286919713020325,31.012657836079597,0.004974466248562459,0.6421052631578947,0.6371307969093323,52,0.5858585858585859,0.6026936026936027,1.034118413925171,1.0354059934616089,0.05623676309280522,0.11202819459767453,0.9973929524421692,0.6191008687019348,,,,,,,,
yeast,1.0,Baseline-Full,5,31,0.6286919713020325,31.012657836079597,0.004974466248562459,0.6421052631578947,0.6371307969093323,52,0.5858585858585859,0.6026936026936027,1.034118413925171,1.0354059934616089,0.05623676309280522,0.11202819459767453,0.9973929524421692,0.6191008687019348,,,,,,,,
yeast,0.0,Baseline-Full,6,41,0.5822784900665283,34.449366971850395,0.09668665133024512,0.6705263157894736,0.5738396644592285,62,0.6026936026936027,0.5791245791245792,1.1051104068756104,1.1325829029083252,0.08141079374435375,0.0761718036550464,0.9653772711753845,0.6289059519767761,,,,,,,,
yeast,0.2,Baseline-Full,6,41,0.5822784900665283,34.449366971850395,0.09668665133024512,0.6705263157894736,0.5738396644592285,62,0.6026936026936027,0.5791245791245792,1.1051104068756104,1.1325829029083252,0.08141079374435375,0.0761718036550464,0.9653772711753845,0.6289059519767761,,,,,,,,
yeast,0.4,Baseline-Full,6,41,0.5822784900665283,34.449366971850395,0.09668665133024512,0.6705263157894736,0.5738396644592285,62,0.6026936026936027,0.5791245791245792,1.1051104068756104,1.1325829029083252,0.08141079374435375,0.0761718036550464,0.9653772711753845,0.6289059519767761,,,,,,,,
yeast,0.6,Baseline-Full,6,41,0.5822784900665283,34.449366971850395,0.09668665133024512,0.6705263157894736,0.5738396644592285,62,0.6026936026936027,0.5791245791245792,1.1051104068756104,1.1325829029083252,0.08141079374435375,0.0761718036550464,0.9653772711753845,0.6289059519767761,,,,,,,,
yeast,0.8,Baseline-Full,6,41,0.5822784900665283,34.449366971850395,0.09668665133024512,0.6705263157894736,0.5738396644592285,62,0.6026936026936027,0.5791245791245792,1.1051104068756104,1.1325829029083252,0.08141079374435375,0.0761718036550464,0.9653772711753845,0.6289059519767761,,,,,,,,
yeast,1.0,Baseline-Full,6,41,0.5822784900665283,34.449366971850395,0.09668665133024512,0.6705263157894736,0.5738396644592285,62,0.6026936026936027,0.5791245791245792,1.1051104068756104,1.1325829029083252,0.08141079374435375,0.0761718036550464,0.9653772711753845,0.6289059519767761,,,,,,,,
yeast,0.0,Baseline-Full,7,18,0.6244725584983826,23.584387883543968,0.04188760380995904,0.6452631578947369,0.6033755540847778,39,0.5589225589225589,0.5791245791245792,1.109088659286499,1.0920764207839966,0.07674066938133754,0.06338953746087624,1.0652767419815063,0.5745092630386353,,,,,,,,
yeast,0.2,Baseline-Full,7,18,0.6244725584983826,23.584387883543968,0.04188760380995904,0.6452631578947369,0.6033755540847778,39,0.5589225589225589,0.5791245791245792,1.109088659286499,1.0920764207839966,0.07674066938133754,0.06338953746087624,1.0652767419815063,0.5745092630386353,,,,,,,,
yeast,0.4,Baseline-Full,7,18,0.6244725584983826,23.584387883543968,0.04188760380995904,0.6452631578947369,0.6033755540847778,39,0.5589225589225589,0.5791245791245792,1.109088659286499,1.0920764207839966,0.07674066938133754,0.06338953746087624,1.0652767419815063,0.5745092630386353,,,,,,,,
yeast,0.6,Baseline-Full,7,18,0.6244725584983826,23.584387883543968,0.04188760380995904,0.6452631578947369,0.6033755540847778,39,0.5589225589225589,0.5791245791245792,1.109088659286499,1.0920764207839966,0.07674066938133754,0.06338953746087624,1.0652767419815063,0.5745092630386353,,,,,,,,
yeast,0.8,Baseline-Full,7,18,0.6244725584983826,23.584387883543968,0.04188760380995904,0.6452631578947369,0.6033755540847778,39,0.5589225589225589,0.5791245791245792,1.109088659286499,1.0920764207839966,0.07674066938133754,0.06338953746087624,1.0652767419815063,0.5745092630386353,,,,,,,,
yeast,1.0,Baseline-Full,7,18,0.6244725584983826,23.584387883543968,0.04188760380995904,0.6452631578947369,0.6033755540847778,39,0.5589225589225589,0.5791245791245792,1.109088659286499,1.0920764207839966,0.07674066938133754,0.06338953746087624,1.0652767419815063,0.5745092630386353,,,,,,,,
yeast,0.0,Baseline-Full,8,26,0.5907173156738281,26.495781108736992,0.07244057906301393,0.6631578947368421,0.5907173156738281,47,0.5656565656565656,0.5723905723905723,1.0656771659851074,1.094894289970398,0.07509838109867341,0.0815724557899064,0.996529757976532,0.6143200993537903,,,,,,,,
yeast,0.2,Baseline-Full,8,26,0.5907173156738281,26.495781108736992,0.07244057906301393,0.6631578947368421,0.5907173156738281,47,0.5656565656565656,0.5723905723905723,1.0656771659851074,1.094894289970398,0.07509838109867341,0.0815724557899064,0.996529757976532,0.6143200993537903,,,,,,,,
yeast,0.4,Baseline-Full,8,26,0.5907173156738281,26.495781108736992,0.07244057906301393,0.6631578947368421,0.5907173156738281,47,0.5656565656565656,0.5723905723905723,1.0656771659851074,1.094894289970398,0.07509838109867341,0.0815724557899064,0.996529757976532,0.6143200993537903,,,,,,,,
yeast,0.6,Baseline-Full,8,26,0.5907173156738281,26.495781108736992,0.07244057906301393,0.6631578947368421,0.5907173156738281,47,0.5656565656565656,0.5723905723905723,1.0656771659851074,1.094894289970398,0.07509838109867341,0.0815724557899064,0.996529757976532,0.6143200993537903,,,,,,,,
yeast,0.8,Baseline-Full,8,26,0.5907173156738281,26.495781108736992,0.07244057906301393,0.6631578947368421,0.5907173156738281,47,0.5656565656565656,0.5723905723905723,1.0656771659851074,1.094894289970398,0.07509838109867341,0.0815724557899064,0.996529757976532,0.6143200993537903,,,,,,,,
yeast,1.0,Baseline-Full,8,26,0.5907173156738281,26.495781108736992,0.07244057906301393,0.6631578947368421,0.5907173156738281,47,0.5656565656565656,0.5723905723905723,1.0656771659851074,1.094894289970398,0.07509838109867341,0.0815724557899064,0.996529757976532,0.6143200993537903,,,,,,,,
yeast,0.0,Baseline-Full,9,18,0.5654008388519287,20.734176963567734,0.10409061833431843,0.6610526315789473,0.5569620132446289,39,0.5555555555555556,0.5420875420875421,1.2401432991027832,1.261962890625,0.0856287722234373,0.10764084545650869,0.9990891814231873,0.5965784192085266,,,,,,,,
yeast,0.2,Baseline-Full,9,18,0.5654008388519287,20.734176963567734,0.10409061833431843,0.6610526315789473,0.5569620132446289,39,0.5555555555555556,0.5420875420875421,1.2401432991027832,1.261962890625,0.0856287722234373,0.10764084545650869,0.9990891814231873,0.5965784192085266,,,,,,,,
yeast,0.4,Baseline-Full,9,18,0.5654008388519287,20.734176963567734,0.10409061833431843,0.6610526315789473,0.5569620132446289,39,0.5555555555555556,0.5420875420875421,1.2401432991027832,1.261962890625,0.0856287722234373,0.10764084545650869,0.9990891814231873,0.5965784192085266,,,,,,,,
yeast,0.6,Baseline-Full,9,18,0.5654008388519287,20.734176963567734,0.10409061833431843,0.6610526315789473,0.5569620132446289,39,0.5555555555555556,0.5420875420875421,1.2401432991027832,1.261962890625,0.0856287722234373,0.10764084545650869,0.9990891814231873,0.5965784192085266,,,,,,,,
yeast,0.8,Baseline-Full,9,18,0.5654008388519287,20.734176963567734,0.10409061833431843,0.6610526315789473,0.5569620132446289,39,0.5555555555555556,0.5420875420875421,1.2401432991027832,1.261962890625,0.0856287722234373,0.10764084545650869,0.9990891814231873,0.5965784192085266,,,,,,,,
yeast,1.0,Baseline-Full,9,18,0.5654008388519287,20.734176963567734,0.10409061833431843,0.6610526315789473,0.5569620132446289,39,0.5555555555555556,0.5420875420875421,1.2401432991027832,1.261962890625,0.0856287722234373,0.10764084545650869,0.9990891814231873,0.5965784192085266,,,,,,,,
yeast,0.0,Baseline-Full,10,36,0.5907173156738281,31.58016861975193,0.09984454606708726,0.6736842105263158,0.5738396644592285,57,0.6060606060606061,0.6161616161616161,1.087343454360962,1.101478934288025,0.07517684680042845,0.08931759546702156,0.9628875255584717,0.6263366937637329,,,,,,,,
yeast,0.2,Baseline-Full,10,36,0.5907173156738281,31.58016861975193,0.09984454606708726,0.6736842105263158,0.5738396644592285,57,0.6060606060606061,0.6161616161616161,1.087343454360962,1.101478934288025,0.07517684680042845,0.08931759546702156,0.9628875255584717,0.6263366937637329,,,,,,,,
yeast,0.4,Baseline-Full,10,36,0.5907173156738281,31.58016861975193,0.09984454606708726,0.6736842105263158,0.5738396644592285,57,0.6060606060606061,0.6161616161616161,1.087343454360962,1.101478934288025,0.07517684680042845,0.08931759546702156,0.9628875255584717,0.6263366937637329,,,,,,,,
yeast,0.6,Baseline-Full,10,36,0.5907173156738281,31.58016861975193,0.09984454606708726,0.6736842105263158,0.5738396644592285,57,0.6060606060606061,0.6161616161616161,1.087343454360962,1.101478934288025,0.07517684680042845,0.08931759546702156,0.9628875255584717,0.6263366937637329,,,,,,,,
yeast,0.8,Baseline-Full,10,36,0.5907173156738281,31.58016861975193,0.09984454606708726,0.6736842105263158,0.5738396644592285,57,0.6060606060606061,0.6161616161616161,1.087343454360962,1.101478934288025,0.07517684680042845,0.08931759546702156,0.9628875255584717,0.6263366937637329,,,,,,,,
yeast,1.0,Baseline-Full,10,36,0.5907173156738281,31.58016861975193,0.09984454606708726,0.6736842105263158,0.5738396644592285,57,0.6060606060606061,0.6161616161616161,1.087343454360962,1.101478934288025,0.07517684680042845,0.08931759546702156,0.9628875255584717,0.6263366937637329,,,,,,,,
yeast,0.0,Baseline-Full,11,41,0.607594907283783,36.00211001932621,0.06292252201783033,0.6747368421052632,0.6118143200874329,62,0.5723905723905723,0.5488215488215489,1.1401370763778687,1.1586138010025024,0.0725162963473837,0.10055771118864067,0.9393308758735657,0.6171456575393677,,,,,,,,
yeast,0.2,Baseline-Full,11,41,0.607594907283783,36.00211001932621,0.06292252201783033,0.6747368421052632,0.6118143200874329,62,0.5723905723905723,0.5488215488215489,1.1401370763778687,1.1586138010025024,0.0725162963473837,0.10055771118864067,0.9393308758735657,0.6171456575393677,,,,,,,,
yeast,0.4,Baseline-Full,11,41,0.607594907283783,36.00211001932621,0.06292252201783033,0.6747368421052632,0.6118143200874329,62,0.5723905723905723,0.5488215488215489,1.1401370763778687,1.1586138010025024,0.0725162963473837,0.10055771118864067,0.9393308758735657,0.6171456575393677,,,,,,,,
yeast,0.6,Baseline-Full,11,41,0.607594907283783,36.00211001932621,0.06292252201783033,0.6747368421052632,0.6118143200874329,62,0.5723905723905723,0.5488215488215489,1.1401370763778687,1.1586138010025024,0.0725162963473837,0.10055771118864067,0.9393308758735657,0.6171456575393677,,,,,,,,
yeast,0.8,Baseline-Full,11,41,0.607594907283783,36.00211001932621,0.06292252201783033,0.6747368421052632,0.6118143200874329,62,0.5723905723905723,0.5488215488215489,1.1401370763778687,1.1586138010025024,0.0725162963473837,0.10055771118864067,0.9393308758735657,0.6171456575393677,,,,,,,,
yeast,1.0,Baseline-Full,11,41,0.607594907283783,36.00211001932621,0.06292252201783033,0.6747368421052632,0.6118143200874329,62,0.5723905723905723,0.5488215488215489,1.1401370763778687,1.1586138010025024,0.0725162963473837,0.10055771118864067,0.9393308758735657,0.6171456575393677,,,,,,,,
yeast,0.0,Baseline-Full,12,29,0.5907173156738281,28.04008474946022,0.04716853468041671,0.6421052631578947,0.594936728477478,50,0.622895622895623,0.6262626262626263,1.0057101249694824,1.0052506923675537,0.07480082467750267,0.06259774810537347,0.9178072214126587,0.6444954872131348,,,,,,,,
yeast,0.2,Baseline-Full,12,29,0.5907173156738281,28.04008474946022,0.04716853468041671,0.6421052631578947,0.594936728477478,50,0.622895622895623,0.6262626262626263,1.0057101249694824,1.0052506923675537,0.07480082467750267,0.06259774810537347,0.9178072214126587,0.6444954872131348,,,,,,,,
yeast,0.4,Baseline-Full,12,29,0.5907173156738281,28.04008474946022,0.04716853468041671,0.6421052631578947,0.594936728477478,50,0.622895622895623,0.6262626262626263,1.0057101249694824,1.0052506923675537,0.07480082467750267,0.06259774810537347,0.9178072214126587,0.6444954872131348,,,,,,,,
yeast,0.6,Baseline-Full,12,29,0.5907173156738281,28.04008474946022,0.04716853468041671,0.6421052631578947,0.594936728477478,50,0.622895622895623,0.6262626262626263,1.0057101249694824,1.0052506923675537,0.07480082467750267,0.06259774810537347,0.9178072214126587,0.6444954872131348,,,,,,,,
yeast,0.8,Baseline-Full,12,29,0.5907173156738281,28.04008474946022,0.04716853468041671,0.6421052631578947,0.594936728477478,50,0.622895622895623,0.6262626262626263,1.0057101249694824,1.0052506923675537,0.07480082467750267,0.06259774810537347,0.9178072214126587,0.6444954872131348,,,,,,,,
yeast,1.0,Baseline-Full,12,29,0.5907173156738281,28.04008474946022,0.04716853468041671,0.6421052631578947,0.594936728477478,50,0.622895622895623,0.6262626262626263,1.0057101249694824,1.0052506923675537,0.07480082467750267,0.06259774810537347,0.9178072214126587,0.6444954872131348,,,,,,,,
yeast,0.0,Baseline-Full,13,21,0.6413502097129822,25.170885920524597,0.0165711865927044,0.6452631578947369,0.6286919713020325,42,0.6262626262626263,0.632996632996633,1.0258204936981201,1.013163447380066,0.08624543089055856,0.0671174988802836,0.9931346774101257,0.6168686747550964,,,,,,,,
yeast,0.2,Baseline-Full,13,21,0.6413502097129822,25.170885920524597,0.0165711865927044,0.6452631578947369,0.6286919713020325,42,0.6262626262626263,0.632996632996633,1.0258204936981201,1.013163447380066,0.08624543089055856,0.0671174988802836,0.9931346774101257,0.6168686747550964,,,,,,,,
yeast,0.4,Baseline-Full,13,21,0.6413502097129822,25.170885920524597,0.0165711865927044,0.6452631578947369,0.6286919713020325,42,0.6262626262626263,0.632996632996633,1.0258204936981201,1.013163447380066,0.08624543089055856,0.0671174988802836,0.9931346774101257,0.6168686747550964,,,,,,,,
yeast,0.6,Baseline-Full,13,21,0.6413502097129822,25.170885920524597,0.0165711865927044,0.6452631578947369,0.6286919713020325,42,0.6262626262626263,0.632996632996633,1.0258204936981201,1.013163447380066,0.08624543089055856,0.0671174988802836,0.9931346774101257,0.6168686747550964,,,,,,,,
yeast,0.8,Baseline-Full,13,21,0.6413502097129822,25.170885920524597,0.0165711865927044,0.6452631578947369,0.6286919713020325,42,0.6262626262626263,0.632996632996633,1.0258204936981201,1.013163447380066,0.08624543089055856,0.0671174988802836,0.9931346774101257,0.6168686747550964,,,,,,,,
yeast,1.0,Baseline-Full,13,21,0.6413502097129822,25.170885920524597,0.0165711865927044,0.6452631578947369,0.6286919713020325,42,0.6262626262626263,0.632996632996633,1.0258204936981201,1.013163447380066,0.08624543089055856,0.0671174988802836,0.9931346774101257,0.6168686747550964,,,,,,,,
yeast,0.0,Baseline-Full,14,25,0.5696202516555786,25.187763556838036,0.0935465295691239,0.6589473684210526,0.5654008388519287,46,0.5488215488215489,0.5723905723905723,1.089465618133545,1.1016077995300293,0.0785368219870911,0.07022647765349056,0.9971303343772888,0.6027849912643433,,,,,,,,
yeast,0.2,Baseline-Full,14,25,0.5696202516555786,25.187763556838036,0.0935465295691239,0.6589473684210526,0.5654008388519287,46,0.5488215488215489,0.5723905723905723,1.089465618133545,1.1016077995300293,0.0785368219870911,0.07022647765349056,0.9971303343772888,0.6027849912643433,,,,,,,,
yeast,0.4,Baseline-Full,14,25,0.5696202516555786,25.187763556838036,0.0935465295691239,0.6589473684210526,0.5654008388519287,46,0.5488215488215489,0.5723905723905723,1.089465618133545,1.1016077995300293,0.0785368219870911,0.07022647765349056,0.9971303343772888,0.6027849912643433,,,,,,,,
yeast,0.6,Baseline-Full,14,25,0.5696202516555786,25.187763556838036,0.0935465295691239,0.6589473684210526,0.5654008388519287,46,0.5488215488215489,0.5723905723905723,1.089465618133545,1.1016077995300293,0.0785368219870911,0.07022647765349056,0.9971303343772888,0.6027849912643433,,,,,,,,
yeast,0.8,Baseline-Full,14,25,0.5696202516555786,25.187763556838036,0.0935465295691239,0.6589473684210526,0.5654008388519287,46,0.5488215488215489,0.5723905723905723,1.089465618133545,1.1016077995300293,0.0785368219870911,0.07022647765349056,0.9971303343772888,0.6027849912643433,,,,,,,,
yeast,1.0,Baseline-Full,14,25,0.5696202516555786,25.187763556838036,0.0935465295691239,0.6589473684210526,0.5654008388519287,46,0.5488215488215489,0.5723905723905723,1.089465618133545,1.1016077995300293,0.0785368219870911,0.07022647765349056,0.9971303343772888,0.6027849912643433,,,,,,,,
yeast,0.0,Baseline-Full,15,28,0.607594907283783,28.371307998895645,0.05345772429516438,0.6610526315789473,0.607594907283783,49,0.6060606060606061,0.6094276094276094,0.9367137551307678,0.9444239735603333,0.044210800970042194,0.07538463998121847,1.035804033279419,0.5932353138923645,,,,,,,,
yeast,0.2,Baseline-Full,15,28,0.607594907283783,28.371307998895645,0.05345772429516438,0.6610526315789473,0.607594907283783,49,0.6060606060606061,0.6094276094276094,0.9367137551307678,0.9444239735603333,0.044210800970042194,0.07538463998121847,1.035804033279419,0.5932353138923645,,,,,,,,
yeast,0.4,Baseline-Full,15,28,0.607594907283783,28.371307998895645,0.05345772429516438,0.6610526315789473,0.607594907283783,49,0.6060606060606061,0.6094276094276094,0.9367137551307678,0.9444239735603333,0.044210800970042194,0.07538463998121847,1.035804033279419,0.5932353138923645,,,,,,,,
yeast,0.6,Baseline-Full,15,28,0.607594907283783,28.371307998895645,0.05345772429516438,0.6610526315789473,0.607594907283783,49,0.6060606060606061,0.6094276094276094,0.9367137551307678,0.9444239735603333,0.044210800970042194,0.07538463998121847,1.035804033279419,0.5932353138923645,,,,,,,,
yeast,0.8,Baseline-Full,15,28,0.607594907283783,28.371307998895645,0.05345772429516438,0.6610526315789473,0.607594907283783,49,0.6060606060606061,0.6094276094276094,0.9367137551307678,0.9444239735603333,0.044210800970042194,0.07538463998121847,1.035804033279419,0.5932353138923645,,,,,,,,
yeast,1.0,Baseline-Full,15,28,0.607594907283783,28.371307998895645,0.05345772429516438,0.6610526315789473,0.607594907283783,49,0.6060606060606061,0.6094276094276094,0.9367137551307678,0.9444239735603333,0.044210800970042194,0.07538463998121847,1.035804033279419,0.5932353138923645,,,,,,,,
yeast,0.0,Baseline-Full,16,15,0.5822784900665283,20.253164932131767,0.06612478958932977,0.6568421052631579,0.5907173156738281,36,0.5757575757575758,0.5993265993265994,1.107007622718811,1.093766689300537,0.08289332301528365,0.08103961635518958,1.028857707977295,0.5970255732536316,,,,,,,,
yeast,0.2,Baseline-Full,16,15,0.5822784900665283,20.253164932131767,0.06612478958932977,0.6568421052631579,0.5907173156738281,36,0.5757575757575758,0.5993265993265994,1.107007622718811,1.093766689300537,0.08289332301528365,0.08103961635518958,1.028857707977295,0.5970255732536316,,,,,,,,
yeast,0.4,Baseline-Full,16,15,0.5822784900665283,20.253164932131767,0.06612478958932977,0.6568421052631579,0.5907173156738281,36,0.5757575757575758,0.5993265993265994,1.107007622718811,1.093766689300537,0.08289332301528365,0.08103961635518958,1.028857707977295,0.5970255732536316,,,,,,,,
yeast,0.6,Baseline-Full,16,15,0.5822784900665283,20.253164932131767,0.06612478958932977,0.6568421052631579,0.5907173156738281,36,0.5757575757575758,0.5993265993265994,1.107007622718811,1.093766689300537,0.08289332301528365,0.08103961635518958,1.028857707977295,0.5970255732536316,,,,,,,,
yeast,0.8,Baseline-Full,16,15,0.5822784900665283,20.253164932131767,0.06612478958932977,0.6568421052631579,0.5907173156738281,36,0.5757575757575758,0.5993265993265994,1.107007622718811,1.093766689300537,0.08289332301528365,0.08103961635518958,1.028857707977295,0.5970255732536316,,,,,,,,
yeast,1.0,Baseline-Full,16,15,0.5822784900665283,20.253164932131767,0.06612478958932977,0.6568421052631579,0.5907173156738281,36,0.5757575757575758,0.5993265993265994,1.107007622718811,1.093766689300537,0.08289332301528365,0.08103961635518958,1.028857707977295,0.5970255732536316,,,,,,,,
yeast,0.0,Baseline-Full,17,31,0.594936728477478,29.468355119228363,0.0671507617046958,0.6705263157894736,0.6033755540847778,52,0.6060606060606061,0.6127946127946128,1.078843593597412,1.1042389869689941,0.05528679510158319,0.08693813203962564,0.9536737203598022,0.6154245138168335,,,,,,,,
yeast,0.2,Baseline-Full,17,31,0.594936728477478,29.468355119228363,0.0671507617046958,0.6705263157894736,0.6033755540847778,52,0.6060606060606061,0.6127946127946128,1.078843593597412,1.1042389869689941,0.05528679510158319,0.08693813203962564,0.9536737203598022,0.6154245138168335,,,,,,,,
yeast,0.4,Baseline-Full,17,31,0.594936728477478,29.468355119228363,0.0671507617046958,0.6705263157894736,0.6033755540847778,52,0.6060606060606061,0.6127946127946128,1.078843593597412,1.1042389869689941,0.05528679510158319,0.08693813203962564,0.9536737203598022,0.6154245138168335,,,,,,,,
yeast,0.6,Baseline-Full,17,31,0.594936728477478,29.468355119228363,0.0671507617046958,0.6705263157894736,0.6033755540847778,52,0.6060606060606061,0.6127946127946128,1.078843593597412,1.1042389869689941,0.05528679510158319,0.08693813203962564,0.9536737203598022,0.6154245138168335,,,,,,,,
yeast,0.8,Baseline-Full,17,31,0.594936728477478,29.468355119228363,0.0671507617046958,0.6705263157894736,0.6033755540847778,52,0.6060606060606061,0.6127946127946128,1.078843593597412,1.1042389869689941,0.05528679510158319,0.08693813203962564,0.9536737203598022,0.6154245138168335,,,,,,,,
yeast,1.0,Baseline-Full,17,31,0.594936728477478,29.468355119228363,0.0671507617046958,0.6705263157894736,0.6033755540847778,52,0.6060606060606061,0.6127946127946128,1.078843593597412,1.1042389869689941,0.05528679510158319,0.08693813203962564,0.9536737203598022,0.6154245138168335,,,,,,,,
yeast,0.0,Baseline-Full,18,22,0.6202531456947327,25.345991238951683,0.029220538515793648,0.6494736842105263,0.6202531456947327,43,0.5993265993265994,0.6026936026936027,1.0661487579345703,1.092821478843689,0.07797624878209047,0.05703688244827669,1.0031019449234009,0.6002742648124695,,,,,,,,
yeast,0.2,Baseline-Full,18,22,0.6202531456947327,25.345991238951683,0.029220538515793648,0.6494736842105263,0.6202531456947327,43,0.5993265993265994,0.6026936026936027,1.0661487579345703,1.092821478843689,0.07797624878209047,0.05703688244827669,1.0031019449234009,0.6002742648124695,,,,,,,,
yeast,0.4,Baseline-Full,18,22,0.6202531456947327,25.345991238951683,0.029220538515793648,0.6494736842105263,0.6202531456947327,43,0.5993265993265994,0.6026936026936027,1.0661487579345703,1.092821478843689,0.07797624878209047,0.05703688244827669,1.0031019449234009,0.6002742648124695,,,,,,,,
yeast,0.6,Baseline-Full,18,22,0.6202531456947327,25.345991238951683,0.029220538515793648,0.6494736842105263,0.6202531456947327,43,0.5993265993265994,0.6026936026936027,1.0661487579345703,1.092821478843689,0.07797624878209047,0.05703688244827669,1.0031019449234009,0.6002742648124695,,,,,,,,
yeast,0.8,Baseline-Full,18,22,0.6202531456947327,25.345991238951683,0.029220538515793648,0.6494736842105263,0.6202531456947327,43,0.5993265993265994,0.6026936026936027,1.0661487579345703,1.092821478843689,0.07797624878209047,0.05703688244827669,1.0031019449234009,0.6002742648124695,,,,,,,,
yeast,1.0,Baseline-Full,18,22,0.6202531456947327,25.345991238951683,0.029220538515793648,0.6494736842105263,0.6202531456947327,43,0.5993265993265994,0.6026936026936027,1.0661487579345703,1.092821478843689,0.07797624878209047,0.05703688244827669,1.0031019449234009,0.6002742648124695,,,,,,,,
yeast,0.0,Baseline-Full,19,30,0.5654008388519287,27.782700195908546,0.09564290623915828,0.6652631578947369,0.5696202516555786,51,0.5959595959595959,0.5723905723905723,1.123921275138855,1.178238868713379,0.10077215274576384,0.0795911373413773,1.0216939449310303,0.611042857170105,,,,,,,,
yeast,0.2,Baseline-Full,19,30,0.5654008388519287,27.782700195908546,0.09564290623915828,0.6652631578947369,0.5696202516555786,51,0.5959595959595959,0.5723905723905723,1.123921275138855,1.178238868713379,0.10077215274576384,0.0795911373413773,1.0216939449310303,0.611042857170105,,,,,,,,
yeast,0.4,Baseline-Full,19,30,0.5654008388519287,27.782700195908546,0.09564290623915828,0.6652631578947369,0.5696202516555786,51,0.5959595959595959,0.5723905723905723,1.123921275138855,1.178238868713379,0.10077215274576384,0.0795911373413773,1.0216939449310303,0.611042857170105,,,,,,,,
yeast,0.6,Baseline-Full,19,30,0.5654008388519287,27.782700195908546,0.09564290623915828,0.6652631578947369,0.5696202516555786,51,0.5959595959595959,0.5723905723905723,1.123921275138855,1.178238868713379,0.10077215274576384,0.0795911373413773,1.0216939449310303,0.611042857170105,,,,,,,,
yeast,0.8,Baseline-Full,19,30,0.5654008388519287,27.782700195908546,0.09564290623915828,0.6652631578947369,0.5696202516555786,51,0.5959595959595959,0.5723905723905723,1.123921275138855,1.178238868713379,0.10077215274576384,0.0795911373413773,1.0216939449310303,0.611042857170105,,,,,,,,
yeast,1.0,Baseline-Full,19,30,0.5654008388519287,27.782700195908546,0.09564290623915828,0.6652631578947369,0.5696202516555786,51,0.5959595959595959,0.5723905723905723,1.123921275138855,1.178238868713379,0.10077215274576384,0.0795911373413773,1.0216939449310303,0.611042857170105,,,,,,,,
yeast,0.0,Baseline-Half,0,22,0.5189873576164246,21.926160544157028,0.15254721691733908,0.6926315789473684,0.5400843620300293,43,0.5925925925925926,0.6094276094276094,1.080073356628418,1.0798810720443726,0.08550193208435973,0.057955685187670525,1.0624955892562866,0.5901594161987305,,,,,,,,
yeast,0.2,Baseline-Half,0,22,0.5189873576164246,21.926160544157028,0.15254721691733908,0.6926315789473684,0.5400843620300293,43,0.5925925925925926,0.6094276094276094,1.080073356628418,1.0798810720443726,0.08550193208435973,0.057955685187670525,1.0624955892562866,0.5901594161987305,,,,,,,,
yeast,0.4,Baseline-Half,0,22,0.5189873576164246,21.926160544157028,0.15254721691733908,0.6926315789473684,0.5400843620300293,43,0.5925925925925926,0.6094276094276094,1.080073356628418,1.0798810720443726,0.08550193208435973,0.057955685187670525,1.0624955892562866,0.5901594161987305,,,,,,,,
yeast,0.6,Baseline-Half,0,22,0.5189873576164246,21.926160544157028,0.15254721691733908,0.6926315789473684,0.5400843620300293,43,0.5925925925925926,0.6094276094276094,1.080073356628418,1.0798810720443726,0.08550193208435973,0.057955685187670525,1.0624955892562866,0.5901594161987305,,,,,,,,
yeast,0.8,Baseline-Half,0,22,0.5189873576164246,21.926160544157028,0.15254721691733908,0.6926315789473684,0.5400843620300293,43,0.5925925925925926,0.6094276094276094,1.080073356628418,1.0798810720443726,0.08550193208435973,0.057955685187670525,1.0624955892562866,0.5901594161987305,,,,,,,,
yeast,1.0,Baseline-Half,0,22,0.5189873576164246,21.926160544157028,0.15254721691733908,0.6926315789473684,0.5400843620300293,43,0.5925925925925926,0.6094276094276094,1.080073356628418,1.0798810720443726,0.08550193208435973,0.057955685187670525,1.0624955892562866,0.5901594161987305,,,,,,,,
yeast,0.0,Baseline-Half,1,23,0.5696202516555786,23.183544114232063,0.09987120553066853,0.6610526315789473,0.5611814260482788,44,0.6094276094276094,0.6127946127946128,1.0565201044082642,1.0859869718551636,0.044973800629879095,0.056307453097719146,1.0826183557510376,0.5877873301506042,,,,,,,,
yeast,0.2,Baseline-Half,1,23,0.5696202516555786,23.183544114232063,0.09987120553066853,0.6610526315789473,0.5611814260482788,44,0.6094276094276094,0.6127946127946128,1.0565201044082642,1.0859869718551636,0.044973800629879095,0.056307453097719146,1.0826183557510376,0.5877873301506042,,,,,,,,
yeast,0.4,Baseline-Half,1,23,0.5696202516555786,23.183544114232063,0.09987120553066853,0.6610526315789473,0.5611814260482788,44,0.6094276094276094,0.6127946127946128,1.0565201044082642,1.0859869718551636,0.044973800629879095,0.056307453097719146,1.0826183557510376,0.5877873301506042,,,,,,,,
yeast,0.6,Baseline-Half,1,23,0.5696202516555786,23.183544114232063,0.09987120553066853,0.6610526315789473,0.5611814260482788,44,0.6094276094276094,0.6127946127946128,1.0565201044082642,1.0859869718551636,0.044973800629879095,0.056307453097719146,1.0826183557510376,0.5877873301506042,,,,,,,,
yeast,0.8,Baseline-Half,1,23,0.5696202516555786,23.183544114232063,0.09987120553066853,0.6610526315789473,0.5611814260482788,44,0.6094276094276094,0.6127946127946128,1.0565201044082642,1.0859869718551636,0.044973800629879095,0.056307453097719146,1.0826183557510376,0.5877873301506042,,,,,,,,
yeast,1.0,Baseline-Half,1,23,0.5696202516555786,23.183544114232063,0.09987120553066853,0.6610526315789473,0.5611814260482788,44,0.6094276094276094,0.6127946127946128,1.0565201044082642,1.0859869718551636,0.044973800629879095,0.056307453097719146,1.0826183557510376,0.5877873301506042,,,,,,,,
yeast,0.0,Baseline-Half,2,31,0.552742600440979,26.601265490055084,0.12304687324323149,0.6757894736842105,0.552742600440979,52,0.6161616161616161,0.6296296296296297,1.1742743253707886,1.2198307514190674,0.10910363505384332,0.09982628031611845,0.9958111643791199,0.5954500436782837,,,,,,,,
yeast,0.2,Baseline-Half,2,31,0.552742600440979,26.601265490055084,0.12304687324323149,0.6757894736842105,0.552742600440979,52,0.6161616161616161,0.6296296296296297,1.1742743253707886,1.2198307514190674,0.10910363505384332,0.09982628031611845,0.9958111643791199,0.5954500436782837,,,,,,,,
yeast,0.4,Baseline-Half,2,31,0.552742600440979,26.601265490055084,0.12304687324323149,0.6757894736842105,0.552742600440979,52,0.6161616161616161,0.6296296296296297,1.1742743253707886,1.2198307514190674,0.10910363505384332,0.09982628031611845,0.9958111643791199,0.5954500436782837,,,,,,,,
yeast,0.6,Baseline-Half,2,31,0.552742600440979,26.601265490055084,0.12304687324323149,0.6757894736842105,0.552742600440979,52,0.6161616161616161,0.6296296296296297,1.1742743253707886,1.2198307514190674,0.10910363505384332,0.09982628031611845,0.9958111643791199,0.5954500436782837,,,,,,,,
yeast,0.8,Baseline-Half,2,31,0.552742600440979,26.601265490055084,0.12304687324323149,0.6757894736842105,0.552742600440979,52,0.6161616161616161,0.6296296296296297,1.1742743253707886,1.2198307514190674,0.10910363505384332,0.09982628031611845,0.9958111643791199,0.5954500436782837,,,,,,,,
yeast,1.0,Baseline-Half,2,31,0.552742600440979,26.601265490055084,0.12304687324323149,0.6757894736842105,0.552742600440979,52,0.6161616161616161,0.6296296296296297,1.1742743253707886,1.2198307514190674,0.10910363505384332,0.09982628031611845,0.9958111643791199,0.5954500436782837,,,,,,,,
yeast,0.0,Baseline-Half,3,29,0.6160337328910828,28.759493112564087,0.0555629874530591,0.6631578947368421,0.607594907283783,50,0.5858585858585859,0.5723905723905723,1.1253968477249146,1.1361621618270874,0.07227280695831738,0.0695127879931068,1.0145556926727295,0.5948826670646667,,,,,,,,
yeast,0.2,Baseline-Half,3,29,0.6160337328910828,28.759493112564087,0.0555629874530591,0.6631578947368421,0.607594907283783,50,0.5858585858585859,0.5723905723905723,1.1253968477249146,1.1361621618270874,0.07227280695831738,0.0695127879931068,1.0145556926727295,0.5948826670646667,,,,,,,,
yeast,0.4,Baseline-Half,3,29,0.6160337328910828,28.759493112564087,0.0555629874530591,0.6631578947368421,0.607594907283783,50,0.5858585858585859,0.5723905723905723,1.1253968477249146,1.1361621618270874,0.07227280695831738,0.0695127879931068,1.0145556926727295,0.5948826670646667,,,,,,,,
yeast,0.6,Baseline-Half,3,29,0.6160337328910828,28.759493112564087,0.0555629874530591,0.6631578947368421,0.607594907283783,50,0.5858585858585859,0.5723905723905723,1.1253968477249146,1.1361621618270874,0.07227280695831738,0.0695127879931068,1.0145556926727295,0.5948826670646667,,,,,,,,
yeast,0.8,Baseline-Half,3,29,0.6160337328910828,28.759493112564087,0.0555629874530591,0.6631578947368421,0.607594907283783,50,0.5858585858585859,0.5723905723905723,1.1253968477249146,1.1361621618270874,0.07227280695831738,0.0695127879931068,1.0145556926727295,0.5948826670646667,,,,,,,,
yeast,1.0,Baseline-Half,3,29,0.6160337328910828,28.759493112564087,0.0555629874530591,0.6631578947368421,0.607594907283783,50,0.5858585858585859,0.5723905723905723,1.1253968477249146,1.1361621618270874,0.07227280695831738,0.0695127879931068,1.0145556926727295,0.5948826670646667,,,,,,,,
yeast,0.0,Baseline-Half,4,36,0.5738396644592285,30.08227813243866,0.09986231904280818,0.6652631578947369,0.5654008388519287,57,0.6026936026936027,0.6127946127946128,1.1100151538848877,1.1181293725967407,0.0967185743128009,0.1054498152901428,0.9472116827964783,0.6185472011566162,,,,,,,,
yeast,0.2,Baseline-Half,4,36,0.5738396644592285,30.08227813243866,0.09986231904280818,0.6652631578947369,0.5654008388519287,57,0.6026936026936027,0.6127946127946128,1.1100151538848877,1.1181293725967407,0.0967185743128009,0.1054498152901428,0.9472116827964783,0.6185472011566162,,,,,,,,
yeast,0.4,Baseline-Half,4,36,0.5738396644592285,30.08227813243866,0.09986231904280818,0.6652631578947369,0.5654008388519287,57,0.6026936026936027,0.6127946127946128,1.1100151538848877,1.1181293725967407,0.0967185743128009,0.1054498152901428,0.9472116827964783,0.6185472011566162,,,,,,,,
yeast,0.6,Baseline-Half,4,36,0.5738396644592285,30.08227813243866,0.09986231904280818,0.6652631578947369,0.5654008388519287,57,0.6026936026936027,0.6127946127946128,1.1100151538848877,1.1181293725967407,0.0967185743128009,0.1054498152901428,0.9472116827964783,0.6185472011566162,,,,,,,,
yeast,0.8,Baseline-Half,4,36,0.5738396644592285,30.08227813243866,0.09986231904280818,0.6652631578947369,0.5654008388519287,57,0.6026936026936027,0.6127946127946128,1.1100151538848877,1.1181293725967407,0.0967185743128009,0.1054498152901428,0.9472116827964783,0.6185472011566162,,,,,,,,
yeast,1.0,Baseline-Half,4,36,0.5738396644592285,30.08227813243866,0.09986231904280818,0.6652631578947369,0.5654008388519287,57,0.6026936026936027,0.6127946127946128,1.1100151538848877,1.1181293725967407,0.0967185743128009,0.1054498152901428,0.9472116827964783,0.6185472011566162,,,,,,,,
yeast,0.0,Baseline-Half,5,33,0.6118143200874329,31.078058421611786,0.04503667166358549,0.6526315789473685,0.607594907283783,54,0.5824915824915825,0.5824915824915825,1.0512560606002808,1.0704721212387085,0.06932640176028113,0.07714545445811466,1.0242161750793457,0.6114495992660522,,,,,,,,
yeast,0.2,Baseline-Half,5,33,0.6118143200874329,31.078058421611786,0.04503667166358549,0.6526315789473685,0.607594907283783,54,0.5824915824915825,0.5824915824915825,1.0512560606002808,1.0704721212387085,0.06932640176028113,0.07714545445811466,1.0242161750793457,0.6114495992660522,,,,,,,,
yeast,0.4,Baseline-Half,5,33,0.6118143200874329,31.078058421611786,0.04503667166358549,0.6526315789473685,0.607594907283783,54,0.5824915824915825,0.5824915824915825,1.0512560606002808,1.0704721212387085,0.06932640176028113,0.07714545445811466,1.0242161750793457,0.6114495992660522,,,,,,,,
yeast,0.6,Baseline-Half,5,33,0.6118143200874329,31.078058421611786,0.04503667166358549,0.6526315789473685,0.607594907283783,54,0.5824915824915825,0.5824915824915825,1.0512560606002808,1.0704721212387085,0.06932640176028113,0.07714545445811466,1.0242161750793457,0.6114495992660522,,,,,,,,
yeast,0.8,Baseline-Half,5,33,0.6118143200874329,31.078058421611786,0.04503667166358549,0.6526315789473685,0.607594907283783,54,0.5824915824915825,0.5824915824915825,1.0512560606002808,1.0704721212387085,0.06932640176028113,0.07714545445811466,1.0242161750793457,0.6114495992660522,,,,,,,,
yeast,1.0,Baseline-Half,5,33,0.6118143200874329,31.078058421611786,0.04503667166358549,0.6526315789473685,0.607594907283783,54,0.5824915824915825,0.5824915824915825,1.0512560606002808,1.0704721212387085,0.06932640176028113,0.07714545445811466,1.0242161750793457,0.6114495992660522,,,,,,,,
yeast,0.0,Baseline-Half,6,33,0.5611814260482788,29.111814104020596,0.09564290623915828,0.6652631578947369,0.5696202516555786,54,0.5858585858585859,0.5757575757575758,1.1307942867279053,1.1695561408996582,0.0736632589438949,0.1013169909266109,1.0499827861785889,0.5837414860725403,,,,,,,,
yeast,0.2,Baseline-Half,6,33,0.5611814260482788,29.111814104020596,0.09564290623915828,0.6652631578947369,0.5696202516555786,54,0.5858585858585859,0.5757575757575758,1.1307942867279053,1.1695561408996582,0.0736632589438949,0.1013169909266109,1.0499827861785889,0.5837414860725403,,,,,,,,
yeast,0.4,Baseline-Half,6,33,0.5611814260482788,29.111814104020596,0.09564290623915828,0.6652631578947369,0.5696202516555786,54,0.5858585858585859,0.5757575757575758,1.1307942867279053,1.1695561408996582,0.0736632589438949,0.1013169909266109,1.0499827861785889,0.5837414860725403,,,,,,,,
yeast,0.6,Baseline-Half,6,33,0.5611814260482788,29.111814104020596,0.09564290623915828,0.6652631578947369,0.5696202516555786,54,0.5858585858585859,0.5757575757575758,1.1307942867279053,1.1695561408996582,0.0736632589438949,0.1013169909266109,1.0499827861785889,0.5837414860725403,,,,,,,,
yeast,0.8,Baseline-Half,6,33,0.5611814260482788,29.111814104020596,0.09564290623915828,0.6652631578947369,0.5696202516555786,54,0.5858585858585859,0.5757575757575758,1.1307942867279053,1.1695561408996582,0.0736632589438949,0.1013169909266109,1.0499827861785889,0.5837414860725403,,,,,,,,
yeast,1.0,Baseline-Half,6,33,0.5611814260482788,29.111814104020596,0.09564290623915828,0.6652631578947369,0.5696202516555786,54,0.5858585858585859,0.5757575757575758,1.1307942867279053,1.1695561408996582,0.0736632589438949,0.1013169909266109,1.0499827861785889,0.5837414860725403,,,,,,,,
yeast,0.0,Baseline-Half,7,28,0.6455696225166321,29.293248742818832,0.0639840400846381,0.671578947368421,0.607594907283783,49,0.5387205387205387,0.5420875420875421,1.1495811939239502,1.15081787109375,0.07014738048367226,0.09643941099194162,1.0268534421920776,0.5922719240188599,,,,,,,,
yeast,0.2,Baseline-Half,7,28,0.6455696225166321,29.293248742818832,0.0639840400846381,0.671578947368421,0.607594907283783,49,0.5387205387205387,0.5420875420875421,1.1495811939239502,1.15081787109375,0.07014738048367226,0.09643941099194162,1.0268534421920776,0.5922719240188599,,,,,,,,
yeast,0.4,Baseline-Half,7,28,0.6455696225166321,29.293248742818832,0.0639840400846381,0.671578947368421,0.607594907283783,49,0.5387205387205387,0.5420875420875421,1.1495811939239502,1.15081787109375,0.07014738048367226,0.09643941099194162,1.0268534421920776,0.5922719240188599,,,,,,,,
yeast,0.6,Baseline-Half,7,28,0.6455696225166321,29.293248742818832,0.0639840400846381,0.671578947368421,0.607594907283783,49,0.5387205387205387,0.5420875420875421,1.1495811939239502,1.15081787109375,0.07014738048367226,0.09643941099194162,1.0268534421920776,0.5922719240188599,,,,,,,,
yeast,0.8,Baseline-Half,7,28,0.6455696225166321,29.293248742818832,0.0639840400846381,0.671578947368421,0.607594907283783,49,0.5387205387205387,0.5420875420875421,1.1495811939239502,1.15081787109375,0.07014738048367226,0.09643941099194162,1.0268534421920776,0.5922719240188599,,,,,,,,
yeast,1.0,Baseline-Half,7,28,0.6455696225166321,29.293248742818832,0.0639840400846381,0.671578947368421,0.607594907283783,49,0.5387205387205387,0.5420875420875421,1.1495811939239502,1.15081787109375,0.07014738048367226,0.09643941099194162,1.0268534421920776,0.5922719240188599,,,,,,,,
yeast,0.0,Baseline-Half,8,31,0.594936728477478,28.312236472964287,0.1040550723828767,0.6778947368421052,0.5738396644592285,52,0.5521885521885522,0.569023569023569,1.1569901704788208,1.210854172706604,0.0617334512046692,0.08141096031625662,1.0135529041290283,0.6058563590049744,,,,,,,,
yeast,0.2,Baseline-Half,8,31,0.594936728477478,28.312236472964287,0.1040550723828767,0.6778947368421052,0.5738396644592285,52,0.5521885521885522,0.569023569023569,1.1569901704788208,1.210854172706604,0.0617334512046692,0.08141096031625662,1.0135529041290283,0.6058563590049744,,,,,,,,
yeast,0.4,Baseline-Half,8,31,0.594936728477478,28.312236472964287,0.1040550723828767,0.6778947368421052,0.5738396644592285,52,0.5521885521885522,0.569023569023569,1.1569901704788208,1.210854172706604,0.0617334512046692,0.08141096031625662,1.0135529041290283,0.6058563590049744,,,,,,,,
yeast,0.6,Baseline-Half,8,31,0.594936728477478,28.312236472964287,0.1040550723828767,0.6778947368421052,0.5738396644592285,52,0.5521885521885522,0.569023569023569,1.1569901704788208,1.210854172706604,0.0617334512046692,0.08141096031625662,1.0135529041290283,0.6058563590049744,,,,,,,,
yeast,0.8,Baseline-Half,8,31,0.594936728477478,28.312236472964287,0.1040550723828767,0.6778947368421052,0.5738396644592285,52,0.5521885521885522,0.569023569023569,1.1569901704788208,1.210854172706604,0.0617334512046692,0.08141096031625662,1.0135529041290283,0.6058563590049744,,,,,,,,
yeast,1.0,Baseline-Half,8,31,0.594936728477478,28.312236472964287,0.1040550723828767,0.6778947368421052,0.5738396644592285,52,0.5521885521885522,0.569023569023569,1.1569901704788208,1.210854172706604,0.0617334512046692,0.08141096031625662,1.0135529041290283,0.6058563590049744,,,,,,,,
yeast,0.0,Baseline-Half,9,17,0.5316455960273743,18.869198113679886,0.10200312815214463,0.6505263157894737,0.5485231876373291,38,0.5218855218855218,0.5218855218855218,1.268632411956787,1.3163400888442993,0.08804175839681014,0.08964703656005539,1.1313495635986328,0.560560941696167,,,,,,,,
yeast,0.2,Baseline-Half,9,17,0.5316455960273743,18.869198113679886,0.10200312815214463,0.6505263157894737,0.5485231876373291,38,0.5218855218855218,0.5218855218855218,1.268632411956787,1.3163400888442993,0.08804175839681014,0.08964703656005539,1.1313495635986328,0.560560941696167,,,,,,,,
yeast,0.4,Baseline-Half,9,17,0.5316455960273743,18.869198113679886,0.10200312815214463,0.6505263157894737,0.5485231876373291,38,0.5218855218855218,0.5218855218855218,1.268632411956787,1.3163400888442993,0.08804175839681014,0.08964703656005539,1.1313495635986328,0.560560941696167,,,,,,,,
yeast,0.6,Baseline-Half,9,17,0.5316455960273743,18.869198113679886,0.10200312815214463,0.6505263157894737,0.5485231876373291,38,0.5218855218855218,0.5218855218855218,1.268632411956787,1.3163400888442993,0.08804175839681014,0.08964703656005539,1.1313495635986328,0.560560941696167,,,,,,,,
yeast,0.8,Baseline-Half,9,17,0.5316455960273743,18.869198113679886,0.10200312815214463,0.6505263157894737,0.5485231876373291,38,0.5218855218855218,0.5218855218855218,1.268632411956787,1.3163400888442993,0.08804175839681014,0.08964703656005539,1.1313495635986328,0.560560941696167,,,,,,,,
yeast,1.0,Baseline-Half,9,17,0.5316455960273743,18.869198113679886,0.10200312815214463,0.6505263157894737,0.5485231876373291,38,0.5218855218855218,0.5218855218855218,1.268632411956787,1.3163400888442993,0.08804175839681014,0.08964703656005539,1.1313495635986328,0.560560941696167,,,,,,,,
yeast,0.0,Baseline-Half,10,26,0.5864979028701782,25.687763810157776,0.08927379783831146,0.6842105263157895,0.594936728477478,47,0.5723905723905723,0.5824915824915825,1.091811180114746,1.1201868057250977,0.05861720492944173,0.07608045070661038,1.0685408115386963,0.5899982452392578,,,,,,,,
yeast,0.2,Baseline-Half,10,26,0.5864979028701782,25.687763810157776,0.08927379783831146,0.6842105263157895,0.594936728477478,47,0.5723905723905723,0.5824915824915825,1.091811180114746,1.1201868057250977,0.05861720492944173,0.07608045070661038,1.0685408115386963,0.5899982452392578,,,,,,,,
yeast,0.4,Baseline-Half,10,26,0.5864979028701782,25.687763810157776,0.08927379783831146,0.6842105263157895,0.594936728477478,47,0.5723905723905723,0.5824915824915825,1.091811180114746,1.1201868057250977,0.05861720492944173,0.07608045070661038,1.0685408115386963,0.5899982452392578,,,,,,,,
yeast,0.6,Baseline-Half,10,26,0.5864979028701782,25.687763810157776,0.08927379783831146,0.6842105263157895,0.594936728477478,47,0.5723905723905723,0.5824915824915825,1.091811180114746,1.1201868057250977,0.05861720492944173,0.07608045070661038,1.0685408115386963,0.5899982452392578,,,,,,,,
yeast,0.8,Baseline-Half,10,26,0.5864979028701782,25.687763810157776,0.08927379783831146,0.6842105263157895,0.594936728477478,47,0.5723905723905723,0.5824915824915825,1.091811180114746,1.1201868057250977,0.05861720492944173,0.07608045070661038,1.0685408115386963,0.5899982452392578,,,,,,,,
yeast,1.0,Baseline-Half,10,26,0.5864979028701782,25.687763810157776,0.08927379783831146,0.6842105263157895,0.594936728477478,47,0.5723905723905723,0.5824915824915825,1.091811180114746,1.1201868057250977,0.05861720492944173,0.07608045070661038,1.0685408115386963,0.5899982452392578,,,,,,,,
yeast,0.0,Baseline-Half,11,53,0.5822784900665283,40.70042213052511,0.08929157081403227,0.6757894736842105,0.5864979028701782,74,0.5723905723905723,0.5757575757575758,1.1251566410064697,1.1462761163711548,0.061206901213938146,0.07039798680780714,0.9764406085014343,0.6156748533248901,,,,,,,,
yeast,0.2,Baseline-Half,11,53,0.5822784900665283,40.70042213052511,0.08929157081403227,0.6757894736842105,0.5864979028701782,74,0.5723905723905723,0.5757575757575758,1.1251566410064697,1.1462761163711548,0.061206901213938146,0.07039798680780714,0.9764406085014343,0.6156748533248901,,,,,,,,
yeast,0.4,Baseline-Half,11,53,0.5822784900665283,40.70042213052511,0.08929157081403227,0.6757894736842105,0.5864979028701782,74,0.5723905723905723,0.5757575757575758,1.1251566410064697,1.1462761163711548,0.061206901213938146,0.07039798680780714,0.9764406085014343,0.6156748533248901,,,,,,,,
yeast,0.6,Baseline-Half,11,53,0.5822784900665283,40.70042213052511,0.08929157081403227,0.6757894736842105,0.5864979028701782,74,0.5723905723905723,0.5757575757575758,1.1251566410064697,1.1462761163711548,0.061206901213938146,0.07039798680780714,0.9764406085014343,0.6156748533248901,,,,,,,,
yeast,0.8,Baseline-Half,11,53,0.5822784900665283,40.70042213052511,0.08929157081403227,0.6757894736842105,0.5864979028701782,74,0.5723905723905723,0.5757575757575758,1.1251566410064697,1.1462761163711548,0.061206901213938146,0.07039798680780714,0.9764406085014343,0.6156748533248901,,,,,,,,
yeast,1.0,Baseline-Half,11,53,0.5822784900665283,40.70042213052511,0.08929157081403227,0.6757894736842105,0.5864979028701782,74,0.5723905723905723,0.5757575757575758,1.1251566410064697,1.1462761163711548,0.061206901213938146,0.07039798680780714,0.9764406085014343,0.6156748533248901,,,,,,,,
yeast,0.0,Baseline-Half,12,22,0.5485231876373291,22.47046396136284,0.08299355431606892,0.6610526315789473,0.5780590772628784,43,0.6161616161616161,0.6296296296296297,1.0774903297424316,1.1321680545806885,0.06936636722649789,0.08806234337264035,1.0096430778503418,0.6004420518875122,,,,,,,,
yeast,0.2,Baseline-Half,12,22,0.5485231876373291,22.47046396136284,0.08299355431606892,0.6610526315789473,0.5780590772628784,43,0.6161616161616161,0.6296296296296297,1.0774903297424316,1.1321680545806885,0.06936636722649789,0.08806234337264035,1.0096430778503418,0.6004420518875122,,,,,,,,
yeast,0.4,Baseline-Half,12,22,0.5485231876373291,22.47046396136284,0.08299355431606892,0.6610526315789473,0.5780590772628784,43,0.6161616161616161,0.6296296296296297,1.0774903297424316,1.1321680545806885,0.06936636722649789,0.08806234337264035,1.0096430778503418,0.6004420518875122,,,,,,,,
yeast,0.6,Baseline-Half,12,22,0.5485231876373291,22.47046396136284,0.08299355431606892,0.6610526315789473,0.5780590772628784,43,0.6161616161616161,0.6296296296296297,1.0774903297424316,1.1321680545806885,0.06936636722649789,0.08806234337264035,1.0096430778503418,0.6004420518875122,,,,,,,,
yeast,0.8,Baseline-Half,12,22,0.5485231876373291,22.47046396136284,0.08299355431606892,0.6610526315789473,0.5780590772628784,43,0.6161616161616161,0.6296296296296297,1.0774903297424316,1.1321680545806885,0.06936636722649789,0.08806234337264035,1.0096430778503418,0.6004420518875122,,,,,,,,
yeast,1.0,Baseline-Half,12,22,0.5485231876373291,22.47046396136284,0.08299355431606892,0.6610526315789473,0.5780590772628784,43,0.6161616161616161,0.6296296296296297,1.0774903297424316,1.1321680545806885,0.06936636722649789,0.08806234337264035,1.0096430778503418,0.6004420518875122,,,,,,,,
yeast,0.0,Baseline-Half,13,25,0.594936728477478,25.98945139348507,0.03448369641053051,0.6547368421052632,0.6202531456947327,46,0.6161616161616161,0.5959595959595959,1.048407793045044,1.0524088144302368,0.06414143083874226,0.08630223276237847,1.0211900472640991,0.594773530960083,,,,,,,,
yeast,0.2,Baseline-Half,13,25,0.594936728477478,25.98945139348507,0.03448369641053051,0.6547368421052632,0.6202531456947327,46,0.6161616161616161,0.5959595959595959,1.048407793045044,1.0524088144302368,0.06414143083874226,0.08630223276237847,1.0211900472640991,0.594773530960083,,,,,,,,
yeast,0.4,Baseline-Half,13,25,0.594936728477478,25.98945139348507,0.03448369641053051,0.6547368421052632,0.6202531456947327,46,0.6161616161616161,0.5959595959595959,1.048407793045044,1.0524088144302368,0.06414143083874226,0.08630223276237847,1.0211900472640991,0.594773530960083,,,,,,,,
yeast,0.6,Baseline-Half,13,25,0.594936728477478,25.98945139348507,0.03448369641053051,0.6547368421052632,0.6202531456947327,46,0.6161616161616161,0.5959595959595959,1.048407793045044,1.0524088144302368,0.06414143083874226,0.08630223276237847,1.0211900472640991,0.594773530960083,,,,,,,,
yeast,0.8,Baseline-Half,13,25,0.594936728477478,25.98945139348507,0.03448369641053051,0.6547368421052632,0.6202531456947327,46,0.6161616161616161,0.5959595959595959,1.048407793045044,1.0524088144302368,0.06414143083874226,0.08630223276237847,1.0211900472640991,0.594773530960083,,,,,,,,
yeast,1.0,Baseline-Half,13,25,0.594936728477478,25.98945139348507,0.03448369641053051,0.6547368421052632,0.6202531456947327,46,0.6161616161616161,0.5959595959595959,1.048407793045044,1.0524088144302368,0.06414143083874226,0.08630223276237847,1.0211900472640991,0.594773530960083,,,,,,,,
yeast,0.0,Baseline-Half,14,39,0.5485231876373291,32.09704579412937,0.11463470709951296,0.6631578947368421,0.5485231876373291,60,0.5521885521885522,0.5757575757575758,1.1005350351333618,1.1161853075027466,0.07042479595351302,0.089289538788073,1.0533989667892456,0.5753680467605591,,,,,,,,
yeast,0.2,Baseline-Half,14,39,0.5485231876373291,32.09704579412937,0.11463470709951296,0.6631578947368421,0.5485231876373291,60,0.5521885521885522,0.5757575757575758,1.1005350351333618,1.1161853075027466,0.07042479595351302,0.089289538788073,1.0533989667892456,0.5753680467605591,,,,,,,,
yeast,0.4,Baseline-Half,14,39,0.5485231876373291,32.09704579412937,0.11463470709951296,0.6631578947368421,0.5485231876373291,60,0.5521885521885522,0.5757575757575758,1.1005350351333618,1.1161853075027466,0.07042479595351302,0.089289538788073,1.0533989667892456,0.5753680467605591,,,,,,,,
yeast,0.6,Baseline-Half,14,39,0.5485231876373291,32.09704579412937,0.11463470709951296,0.6631578947368421,0.5485231876373291,60,0.5521885521885522,0.5757575757575758,1.1005350351333618,1.1161853075027466,0.07042479595351302,0.089289538788073,1.0533989667892456,0.5753680467605591,,,,,,,,
yeast,0.8,Baseline-Half,14,39,0.5485231876373291,32.09704579412937,0.11463470709951296,0.6631578947368421,0.5485231876373291,60,0.5521885521885522,0.5757575757575758,1.1005350351333618,1.1161853075027466,0.07042479595351302,0.089289538788073,1.0533989667892456,0.5753680467605591,,,,,,,,
yeast,1.0,Baseline-Half,14,39,0.5485231876373291,32.09704579412937,0.11463470709951296,0.6631578947368421,0.5485231876373291,60,0.5521885521885522,0.5757575757575758,1.1005350351333618,1.1161853075027466,0.07042479595351302,0.089289538788073,1.0533989667892456,0.5753680467605591,,,,,,,,
yeast,0.0,Baseline-Half,15,43,0.594936728477478,36.145570412278175,0.07243169257515358,0.6673684210526316,0.594936728477478,64,0.6026936026936027,0.5824915824915825,1.0171970129013062,1.0571565628051758,0.042676173727520396,0.07590787433815324,0.9614568948745728,0.6167207956314087,,,,,,,,
yeast,0.2,Baseline-Half,15,43,0.594936728477478,36.145570412278175,0.07243169257515358,0.6673684210526316,0.594936728477478,64,0.6026936026936027,0.5824915824915825,1.0171970129013062,1.0571565628051758,0.042676173727520396,0.07590787433815324,0.9614568948745728,0.6167207956314087,,,,,,,,
yeast,0.4,Baseline-Half,15,43,0.594936728477478,36.145570412278175,0.07243169257515358,0.6673684210526316,0.594936728477478,64,0.6026936026936027,0.5824915824915825,1.0171970129013062,1.0571565628051758,0.042676173727520396,0.07590787433815324,0.9614568948745728,0.6167207956314087,,,,,,,,
yeast,0.6,Baseline-Half,15,43,0.594936728477478,36.145570412278175,0.07243169257515358,0.6673684210526316,0.594936728477478,64,0.6026936026936027,0.5824915824915825,1.0171970129013062,1.0571565628051758,0.042676173727520396,0.07590787433815324,0.9614568948745728,0.6167207956314087,,,,,,,,
yeast,0.8,Baseline-Half,15,43,0.594936728477478,36.145570412278175,0.07243169257515358,0.6673684210526316,0.594936728477478,64,0.6026936026936027,0.5824915824915825,1.0171970129013062,1.0571565628051758,0.042676173727520396,0.07590787433815324,0.9614568948745728,0.6167207956314087,,,,,,,,
yeast,1.0,Baseline-Half,15,43,0.594936728477478,36.145570412278175,0.07243169257515358,0.6673684210526316,0.594936728477478,64,0.6026936026936027,0.5824915824915825,1.0171970129013062,1.0571565628051758,0.042676173727520396,0.07590787433815324,0.9614568948745728,0.6167207956314087,,,,,,,,
yeast,0.0,Baseline-Half,16,23,0.5738396644592285,24.099156364798546,0.08719519414399801,0.6694736842105263,0.5822784900665283,44,0.5488215488215489,0.5723905723905723,1.145164132118225,1.1408541202545166,0.06888068128715863,0.07718291778355735,1.0138486623764038,0.5932474136352539,,,,,,,,
yeast,0.2,Baseline-Half,16,23,0.5738396644592285,24.099156364798546,0.08719519414399801,0.6694736842105263,0.5822784900665283,44,0.5488215488215489,0.5723905723905723,1.145164132118225,1.1408541202545166,0.06888068128715863,0.07718291778355735,1.0138486623764038,0.5932474136352539,,,,,,,,
yeast,0.4,Baseline-Half,16,23,0.5738396644592285,24.099156364798546,0.08719519414399801,0.6694736842105263,0.5822784900665283,44,0.5488215488215489,0.5723905723905723,1.145164132118225,1.1408541202545166,0.06888068128715863,0.07718291778355735,1.0138486623764038,0.5932474136352539,,,,,,,,
yeast,0.6,Baseline-Half,16,23,0.5738396644592285,24.099156364798546,0.08719519414399801,0.6694736842105263,0.5822784900665283,44,0.5488215488215489,0.5723905723905723,1.145164132118225,1.1408541202545166,0.06888068128715863,0.07718291778355735,1.0138486623764038,0.5932474136352539,,,,,,,,
yeast,0.8,Baseline-Half,16,23,0.5738396644592285,24.099156364798546,0.08719519414399801,0.6694736842105263,0.5822784900665283,44,0.5488215488215489,0.5723905723905723,1.145164132118225,1.1408541202545166,0.06888068128715863,0.07718291778355735,1.0138486623764038,0.5932474136352539,,,,,,,,
yeast,1.0,Baseline-Half,16,23,0.5738396644592285,24.099156364798546,0.08719519414399801,0.6694736842105263,0.5822784900665283,44,0.5488215488215489,0.5723905723905723,1.145164132118225,1.1408541202545166,0.06888068128715863,0.07718291778355735,1.0138486623764038,0.5932474136352539,,,,,,,,
yeast,0.0,Baseline-Half,17,27,0.5738396644592285,25.41983127593994,0.11668665133024514,0.6905263157894737,0.5738396644592285,48,0.6094276094276094,0.6094276094276094,1.173997402191162,1.2067325115203857,0.06481553353243805,0.0649025401081702,0.9947248697280884,0.5984640121459961,,,,,,,,
yeast,0.2,Baseline-Half,17,27,0.5738396644592285,25.41983127593994,0.11668665133024514,0.6905263157894737,0.5738396644592285,48,0.6094276094276094,0.6094276094276094,1.173997402191162,1.2067325115203857,0.06481553353243805,0.0649025401081702,0.9947248697280884,0.5984640121459961,,,,,,,,
yeast,0.4,Baseline-Half,17,27,0.5738396644592285,25.41983127593994,0.11668665133024514,0.6905263157894737,0.5738396644592285,48,0.6094276094276094,0.6094276094276094,1.173997402191162,1.2067325115203857,0.06481553353243805,0.0649025401081702,0.9947248697280884,0.5984640121459961,,,,,,,,
yeast,0.6,Baseline-Half,17,27,0.5738396644592285,25.41983127593994,0.11668665133024514,0.6905263157894737,0.5738396644592285,48,0.6094276094276094,0.6094276094276094,1.173997402191162,1.2067325115203857,0.06481553353243805,0.0649025401081702,0.9947248697280884,0.5984640121459961,,,,,,,,
yeast,0.8,Baseline-Half,17,27,0.5738396644592285,25.41983127593994,0.11668665133024514,0.6905263157894737,0.5738396644592285,48,0.6094276094276094,0.6094276094276094,1.173997402191162,1.2067325115203857,0.06481553353243805,0.0649025401081702,0.9947248697280884,0.5984640121459961,,,,,,,,
yeast,1.0,Baseline-Half,17,27,0.5738396644592285,25.41983127593994,0.11668665133024514,0.6905263157894737,0.5738396644592285,48,0.6094276094276094,0.6094276094276094,1.173997402191162,1.2067325115203857,0.06481553353243805,0.0649025401081702,0.9947248697280884,0.5984640121459961,,,,,,,,
yeast,0.0,Baseline-Half,18,19,0.607594907283783,22.559071891009808,0.0703175429293984,0.6694736842105263,0.5991561412811279,40,0.5959595959595959,0.6026936026936027,1.081111192703247,1.0788936614990234,0.06681630416751308,0.06487599567130761,1.0924367904663086,0.5705153346061707,,,,,,,,
yeast,0.2,Baseline-Half,18,19,0.607594907283783,22.559071891009808,0.0703175429293984,0.6694736842105263,0.5991561412811279,40,0.5959595959595959,0.6026936026936027,1.081111192703247,1.0788936614990234,0.06681630416751308,0.06487599567130761,1.0924367904663086,0.5705153346061707,,,,,,,,
yeast,0.4,Baseline-Half,18,19,0.607594907283783,22.559071891009808,0.0703175429293984,0.6694736842105263,0.5991561412811279,40,0.5959595959595959,0.6026936026936027,1.081111192703247,1.0788936614990234,0.06681630416751308,0.06487599567130761,1.0924367904663086,0.5705153346061707,,,,,,,,
yeast,0.6,Baseline-Half,18,19,0.607594907283783,22.559071891009808,0.0703175429293984,0.6694736842105263,0.5991561412811279,40,0.5959595959595959,0.6026936026936027,1.081111192703247,1.0788936614990234,0.06681630416751308,0.06487599567130761,1.0924367904663086,0.5705153346061707,,,,,,,,
yeast,0.8,Baseline-Half,18,19,0.607594907283783,22.559071891009808,0.0703175429293984,0.6694736842105263,0.5991561412811279,40,0.5959595959595959,0.6026936026936027,1.081111192703247,1.0788936614990234,0.06681630416751308,0.06487599567130761,1.0924367904663086,0.5705153346061707,,,,,,,,
yeast,1.0,Baseline-Half,18,19,0.607594907283783,22.559071891009808,0.0703175429293984,0.6694736842105263,0.5991561412811279,40,0.5959595959595959,0.6026936026936027,1.081111192703247,1.0788936614990234,0.06681630416751308,0.06487599567130761,1.0924367904663086,0.5705153346061707,,,,,,,,
yeast,0.0,Baseline-Half,19,43,0.5654008388519287,34.51898740231991,0.09984454606708726,0.6736842105263158,0.5738396644592285,64,0.569023569023569,0.5723905723905723,1.1945610046386719,1.2140964269638062,0.06672024435868565,0.09366955585551982,1.0514165163040161,0.5969963669776917,,,,,,,,
yeast,0.2,Baseline-Half,19,43,0.5654008388519287,34.51898740231991,0.09984454606708726,0.6736842105263158,0.5738396644592285,64,0.569023569023569,0.5723905723905723,1.1945610046386719,1.2140964269638062,0.06672024435868565,0.09366955585551982,1.0514165163040161,0.5969963669776917,,,,,,,,
yeast,0.4,Baseline-Half,19,43,0.5654008388519287,34.51898740231991,0.09984454606708726,0.6736842105263158,0.5738396644592285,64,0.569023569023569,0.5723905723905723,1.1945610046386719,1.2140964269638062,0.06672024435868565,0.09366955585551982,1.0514165163040161,0.5969963669776917,,,,,,,,
yeast,0.6,Baseline-Half,19,43,0.5654008388519287,34.51898740231991,0.09984454606708726,0.6736842105263158,0.5738396644592285,64,0.569023569023569,0.5723905723905723,1.1945610046386719,1.2140964269638062,0.06672024435868565,0.09366955585551982,1.0514165163040161,0.5969963669776917,,,,,,,,
yeast,0.8,Baseline-Half,19,43,0.5654008388519287,34.51898740231991,0.09984454606708726,0.6736842105263158,0.5738396644592285,64,0.569023569023569,0.5723905723905723,1.1945610046386719,1.2140964269638062,0.06672024435868565,0.09366955585551982,1.0514165163040161,0.5969963669776917,,,,,,,,
yeast,1.0,Baseline-Half,19,43,0.5654008388519287,34.51898740231991,0.09984454606708726,0.6736842105263158,0.5738396644592285,64,0.569023569023569,0.5723905723905723,1.1945610046386719,1.2140964269638062,0.06672024435868565,0.09366955585551982,1.0514165163040161,0.5969963669776917,,,,,,,,
yeast,0.0,Baseline-LS,0,22,0.5316455960273743,21.987341970205307,0.14624031393151538,0.6821052631578948,0.5358649492263794,43,0.5925925925925926,0.6094276094276094,1.1171380281448364,1.1024161577224731,0.06878327987210116,0.05975319299633656,1.328333854675293,0.532284140586853,,,,,,,,
yeast,0.2,Baseline-LS,0,22,0.5316455960273743,21.987341970205307,0.14624031393151538,0.6821052631578948,0.5358649492263794,43,0.5925925925925926,0.6094276094276094,1.1171380281448364,1.1024161577224731,0.06878327987210116,0.05975319299633656,1.328333854675293,0.532284140586853,,,,,,,,
yeast,0.4,Baseline-LS,0,22,0.5316455960273743,21.987341970205307,0.14624031393151538,0.6821052631578948,0.5358649492263794,43,0.5925925925925926,0.6094276094276094,1.1171380281448364,1.1024161577224731,0.06878327987210116,0.05975319299633656,1.328333854675293,0.532284140586853,,,,,,,,
yeast,0.6,Baseline-LS,0,22,0.5316455960273743,21.987341970205307,0.14624031393151538,0.6821052631578948,0.5358649492263794,43,0.5925925925925926,0.6094276094276094,1.1171380281448364,1.1024161577224731,0.06878327987210116,0.05975319299633656,1.328333854675293,0.532284140586853,,,,,,,,
yeast,0.8,Baseline-LS,0,22,0.5316455960273743,21.987341970205307,0.14624031393151538,0.6821052631578948,0.5358649492263794,43,0.5925925925925926,0.6094276094276094,1.1171380281448364,1.1024161577224731,0.06878327987210116,0.05975319299633656,1.328333854675293,0.532284140586853,,,,,,,,
yeast,1.0,Baseline-LS,0,22,0.5316455960273743,21.987341970205307,0.14624031393151538,0.6821052631578948,0.5358649492263794,43,0.5925925925925926,0.6094276094276094,1.1171380281448364,1.1024161577224731,0.06878327987210116,0.05975319299633656,1.328333854675293,0.532284140586853,,,,,,,,
yeast,0.0,Baseline-LS,1,27,0.5780590772628784,25.767932415008545,0.11671331079382641,0.6778947368421052,0.5611814260482788,48,0.6127946127946128,0.6161616161616161,1.096840262413025,1.1051130294799805,0.0853842782352107,0.08816498417645593,1.32076096534729,0.5422981381416321,,,,,,,,
yeast,0.2,Baseline-LS,1,27,0.5780590772628784,25.767932415008545,0.11671331079382641,0.6778947368421052,0.5611814260482788,48,0.6127946127946128,0.6161616161616161,1.096840262413025,1.1051130294799805,0.0853842782352107,0.08816498417645593,1.32076096534729,0.5422981381416321,,,,,,,,
yeast,0.4,Baseline-LS,1,27,0.5780590772628784,25.767932415008545,0.11671331079382641,0.6778947368421052,0.5611814260482788,48,0.6127946127946128,0.6161616161616161,1.096840262413025,1.1051130294799805,0.0853842782352107,0.08816498417645593,1.32076096534729,0.5422981381416321,,,,,,,,
yeast,0.6,Baseline-LS,1,27,0.5780590772628784,25.767932415008545,0.11671331079382641,0.6778947368421052,0.5611814260482788,48,0.6127946127946128,0.6161616161616161,1.096840262413025,1.1051130294799805,0.0853842782352107,0.08816498417645593,1.32076096534729,0.5422981381416321,,,,,,,,
yeast,0.8,Baseline-LS,1,27,0.5780590772628784,25.767932415008545,0.11671331079382641,0.6778947368421052,0.5611814260482788,48,0.6127946127946128,0.6161616161616161,1.096840262413025,1.1051130294799805,0.0853842782352107,0.08816498417645593,1.32076096534729,0.5422981381416321,,,,,,,,
yeast,1.0,Baseline-LS,1,27,0.5780590772628784,25.767932415008545,0.11671331079382641,0.6778947368421052,0.5611814260482788,48,0.6127946127946128,0.6161616161616161,1.096840262413025,1.1051130294799805,0.0853842782352107,0.08816498417645593,1.32076096534729,0.5422981381416321,,,,,,,,
yeast,0.0,Baseline-LS,2,42,0.5738396644592285,32.797468066215515,0.11670442430596606,0.6821052631578948,0.5654008388519287,63,0.622895622895623,0.6161616161616161,1.14011549949646,1.1616795063018799,0.10572905141095118,0.1014399695075321,1.262786626815796,0.5502022504806519,,,,,,,,
yeast,0.2,Baseline-LS,2,42,0.5738396644592285,32.797468066215515,0.11670442430596606,0.6821052631578948,0.5654008388519287,63,0.622895622895623,0.6161616161616161,1.14011549949646,1.1616795063018799,0.10572905141095118,0.1014399695075321,1.262786626815796,0.5502022504806519,,,,,,,,
yeast,0.4,Baseline-LS,2,42,0.5738396644592285,32.797468066215515,0.11670442430596606,0.6821052631578948,0.5654008388519287,63,0.622895622895623,0.6161616161616161,1.14011549949646,1.1616795063018799,0.10572905141095118,0.1014399695075321,1.262786626815796,0.5502022504806519,,,,,,,,
yeast,0.6,Baseline-LS,2,42,0.5738396644592285,32.797468066215515,0.11670442430596606,0.6821052631578948,0.5654008388519287,63,0.622895622895623,0.6161616161616161,1.14011549949646,1.1616795063018799,0.10572905141095118,0.1014399695075321,1.262786626815796,0.5502022504806519,,,,,,,,
yeast,0.8,Baseline-LS,2,42,0.5738396644592285,32.797468066215515,0.11670442430596606,0.6821052631578948,0.5654008388519287,63,0.622895622895623,0.6161616161616161,1.14011549949646,1.1616795063018799,0.10572905141095118,0.1014399695075321,1.262786626815796,0.5502022504806519,,,,,,,,
yeast,1.0,Baseline-LS,2,42,0.5738396644592285,32.797468066215515,0.11670442430596606,0.6821052631578948,0.5654008388519287,63,0.622895622895623,0.6161616161616161,1.14011549949646,1.1616795063018799,0.10572905141095118,0.1014399695075321,1.262786626815796,0.5502022504806519,,,,,,,,
yeast,0.0,Baseline-LS,3,53,0.6118143200874329,42.915611296892166,0.12721296711971886,0.7010526315789474,0.5738396644592285,74,0.569023569023569,0.5723905723905723,1.114710807800293,1.1247780323028564,0.07105394916903691,0.0695361846223825,1.2297170162200928,0.5706535577774048,,,,,,,,
yeast,0.2,Baseline-LS,3,53,0.6118143200874329,42.915611296892166,0.12721296711971886,0.7010526315789474,0.5738396644592285,74,0.569023569023569,0.5723905723905723,1.114710807800293,1.1247780323028564,0.07105394916903691,0.0695361846223825,1.2297170162200928,0.5706535577774048,,,,,,,,
yeast,0.4,Baseline-LS,3,53,0.6118143200874329,42.915611296892166,0.12721296711971886,0.7010526315789474,0.5738396644592285,74,0.569023569023569,0.5723905723905723,1.114710807800293,1.1247780323028564,0.07105394916903691,0.0695361846223825,1.2297170162200928,0.5706535577774048,,,,,,,,
yeast,0.6,Baseline-LS,3,53,0.6118143200874329,42.915611296892166,0.12721296711971886,0.7010526315789474,0.5738396644592285,74,0.569023569023569,0.5723905723905723,1.114710807800293,1.1247780323028564,0.07105394916903691,0.0695361846223825,1.2297170162200928,0.5706535577774048,,,,,,,,
yeast,0.8,Baseline-LS,3,53,0.6118143200874329,42.915611296892166,0.12721296711971886,0.7010526315789474,0.5738396644592285,74,0.569023569023569,0.5723905723905723,1.114710807800293,1.1247780323028564,0.07105394916903691,0.0695361846223825,1.2297170162200928,0.5706535577774048,,,,,,,,
yeast,1.0,Baseline-LS,3,53,0.6118143200874329,42.915611296892166,0.12721296711971886,0.7010526315789474,0.5738396644592285,74,0.569023569023569,0.5723905723905723,1.114710807800293,1.1247780323028564,0.07105394916903691,0.0695361846223825,1.2297170162200928,0.5706535577774048,,,,,,,,
yeast,0.0,Baseline-LS,4,59,0.5696202516555786,43.16666615009308,0.15884523341530243,0.7073684210526315,0.5485231876373291,80,0.6060606060606061,0.6026936026936027,1.1074857711791992,1.1130632162094116,0.07301584202231783,0.09231555060505464,1.2088948488235474,0.5773385167121887,,,,,,,,
yeast,0.2,Baseline-LS,4,59,0.5696202516555786,43.16666615009308,0.15884523341530243,0.7073684210526315,0.5485231876373291,80,0.6060606060606061,0.6026936026936027,1.1074857711791992,1.1130632162094116,0.07301584202231783,0.09231555060505464,1.2088948488235474,0.5773385167121887,,,,,,,,
yeast,0.4,Baseline-LS,4,59,0.5696202516555786,43.16666615009308,0.15884523341530243,0.7073684210526315,0.5485231876373291,80,0.6060606060606061,0.6026936026936027,1.1074857711791992,1.1130632162094116,0.07301584202231783,0.09231555060505464,1.2088948488235474,0.5773385167121887,,,,,,,,
yeast,0.6,Baseline-LS,4,59,0.5696202516555786,43.16666615009308,0.15884523341530243,0.7073684210526315,0.5485231876373291,80,0.6060606060606061,0.6026936026936027,1.1074857711791992,1.1130632162094116,0.07301584202231783,0.09231555060505464,1.2088948488235474,0.5773385167121887,,,,,,,,
yeast,0.8,Baseline-LS,4,59,0.5696202516555786,43.16666615009308,0.15884523341530243,0.7073684210526315,0.5485231876373291,80,0.6060606060606061,0.6026936026936027,1.1074857711791992,1.1130632162094116,0.07301584202231783,0.09231555060505464,1.2088948488235474,0.5773385167121887,,,,,,,,
yeast,1.0,Baseline-LS,4,59,0.5696202516555786,43.16666615009308,0.15884523341530243,0.7073684210526315,0.5485231876373291,80,0.6060606060606061,0.6026936026936027,1.1074857711791992,1.1130632162094116,0.07301584202231783,0.09231555060505464,1.2088948488235474,0.5773385167121887,,,,,,,,
yeast,0.0,Baseline-LS,5,45,0.6244725584983826,38.78059035539627,0.06817679342470673,0.6842105263157895,0.6160337328910828,66,0.5824915824915825,0.5892255892255892,1.0843994617462158,1.088606595993042,0.04091212981277042,0.05046088637326302,1.2685112953186035,0.5620125532150269,,,,,,,,
yeast,0.2,Baseline-LS,5,45,0.6244725584983826,38.78059035539627,0.06817679342470673,0.6842105263157895,0.6160337328910828,66,0.5824915824915825,0.5892255892255892,1.0843994617462158,1.088606595993042,0.04091212981277042,0.05046088637326302,1.2685112953186035,0.5620125532150269,,,,,,,,
yeast,0.4,Baseline-LS,5,45,0.6244725584983826,38.78059035539627,0.06817679342470673,0.6842105263157895,0.6160337328910828,66,0.5824915824915825,0.5892255892255892,1.0843994617462158,1.088606595993042,0.04091212981277042,0.05046088637326302,1.2685112953186035,0.5620125532150269,,,,,,,,
yeast,0.6,Baseline-LS,5,45,0.6244725584983826,38.78059035539627,0.06817679342470673,0.6842105263157895,0.6160337328910828,66,0.5824915824915825,0.5892255892255892,1.0843994617462158,1.088606595993042,0.04091212981277042,0.05046088637326302,1.2685112953186035,0.5620125532150269,,,,,,,,
yeast,0.8,Baseline-LS,5,45,0.6244725584983826,38.78059035539627,0.06817679342470673,0.6842105263157895,0.6160337328910828,66,0.5824915824915825,0.5892255892255892,1.0843994617462158,1.088606595993042,0.04091212981277042,0.05046088637326302,1.2685112953186035,0.5620125532150269,,,,,,,,
yeast,1.0,Baseline-LS,5,45,0.6244725584983826,38.78059035539627,0.06817679342470673,0.6842105263157895,0.6160337328910828,66,0.5824915824915825,0.5892255892255892,1.0843994617462158,1.088606595993042,0.04091212981277042,0.05046088637326302,1.2685112953186035,0.5620125532150269,,,,,,,,
yeast,0.0,Baseline-LS,6,37,0.5696202516555786,31.518987134099007,0.11883634692744205,0.671578947368421,0.552742600440979,58,0.6026936026936027,0.5757575757575758,1.1487553119659424,1.1563842296600342,0.09806230834838918,0.1044094601163158,1.316158413887024,0.5358121991157532,,,,,,,,
yeast,0.2,Baseline-LS,6,37,0.5696202516555786,31.518987134099007,0.11883634692744205,0.671578947368421,0.552742600440979,58,0.6026936026936027,0.5757575757575758,1.1487553119659424,1.1563842296600342,0.09806230834838918,0.1044094601163158,1.316158413887024,0.5358121991157532,,,,,,,,
yeast,0.4,Baseline-LS,6,37,0.5696202516555786,31.518987134099007,0.11883634692744205,0.671578947368421,0.552742600440979,58,0.6026936026936027,0.5757575757575758,1.1487553119659424,1.1563842296600342,0.09806230834838918,0.1044094601163158,1.316158413887024,0.5358121991157532,,,,,,,,
yeast,0.6,Baseline-LS,6,37,0.5696202516555786,31.518987134099007,0.11883634692744205,0.671578947368421,0.552742600440979,58,0.6026936026936027,0.5757575757575758,1.1487553119659424,1.1563842296600342,0.09806230834838918,0.1044094601163158,1.316158413887024,0.5358121991157532,,,,,,,,
yeast,0.8,Baseline-LS,6,37,0.5696202516555786,31.518987134099007,0.11883634692744205,0.671578947368421,0.552742600440979,58,0.6026936026936027,0.5757575757575758,1.1487553119659424,1.1563842296600342,0.09806230834838918,0.1044094601163158,1.316158413887024,0.5358121991157532,,,,,,,,
yeast,1.0,Baseline-LS,6,37,0.5696202516555786,31.518987134099007,0.11883634692744205,0.671578947368421,0.552742600440979,58,0.6026936026936027,0.5757575757575758,1.1487553119659424,1.1563842296600342,0.09806230834838918,0.1044094601163158,1.316158413887024,0.5358121991157532,,,,,,,,
yeast,0.0,Baseline-LS,7,38,0.6202531456947327,35.436708360910416,0.06817679342470673,0.6842105263157895,0.6160337328910828,59,0.5555555555555556,0.5488215488215489,1.1705043315887451,1.1781970262527466,0.09786222042258744,0.07491732712345894,1.2757596969604492,0.5462742447853088,,,,,,,,
yeast,0.2,Baseline-LS,7,38,0.6202531456947327,35.436708360910416,0.06817679342470673,0.6842105263157895,0.6160337328910828,59,0.5555555555555556,0.5488215488215489,1.1705043315887451,1.1781970262527466,0.09786222042258744,0.07491732712345894,1.2757596969604492,0.5462742447853088,,,,,,,,
yeast,0.4,Baseline-LS,7,38,0.6202531456947327,35.436708360910416,0.06817679342470673,0.6842105263157895,0.6160337328910828,59,0.5555555555555556,0.5488215488215489,1.1705043315887451,1.1781970262527466,0.09786222042258744,0.07491732712345894,1.2757596969604492,0.5462742447853088,,,,,,,,
yeast,0.6,Baseline-LS,7,38,0.6202531456947327,35.436708360910416,0.06817679342470673,0.6842105263157895,0.6160337328910828,59,0.5555555555555556,0.5488215488215489,1.1705043315887451,1.1781970262527466,0.09786222042258744,0.07491732712345894,1.2757596969604492,0.5462742447853088,,,,,,,,
yeast,0.8,Baseline-LS,7,38,0.6202531456947327,35.436708360910416,0.06817679342470673,0.6842105263157895,0.6160337328910828,59,0.5555555555555556,0.5488215488215489,1.1705043315887451,1.1781970262527466,0.09786222042258744,0.07491732712345894,1.2757596969604492,0.5462742447853088,,,,,,,,
yeast,1.0,Baseline-LS,7,38,0.6202531456947327,35.436708360910416,0.06817679342470673,0.6842105263157895,0.6160337328910828,59,0.5555555555555556,0.5488215488215489,1.1705043315887451,1.1781970262527466,0.09786222042258744,0.07491732712345894,1.2757596969604492,0.5462742447853088,,,,,,,,
yeast,0.0,Baseline-LS,8,36,0.5864979028701782,31.49578095972538,0.10614256256505061,0.6884210526315789,0.5822784900665283,57,0.5656565656565656,0.5757575757575758,1.159934163093567,1.1762652397155762,0.03547082154036372,0.04694688430538884,1.2753221988677979,0.5533283352851868,,,,,,,,
yeast,0.2,Baseline-LS,8,36,0.5864979028701782,31.49578095972538,0.10614256256505061,0.6884210526315789,0.5822784900665283,57,0.5656565656565656,0.5757575757575758,1.159934163093567,1.1762652397155762,0.03547082154036372,0.04694688430538884,1.2753221988677979,0.5533283352851868,,,,,,,,
yeast,0.4,Baseline-LS,8,36,0.5864979028701782,31.49578095972538,0.10614256256505061,0.6884210526315789,0.5822784900665283,57,0.5656565656565656,0.5757575757575758,1.159934163093567,1.1762652397155762,0.03547082154036372,0.04694688430538884,1.2753221988677979,0.5533283352851868,,,,,,,,
yeast,0.6,Baseline-LS,8,36,0.5864979028701782,31.49578095972538,0.10614256256505061,0.6884210526315789,0.5822784900665283,57,0.5656565656565656,0.5757575757575758,1.159934163093567,1.1762652397155762,0.03547082154036372,0.04694688430538884,1.2753221988677979,0.5533283352851868,,,,,,,,
yeast,0.8,Baseline-LS,8,36,0.5864979028701782,31.49578095972538,0.10614256256505061,0.6884210526315789,0.5822784900665283,57,0.5656565656565656,0.5757575757575758,1.159934163093567,1.1762652397155762,0.03547082154036372,0.04694688430538884,1.2753221988677979,0.5533283352851868,,,,,,,,
yeast,1.0,Baseline-LS,8,36,0.5864979028701782,31.49578095972538,0.10614256256505061,0.6884210526315789,0.5822784900665283,57,0.5656565656565656,0.5757575757575758,1.159934163093567,1.1762652397155762,0.03547082154036372,0.04694688430538884,1.2753221988677979,0.5533283352851868,,,,,,,,
yeast,0.0,Baseline-LS,9,34,0.552742600440979,28.550632387399673,0.10409061833431843,0.6610526315789473,0.5569620132446289,55,0.5252525252525253,0.5117845117845118,1.2760928869247437,1.3014612197875977,0.07946205349883646,0.080471155920414,1.2794034481048584,0.5446915030479431,,,,,,,,
yeast,0.2,Baseline-LS,9,34,0.552742600440979,28.550632387399673,0.10409061833431843,0.6610526315789473,0.5569620132446289,55,0.5252525252525253,0.5117845117845118,1.2760928869247437,1.3014612197875977,0.07946205349883646,0.080471155920414,1.2794034481048584,0.5446915030479431,,,,,,,,
yeast,0.4,Baseline-LS,9,34,0.552742600440979,28.550632387399673,0.10409061833431843,0.6610526315789473,0.5569620132446289,55,0.5252525252525253,0.5117845117845118,1.2760928869247437,1.3014612197875977,0.07946205349883646,0.080471155920414,1.2794034481048584,0.5446915030479431,,,,,,,,
yeast,0.6,Baseline-LS,9,34,0.552742600440979,28.550632387399673,0.10409061833431843,0.6610526315789473,0.5569620132446289,55,0.5252525252525253,0.5117845117845118,1.2760928869247437,1.3014612197875977,0.07946205349883646,0.080471155920414,1.2794034481048584,0.5446915030479431,,,,,,,,
yeast,0.8,Baseline-LS,9,34,0.552742600440979,28.550632387399673,0.10409061833431843,0.6610526315789473,0.5569620132446289,55,0.5252525252525253,0.5117845117845118,1.2760928869247437,1.3014612197875977,0.07946205349883646,0.080471155920414,1.2794034481048584,0.5446915030479431,,,,,,,,
yeast,1.0,Baseline-LS,9,34,0.552742600440979,28.550632387399673,0.10409061833431843,0.6610526315789473,0.5569620132446289,55,0.5252525252525253,0.5117845117845118,1.2760928869247437,1.3014612197875977,0.07946205349883646,0.080471155920414,1.2794034481048584,0.5446915030479431,,,,,,,,
yeast,0.0,Baseline-LS,10,32,0.5696202516555786,29.118143528699875,0.12299355431606895,0.7010526315789474,0.5780590772628784,53,0.5824915824915825,0.5858585858585859,1.132048487663269,1.1457949876785278,0.056270098445391416,0.09409840083884871,1.3119866847991943,0.545543909072876,,,,,,,,
yeast,0.2,Baseline-LS,10,32,0.5696202516555786,29.118143528699875,0.12299355431606895,0.7010526315789474,0.5780590772628784,53,0.5824915824915825,0.5858585858585859,1.132048487663269,1.1457949876785278,0.056270098445391416,0.09409840083884871,1.3119866847991943,0.545543909072876,,,,,,,,
yeast,0.4,Baseline-LS,10,32,0.5696202516555786,29.118143528699875,0.12299355431606895,0.7010526315789474,0.5780590772628784,53,0.5824915824915825,0.5858585858585859,1.132048487663269,1.1457949876785278,0.056270098445391416,0.09409840083884871,1.3119866847991943,0.545543909072876,,,,,,,,
yeast,0.6,Baseline-LS,10,32,0.5696202516555786,29.118143528699875,0.12299355431606895,0.7010526315789474,0.5780590772628784,53,0.5824915824915825,0.5858585858585859,1.132048487663269,1.1457949876785278,0.056270098445391416,0.09409840083884871,1.3119866847991943,0.545543909072876,,,,,,,,
yeast,0.8,Baseline-LS,10,32,0.5696202516555786,29.118143528699875,0.12299355431606895,0.7010526315789474,0.5780590772628784,53,0.5824915824915825,0.5858585858585859,1.132048487663269,1.1457949876785278,0.056270098445391416,0.09409840083884871,1.3119866847991943,0.545543909072876,,,,,,,,
yeast,1.0,Baseline-LS,10,32,0.5696202516555786,29.118143528699875,0.12299355431606895,0.7010526315789474,0.5780590772628784,53,0.5824915824915825,0.5858585858585859,1.132048487663269,1.1457949876785278,0.056270098445391416,0.09409840083884871,1.3119866847991943,0.545543909072876,,,,,,,,
yeast,0.0,Baseline-LS,11,69,0.5569620132446289,49.36497860401869,0.1398623190428081,0.7052631578947368,0.5654008388519287,90,0.5757575757575758,0.5521885521885522,1.1428625583648682,1.161068320274353,0.0480815932806895,0.0629414743445939,1.2389081716537476,0.5700845122337341,,,,,,,,
yeast,0.2,Baseline-LS,11,69,0.5569620132446289,49.36497860401869,0.1398623190428081,0.7052631578947368,0.5654008388519287,90,0.5757575757575758,0.5521885521885522,1.1428625583648682,1.161068320274353,0.0480815932806895,0.0629414743445939,1.2389081716537476,0.5700845122337341,,,,,,,,
yeast,0.4,Baseline-LS,11,69,0.5569620132446289,49.36497860401869,0.1398623190428081,0.7052631578947368,0.5654008388519287,90,0.5757575757575758,0.5521885521885522,1.1428625583648682,1.161068320274353,0.0480815932806895,0.0629414743445939,1.2389081716537476,0.5700845122337341,,,,,,,,
yeast,0.6,Baseline-LS,11,69,0.5569620132446289,49.36497860401869,0.1398623190428081,0.7052631578947368,0.5654008388519287,90,0.5757575757575758,0.5521885521885522,1.1428625583648682,1.161068320274353,0.0480815932806895,0.0629414743445939,1.2389081716537476,0.5700845122337341,,,,,,,,
yeast,0.8,Baseline-LS,11,69,0.5569620132446289,49.36497860401869,0.1398623190428081,0.7052631578947368,0.5654008388519287,90,0.5757575757575758,0.5521885521885522,1.1428625583648682,1.161068320274353,0.0480815932806895,0.0629414743445939,1.2389081716537476,0.5700845122337341,,,,,,,,
yeast,1.0,Baseline-LS,11,69,0.5569620132446289,49.36497860401869,0.1398623190428081,0.7052631578947368,0.5654008388519287,90,0.5757575757575758,0.5521885521885522,1.1428625583648682,1.161068320274353,0.0480815932806895,0.0629414743445939,1.2389081716537476,0.5700845122337341,,,,,,,,
yeast,0.0,Baseline-LS,12,41,0.5654008388519287,33.12236252427101,0.13359096200842602,0.6778947368421052,0.5443037748336792,62,0.6296296296296297,0.6094276094276094,1.1084463596343994,1.1323617696762085,0.1060636190051583,0.11294094189650283,1.2047553062438965,0.5748937129974365,,,,,,,,
yeast,0.2,Baseline-LS,12,41,0.5654008388519287,33.12236252427101,0.13359096200842602,0.6778947368421052,0.5443037748336792,62,0.6296296296296297,0.6094276094276094,1.1084463596343994,1.1323617696762085,0.1060636190051583,0.11294094189650283,1.2047553062438965,0.5748937129974365,,,,,,,,
yeast,0.4,Baseline-LS,12,41,0.5654008388519287,33.12236252427101,0.13359096200842602,0.6778947368421052,0.5443037748336792,62,0.6296296296296297,0.6094276094276094,1.1084463596343994,1.1323617696762085,0.1060636190051583,0.11294094189650283,1.2047553062438965,0.5748937129974365,,,,,,,,
yeast,0.6,Baseline-LS,12,41,0.5654008388519287,33.12236252427101,0.13359096200842602,0.6778947368421052,0.5443037748336792,62,0.6296296296296297,0.6094276094276094,1.1084463596343994,1.1323617696762085,0.1060636190051583,0.11294094189650283,1.2047553062438965,0.5748937129974365,,,,,,,,
yeast,0.8,Baseline-LS,12,41,0.5654008388519287,33.12236252427101,0.13359096200842602,0.6778947368421052,0.5443037748336792,62,0.6296296296296297,0.6094276094276094,1.1084463596343994,1.1323617696762085,0.1060636190051583,0.11294094189650283,1.2047553062438965,0.5748937129974365,,,,,,,,
yeast,1.0,Baseline-LS,12,41,0.5654008388519287,33.12236252427101,0.13359096200842602,0.6778947368421052,0.5443037748336792,62,0.6296296296296297,0.6094276094276094,1.1084463596343994,1.1323617696762085,0.1060636190051583,0.11294094189650283,1.2047553062438965,0.5748937129974365,,,,,,,,
yeast,0.0,Baseline-LS,13,33,0.6033755540847778,30.70886118710041,0.07240509271621709,0.68,0.607594907283783,54,0.6094276094276094,0.6127946127946128,1.0724022388458252,1.0674312114715576,0.08584704498449965,0.06967271247295417,1.2629482746124268,0.5530037879943848,,,,,,,,
yeast,0.2,Baseline-LS,13,33,0.6033755540847778,30.70886118710041,0.07240509271621709,0.68,0.607594907283783,54,0.6094276094276094,0.6127946127946128,1.0724022388458252,1.0674312114715576,0.08584704498449965,0.06967271247295417,1.2629482746124268,0.5530037879943848,,,,,,,,
yeast,0.4,Baseline-LS,13,33,0.6033755540847778,30.70886118710041,0.07240509271621709,0.68,0.607594907283783,54,0.6094276094276094,0.6127946127946128,1.0724022388458252,1.0674312114715576,0.08584704498449965,0.06967271247295417,1.2629482746124268,0.5530037879943848,,,,,,,,
yeast,0.6,Baseline-LS,13,33,0.6033755540847778,30.70886118710041,0.07240509271621709,0.68,0.607594907283783,54,0.6094276094276094,0.6127946127946128,1.0724022388458252,1.0674312114715576,0.08584704498449965,0.06967271247295417,1.2629482746124268,0.5530037879943848,,,,,,,,
yeast,0.8,Baseline-LS,13,33,0.6033755540847778,30.70886118710041,0.07240509271621709,0.68,0.607594907283783,54,0.6094276094276094,0.6127946127946128,1.0724022388458252,1.0674312114715576,0.08584704498449965,0.06967271247295417,1.2629482746124268,0.5530037879943848,,,,,,,,
yeast,1.0,Baseline-LS,13,33,0.6033755540847778,30.70886118710041,0.07240509271621709,0.68,0.607594907283783,54,0.6094276094276094,0.6127946127946128,1.0724022388458252,1.0674312114715576,0.08584704498449965,0.06967271247295417,1.2629482746124268,0.5530037879943848,,,,,,,,
yeast,0.0,Baseline-LS,14,39,0.5654008388519287,32.49578024446964,0.12307353270681276,0.6631578947368421,0.5400843620300293,60,0.5656565656565656,0.5622895622895623,1.1356476545333862,1.1388885974884033,0.0829571224121935,0.09677681015798137,1.3327293395996094,0.524055540561676,,,,,,,,
yeast,0.2,Baseline-LS,14,39,0.5654008388519287,32.49578024446964,0.12307353270681276,0.6631578947368421,0.5400843620300293,60,0.5656565656565656,0.5622895622895623,1.1356476545333862,1.1388885974884033,0.0829571224121935,0.09677681015798137,1.3327293395996094,0.524055540561676,,,,,,,,
yeast,0.4,Baseline-LS,14,39,0.5654008388519287,32.49578024446964,0.12307353270681276,0.6631578947368421,0.5400843620300293,60,0.5656565656565656,0.5622895622895623,1.1356476545333862,1.1388885974884033,0.0829571224121935,0.09677681015798137,1.3327293395996094,0.524055540561676,,,,,,,,
yeast,0.6,Baseline-LS,14,39,0.5654008388519287,32.49578024446964,0.12307353270681276,0.6631578947368421,0.5400843620300293,60,0.5656565656565656,0.5622895622895623,1.1356476545333862,1.1388885974884033,0.0829571224121935,0.09677681015798137,1.3327293395996094,0.524055540561676,,,,,,,,
yeast,0.8,Baseline-LS,14,39,0.5654008388519287,32.49578024446964,0.12307353270681276,0.6631578947368421,0.5400843620300293,60,0.5656565656565656,0.5622895622895623,1.1356476545333862,1.1388885974884033,0.0829571224121935,0.09677681015798137,1.3327293395996094,0.524055540561676,,,,,,,,
yeast,1.0,Baseline-LS,14,39,0.5654008388519287,32.49578024446964,0.12307353270681276,0.6631578947368421,0.5400843620300293,60,0.5656565656565656,0.5622895622895623,1.1356476545333862,1.1388885974884033,0.0829571224121935,0.09677681015798137,1.3327293395996094,0.524055540561676,,,,,,,,
yeast,0.0,Baseline-LS,15,74,0.6033755540847778,54.44936857372522,0.10401952643143508,0.6947368421052632,0.5907173156738281,95,0.5925925925925926,0.5757575757575758,1.0872057676315308,1.1166660785675049,0.043480595103418,0.05125038391010528,1.2021664381027222,0.5862355828285217,,,,,,,,
yeast,0.2,Baseline-LS,15,74,0.6033755540847778,54.44936857372522,0.10401952643143508,0.6947368421052632,0.5907173156738281,95,0.5925925925925926,0.5757575757575758,1.0872057676315308,1.1166660785675049,0.043480595103418,0.05125038391010528,1.2021664381027222,0.5862355828285217,,,,,,,,
yeast,0.4,Baseline-LS,15,74,0.6033755540847778,54.44936857372522,0.10401952643143508,0.6947368421052632,0.5907173156738281,95,0.5925925925925926,0.5757575757575758,1.0872057676315308,1.1166660785675049,0.043480595103418,0.05125038391010528,1.2021664381027222,0.5862355828285217,,,,,,,,
yeast,0.6,Baseline-LS,15,74,0.6033755540847778,54.44936857372522,0.10401952643143508,0.6947368421052632,0.5907173156738281,95,0.5925925925925926,0.5757575757575758,1.0872057676315308,1.1166660785675049,0.043480595103418,0.05125038391010528,1.2021664381027222,0.5862355828285217,,,,,,,,
yeast,0.8,Baseline-LS,15,74,0.6033755540847778,54.44936857372522,0.10401952643143508,0.6947368421052632,0.5907173156738281,95,0.5925925925925926,0.5757575757575758,1.0872057676315308,1.1166660785675049,0.043480595103418,0.05125038391010528,1.2021664381027222,0.5862355828285217,,,,,,,,
yeast,1.0,Baseline-LS,15,74,0.6033755540847778,54.44936857372522,0.10401952643143508,0.6947368421052632,0.5907173156738281,95,0.5925925925925926,0.5757575757575758,1.0872057676315308,1.1166660785675049,0.043480595103418,0.05125038391010528,1.2021664381027222,0.5862355828285217,,,,,,,,
yeast,0.0,Baseline-LS,16,32,0.5907173156738281,29.33544333279133,0.09979122713992472,0.6989473684210527,0.5991561412811279,53,0.5656565656565656,0.5892255892255892,1.1309584379196167,1.1212385892868042,0.05630005289007116,0.059491799134598025,1.2758533954620361,0.5464556813240051,,,,,,,,
yeast,0.2,Baseline-LS,16,32,0.5907173156738281,29.33544333279133,0.09979122713992472,0.6989473684210527,0.5991561412811279,53,0.5656565656565656,0.5892255892255892,1.1309584379196167,1.1212385892868042,0.05630005289007116,0.059491799134598025,1.2758533954620361,0.5464556813240051,,,,,,,,
yeast,0.4,Baseline-LS,16,32,0.5907173156738281,29.33544333279133,0.09979122713992472,0.6989473684210527,0.5991561412811279,53,0.5656565656565656,0.5892255892255892,1.1309584379196167,1.1212385892868042,0.05630005289007116,0.059491799134598025,1.2758533954620361,0.5464556813240051,,,,,,,,
yeast,0.6,Baseline-LS,16,32,0.5907173156738281,29.33544333279133,0.09979122713992472,0.6989473684210527,0.5991561412811279,53,0.5656565656565656,0.5892255892255892,1.1309584379196167,1.1212385892868042,0.05630005289007116,0.059491799134598025,1.2758533954620361,0.5464556813240051,,,,,,,,
yeast,0.8,Baseline-LS,16,32,0.5907173156738281,29.33544333279133,0.09979122713992472,0.6989473684210527,0.5991561412811279,53,0.5656565656565656,0.5892255892255892,1.1309584379196167,1.1212385892868042,0.05630005289007116,0.059491799134598025,1.2758533954620361,0.5464556813240051,,,,,,,,
yeast,1.0,Baseline-LS,16,32,0.5907173156738281,29.33544333279133,0.09979122713992472,0.6989473684210527,0.5991561412811279,53,0.5656565656565656,0.5892255892255892,1.1309584379196167,1.1212385892868042,0.05630005289007116,0.059491799134598025,1.2758533954620361,0.5464556813240051,,,,,,,,
yeast,0.0,Baseline-LS,17,44,0.5822784900665283,35.62025359272957,0.10401063994357462,0.6989473684210527,0.594936728477478,65,0.6161616161616161,0.6161616161616161,1.1020467281341553,1.107452154159546,0.09021485679679445,0.0830164609934746,1.2394888401031494,0.562383770942688,,,,,,,,
yeast,0.2,Baseline-LS,17,44,0.5822784900665283,35.62025359272957,0.10401063994357462,0.6989473684210527,0.594936728477478,65,0.6161616161616161,0.6161616161616161,1.1020467281341553,1.107452154159546,0.09021485679679445,0.0830164609934746,1.2394888401031494,0.562383770942688,,,,,,,,
yeast,0.4,Baseline-LS,17,44,0.5822784900665283,35.62025359272957,0.10401063994357462,0.6989473684210527,0.594936728477478,65,0.6161616161616161,0.6161616161616161,1.1020467281341553,1.107452154159546,0.09021485679679445,0.0830164609934746,1.2394888401031494,0.562383770942688,,,,,,,,
yeast,0.6,Baseline-LS,17,44,0.5822784900665283,35.62025359272957,0.10401063994357462,0.6989473684210527,0.594936728477478,65,0.6161616161616161,0.6161616161616161,1.1020467281341553,1.107452154159546,0.09021485679679445,0.0830164609934746,1.2394888401031494,0.562383770942688,,,,,,,,
yeast,0.8,Baseline-LS,17,44,0.5822784900665283,35.62025359272957,0.10401063994357462,0.6989473684210527,0.594936728477478,65,0.6161616161616161,0.6161616161616161,1.1020467281341553,1.107452154159546,0.09021485679679445,0.0830164609934746,1.2394888401031494,0.562383770942688,,,,,,,,
yeast,1.0,Baseline-LS,17,44,0.5822784900665283,35.62025359272957,0.10401063994357462,0.6989473684210527,0.594936728477478,65,0.6161616161616161,0.6161616161616161,1.1020467281341553,1.107452154159546,0.09021485679679445,0.0830164609934746,1.2394888401031494,0.562383770942688,,,,,,,,
yeast,0.0,Baseline-LS,18,32,0.594936728477478,30.470464520156384,0.0703175429293984,0.6694736842105263,0.5991561412811279,53,0.5959595959595959,0.6094276094276094,1.1118714809417725,1.1084064245224,0.08712939958179038,0.06489216448482038,1.3078621625900269,0.5360686779022217,,,,,,,,
yeast,0.2,Baseline-LS,18,32,0.594936728477478,30.470464520156384,0.0703175429293984,0.6694736842105263,0.5991561412811279,53,0.5959595959595959,0.6094276094276094,1.1118714809417725,1.1084064245224,0.08712939958179038,0.06489216448482038,1.3078621625900269,0.5360686779022217,,,,,,,,
yeast,0.4,Baseline-LS,18,32,0.594936728477478,30.470464520156384,0.0703175429293984,0.6694736842105263,0.5991561412811279,53,0.5959595959595959,0.6094276094276094,1.1118714809417725,1.1084064245224,0.08712939958179038,0.06489216448482038,1.3078621625900269,0.5360686779022217,,,,,,,,
yeast,0.6,Baseline-LS,18,32,0.594936728477478,30.470464520156384,0.0703175429293984,0.6694736842105263,0.5991561412811279,53,0.5959595959595959,0.6094276094276094,1.1118714809417725,1.1084064245224,0.08712939958179038,0.06489216448482038,1.3078621625900269,0.5360686779022217,,,,,,,,
yeast,0.8,Baseline-LS,18,32,0.594936728477478,30.470464520156384,0.0703175429293984,0.6694736842105263,0.5991561412811279,53,0.5959595959595959,0.6094276094276094,1.1118714809417725,1.1084064245224,0.08712939958179038,0.06489216448482038,1.3078621625900269,0.5360686779022217,,,,,,,,
yeast,1.0,Baseline-LS,18,32,0.594936728477478,30.470464520156384,0.0703175429293984,0.6694736842105263,0.5991561412811279,53,0.5959595959595959,0.6094276094276094,1.1118714809417725,1.1084064245224,0.08712939958179038,0.06489216448482038,1.3078621625900269,0.5360686779022217,,,,,,,,
yeast,0.0,Baseline-LS,19,66,0.5654008388519287,47.85654030740261,0.12087051818245331,0.7073684210526315,0.5864979028701782,87,0.5723905723905723,0.5723905723905723,1.194954752922058,1.2031689882278442,0.07629591949058302,0.06781810391631593,1.2750988006591797,0.5624455809593201,,,,,,,,
yeast,0.2,Baseline-LS,19,66,0.5654008388519287,47.85654030740261,0.12087051818245331,0.7073684210526315,0.5864979028701782,87,0.5723905723905723,0.5723905723905723,1.194954752922058,1.2031689882278442,0.07629591949058302,0.06781810391631593,1.2750988006591797,0.5624455809593201,,,,,,,,
yeast,0.4,Baseline-LS,19,66,0.5654008388519287,47.85654030740261,0.12087051818245331,0.7073684210526315,0.5864979028701782,87,0.5723905723905723,0.5723905723905723,1.194954752922058,1.2031689882278442,0.07629591949058302,0.06781810391631593,1.2750988006591797,0.5624455809593201,,,,,,,,
yeast,0.6,Baseline-LS,19,66,0.5654008388519287,47.85654030740261,0.12087051818245331,0.7073684210526315,0.5864979028701782,87,0.5723905723905723,0.5723905723905723,1.194954752922058,1.2031689882278442,0.07629591949058302,0.06781810391631593,1.2750988006591797,0.5624455809593201,,,,,,,,
yeast,0.8,Baseline-LS,19,66,0.5654008388519287,47.85654030740261,0.12087051818245331,0.7073684210526315,0.5864979028701782,87,0.5723905723905723,0.5723905723905723,1.194954752922058,1.2031689882278442,0.07629591949058302,0.06781810391631593,1.2750988006591797,0.5624455809593201,,,,,,,,
yeast,1.0,Baseline-LS,19,66,0.5654008388519287,47.85654030740261,0.12087051818245331,0.7073684210526315,0.5864979028701782,87,0.5723905723905723,0.5723905723905723,1.194954752922058,1.2031689882278442,0.07629591949058302,0.06781810391631593,1.2750988006591797,0.5624455809593201,,,,,,,,
yeast,0.0,Distill-S,0,18,0.5189873576164246,19.892405152320862,0.11251167096589743,0.6694736842105263,0.5569620132446289,39,0.5791245791245792,0.6060606060606061,1.066091775894165,1.0593205690383911,0.06375276585821352,0.04176147859104556,1.1419079303741455,0.564062774181366,0.5892255892255892,0.12417302968310157,0.6968310351190878,0.8055299134103914,0.7716218160850946,0.7046206803056988,,0.7263157894736842
yeast,0.2,Distill-S,0,21,0.5358649492263794,21.324894458055496,0.13993335134104679,0.671578947368421,0.5316455960273743,42,0.5993265993265994,0.6161616161616161,1.073381781578064,1.0840376615524292,0.06218477476526189,0.07408320070918561,1.0709388256072998,0.5895499587059021,0.5791245791245792,0.12950149183818513,0.6993696701491329,0.791742317385336,0.7647751273809407,0.7062359102068096,0.7894736842105263,0.8078947368421052
yeast,0.4,Distill-S,0,21,0.5274261832237244,21.55696189403534,0.13359096200842602,0.6778947368421052,0.5443037748336792,42,0.5925925925925926,0.6094276094276094,1.0639753341674805,1.0721937417984009,0.03459254669822025,0.07965072236879907,1.0437188148498535,0.6007952690124512,0.5993265993265994,0.11713359221935231,0.7114014724304258,0.7632725257410352,0.7320833591111047,0.7195010014672361,0.8421052631578947,0.8035087719298246
yeast,0.6,Distill-S,0,18,0.5105485320091248,19.567510932683945,0.1314679258748105,0.6842105263157895,0.552742600440979,39,0.5858585858585859,0.6060606060606061,1.081528663635254,1.0790913105010986,0.07694979749544703,0.08526625436564489,1.0880597829818726,0.5808591246604919,0.5824915824915825,0.1053049369064185,0.6781026678085691,0.8222426495140289,0.7857116604779647,0.6958211931918165,0.8175438596491228,0.7631578947368421
yeast,0.8,Distill-S,0,21,0.5232067704200745,21.383966326713562,0.13358207552056567,0.6821052631578948,0.5485231876373291,42,0.5925925925925926,0.6094276094276094,1.0743242502212524,1.0748350620269775,0.06953082873363688,0.05662312230678518,1.0417252779006958,0.6010881066322327,0.5858585858585859,0.14129484962098718,0.7192677002494108,0.7325844481224626,0.7301431045241671,0.7195490257434168,0.8052631578947368,0.8421052631578947
yeast,1.0,Distill-S,0,18,0.5358649492263794,19.96202513575554,0.12725739955902104,0.68,0.552742600440979,39,0.5858585858585859,0.6060606060606061,1.0786117315292358,1.0756412744522095,0.07398898437970418,0.06501822188647106,1.0819956064224243,0.5844026803970337,0.5892255892255892,0.14145819954265648,0.701374288261136,0.7721541902769863,0.7522069270159724,0.7111466148912476,0.7894736842105263,
yeast,0.0,Distill-S,1,47,0.5696202516555786,36.6223623752594,0.08089717764603466,0.6547368421052632,0.5738396644592285,68,0.6296296296296297,0.622895622895623,1.0065118074417114,1.0087515115737915,0.040975083305378156,0.040780216154426015,0.983916699886322,0.6178350448608398,0.5892255892255892,0.09367643724289251,0.6728913092038025,0.8014656995642336,0.8080712740837731,0.6651178632496652,,0.7957894736842105
yeast,0.2,Distill-S,1,22,0.5696202516555786,22.54008397459984,0.07250278447803693,0.6336842105263157,0.5611814260482788,43,0.6363636363636364,0.6430976430976431,1.033219814300537,1.0470893383026123,0.061377320927802966,0.08140653251397491,1.056287169456482,0.5950478315353394,0.5892255892255892,0.12497935843662199,0.6888804505845015,0.7798996653246293,0.7821988837385119,0.6891361090242708,0.7894736842105263,0.7973684210526316
yeast,0.4,Distill-S,1,23,0.5654008388519287,23.373417526483536,0.07247612501445566,0.6463157894736842,0.5738396644592285,44,0.6127946127946128,0.6094276094276094,1.0527822971343994,1.0737744569778442,0.049197840770888415,0.07959588459043793,1.0192023515701294,0.6068956851959229,0.5622895622895623,0.1530588061808481,0.7056614233873176,0.7654331987965878,0.7781991942803131,0.699007918234003,0.8473684210526315,0.8105263157894737
yeast,0.6,Distill-S,1,23,0.5780590772628784,23.575949370861053,0.07459027466021084,0.6442105263157895,0.5696202516555786,44,0.6195286195286195,0.6262626262626263,1.0447924137115479,1.0651599168777466,0.05070584269886466,0.07947693298561406,1.0321544408798218,0.6065336465835571,0.5757575757575758,0.119961483402487,0.6930129287655766,0.7932530615514911,0.788344647997976,0.6934759198606358,0.8456140350877193,0.8157894736842105
yeast,0.8,Distill-S,1,23,0.5696202516555786,23.073839366436005,0.12094161008533677,0.6736842105263158,0.552742600440979,44,0.6161616161616161,0.6127946127946128,1.0497082471847534,1.0912301540374756,0.03795990638861351,0.0841474361491926,1.0157959461212158,0.6163300275802612,0.6060606060606061,0.1259957237090813,0.7104160063057335,0.7667914318320186,0.7701034975906571,0.7032229858896155,0.8289473684210527,0.8421052631578947
yeast,1.0,Distill-S,1,23,0.5611814260482788,23.29113906621933,0.11039752132014224,0.671578947368421,0.5611814260482788,44,0.6127946127946128,0.6127946127946128,1.0543209314346313,1.1051610708236694,0.042806119529486514,0.11997682578635938,1.0392237901687622,0.6097878813743591,0.5723905723905723,0.13214771224987085,0.6968370337985055,0.802297530601103,0.781785295574648,0.7022462161343033,0.8021052631578948,
yeast,0.0,Distill-S,2,41,0.5822784900665283,34.37552762031555,0.07880968746386074,0.6442105263157895,0.5654008388519287,62,0.632996632996633,0.6363636363636364,1.1399288177490234,1.151619791984558,0.05386263403025538,0.07331432642960789,0.9524756073951721,0.6169552206993103,0.5858585858585859,0.1142518205815482,0.6835236732635923,0.7881315602805194,0.7852129469008039,0.6733559987699267,,0.7873684210526316
yeast,0.2,Distill-S,2,32,0.5907173156738281,29.06118181347847,0.08090606413389512,0.6505263157894737,0.5696202516555786,53,0.6195286195286195,0.6195286195286195,1.1383477449417114,1.1461220979690552,0.07978272739082874,0.08831233001919304,0.9445115327835083,0.6227506399154663,0.6060606060606061,0.13004275782153513,0.6948638836046366,0.7347461290226228,0.7210268044303434,0.6923288418020163,0.8315789473684211,0.8263157894736842
yeast,0.4,Distill-S,2,25,0.5611814260482788,23.90084347128868,0.10408173184645808,0.6652631578947369,0.5611814260482788,46,0.6026936026936027,0.5858585858585859,1.1732845306396484,1.1976374387741089,0.07989231163403805,0.09539707632177205,0.990837812423706,0.6036780476570129,0.5622895622895623,0.1460700862453963,0.6854536488691251,0.7650545605692913,0.7552350269029705,0.6861458915932697,0.8,0.7964912280701755
yeast,0.6,Distill-S,2,31,0.5738396644592285,27.784810096025467,0.1104064078080027,0.6673684210526316,0.5569620132446289,52,0.6296296296296297,0.622895622895623,1.1447921991348267,1.1735683679580688,0.1162879879928197,0.10988634413340277,0.9759637713432312,0.6007187962532043,0.5892255892255892,0.1278379828205918,0.696641574716429,0.7399712924009081,0.7374575322850202,0.6973693633973981,0.7263157894736842,0.7105263157894737
yeast,0.8,Distill-S,2,32,0.5611814260482788,27.55274224281311,0.11038863483228178,0.6757894736842105,0.5654008388519287,53,0.6094276094276094,0.6127946127946128,1.1730103492736816,1.2158746719360352,0.10088031731470666,0.08867275494116325,0.9916262626647949,0.598517119884491,0.5757575757575758,0.13738747301812343,0.6986802362228438,0.7606179265987225,0.7469784137628315,0.7043481918440587,0.7710526315789473,0.6736842105263158
yeast,1.0,Distill-S,2,25,0.5485231876373291,23.327003866434097,0.1314679258748105,0.6842105263157895,0.552742600440979,46,0.6127946127946128,0.6127946127946128,1.1811262369155884,1.2397319078445435,0.09689642870265625,0.07642787163105075,0.9999934434890747,0.5937435626983643,0.5892255892255892,0.14919231808252686,0.7165263118546641,0.7168254148520029,0.7017004131066037,0.7231845269149837,0.7936842105263158,
yeast,0.0,Distill-S,3,70,0.6033755540847778,54.407171964645386,0.07029094307046191,0.6821052631578948,0.6118143200874329,91,0.5824915824915825,0.5925925925925926,1.0869940519332886,1.0915305614471436,0.09931239611171314,0.08353517116721629,0.9331934452056885,0.62956303358078,0.5757575757575758,0.11289182441791015,0.6795604850379467,0.7923120773237254,0.8081612573982658,0.6657063017126723,,0.8168421052631579
yeast,0.2,Distill-S,3,37,0.6160337328910828,32.38396668434143,0.1040550723828767,0.6778947368421052,0.5738396644592285,58,0.5993265993265994,0.5925925925925926,1.0908534526824951,1.1020499467849731,0.08284251171129721,0.08088411887486775,0.9888560771942139,0.6064271330833435,0.5925925925925926,0.11561834347523683,0.6910047191470954,0.7832028710562076,0.7721120567554154,0.6908871299985642,0.8526315789473684,0.781578947368421
yeast,0.4,Distill-S,3,37,0.6455696225166321,34.47468310594559,0.06608041675467236,0.6778947368421052,0.6118143200874329,58,0.5791245791245792,0.5858585858585859,1.117977261543274,1.1197433471679688,0.0810254819264717,0.09267965290281506,0.9776357412338257,0.6042590141296387,0.5892255892255892,0.09688139235997138,0.6790139976507001,0.7869039520552263,0.7787576375541376,0.6847583589404509,0.8052631578947368,0.775438596491228
yeast,0.6,Distill-S,3,37,0.6160337328910828,33.74683502316475,0.09559847379985609,0.6863157894736842,0.5907173156738281,58,0.5824915824915825,0.5824915824915825,1.1132794618606567,1.1257433891296387,0.06933450167026585,0.0832414317010629,0.9689518213272095,0.6128901243209839,0.5488215488215489,0.12544166264126003,0.6740760129628732,0.8016959994117661,0.7586926517698036,0.6976084997009407,0.8035087719298246,0.8157894736842105
yeast,0.8,Distill-S,3,37,0.6244725584983826,34.035864263772964,0.09137906099620619,0.6863157894736842,0.594936728477478,58,0.5757575757575758,0.5925925925925926,1.1238542795181274,1.146676778793335,0.06862498303053756,0.08308013636455794,0.9710551500320435,0.6086018085479736,0.5892255892255892,0.1063423527525297,0.6817457099162225,0.7799504841766524,0.7562453461433072,0.6995550531031306,0.781578947368421,0.8105263157894737
yeast,1.0,Distill-S,3,28,0.6286919713020325,28.170885741710663,0.06820339328364322,0.671578947368421,0.6033755540847778,49,0.5824915824915825,0.5622895622895623,1.119405746459961,1.133522629737854,0.05174509583900272,0.08260860226371071,0.9822572469711304,0.6097231507301331,0.5622895622895623,0.1320002497151231,0.6880033404055121,0.778071238799533,0.7481112708045259,0.7033527881572877,0.8105263157894737,
yeast,0.0,Distill-S,4,66,0.594936728477478,48.47890351712704,0.08508993098610329,0.6673684210526316,0.5822784900665283,87,0.6296296296296297,0.6161616161616161,1.0428847074508667,1.0618984699249268,0.07197764977461561,0.0743318220180293,0.9167408347129822,0.6391763687133789,0.569023569023569,0.13920303258610117,0.7069025161345462,0.7585662164361789,0.7802534600003161,0.6903590608960009,,0.8105263157894737
yeast,0.2,Distill-S,4,34,0.5822784900665283,30.48734213411808,0.047124161845759294,0.6631578947368421,0.6160337328910828,55,0.622895622895623,0.6430976430976431,1.0635364055633545,1.0788373947143555,0.061933540284432945,0.05470116200671855,0.9449487328529358,0.6230174899101257,0.5521885521885522,0.17078297821030944,0.7177767830686722,0.7245258993609668,0.7741426868744402,0.6923089314007245,0.8736842105263158,0.7684210526315789
yeast,0.4,Distill-S,4,30,0.594936728477478,27.80590771138668,0.09563401975129782,0.6694736842105263,0.5738396644592285,51,0.6195286195286195,0.6430976430976431,1.0665411949157715,1.0708028078079224,0.08852077659332393,0.07405643521334587,0.9506767988204956,0.6208177804946899,0.5892255892255892,0.136515625789083,0.7012000260448785,0.751363260473222,0.764938003395556,0.6994500470019006,0.8315789473684211,0.8
yeast,0.6,Distill-S,4,36,0.5864979028701782,31.240506753325462,0.06614256256505058,0.6484210526315789,0.5822784900665283,57,0.6161616161616161,0.6161616161616161,1.0867469310760498,1.1000068187713623,0.07117712497711182,0.07655661836617725,0.9088309407234192,0.635171115398407,0.5925925925925926,0.15653024048860836,0.7216045530501688,0.7004389309681984,0.7228685886049144,0.7102960194893086,0.8035087719298246,0.8578947368421053
yeast,0.8,Distill-S,4,30,0.5738396644592285,26.7552739828825,0.09144126641122918,0.6568421052631579,0.5654008388519287,51,0.6060606060606061,0.6026936026936027,1.0704671144485474,1.0643236637115479,0.09299403002567162,0.06212322248352898,0.9551944136619568,0.6175139546394348,0.5858585858585859,0.12073243829455119,0.6957219678738161,0.775989580238866,0.7645938901632648,0.7015187589216937,0.7552631578947369,0.7578947368421053
yeast,1.0,Distill-S,4,35,0.5738396644592285,29.770042091608047,0.12725739955902104,0.68,0.552742600440979,56,0.6060606060606061,0.6060606060606061,1.1069083213806152,1.1122691631317139,0.07494584769512265,0.07671058840221828,0.922764241695404,0.630733072757721,0.5892255892255892,0.12789506488934047,0.7019177575977885,0.7680242903468332,0.763333424797834,0.704443350975906,0.8168421052631579,
yeast,0.0,Distill-S,5,46,0.6160337328910828,39.38185641169548,0.011308028697967543,0.64,0.6286919713020325,67,0.5824915824915825,0.569023569023569,1.037790060043335,1.047922968864441,0.07194813453789915,0.09714472936058687,0.9928625822067261,0.618686854839325,0.5353535353535354,0.14514358869621316,0.6804971240497485,0.7770714261058514,0.7796280666605284,0.6839941027026105,,0.8315789473684211
yeast,0.2,Distill-S,5,47,0.6160337328910828,39.812236189842224,0.04079948588421467,0.6610526315789473,0.6202531456947327,68,0.5892255892255892,0.5959595959595959,1.0417108535766602,1.0478272438049316,0.06918064953903558,0.04640890040782966,0.9728661775588989,0.6268448233604431,0.5757575757575758,0.14439530194163436,0.7012248114805195,0.7534286390638478,0.7539601407991295,0.7031034529839113,0.8315789473684211,0.8342105263157895
yeast,0.4,Distill-S,5,39,0.6160337328910828,35.14767913520336,0.02393072115747552,0.6568421052631579,0.6329113841056824,60,0.5858585858585859,0.5791245791245792,1.0601959228515625,1.0848757028579712,0.06902083011990041,0.08099977938013045,0.9974194765090942,0.620842695236206,0.5892255892255892,0.12823876294811495,0.6951360655876979,0.7939681639684392,0.7882536688539551,0.6951550367703203,0.7842105263157895,0.7964912280701755
yeast,0.6,Distill-S,5,39,0.607594907283783,34.314346089959145,0.05345772429516438,0.6610526315789473,0.607594907283783,60,0.5723905723905723,0.5723905723905723,1.0570861101150513,1.0736732482910156,0.09241696289091401,0.09131990001859891,0.950472354888916,0.6414804458618164,0.5858585858585859,0.1469708996041761,0.7144418793393718,0.7292237178823575,0.7220367328068154,0.7202906624996553,0.8596491228070176,0.8157894736842105
yeast,0.8,Distill-S,5,33,0.6244725584983826,31.584387943148613,0.017606045195930897,0.6547368421052632,0.6371307969093323,54,0.5723905723905723,0.5824915824915825,1.0623327493667603,1.077229380607605,0.05975335766169358,0.0629359184692203,0.9798834919929504,0.6288452744483948,0.6127946127946128,0.1037334574095167,0.6874817565726147,0.803091251637295,0.7880871498611848,0.6945133743221236,0.8447368421052631,0.8315789473684211
yeast,1.0,Distill-S,5,33,0.6033755540847778,30.82067483663559,0.02606264377895151,0.6463157894736842,0.6202531456947327,54,0.5757575757575758,0.5959595959595959,1.0615875720977783,1.0717219114303589,0.0682119339804858,0.09278830976197214,0.9906399250030518,0.6260083317756653,0.5454545454545454,0.14955935416355062,0.6950138996180961,0.7863927238140243,0.7611746349371711,0.7057622888012307,0.84,
yeast,0.0,Distill-S,6,37,0.5822784900665283,31.573839463293552,0.07670442430596602,0.6421052631578947,0.5654008388519287,58,0.5757575757575758,0.5757575757575758,1.1337813138961792,1.1436554193496704,0.09397863699530914,0.0763979884309801,1.0108219385147095,0.6118921637535095,0.5555555555555556,0.12646862773150488,0.6746277616580753,0.8257949623543471,0.8020121731874575,0.6829566856618979,,0.8273684210526315
yeast,0.2,Distill-S,6,33,0.5780590772628784,29.301687598228455,0.061949809224982055,0.6357894736842106,0.5738396644592285,54,0.5959595959595959,0.5824915824915825,1.1574852466583252,1.1737018823623657,0.08184334073805245,0.09633800337210248,1.014709711074829,0.6098169684410095,0.5656565656565656,0.14136676653822353,0.6880468778096028,0.7798399530093642,0.7872901335439747,0.6832350118123204,0.8421052631578947,0.8263157894736842
yeast,0.4,Distill-S,6,28,0.5654008388519287,26.649789065122604,0.045081044498242795,0.631578947368421,0.5864979028701782,49,0.5892255892255892,0.5824915824915825,1.1397249698638916,1.1582752466201782,0.09253429734345639,0.0847818002054587,1.0472471714019775,0.5958210229873657,0.5622895622895623,0.12510652178527837,0.673517408412399,0.8369447905168349,0.8149904969569072,0.6847115393558119,0.868421052631579,0.8140350877192982
yeast,0.6,Distill-S,6,24,0.5569620132446289,23.801687330007553,0.08934488974119492,0.6505263157894737,0.5611814260482788,45,0.5892255892255892,0.5723905723905723,1.1364049911499023,1.1596523523330688,0.0728443671356548,0.07595008812368119,1.0531039237976074,0.5870236158370972,0.5521885521885522,0.14163606561577347,0.6761196878097593,0.8231323497875268,0.8040889010014516,0.6820766335711465,0.8666666666666667,0.7947368421052632
yeast,0.8,Distill-S,6,31,0.5696202516555786,28.065400630235672,0.09566956570273955,0.6526315789473685,0.5569620132446289,52,0.5723905723905723,0.5723905723905723,1.1233097314834595,1.1465177536010742,0.101879648036427,0.08316868267677449,1.0178508758544922,0.6046165227890015,0.5858585858585859,0.11028390676905246,0.6774421095021587,0.8189583203909481,0.8029132744764628,0.6835075112308637,0.8605263157894737,0.8526315789473684
yeast,1.0,Distill-S,6,33,0.5738396644592285,28.898733742535114,0.08723962658330009,0.6484210526315789,0.5611814260482788,54,0.5858585858585859,0.5757575757575758,1.1410645246505737,1.1742199659347534,0.06964350439081288,0.08559298279510202,0.9999194145202637,0.6130725741386414,0.531986531986532,0.15476968587923481,0.6867562178657668,0.8278263292014791,0.8074153381367201,0.6893179625693275,0.8378947368421052,
yeast,0.0,Distill-S,7,28,0.649789035320282,29.54430377483368,0.028185679912567152,0.64,0.6118143200874329,49,0.569023569023569,0.5589225589225589,1.1065698862075806,1.1008418798446655,0.07890192692729363,0.08219977530967504,1.050417184829712,0.573419988155365,0.5622895622895623,0.0897992471377029,0.6520888094272651,0.8613240550877795,0.8117575833154176,0.6844358398111535,,0.7557894736842106
yeast,0.2,Distill-S,7,31,0.6455696225166321,31.514767915010452,-0.0013235502494008955,0.6273684210526316,0.6286919713020325,52,0.5387205387205387,0.531986531986532,1.1193634271621704,1.1324928998947144,0.11334625297925288,0.07381934123207826,1.0275737047195435,0.5870062112808228,0.5555555555555556,0.13316337593293423,0.6675225307406013,0.8362577297390542,0.7965890751987937,0.6918706440407102,0.8,0.7763157894736842
yeast,0.4,Distill-S,7,28,0.6329113841056824,29.27004200220108,0.02607153026681197,0.6421052631578947,0.6160337328910828,49,0.5387205387205387,0.5488215488215489,1.110490083694458,1.1123147010803223,0.08878605122919435,0.0725513092596523,1.0129857063293457,0.5910212993621826,0.5454545454545454,0.12766627971619693,0.6662825609715572,0.8263652007435986,0.7678351847576964,0.6943278858897357,0.8210526315789474,0.8210526315789474
yeast,0.6,Distill-S,7,37,0.6371307969093323,34.713079541921616,0.030282056582601413,0.6463157894736842,0.6160337328910828,58,0.5454545454545454,0.5555555555555556,1.127026081085205,1.1533011198043823,0.07351588540607029,0.07318071373785386,0.9854874014854431,0.6064413785934448,0.5521885521885522,0.11418162447589209,0.6640643316867492,0.8182937303937576,0.7725221487644577,0.6902429454700831,0.8456140350877193,0.8052631578947368
yeast,0.8,Distill-S,7,28,0.6244725584983826,28.90506276488304,0.06820339328364322,0.671578947368421,0.6033755540847778,49,0.5185185185185185,0.5589225589225589,1.1437063217163086,1.1439940929412842,0.10475265237217397,0.09355560436794653,0.9935541152954102,0.6067939400672913,0.5252525252525253,0.17516973380235212,0.6920444191917224,0.7699460149736206,0.7230790347999306,0.7186653200941644,0.8026315789473685,0.7894736842105263
yeast,1.0,Distill-S,7,24,0.6371307969093323,26.72784784436226,0.07030865644153794,0.6736842105263158,0.6033755540847778,45,0.5252525252525253,0.5656565656565656,1.1514514684677124,1.1589895486831665,0.09329251373055006,0.11018685690481655,1.026337742805481,0.5942944884300232,0.5252525252525253,0.16366932113924543,0.6889218463917707,0.761321482165046,0.75234799607709,0.6979930070884216,0.783157894736842,
yeast,0.0,Distill-S,8,32,0.5907173156738281,29.818565770983696,0.05350209712982179,0.64,0.5864979028701782,53,0.5723905723905723,0.5555555555555556,1.0930079221725464,1.1023228168487549,0.05222697751690643,0.09253245030187998,1.0149025917053223,0.6083323955535889,0.5488215488215489,0.15780647873506318,0.6975084591462809,0.7824398570881895,0.7786003900995786,0.706142804262822,,0.8042105263157895
yeast,0.2,Distill-S,8,24,0.5864979028701782,24.44725753366947,0.0577392829091925,0.631578947368421,0.5738396644592285,45,0.5555555555555556,0.5589225589225589,1.1161044836044312,1.130467414855957,0.05169585889036004,0.07723423587754122,1.027787208557129,0.6033233404159546,0.5488215488215489,0.16564778349857,0.6997359219281545,0.7479026487283316,0.7039947666121411,0.7302434860209654,0.8421052631578947,0.781578947368421
yeast,0.4,Distill-S,8,24,0.5696202516555786,24.200421884655952,0.09775705588491335,0.6631578947368421,0.5654008388519287,45,0.5521885521885522,0.5589225589225589,1.1101360321044922,1.1351326704025269,0.07353498508231808,0.08323214993332372,1.065680742263794,0.5928537845611572,0.5858585858585859,0.13196410027472916,0.6812018839998275,0.8206957480141106,0.8164912505627229,0.6884222761574137,0.7842105263157895,0.7684210526315789
yeast,0.6,Distill-S,8,25,0.5864979028701782,25.109704867005348,0.08508993098610329,0.6673684210526316,0.5822784900665283,46,0.569023569023569,0.5757575757575758,1.1194379329681396,1.1718127727508545,0.06823481493927412,0.09428876367482271,1.0252028703689575,0.615718424320221,0.5622895622895623,0.16298967590349503,0.7121105101056215,0.7675672059011952,0.7894872470762836,0.7081327399312918,0.8315789473684211,0.8526315789473684
yeast,0.8,Distill-S,8,24,0.5864979028701782,24.232067570090294,0.09985343255494772,0.6694736842105263,0.5696202516555786,45,0.5622895622895623,0.5622895622895623,1.1430734395980835,1.1911931037902832,0.06135591744172453,0.09246235428635122,1.034397006034851,0.6010928153991699,0.5925925925925926,0.1065914573071207,0.6915028121371377,0.8121812269174524,0.8198452210127426,0.6920563112595398,0.8105263157894737,0.8105263157894737
yeast,1.0,Distill-S,8,25,0.5864979028701782,24.89029549062252,0.10828337167438706,0.6736842105263158,0.5654008388519287,46,0.5622895622895623,0.5723905723905723,1.1497046947479248,1.2200497388839722,0.07177536776571561,0.0787790941469597,1.0123220682144165,0.6064332723617554,0.5723905723905723,0.13223332608316046,0.6931474537736415,0.7727952416056563,0.7585209296438797,0.7045707154621971,0.8,
yeast,0.0,Distill-S,9,33,0.5738396644592285,28.597046241164207,0.07669553781810556,0.6463157894736842,0.5696202516555786,54,0.5387205387205387,0.5353535353535354,1.2603905200958252,1.2779065370559692,0.10686012239568564,0.1255662819552502,0.9630934596061707,0.6141692996025085,0.4983164983164983,0.22401818264986884,0.7172032271430151,0.7055706130763637,0.689126581798078,0.72985820434735,,0.7894736842105263
yeast,0.2,Distill-S,9,17,0.5400843620300293,19.364978283643723,0.10621365446793407,0.6547368421052632,0.5485231876373291,38,0.5488215488215489,0.5286195286195287,1.239086627960205,1.2573193311691284,0.11814077805589748,0.09949298709731312,1.0671437978744507,0.5792729258537292,0.5185185185185185,0.19443727306728348,0.7129557915858019,0.699602748892213,0.6830992818612128,0.7290301671018843,0.7789473684210526,0.781578947368421
yeast,0.4,Distill-S,9,17,0.5316455960273743,19.090717017650604,0.10622254095579453,0.6505263157894737,0.5443037748336792,38,0.5420875420875421,0.5353535353535354,1.2575745582580566,1.307166337966919,0.09667578856350999,0.08821018627195648,1.0654089450836182,0.574769914150238,0.5016835016835017,0.2263682657996816,0.7280517674831833,0.6747894724286103,0.6625686587290456,0.743976341425025,0.7789473684210526,0.7543859649122807
yeast,0.6,Distill-S,9,17,0.5569620132446289,19.3037970662117,0.11044195375944443,0.6505263157894737,0.5400843620300293,38,0.5050505050505051,0.5151515151515151,1.2645689249038696,1.3118021488189697,0.07728476195223001,0.10628004211568673,1.1007919311523438,0.5680197477340698,0.5353535353535354,0.17489657235850303,0.6962276764466564,0.7614351973920674,0.7567635780725332,0.6986601195108718,0.7719298245614035,0.7526315789473684
yeast,0.8,Distill-S,9,17,0.5274261832237244,19.162446916103363,0.10621365446793407,0.6547368421052632,0.5485231876373291,38,0.5353535353535354,0.5151515151515151,1.2769758701324463,1.3366233110427856,0.08519537987733128,0.11134060223897299,1.1034512519836426,0.568019449710846,0.4882154882154882,0.20416831728571644,0.6838522798265888,0.7789849150533531,0.7552973836841851,0.6983375040360806,0.7342105263157894,0.7263157894736842
yeast,1.0,Distill-S,9,17,0.5232067704200745,19.023206770420074,0.09987120553066853,0.6610526315789473,0.5611814260482788,38,0.531986531986532,0.5252525252525253,1.2723535299301147,1.3241682052612305,0.10064425397200215,0.11267287146162103,1.0969258546829224,0.5730007290840149,0.494949494949495,0.20936026585742226,0.7035852304339968,0.7602324619046156,0.7501082139286249,0.7018732851004269,0.76,
yeast,0.0,Distill-S,10,51,0.5611814260482788,38.64556881785393,0.097748169397053,0.6673684210526316,0.5696202516555786,72,0.5824915824915825,0.5858585858585859,1.0795166492462158,1.0842827558517456,0.05904211901655102,0.05896463006835194,0.9617895483970642,0.6228630542755127,0.5589225589225589,0.12730787784565467,0.6741674539722949,0.7877249493145665,0.7612429640770566,0.6955812283582382,,0.7936842105263158
yeast,0.2,Distill-S,10,35,0.5654008388519287,29.83755198121071,0.12304687324323149,0.6757894736842105,0.552742600440979,56,0.5757575757575758,0.5757575757575758,1.1112676858901978,1.133508563041687,0.05902869181600886,0.06427923035541366,1.0242913961410522,0.5998730659484863,0.5791245791245792,0.1393194961814271,0.6864946509937877,0.7975866230852011,0.7814574186070958,0.6910167300707216,0.7894736842105263,0.8157894736842105
yeast,0.4,Distill-S,10,35,0.552742600440979,29.995779931545258,0.11039752132014224,0.671578947368421,0.5611814260482788,56,0.5589225589225589,0.5589225589225589,1.1326464414596558,1.1651853322982788,0.07070124465407748,0.08535076843367684,1.0328880548477173,0.5931817889213562,0.5252525252525253,0.13865827350194893,0.6639107987544742,0.8385680683554013,0.8034642974663023,0.6854194699185092,0.8105263157894737,0.8035087719298246
yeast,0.6,Distill-S,10,32,0.594936728477478,29.485232412815094,0.08508104449824283,0.671578947368421,0.5864979028701782,53,0.5858585858585859,0.5791245791245792,1.0939053297042847,1.128467082977295,0.06550636044656387,0.07783169226614313,1.0349252223968506,0.6021872162818909,0.5791245791245792,0.12773599244880054,0.6895377989321672,0.7968364078100812,0.7821660884166568,0.7039564792199935,0.8105263157894737,0.7789473684210526
yeast,0.8,Distill-S,10,32,0.594936728477478,29.613924473524094,0.07452806924518784,0.6736842105263158,0.5991561412811279,53,0.5858585858585859,0.5993265993265994,1.0979365110397339,1.13800048828125,0.07187569914040742,0.07824227560048153,1.0131422281265259,0.6111500263214111,0.5622895622895623,0.17378818617690225,0.7254718428462541,0.7317879615170024,0.730957489119443,0.7231495363631438,0.8105263157894737,0.8210526315789474
yeast,1.0,Distill-S,10,22,0.5864979028701782,23.548523396253586,0.08928268432617192,0.68,0.5907173156738281,43,0.5757575757575758,0.5824915824915825,1.090430498123169,1.1303424835205078,0.053318009432718805,0.06496951867032935,1.0723292827606201,0.5899994373321533,0.5925925925925926,0.14105946241338777,0.7057384406483878,0.7716726613201433,0.7519864618626513,0.7144563661272528,0.8168421052631579,
yeast,0.0,Distill-S,11,41,0.607594907283783,34.81856535375118,0.0387297090731169,0.6421052631578947,0.6033755540847778,62,0.5723905723905723,0.5622895622895623,1.1328558921813965,1.1553035974502563,0.05970564379234507,0.07908878131747647,0.976936936378479,0.6074081063270569,0.5016835016835017,0.20651633638784472,0.6971814896006153,0.7585182617634262,0.7225245274050917,0.7182021570479709,,0.7936842105263158
yeast,0.2,Distill-S,11,53,0.5822784900665283,41.03797496855259,0.07033531590511921,0.6610526315789473,0.5907173156738281,74,0.5824915824915825,0.5757575757575758,1.110656976699829,1.122505784034729,0.0644701101663538,0.08681766297480074,0.9572213292121887,0.6226887106895447,0.5555555555555556,0.15327039066517878,0.6899215857051554,0.7851276806431928,0.7624629462222255,0.6999329773887274,0.8842105263157894,0.8473684210526315
yeast,0.4,Distill-S,11,47,0.6033755540847778,37.90084381401539,0.049247197979374935,0.6568421052631579,0.607594907283783,68,0.5925925925925926,0.5858585858585859,1.1269512176513672,1.145067572593689,0.07441752692465028,0.06656819220745204,0.9625436067581177,0.6206062436103821,0.5555555555555556,0.13475591661755534,0.6869598513871183,0.7807305309382807,0.7540304116529406,0.7059576822400896,0.8736842105263158,0.8526315789473684
yeast,0.6,Distill-S,11,41,0.5696202516555786,33.67299573123455,0.09987120553066853,0.6610526315789473,0.5611814260482788,62,0.5959595959595959,0.5791245791245792,1.110552191734314,1.1340582370758057,0.0890317007849112,0.0973659374998876,0.9851667881011963,0.60661780834198,0.5589225589225589,0.14099115282975871,0.6804846116761355,0.7958138399483856,0.7684436984314369,0.6955473527597101,0.7964912280701755,0.8052631578947368
yeast,0.8,Distill-S,11,41,0.5864979028701782,33.89240516722202,0.09565179272701863,0.6610526315789473,0.5654008388519287,62,0.5925925925925926,0.5858585858585859,1.1119855642318726,1.137844204902649,0.07356555007322871,0.06601189162193326,0.995514452457428,0.6099026799201965,0.5555555555555556,0.12534420033967145,0.6668461834317948,0.849380741193122,0.8201164051543133,0.6795564487108008,0.8236842105263158,0.8
yeast,1.0,Distill-S,11,53,0.5696202516555786,40.4852319508791,0.12090606413389504,0.6905263157894737,0.5696202516555786,74,0.5858585858585859,0.5656565656565656,1.1395779848098755,1.1731436252593994,0.07398738142617223,0.09341245578595686,0.9462652206420898,0.6296288371086121,0.5858585858585859,0.1290335057410855,0.6906411855578558,0.8143867351661829,0.8065844250185671,0.6917425332413323,0.8652631578947368,
yeast,0.0,Distill-S,12,40,0.5780590772628784,33.0611814558506,0.08092383710961593,0.6421052631578947,0.5611814260482788,61,0.622895622895623,0.6026936026936027,1.0189234018325806,1.0295894145965576,0.08242889636694783,0.09114253872171396,0.9151973128318787,0.6476196646690369,0.6127946127946128,0.10498135183665534,0.7144399890918423,0.7425086548958962,0.7606953579569383,0.7061185165945385,,0.8463157894736842
yeast,0.2,Distill-S,12,36,0.5738396644592285,30.603375494480133,0.07668665133024521,0.6505263157894737,0.5738396644592285,57,0.632996632996633,0.6195286195286195,1.050335168838501,1.0637950897216797,0.10358941424575319,0.08421558201915084,0.9165081977844238,0.647000253200531,0.5858585858585859,0.134747354189023,0.7122921078264168,0.7542951963111204,0.7621087878616142,0.7077818159957813,0.8210526315789474,0.8315789473684211
yeast,0.4,Distill-S,12,38,0.594936728477478,32.016877830028534,0.0935465295691239,0.6589473684210526,0.5654008388519287,59,0.6363636363636364,0.622895622895623,1.057738184928894,1.0750142335891724,0.06941473152902392,0.06611615600007953,0.9164209961891174,0.6446050405502319,0.5959595959595959,0.10896307056522954,0.7049226665248255,0.7610190221482223,0.7827734946012042,0.6986627132583533,0.8052631578947368,0.8175438596491228
yeast,0.6,Distill-S,12,22,0.5654008388519287,22.71097043156624,0.061923149761400675,0.6484210526315789,0.5864979028701782,43,0.6262626262626263,0.622895622895623,1.1050571203231812,1.1817290782928467,0.08986014679626181,0.07196464984103887,0.9914427399635315,0.6155837178230286,0.5858585858585859,0.13795673850595946,0.7080712404051935,0.7740382817614727,0.7831410262899953,0.7013004943402724,0.7859649122807018,0.7684210526315789
yeast,0.8,Distill-S,12,20,0.5358649492263794,21.293248787522316,0.07036197536870048,0.6484210526315789,0.5780590772628784,41,0.6262626262626263,0.622895622895623,1.073726773262024,1.131044864654541,0.08078728651358222,0.0810234795515786,0.9908536672592163,0.6075436472892761,0.5791245791245792,0.11573987619475765,0.6937754594085006,0.7565719023233222,0.7441290712620756,0.708523691541628,0.7552631578947369,0.7578947368421053
yeast,1.0,Distill-S,12,16,0.5569620132446289,19.181434482336044,0.07669553781810556,0.6463157894736842,0.5696202516555786,37,0.6094276094276094,0.6195286195286195,1.0781517028808594,1.1229759454727173,0.07186560874635524,0.08628674900090251,1.0365461111068726,0.5968270301818848,0.5791245791245792,0.1296227899265085,0.705218356636099,0.7423549586150535,0.753308813422348,0.7058573220036716,0.7347368421052631,
yeast,0.0,Distill-S,13,27,0.6202531456947327,27.594936534762383,0.02190537678567983,0.6168421052631579,0.594936728477478,48,0.6161616161616161,0.6195286195286195,1.0338681936264038,1.017081379890442,0.0724573577895309,0.07275613961797772,1.016578197479248,0.611932635307312,0.5993265993265994,0.12486269989289149,0.7200152999845167,0.7370280398628228,0.7941918811753739,0.6926341305961332,,0.7705263157894737
yeast,0.2,Distill-S,13,26,0.6118143200874329,26.567510440945625,0.03878302800027944,0.6168421052631579,0.5780590772628784,47,0.6094276094276094,0.5892255892255892,1.067859411239624,1.0587797164916992,0.061207984232340584,0.07527471692473799,0.986200213432312,0.621745228767395,0.6363636363636364,0.13181846802686836,0.740206928199175,0.6982376386382483,0.7512844987219167,0.71219395481549,0.8,0.8210526315789474
yeast,0.4,Distill-S,13,26,0.6202531456947327,26.592826947569847,0.05562513326343732,0.6336842105263157,0.5780590772628784,47,0.6127946127946128,0.622895622895623,1.0556526184082031,1.050003170967102,0.07740902644817275,0.07267722060985438,0.9978272914886475,0.6191754341125488,0.5959595959595959,0.14778765538210972,0.7354852158040238,0.7287599813517814,0.7755076638211137,0.7084215244988766,0.8368421052631579,0.8280701754385965
yeast,0.6,Distill-S,13,25,0.6329113841056824,26.362868562340736,0.05976462728098819,0.671578947368421,0.6118143200874329,46,0.6430976430976431,0.6195286195286195,1.037406086921692,1.0409607887268066,0.09520493392591121,0.06223411235945796,1.0001968145370483,0.6020249128341675,0.6026936026936027,0.12280021786895003,0.7056053225812646,0.7594767606426788,0.8195403078413035,0.6726823747255914,0.7473684210526316,0.7315789473684211
yeast,0.8,Distill-S,13,25,0.607594907283783,26.033755138516426,0.05976462728098819,0.671578947368421,0.6118143200874329,46,0.622895622895623,0.6094276094276094,1.0430591106414795,1.050845980644226,0.08701059508203254,0.06302337865235426,1.0070945024490356,0.6061054468154907,0.622895622895623,0.14634676140129094,0.7058662769867684,0.7787891899721894,0.8106410401418652,0.6955663627527781,0.8289473684210527,0.7684210526315789
yeast,1.0,Distill-S,13,22,0.607594907283783,24.3839660435915,0.0703175429293984,0.6694736842105263,0.5991561412811279,43,0.6094276094276094,0.5892255892255892,1.0574746131896973,1.0605405569076538,0.05715374011383314,0.08121087038356446,1.009056806564331,0.6009054183959961,0.5993265993265994,0.13481754480297486,0.7189495170234562,0.7192106402020235,0.7643001882201583,0.7012942007681752,0.7747368421052632,
yeast,0.0,Distill-S,14,29,0.5822784900665283,27.154008343815804,0.0430113272917898,0.6126315789473684,0.5696202516555786,50,0.5589225589225589,0.5622895622895623,1.0919036865234375,1.099095344543457,0.06516920627166929,0.06973429510890436,1.049743890762329,0.5864428281784058,0.5925925925925926,0.1436961159789578,0.7222871770022166,0.7332119446293403,0.7300621329425458,0.7230466805548356,,0.8673684210526316
yeast,0.2,Distill-S,14,29,0.5696202516555786,27.025316312909126,0.08725739955902101,0.64,0.552742600440979,50,0.5589225589225589,0.5454545454545454,1.0981802940368652,1.1081438064575195,0.08427950900411764,0.07952628512976548,1.046873927116394,0.5916997790336609,0.5824915824915825,0.1325839818745011,0.7150755643660834,0.7504983273626059,0.727896885721665,0.7228602720248544,0.8631578947368421,0.8526315789473684
yeast,0.4,Distill-S,14,29,0.5654008388519287,26.592826530337334,0.07252055745375785,0.6252631578947369,0.552742600440979,50,0.5454545454545454,0.5488215488215489,1.1285048723220825,1.1429272890090942,0.10302872338680305,0.09282899028323714,1.023067593574524,0.5991582870483398,0.5892255892255892,0.15483268929575963,0.731288480884729,0.6988255174372012,0.6701727009354694,0.7432471216310435,0.8263157894736842,0.8736842105263158
yeast,0.6,Distill-S,14,29,0.5696202516555786,26.9789028018713,0.09148569885053137,0.6357894736842106,0.5443037748336792,50,0.5521885521885522,0.5488215488215489,1.1306002140045166,1.1388986110687256,0.08028815992753512,0.09120397796534527,1.0666983127593994,0.5837226510047913,0.569023569023569,0.1326253606987195,0.7016489297222884,0.7894705970458669,0.7648475602158016,0.7058031178184753,0.8491228070175438,0.8052631578947368
yeast,0.8,Distill-S,14,29,0.5611814260482788,26.78902919590473,0.09569622516632081,0.64,0.5443037748336792,50,0.5387205387205387,0.5555555555555556,1.1207321882247925,1.1310503482818604,0.07006071046345966,0.06504916587863306,1.0552133321762085,0.5806397199630737,0.5656565656565656,0.14440431329348696,0.6984245948898334,0.7718676269442624,0.7316601134592031,0.7154660766053178,0.8105263157894737,0.8105263157894737
yeast,1.0,Distill-S,14,29,0.5443037748336792,26.386075243353844,0.10410839131003935,0.6526315789473685,0.5485231876373291,50,0.5656565656565656,0.5656565656565656,1.1084836721420288,1.118472695350647,0.0615654807500165,0.07366648035418706,1.0762773752212524,0.5752130150794983,0.5589225589225589,0.10884351629606806,0.6553315893808376,0.8586624532416713,0.8158958482901162,0.6707600790539975,0.8063157894736842,
yeast,0.0,Distill-S,15,115,0.5822784900665283,78.74050837010145,0.08084385871887212,0.68,0.5991561412811279,136,0.5959595959595959,0.5993265993265994,1.0079574584960938,1.019950032234192,0.06786120439619328,0.07230715749641059,0.9137192964553833,0.6428068280220032,0.6026936026936027,0.07743432900110025,0.6644312009470137,0.847048268899154,0.8256478881230889,0.6738692124185897,,0.8315789473684211
yeast,0.2,Distill-S,15,28,0.6202531456947327,27.48312249034643,0.04927379783831143,0.6442105263157895,0.594936728477478,49,0.5925925925925926,0.5791245791245792,0.9660924077033997,0.9801566004753113,0.06996345705656892,0.07173518640826448,1.0897672176361084,0.5678490996360779,0.5656565656565656,0.10942663603650105,0.6420177399636586,0.9024244511747598,0.859942162605952,0.6610065748084146,0.7894736842105263,0.75
yeast,0.4,Distill-S,15,28,0.5991561412811279,27.29535921663046,0.06824782572294541,0.6505263157894737,0.5822784900665283,49,0.6026936026936027,0.5993265993265994,0.9834577441215515,1.0094937086105347,0.0403708583778805,0.06455451566161532,1.0436580181121826,0.5885688066482544,0.5925925925925926,0.131454241537997,0.6852198218956406,0.8088947224194645,0.7982587878094165,0.6896666367488862,0.8210526315789474,0.7684210526315789
yeast,0.6,Distill-S,15,43,0.5864979028701782,35.742616549134254,0.08087940467031374,0.6631578947368421,0.5822784900665283,64,0.5892255892255892,0.5892255892255892,1.0082021951675415,1.0412781238555908,0.08172441472108116,0.09801860459725864,0.9582586288452148,0.6230474710464478,0.5892255892255892,0.1288490427078403,0.6809048987173918,0.8132984368461853,0.7924638078325389,0.6914765740628973,0.8280701754385965,0.8315789473684211
yeast,0.8,Distill-S,15,68,0.6118143200874329,51.91350170969963,0.1229846678282085,0.7052631578947368,0.5822784900665283,89,0.5723905723905723,0.5622895622895623,1.072712779045105,1.107657790184021,0.09599933444650886,0.10544135740108361,0.8889213800430298,0.6502705216407776,0.5892255892255892,0.10745237271915342,0.6852916672614116,0.8086934063302507,0.7806167851350629,0.7021154252375857,0.8736842105263158,0.9052631578947369
yeast,1.0,Distill-S,15,28,0.5991561412811279,27.21097096055746,0.08298466782820857,0.6652631578947369,0.5822784900665283,49,0.5858585858585859,0.569023569023569,1.008069396018982,1.0477912425994873,0.08703775513252422,0.08927449895075276,1.014161229133606,0.5943878889083862,0.6026936026936027,0.12048168364472271,0.6979296472858656,0.7718507178591101,0.7625417250864509,0.7053783839114091,0.7978947368421052,
yeast,0.0,Distill-S,16,25,0.5780590772628784,25.537974938750267,0.07242280608729312,0.671578947368421,0.5991561412811279,46,0.5925925925925926,0.6161616161616161,1.123783826828003,1.1048310995101929,0.08884539086409289,0.07903257504055397,1.012362003326416,0.5978859066963196,0.5959595959595959,0.11383890888999032,0.6962740334985037,0.7818946689889349,0.785747195221281,0.7061576210744182,,0.7894736842105263
yeast,0.2,Distill-S,16,22,0.5738396644592285,23.523206874728203,0.07665999186666383,0.6631578947368421,0.5864979028701782,43,0.569023569023569,0.5892255892255892,1.1336874961853027,1.119710087776184,0.058615959553606184,0.0496966667247541,1.0440566539764404,0.584615170955658,0.5757575757575758,0.14920141307007373,0.7076827059980416,0.7629361370066706,0.7506259541446398,0.7146387606760887,0.7894736842105263,0.7368421052631579
yeast,0.4,Distill-S,16,18,0.5864979028701782,21.468354746699333,0.06401063994357459,0.6589473684210526,0.594936728477478,39,0.5791245791245792,0.6127946127946128,1.1447644233703613,1.119801640510559,0.06555106187308274,0.04452646089724017,1.0599509477615356,0.5891112685203552,0.5824915824915825,0.14598964363821743,0.721650567609534,0.7366616082187021,0.7416682080506467,0.7212976529634818,0.7421052631578947,0.7543859649122807
yeast,0.6,Distill-S,16,18,0.5569620132446289,20.635020941495895,0.07880080097600028,0.6484210526315789,0.5696202516555786,39,0.5420875420875421,0.5656565656565656,1.1668860912322998,1.1414552927017212,0.09898256944486186,0.06829559627406125,1.0521160364151,0.582524299621582,0.5925925925925926,0.12376735628289248,0.7064061535112078,0.7341804493446252,0.7253496788590994,0.7182858846039782,0.7473684210526316,0.7263157894736842
yeast,0.8,Distill-S,16,18,0.5611814260482788,20.915611788630486,0.07667776484238475,0.6547368421052632,0.5780590772628784,39,0.5488215488215489,0.5824915824915825,1.1592203378677368,1.144629716873169,0.07179787835288129,0.06855201390054491,1.0402406454086304,0.5947286486625671,0.5791245791245792,0.14119972281611845,0.718309809089486,0.7338738296257086,0.7222578902356983,0.720308767953654,0.7842105263157895,0.7473684210526316
yeast,1.0,Distill-S,16,18,0.5738396644592285,21.263713255524635,0.07663333240308257,0.6757894736842105,0.5991561412811279,39,0.5589225589225589,0.5757575757575758,1.157068133354187,1.1545591354370117,0.061531945159941,0.06115456241549868,1.039615511894226,0.5838401317596436,0.5656565656565656,0.13595624663831363,0.6966476823024023,0.748741491466919,0.7149256994842752,0.7119604243700448,0.7242105263157895,
yeast,0.0,Distill-S,17,58,0.5864979028701782,44.1075955927372,0.057694850469890424,0.6526315789473685,0.594936728477478,79,0.6195286195286195,0.6161616161616161,1.1160752773284912,1.114746332168579,0.08676142754779519,0.10857086711459689,0.9409235119819641,0.6245006322860718,0.5555555555555556,0.16042574923409317,0.7008535556984852,0.7568482590688693,0.7542512899102009,0.7013373850718971,,0.8147368421052632
yeast,0.2,Distill-S,17,46,0.5780590772628784,36.49578067660332,0.0935287565934031,0.6673684210526316,0.5738396644592285,67,0.6026936026936027,0.5892255892255892,1.1344292163848877,1.1523679494857788,0.051188078693267906,0.07175822796845677,0.9513078331947327,0.6167030334472656,0.5622895622895623,0.13918078402521722,0.6963190354847637,0.7752002380880796,0.7904219449221529,0.6878265338717409,0.8,0.7973684210526316
yeast,0.4,Distill-S,17,49,0.5907173156738281,39.282701164484024,0.0934843241541009,0.6884210526315789,0.594936728477478,70,0.6195286195286195,0.6094276094276094,1.148271918296814,1.1644513607025146,0.06092033607991856,0.09385071815264347,0.9079781770706177,0.6367604732513428,0.5824915824915825,0.12399231410810604,0.7021452835712964,0.7702170085672941,0.7701544266758965,0.7006455717605191,0.8736842105263158,0.8631578947368421
yeast,0.6,Distill-S,17,37,0.6033755540847778,32.542194455862045,0.06819456640042754,0.6757894736842105,0.607594907283783,58,0.6060606060606061,0.622895622895623,1.1330324411392212,1.1497241258621216,0.056489879635448007,0.08615051731718111,0.9182704091072083,0.6217753887176514,0.6161616161616161,0.10543599357827929,0.7193160151797333,0.6937788438843094,0.701026260342013,0.7123547291159912,0.8175438596491228,0.8631578947368421
yeast,0.8,Distill-S,17,31,0.5780590772628784,28.29746873676777,0.09559847379985609,0.6863157894736842,0.5907173156738281,52,0.5993265993265994,0.5959595959595959,1.1483020782470703,1.1661540269851685,0.07846468546575167,0.08594147314126242,0.9589732885360718,0.6059675216674805,0.5622895622895623,0.15928200109107332,0.713363114220731,0.696644623828971,0.7335746094977383,0.7018966073352835,0.7973684210526316,0.8526315789473684
yeast,1.0,Distill-S,17,27,0.5738396644592285,25.72784811258316,0.10824782572294533,0.6905263157894737,0.5822784900665283,48,0.6094276094276094,0.6127946127946128,1.1755672693252563,1.2207508087158203,0.06535385328310507,0.08847279319859513,0.9713824987411499,0.6063327193260193,0.5589225589225589,0.16308574956389366,0.7220083084864526,0.6700244905727599,0.6911903810927058,0.7233116891976535,0.7663157894736842,
yeast,0.0,Distill-S,18,23,0.607594907283783,25.354430064558983,0.017659364123093435,0.6294736842105263,0.6118143200874329,44,0.6127946127946128,0.6127946127946128,1.078264594078064,1.0785850286483765,0.05284879148407815,0.0525177264655078,1.0370181798934937,0.5931566953659058,0.5656565656565656,0.12770700051535358,0.6854336542053682,0.7841221333353064,0.7847308763922661,0.6928375527102053,,0.7726315789473684
yeast,0.2,Distill-S,18,23,0.6118143200874329,25.128691852092743,0.02608041675467243,0.6378947368421053,0.6118143200874329,44,0.5993265993265994,0.6060606060606061,1.0831923484802246,1.081350564956665,0.06104829516073671,0.06527428880885794,1.0240540504455566,0.5972504615783691,0.5757575757575758,0.11329637472779383,0.6890539504853697,0.7888539050319817,0.7906635862680703,0.6954854788848898,0.8105263157894737,0.781578947368421
yeast,0.4,Distill-S,18,19,0.6118143200874329,22.88185615837574,0.019764627280988156,0.631578947368421,0.6118143200874329,40,0.6060606060606061,0.6127946127946128,1.084001898765564,1.0838935375213623,0.04066317862131782,0.053389794296688504,1.0545601844787598,0.5889138579368591,0.5959595959595959,0.10903162435265487,0.6881396266229914,0.7941186887659225,0.7695239153099929,0.6988991139356293,0.8105263157894737,0.7719298245614035
yeast,0.6,Distill-S,18,14,0.6160337328910828,19.512658640742302,0.04927379783831143,0.6442105263157895,0.594936728477478,35,0.5892255892255892,0.6094276094276094,1.0826584100723267,1.063927173614502,0.07445779683614016,0.10037473401035923,1.1337089538574219,0.5563371181488037,0.5993265993265994,0.07491871020851361,0.6667542219620155,0.8268936504852816,0.7818071617422542,0.6935895052055221,0.8035087719298246,0.8052631578947368
yeast,0.8,Distill-S,18,14,0.6033755540847778,19.510549008846283,0.07454584222090876,0.6652631578947369,0.5907173156738281,35,0.5892255892255892,0.6127946127946128,1.0869009494781494,1.078127145767212,0.04427162600486768,0.08756141525125664,1.1259567737579346,0.5664231777191162,0.5824915824915825,0.11940859351351926,0.675145289183131,0.8291109009678452,0.8091176332929241,0.6856004854422307,0.8447368421052631,0.7473684210526316
yeast,1.0,Distill-S,18,21,0.594936728477478,23.91983173787594,0.04925602486259062,0.6526315789473685,0.6033755540847778,42,0.6060606060606061,0.6060606060606061,1.0782662630081177,1.090516209602356,0.05741170650780801,0.05959345274902753,1.0420691967010498,0.5890811085700989,0.5589225589225589,0.1349369195934741,0.6666744184106094,0.8316810331234763,0.8045325708820729,0.6880535159069253,0.8105263157894737,
yeast,0.0,Distill-S,19,56,0.5696202516555786,41.818565025925636,0.07667776484238475,0.6547368421052632,0.5780590772628784,77,0.5858585858585859,0.5858585858585859,1.1464273929595947,1.162305474281311,0.10032257342378699,0.10808034712818738,0.9733278155326843,0.6312501430511475,0.5892255892255892,0.15041410919972753,0.7066821775181324,0.7513951565134763,0.7118943685216355,0.719588191552899,,0.8463157894736842
yeast,0.2,Distill-S,19,56,0.5822784900665283,42.784810706973076,0.0808882911581742,0.6589473684210526,0.5780590772628784,77,0.5824915824915825,0.5723905723905723,1.1748614311218262,1.1870445013046265,0.08822959731724929,0.07159213736803845,0.991237461566925,0.622106671333313,0.5387205387205387,0.15189515493530503,0.6859261703913405,0.7897066390365847,0.7079598502746798,0.7242097274204123,0.9263157894736842,0.8631578947368421
yeast,0.4,Distill-S,19,45,0.5611814260482788,36.014768198132515,0.06824782572294541,0.6505263157894737,0.5822784900665283,66,0.5892255892255892,0.5824915824915825,1.1728496551513672,1.20784330368042,0.09584388207104871,0.07152013922179189,1.0093467235565186,0.6156105399131775,0.5892255892255892,0.14471766956766366,0.6905705962298754,0.7928488285966926,0.7451601234160803,0.7104568320562459,0.8526315789473684,0.8491228070175438
yeast,0.6,Distill-S,19,43,0.5738396644592285,34.94936729967594,0.07665999186666383,0.6631578947368421,0.5864979028701782,64,0.5858585858585859,0.5993265993265994,1.1585639715194702,1.1775007247924805,0.08495800613554237,0.07106476540517324,1.0270894765853882,0.6050150394439697,0.5622895622895623,0.13785512838811903,0.682133264367388,0.8070675597868783,0.7445967513114139,0.7184645600315892,0.8210526315789474,0.8578947368421053
yeast,0.8,Distill-S,19,43,0.5864979028701782,34.85865004360676,0.12936266271691577,0.6821052631578948,0.552742600440979,64,0.569023569023569,0.5824915824915825,1.2040189504623413,1.2338898181915283,0.08343445933627763,0.08320572621091848,1.0187098979949951,0.6138921976089478,0.5521885521885522,0.1717016644655485,0.6932988917576749,0.8076424643963549,0.7745069492767578,0.7091738102554018,0.8236842105263158,0.8
yeast,1.0,Distill-S,19,32,0.5822784900665283,28.301687821745872,0.11038863483228178,0.6757894736842105,0.5654008388519287,53,0.5892255892255892,0.5757575757575758,1.1960194110870361,1.238073706626892,0.11329479269708446,0.0890009738379456,1.0601458549499512,0.5934429168701172,0.5723905723905723,0.11221606059687061,0.670724056181378,0.8444242818866803,0.7861928432513717,0.6996314284012137,0.8042105263157895,
